Pressure,Temperature,fO2,SiO2,TiO2,Al2O3,FeO,MgO,CaO,Na2O,K2O,P2O5,MnO,H2O,Cr2O3,NiO,Failed
9947.35,1945.0,4.81,65.82,0.43,16.42,7.13,0.2,2.85,4.37,1.7,0.13,0.0,0.0,0.93,0.0,1.0
4966.56,1953.0,3.58,43.37,0.08,1.15,8.48,46.03,0.89,0.0,0.0,0.0,0.0,0.0,0.0,0.0,1.0
5525.18,1968.0,1.45,49.87,1.8,16.14,10.47,7.53,10.88,2.98,0.12,0.2,0.0,0.0,0.0,0.0,1.0
10469.04,1971.0,-0.25,59.92,1.05,15.67,4.97,2.75,4.51,4.12,3.22,0.49,0.0,1.46,1.85,0.0,1.0
9385.54,1985.0,-4.66,52.53,1.05,16.71,6.87,3.87,4.72,4.41,2.39,0.32,0.0,5.13,2.02,0.0,1.0
6971.69,1989.0,1.31,47.36,1.01,17.77,8.97,9.87,12.44,2.5,0.02,0.05,0.0,0.0,0.0,0.0,1.0
5723.81,1992.0,-1.72,56.45,0.5,15.93,3.64,2.02,5.14,3.95,0.84,0.0,0.0,1.33,10.2,0.0,1.0
698.23,1955.0,0.8,51.03,1.68,14.92,11.15,7.26,11.08,2.64,0.08,0.16,0.0,0.0,0.0,0.0,1.0
11068.05,1958.0,-4.58,44.53,0.1,3.1,8.35,40.84,2.5,0.25,0.01,0.01,0.0,0.0,0.3,0.0,1.0
2871.03,1975.0,0.9,72.66,0.17,13.87,1.75,0.78,2.11,4.36,2.78,0.05,0.0,1.48,0.0,0.0,1.0
2609.49,1985.0,-1.82,63.06,0.4,17.89,3.35,1.71,4.84,5.01,1.32,0.13,0.0,2.28,0.0,0.0,1.0
10620.96,1987.0,-0.25,46.98,0.73,13.12,5.26,4.72,8.05,2.52,1.24,0.27,0.0,1.27,15.83,0.0,1.0
3501.97,1993.0,0.9,51.43,1.99,13.88,12.68,6.21,10.55,2.73,0.27,0.26,0.0,0.0,0.0,0.0,1.0
399.85,1947.0,-0.15,61.42,0.58,16.97,4.47,2.6,5.94,4.1,2.21,0.22,0.0,1.49,0.0,0.0,1.0
6730.2,1950.0,-0.2,69.59,0.38,15.51,2.26,1.27,0.49,4.44,4.11,0.15,0.0,1.79,0.0,0.0,1.0
2327.51,1954.0,2.45,61.38,0.41,16.48,3.2,1.86,4.3,3.86,1.48,0.13,0.0,5.14,1.76,0.0,1.0
6837.41,1963.0,3.36,51.93,1.62,14.57,9.5,7.31,11.57,3.2,0.07,0.23,0.0,0.0,0.0,0.0,1.0
7265.75,1969.0,-3.3,66.75,0.35,17.03,2.98,1.63,4.21,4.28,1.13,0.15,0.0,1.48,0.0,0.0,1.0
3872.96,1972.0,1.53,51.72,1.05,16.96,8.34,6.45,12.33,2.67,0.34,0.13,0.0,0.0,0.0,0.0,1.0
447.21,1974.0,1.74,54.66,0.63,13.22,4.36,2.08,4.48,3.76,1.14,0.23,0.0,1.32,14.12,0.0,1.0
11021.25,1982.0,-3.16,49.57,0.14,16.67,0.0,21.42,11.26,0.77,0.15,0.02,0.0,0.0,0.0,0.0,1.0
463.15,1988.0,0.18,50.78,1.49,14.78,9.96,7.93,12.08,2.71,0.13,0.14,0.0,0.0,0.0,0.0,1.0
8878.06,1994.0,2.8,64.4,0.68,15.53,4.49,2.85,4.82,3.82,3.22,0.2,0.0,0.0,0.0,0.0,1.0
8820.07,1946.0,-0.48,54.48,0.54,12.48,4.51,1.13,4.99,3.82,1.37,0.2,0.0,1.31,15.17,0.0,1.0
11665.08,1956.0,0.93,67.71,0.47,15.06,1.53,1.75,2.46,4.11,5.3,0.13,0.0,1.48,0.0,0.0,1.0
8854.12,1972.0,4.5,72.78,0.0,20.61,0.0,0.0,0.0,4.77,0.0,0.0,0.0,1.84,0.0,0.0,1.0
9965.21,1973.0,2.83,57.8,0.7,16.97,5.81,3.47,7.53,2.98,2.33,0.25,0.0,1.48,0.68,0.0,1.0
3473.09,1983.0,-4.99,50.16,1.14,15.15,10.21,8.05,12.83,2.27,0.07,0.12,0.0,0.0,0.0,0.0,1.0
5345.54,1986.0,0.88,65.55,0.7,15.84,4.01,0.97,4.42,3.56,3.08,0.39,0.0,1.48,0.0,0.0,1.0
3128.66,1987.0,-4.73,55.62,0.6,14.36,5.44,7.92,7.55,3.77,2.78,0.48,0.0,1.48,0.0,0.0,1.0
3670.51,1945.0,-4.09,10.97,5.18,7.01,70.64,6.09,0.03,0.04,0.03,0.0,0.0,0.0,0.0,0.0,1.0
8027.39,1946.0,2.63,60.09,0.66,17.75,4.32,2.07,4.12,5.42,2.56,0.28,0.0,1.47,1.26,0.0,1.0
3812.83,1955.0,-2.32,48.51,0.51,15.48,4.22,2.43,5.54,3.11,1.34,0.28,0.0,1.22,17.34,0.0,1.0
5299.57,1957.0,0.64,74.97,0.27,13.42,0.08,0.19,1.55,6.57,1.36,0.08,0.0,1.5,0.0,0.0,1.0
3774.73,1958.0,1.49,73.14,0.22,15.31,1.35,0.6,2.5,4.7,2.1,0.08,0.0,0.0,0.0,0.0,1.0
121.86,1961.0,4.12,51.26,1.35,14.19,10.61,7.87,12.29,2.19,0.1,0.14,0.0,0.0,0.0,0.0,1.0
8668.92,1962.0,1.45,52.55,0.33,18.15,0.0,11.83,13.51,2.61,0.04,0.01,0.0,0.91,0.07,0.0,1.0
3065.23,1963.0,-2.97,60.27,0.95,16.18,4.28,3.64,6.27,4.95,1.79,0.48,0.0,0.0,1.18,0.0,1.0
6443.03,1966.0,-1.26,55.45,0.4,15.69,3.77,1.9,4.86,3.75,0.68,0.03,0.0,5.17,8.29,0.0,1.0
6127.83,1974.0,0.45,67.91,0.7,16.7,0.0,2.99,7.28,3.75,0.55,0.14,0.0,0.0,0.0,0.0,1.0
4637.48,1979.0,0.78,65.41,0.21,16.53,2.32,0.95,4.08,4.05,1.19,0.09,0.0,5.15,0.0,0.0,1.0
4084.83,1980.0,4.37,47.84,0.07,1.82,0.0,48.92,0.64,0.12,0.07,0.07,0.0,0.0,0.47,0.0,1.0
7627.14,1992.0,-4.83,67.62,0.4,15.56,2.99,1.58,1.79,5.23,2.45,0.15,0.0,2.23,0.0,0.0,1.0
7377.04,1993.0,-4.38,45.88,3.47,15.11,10.7,7.98,11.21,2.86,2.06,0.72,0.0,0.0,0.0,0.0,1.0
6463.8,1950.0,2.16,62.12,0.46,17.87,2.68,1.13,3.99,2.0,4.51,0.15,0.0,5.09,0.0,0.0,1.0
11827.19,1953.0,0.43,59.93,0.62,16.12,5.07,2.51,6.06,2.88,2.95,0.21,0.0,1.46,2.19,0.0,1.0
7058.18,1987.0,-1.21,71.44,0.18,13.43,1.37,0.68,0.89,5.62,1.21,0.01,0.0,5.16,0.0,0.0,1.0
1738.77,1992.0,-1.57,60.22,0.39,16.39,3.43,1.83,4.53,4.24,1.76,0.2,0.0,5.08,1.94,0.0,1.0
8450.48,1945.0,3.26,57.41,1.0,18.0,4.89,4.22,6.51,4.57,1.58,0.28,0.0,1.52,0.0,0.0,1.0
976.76,1946.0,-0.59,67.07,0.49,15.5,3.07,1.63,3.15,4.27,3.18,0.16,0.0,1.49,0.0,0.0,1.0
7199.52,1950.0,-2.22,59.16,0.7,17.12,5.34,3.55,6.73,3.87,1.8,0.26,0.0,1.49,0.0,0.0,1.0
3728.91,1951.0,-2.4,68.35,0.22,16.97,2.23,1.04,4.06,4.19,1.37,0.09,0.0,1.48,0.0,0.0,1.0
985.91,1959.0,2.14,54.84,0.72,14.32,4.53,3.06,2.99,5.11,0.86,0.29,0.0,1.35,11.93,0.0,1.0
2333.92,1966.0,1.85,68.03,0.82,14.49,5.43,0.84,3.81,4.41,1.84,0.33,0.0,0.0,0.0,0.0,1.0
3822.67,1979.0,1.0,72.05,0.19,14.24,2.32,0.57,2.87,4.43,1.8,0.06,0.0,1.48,0.0,0.0,1.0
7758.49,1982.0,-2.15,50.25,1.04,11.06,0.0,21.02,15.74,0.85,0.03,0.01,0.0,0.0,0.0,0.0,1.0
8684.39,1983.0,-2.11,62.32,0.28,13.12,3.9,8.47,4.64,3.73,1.65,0.1,0.0,1.79,0.0,0.0,1.0
3228.61,1986.0,-1.4,52.05,0.33,13.79,2.67,1.39,3.61,3.46,1.63,0.13,0.0,1.19,19.75,0.0,1.0
1437.88,1990.0,4.97,52.37,0.54,14.47,3.2,1.38,2.88,3.27,1.65,0.2,0.0,0.0,20.03,0.0,1.0
11110.66,1991.0,2.82,62.07,0.39,16.78,3.35,1.7,4.57,4.17,1.79,0.15,0.0,5.04,0.0,0.0,1.0
1063.07,1945.0,-3.97,60.77,0.79,17.47,4.76,1.81,5.84,4.6,1.21,0.22,0.0,2.53,0.0,0.0,1.0
867.15,1947.0,-3.99,70.08,0.36,15.18,1.48,1.09,1.08,3.95,4.93,0.13,0.0,1.71,0.0,0.0,1.0
4955.74,1952.0,-0.74,56.12,0.62,18.38,0.0,7.62,13.22,3.89,0.08,0.05,0.0,0.0,0.01,0.0,1.0
8389.1,1957.0,-0.45,61.83,1.11,16.53,4.89,1.62,4.24,4.33,3.41,0.44,0.0,1.48,0.13,0.0,1.0
865.97,1959.0,0.91,48.07,0.52,15.14,4.28,2.49,5.44,3.61,1.44,0.3,0.0,1.22,17.49,0.0,1.0
1069.34,1960.0,-1.18,48.2,2.28,15.21,10.27,8.03,10.39,3.62,1.59,0.39,0.0,0.0,0.0,0.0,1.0
1443.01,1961.0,2.97,51.72,0.39,14.7,2.98,1.63,3.96,3.6,1.59,0.15,0.0,0.0,19.29,0.0,1.0
9936.08,1985.0,0.72,53.29,1.49,16.46,9.21,5.12,10.13,3.72,0.4,0.17,0.0,0.0,0.0,0.0,1.0
5422.71,1986.0,-1.78,57.0,1.1,18.21,0.0,8.52,10.77,3.43,0.87,0.11,0.0,0.0,0.0,0.0,1.0
8330.71,1991.0,-4.98,77.8,0.0,17.21,0.0,0.0,0.0,4.98,0.0,0.0,0.0,0.0,0.0,0.0,1.0
9989.3,1947.0,-3.02,70.2,0.19,17.05,1.7,0.78,2.0,5.6,0.89,0.07,0.0,1.52,0.0,0.0,1.0
4088.37,1950.0,-2.47,53.67,1.45,18.72,0.0,8.55,14.37,3.03,0.22,0.0,0.0,0.0,0.0,0.0,1.0
2965.93,1953.0,-3.44,51.08,1.56,14.37,11.55,7.15,11.43,2.46,0.21,0.18,0.0,0.0,0.0,0.0,1.0
9148.79,1957.0,1.39,51.28,0.08,19.51,0.0,10.46,17.49,1.02,0.03,0.0,0.0,0.0,0.13,0.0,1.0
11578.49,1960.0,3.99,43.09,0.04,0.64,8.02,46.76,0.9,0.09,0.03,0.04,0.0,0.0,0.39,0.0,1.0
7103.19,1965.0,1.04,63.78,0.57,16.53,3.43,2.48,4.43,4.45,2.57,0.28,0.0,1.48,0.0,0.0,1.0
9819.98,1966.0,-2.58,68.12,0.54,14.97,4.37,2.08,2.78,4.16,1.29,0.2,0.0,1.49,0.0,0.0,1.0
7496.37,1977.0,4.04,55.17,0.63,13.35,4.41,2.1,4.52,3.79,1.15,0.23,0.0,1.33,13.31,0.0,1.0
10883.38,1984.0,-0.47,52.09,0.51,11.07,3.58,1.6,3.33,3.47,1.83,0.18,0.0,1.19,21.13,0.0,1.0
8215.87,1994.0,4.7,59.22,0.64,17.69,6.29,3.49,7.32,3.17,1.97,0.2,0.0,0.0,0.0,0.0,1.0
9574.91,1947.0,-2.46,60.02,0.57,15.03,4.28,4.3,6.05,3.7,3.55,0.21,0.0,1.48,0.83,0.0,1.0
2017.56,1954.0,-4.37,51.38,1.63,15.2,9.53,7.21,11.62,3.04,0.2,0.18,0.0,0.0,0.0,0.0,1.0
8242.94,1956.0,0.54,63.59,0.32,16.0,4.31,0.57,4.51,3.68,1.85,0.11,0.0,5.06,0.0,0.0,1.0
4517.97,1960.0,-4.56,67.09,0.34,14.4,3.03,2.01,0.55,5.85,1.52,0.1,0.0,5.12,0.0,0.0,1.0
3585.23,1962.0,0.26,60.11,0.58,16.23,4.06,2.63,5.63,3.63,1.53,0.1,0.0,3.51,1.98,0.0,1.0
4011.08,1976.0,-0.96,65.59,0.23,17.77,2.52,0.97,4.15,4.19,1.16,0.07,0.0,1.51,1.83,0.0,1.0
11887.16,1980.0,-1.45,65.49,0.78,18.52,0.0,2.38,5.95,3.98,2.62,0.28,0.0,0.0,0.0,0.0,1.0
10242.83,1986.0,0.05,53.15,0.35,14.43,2.92,1.58,3.95,3.55,1.52,0.15,0.0,0.0,18.4,0.0,1.0
3534.68,1961.0,2.66,66.85,0.36,17.01,3.06,0.73,4.55,4.25,1.32,0.18,0.0,1.68,0.0,0.0,1.0
4022.34,1963.0,-4.92,52.37,0.4,15.82,3.92,1.8,5.19,3.68,1.13,0.16,0.0,0.0,15.52,0.0,1.0
9318.6,1971.0,0.8,64.07,0.45,16.9,3.46,1.99,4.77,4.18,1.9,0.16,0.0,1.51,0.6,0.0,1.0
4005.49,1989.0,-0.0,58.31,0.72,16.76,6.0,3.51,7.53,2.98,2.47,0.24,0.0,1.49,0.0,0.0,1.0
5310.89,1991.0,0.15,58.68,0.61,16.95,5.6,3.88,7.08,3.26,2.25,0.21,0.0,1.49,0.0,0.0,1.0
8686.92,1993.0,-0.96,59.86,0.62,16.89,4.99,3.6,6.59,3.86,1.88,0.23,0.0,1.49,0.0,0.0,1.0
2369.78,1957.0,-0.35,69.33,0.26,17.46,2.0,0.72,2.14,4.65,1.5,0.08,0.0,1.86,0.0,0.0,1.0
6453.0,1962.0,1.49,64.95,0.41,15.39,3.63,0.76,3.24,3.22,4.08,0.15,0.0,4.17,0.0,0.0,1.0
7821.09,1964.0,2.25,56.43,0.26,14.09,2.3,1.04,3.31,4.12,1.3,0.1,0.0,1.24,15.83,0.0,1.0
4731.75,1967.0,2.83,62.62,0.53,17.51,4.06,2.14,3.84,5.0,2.59,0.21,0.0,1.49,0.0,0.0,1.0
10665.4,1970.0,0.86,48.39,0.47,10.79,3.22,0.9,1.94,3.82,2.38,0.17,0.0,1.11,26.82,0.0,1.0
5446.63,1973.0,-3.88,70.81,0.25,14.65,2.62,1.25,2.54,4.16,2.18,0.06,0.0,1.48,0.0,0.0,1.0
2446.11,1987.0,-3.61,57.38,0.64,17.14,6.32,3.62,7.06,3.12,1.91,0.17,0.0,1.47,1.17,0.0,1.0
10932.28,1988.0,-1.22,59.89,0.63,17.24,5.09,3.32,6.06,3.81,1.86,0.22,0.0,1.48,0.42,0.0,1.0
3105.3,1948.0,2.35,64.49,0.45,17.04,3.64,1.95,4.88,4.42,1.98,0.18,0.0,0.96,0.0,0.0,1.0
7904.45,1959.0,4.81,64.08,0.52,17.83,3.6,1.88,5.22,5.16,1.47,0.24,0.0,0.0,0.0,0.0,1.0
9822.22,1968.0,4.46,63.54,0.67,15.32,4.43,2.81,4.75,3.77,3.17,0.2,0.0,0.0,1.33,0.0,1.0
7455.78,1972.0,-0.74,49.98,1.99,14.4,12.27,6.38,11.56,2.83,0.61,0.0,0.0,0.0,0.0,0.0,1.0
6660.2,1975.0,-4.87,53.41,0.83,16.69,7.84,6.23,5.62,4.02,2.05,0.23,0.0,1.47,1.6,0.0,1.0
2080.28,1982.0,-1.39,61.89,0.38,15.84,3.76,1.73,4.53,4.12,1.8,0.14,0.0,4.61,1.2,0.0,1.0
7799.54,1983.0,-2.31,68.95,0.31,15.63,2.34,1.65,4.03,4.01,1.43,0.13,0.0,1.5,0.0,0.0,1.0
11864.75,1948.0,1.56,66.11,0.41,15.33,1.27,1.36,3.4,5.06,1.84,0.13,0.0,5.1,0.0,0.0,1.0
4542.87,1951.0,-0.37,69.17,0.25,17.43,1.89,0.88,1.69,5.96,1.32,0.08,0.0,1.33,0.0,0.0,1.0
5041.15,1955.0,-3.4,60.93,0.56,16.57,7.92,1.8,3.1,2.08,3.31,0.11,0.0,2.64,0.98,0.0,1.0
3207.91,1962.0,3.15,46.72,0.07,0.21,0.0,51.51,0.85,0.09,0.41,0.02,0.0,0.0,0.13,0.0,1.0
5508.15,1966.0,2.6,51.95,1.6,14.35,11.45,6.26,11.05,2.7,0.43,0.21,0.0,0.0,0.0,0.0,1.0
4846.79,1974.0,-4.75,58.02,0.45,18.14,4.97,1.92,6.47,4.03,1.12,0.17,0.0,4.71,0.0,0.0,1.0
7240.56,1976.0,1.57,70.17,0.46,15.11,3.47,1.48,5.38,3.08,0.68,0.17,0.0,0.0,0.0,0.0,1.0
2502.71,1983.0,3.35,46.2,2.77,15.44,10.34,8.08,12.07,3.66,1.44,0.0,0.0,0.0,0.0,0.0,1.0
325.32,1961.0,-3.5,63.9,0.5,16.35,4.55,3.07,2.87,5.94,1.19,0.15,0.0,1.49,0.0,0.0,1.0
6709.39,1965.0,-4.4,49.03,0.52,15.65,4.27,2.45,5.6,3.14,1.36,0.28,0.0,1.24,16.47,0.0,1.0
6498.28,1973.0,4.69,59.25,0.58,16.87,4.82,3.13,6.22,3.93,1.88,0.2,0.0,1.46,1.66,0.0,1.0
6039.06,1977.0,2.11,59.04,0.29,15.51,2.93,1.83,4.58,4.0,0.79,0.18,0.0,1.27,9.59,0.0,1.0
9951.7,1983.0,0.34,58.21,0.81,17.28,4.86,2.45,6.08,4.54,1.2,0.21,0.0,4.35,0.0,0.0,1.0
8319.75,1985.0,0.9,62.93,0.61,18.01,2.92,1.23,2.66,3.72,1.66,0.2,0.0,4.38,1.68,0.0,1.0
545.0,1988.0,1.18,59.39,0.84,17.09,5.31,2.98,5.8,3.12,2.26,0.3,0.0,1.16,1.75,0.0,1.0
430.63,1946.0,2.54,69.3,0.31,15.82,2.31,1.19,2.08,6.62,0.79,0.1,0.0,1.48,0.0,0.0,1.0
8590.29,1963.0,-4.91,61.05,1.07,15.96,5.07,2.81,4.59,4.19,3.28,0.5,0.0,1.49,0.0,0.0,1.0
1944.33,1966.0,3.17,63.19,0.58,15.69,7.87,2.15,3.19,2.42,2.62,0.11,0.0,2.16,0.0,0.0,1.0
9529.18,1978.0,0.11,55.89,1.02,17.42,6.84,4.02,7.3,3.85,1.74,0.43,0.0,1.49,0.0,0.0,1.0
2504.74,1980.0,0.93,57.69,0.69,16.94,5.8,3.46,7.51,2.98,2.32,0.25,0.0,1.48,0.87,0.0,1.0
7246.1,1982.0,1.92,61.01,0.21,16.06,2.47,1.52,3.73,6.75,1.06,0.08,0.0,5.14,1.97,0.0,1.0
8968.89,1991.0,3.49,57.0,0.51,12.34,4.36,1.6,4.12,4.67,1.08,0.19,0.0,1.33,12.8,0.0,1.0
3096.7,1993.0,-4.93,67.62,0.4,15.56,2.99,1.58,1.79,5.23,2.45,0.15,0.0,2.23,0.0,0.0,1.0
7592.2,1994.0,3.0,50.94,2.03,14.39,11.41,6.58,11.16,3.05,0.22,0.22,0.0,0.0,0.0,0.0,1.0
10618.65,1949.0,-1.73,44.86,0.09,2.88,8.19,40.58,2.67,0.22,0.03,0.01,0.0,0.0,0.46,0.0,1.0
7348.14,1954.0,-3.91,59.3,0.63,17.05,5.44,1.4,3.68,3.28,4.13,0.43,0.0,2.57,2.09,0.0,1.0
10155.64,1956.0,-4.21,56.66,0.38,15.81,3.56,2.0,5.11,3.96,0.84,0.19,0.0,1.32,10.18,0.0,1.0
8974.65,1961.0,3.27,74.37,0.25,14.79,0.07,0.24,2.48,5.76,1.62,0.1,0.0,0.32,0.0,0.0,1.0
9204.44,1962.0,-3.94,61.12,0.58,16.89,4.45,2.58,5.91,4.08,2.2,0.22,0.0,1.48,0.49,0.0,1.0
8361.34,1965.0,-0.88,46.98,0.73,13.12,5.26,4.72,8.05,2.52,1.24,0.27,0.0,1.27,15.83,0.0,1.0
7211.03,1969.0,-4.09,32.79,0.34,8.29,2.34,1.68,2.09,2.23,1.47,0.14,0.0,0.79,47.83,0.0,1.0
2582.33,1973.0,-4.75,49.74,0.89,16.56,9.26,9.1,12.15,2.3,0.0,0.0,0.0,0.0,0.0,0.0,1.0
8477.76,1974.0,1.74,55.74,0.61,14.39,5.42,7.75,7.51,3.79,2.82,0.48,0.0,1.48,0.0,0.0,1.0
10997.1,1976.0,-0.82,75.94,0.0,17.62,0.0,0.0,0.0,4.73,0.0,0.0,0.0,1.71,0.0,0.0,1.0
10495.04,1980.0,2.04,48.62,0.84,14.58,8.1,12.32,10.15,2.78,0.81,0.3,0.0,1.49,0.0,0.0,1.0
599.93,1988.0,3.41,73.04,0.27,13.83,3.33,0.67,1.43,4.28,2.73,0.05,0.0,0.37,0.0,0.0,1.0
8315.28,1949.0,4.67,58.05,1.19,18.75,0.0,6.72,10.83,3.7,0.63,0.15,0.0,0.0,0.0,0.0,1.0
789.89,1951.0,3.38,76.91,0.0,17.3,0.0,0.0,0.0,4.1,0.0,0.0,0.0,1.7,0.0,0.0,1.0
1235.6,1958.0,0.14,51.08,1.91,14.72,10.4,6.31,11.22,3.51,0.23,0.15,0.0,0.47,0.0,0.0,1.0
5947.93,1960.0,-4.81,45.72,0.04,26.49,0.0,12.64,13.9,1.19,0.02,0.0,0.0,0.0,0.0,0.0,1.0
11380.33,1970.0,1.64,68.57,0.23,17.73,2.71,1.09,4.07,4.15,1.34,0.11,0.0,0.0,0.0,0.0,1.0
7561.69,1972.0,2.72,49.52,0.02,1.32,0.0,48.29,0.77,0.09,0.0,0.0,0.0,0.0,0.0,0.0,1.0
11039.97,1973.0,2.17,65.29,0.79,16.64,4.9,1.59,3.07,4.16,1.98,0.09,0.0,1.49,0.0,0.0,1.0
10156.97,1986.0,-0.06,66.2,0.19,16.11,2.09,0.9,3.85,4.19,1.26,0.05,0.0,5.15,0.0,0.0,1.0
1402.56,1947.0,4.54,63.2,0.41,16.63,2.96,1.79,4.01,4.08,1.73,0.06,0.0,4.57,0.54,0.0,1.0
9477.86,1948.0,3.55,68.8,0.46,15.76,2.19,0.75,2.73,4.66,3.28,0.17,0.0,1.19,0.0,0.0,1.0
4359.17,1953.0,-2.01,59.66,0.66,16.33,5.59,3.61,6.69,2.83,2.96,0.2,0.0,1.49,0.0,0.0,1.0
1568.08,1961.0,-0.54,61.2,0.68,15.28,4.03,3.72,4.98,3.86,4.28,0.45,0.0,1.52,0.0,0.0,1.0
9257.4,1962.0,1.2,62.07,0.39,16.78,3.35,1.7,4.57,4.17,1.79,0.15,0.0,5.04,0.0,0.0,1.0
299.72,1963.0,0.37,51.11,1.37,15.64,8.52,8.45,11.65,2.96,0.03,0.15,0.0,0.12,0.0,0.0,1.0
6458.64,1969.0,-0.53,54.32,0.47,14.67,2.98,1.75,4.15,3.63,1.27,0.14,0.0,1.25,15.36,0.0,1.0
4395.57,1971.0,-1.79,61.29,0.91,16.4,5.22,3.56,3.97,3.76,1.62,0.16,0.0,1.48,1.62,0.0,1.0
5947.44,1973.0,4.65,48.81,0.11,3.58,0.0,43.46,3.19,0.26,0.01,0.0,0.0,0.0,0.58,0.0,1.0
6051.16,1978.0,-3.09,60.96,0.78,16.86,5.07,2.55,4.59,4.33,3.08,0.25,0.0,0.0,1.52,0.0,1.0
6439.05,1984.0,1.27,59.28,0.63,17.04,5.23,3.36,6.05,4.61,2.08,0.23,0.0,1.49,0.0,0.0,1.0
644.44,1986.0,-3.29,51.94,0.58,13.75,4.81,1.73,4.85,5.1,1.22,0.21,0.0,1.31,14.5,0.0,1.0
5340.38,1993.0,4.94,65.18,0.7,15.65,3.32,2.09,4.49,3.79,3.09,0.2,0.0,1.5,0.0,0.0,1.0
7608.52,1994.0,0.37,50.74,1.65,15.18,6.2,7.33,10.01,3.89,1.61,0.82,0.0,1.46,1.11,0.0,1.0
5045.02,1945.0,-3.07,69.34,0.34,15.75,1.94,0.98,2.64,5.67,0.78,0.15,0.0,2.41,0.0,0.0,1.0
9420.91,1947.0,-4.68,63.81,0.6,15.29,3.86,3.51,4.2,3.57,3.5,0.16,0.0,1.5,0.0,0.0,1.0
8179.24,1951.0,-4.9,66.04,0.21,16.43,2.26,0.9,3.82,3.74,1.32,0.08,0.0,5.21,0.0,0.0,1.0
876.03,1953.0,-2.72,57.89,1.13,16.95,8.67,3.45,4.0,5.87,0.21,0.28,0.0,1.55,0.0,0.0,1.0
3912.79,1955.0,2.69,47.25,0.1,0.83,0.0,50.05,0.79,0.04,0.13,0.35,0.0,0.0,0.46,0.0,1.0
820.19,1956.0,-2.56,51.29,0.39,14.89,3.09,1.69,3.73,3.31,1.54,0.12,0.0,1.2,18.74,0.0,1.0
5849.14,1977.0,1.04,65.67,0.67,13.23,4.8,2.93,3.09,4.98,2.49,0.33,0.0,1.8,0.0,0.0,1.0
1473.91,1978.0,3.23,54.83,0.54,12.32,3.69,2.23,4.8,3.13,1.42,0.19,0.0,1.28,15.57,0.0,1.0
315.42,1981.0,-2.53,55.81,0.79,16.66,5.96,2.7,7.54,4.46,0.63,0.24,0.0,5.2,0.0,0.0,1.0
1019.23,1985.0,-4.34,48.42,0.53,15.39,4.49,2.47,5.49,3.62,1.47,0.31,0.0,0.0,17.81,0.0,1.0
11094.64,1987.0,3.68,59.8,0.29,15.71,2.97,1.85,4.64,4.05,0.8,0.18,0.0,0.0,9.71,0.0,1.0
8284.53,1992.0,-3.74,58.25,0.66,15.92,5.48,3.55,6.65,2.72,3.01,0.22,0.0,1.46,2.08,0.0,1.0
10095.08,1994.0,-3.41,57.63,0.51,12.48,4.41,1.62,4.16,4.72,1.1,0.19,0.0,1.35,11.84,0.0,1.0
380.53,1946.0,-0.61,47.62,0.62,17.76,9.47,10.25,9.41,3.99,0.82,0.06,0.0,0.0,0.0,0.0,1.0
10439.67,1951.0,4.22,51.76,0.81,15.24,7.38,10.05,8.64,2.58,1.74,0.31,0.0,1.49,0.0,0.0,1.0
1261.38,1960.0,3.5,52.65,0.4,15.9,3.94,1.81,5.22,3.7,1.14,0.16,0.0,1.28,13.8,0.0,1.0
11812.85,1975.0,4.77,68.34,0.57,15.11,3.54,2.04,4.4,3.7,2.12,0.17,0.0,0.0,0.0,0.0,1.0
11310.8,1977.0,-3.78,57.45,1.77,18.35,0.0,7.81,10.17,3.97,0.28,0.19,0.0,0.0,0.0,0.0,1.0
4789.09,1978.0,1.81,50.57,1.57,15.73,10.35,7.67,11.01,2.88,0.1,0.13,0.0,0.0,0.0,0.0,1.0
178.13,1979.0,-0.15,61.5,0.5,18.12,3.89,2.28,4.84,4.11,1.67,0.23,0.0,2.84,0.0,0.0,1.0
153.23,1980.0,0.42,54.42,1.18,15.2,6.18,6.14,8.93,4.18,1.49,0.82,0.0,1.48,0.0,0.0,1.0
8804.44,1987.0,2.52,75.41,0.0,19.32,0.0,0.0,0.0,5.27,0.0,0.0,0.0,0.0,0.0,0.0,1.0
5255.62,1988.0,-2.1,63.25,0.51,17.44,3.34,2.52,4.77,5.02,1.44,0.23,0.0,1.48,0.0,0.0,1.0
6209.68,1951.0,-0.12,65.43,0.43,16.33,7.08,0.2,2.84,4.35,1.69,0.13,0.0,1.52,0.0,0.0,1.0
9869.34,1955.0,2.97,53.01,3.1,14.63,12.32,4.04,8.07,3.98,0.85,0.0,0.0,0.0,0.0,0.0,1.0
539.18,1956.0,0.23,62.63,0.68,15.66,3.24,1.65,3.79,3.79,3.21,0.19,0.0,5.15,0.0,0.0,1.0
4941.92,1957.0,-0.1,52.64,0.4,20.2,0.0,5.69,14.93,3.85,0.08,0.09,0.0,2.11,0.01,0.0,1.0
9546.89,1962.0,-0.98,55.02,1.45,17.98,0.0,8.76,12.81,3.35,0.43,0.16,0.0,0.0,0.05,0.0,1.0
8079.67,1965.0,4.81,52.05,0.33,13.79,2.67,1.39,3.61,3.46,1.63,0.13,0.0,1.19,19.75,0.0,1.0
7825.07,1971.0,-2.13,58.4,0.99,16.21,5.78,2.96,4.45,4.55,2.77,0.4,0.0,1.48,2.03,0.0,1.0
8173.04,1980.0,4.46,61.42,0.59,18.08,3.98,2.85,6.1,4.43,2.32,0.24,0.0,0.0,0.0,0.0,1.0
4982.95,1983.0,0.43,55.47,0.79,16.26,5.67,3.73,6.61,4.07,1.8,0.44,0.0,5.16,0.0,0.0,1.0
10530.28,1984.0,-1.06,59.43,0.37,17.09,3.93,1.52,5.27,3.88,1.33,0.15,0.0,5.1,1.94,0.0,1.0
7426.48,1989.0,2.45,53.15,0.79,17.83,7.52,6.25,9.9,2.68,1.67,0.2,0.0,0.0,0.0,0.0,1.0
7091.52,1992.0,-3.41,57.64,1.6,17.17,0.0,7.43,12.18,3.57,0.36,0.0,0.0,0.0,0.05,0.0,1.0
8438.34,1950.0,-4.01,65.87,0.22,15.93,2.22,0.98,4.09,3.99,1.38,0.11,0.0,5.2,0.0,0.0,1.0
33.84,1951.0,-1.08,49.31,0.01,1.29,0.0,47.55,1.36,0.01,0.0,0.0,0.0,0.0,0.46,0.0,1.0
10200.58,1965.0,-3.04,51.06,0.35,14.02,2.79,1.51,3.81,3.52,1.65,0.13,0.0,1.18,19.99,0.0,1.0
421.05,1967.0,-1.95,61.02,0.38,16.5,3.29,1.68,4.49,4.1,1.76,0.14,0.0,5.1,1.54,0.0,1.0
4455.64,1973.0,0.42,66.96,0.45,15.94,3.16,1.36,3.06,4.39,3.06,0.18,0.0,1.43,0.0,0.0,1.0
1937.86,1982.0,1.94,42.17,0.36,8.67,2.52,1.06,2.12,2.93,1.31,0.13,0.0,0.94,37.77,0.0,1.0
8444.24,1983.0,0.13,61.47,0.57,17.56,3.9,2.58,4.39,4.88,2.63,0.25,0.0,1.49,0.29,0.0,1.0
1239.37,1991.0,-4.81,48.72,0.49,13.92,3.09,2.66,4.26,3.36,1.78,0.19,0.0,0.0,21.55,0.0,1.0
10989.33,1948.0,-0.77,61.12,1.07,15.87,5.17,2.77,4.57,4.2,3.25,0.49,0.0,1.49,0.0,0.0,1.0
5485.28,1952.0,-4.78,65.3,0.38,16.38,2.81,1.81,4.13,4.88,1.63,0.18,0.0,2.49,0.0,0.0,1.0
9259.27,1954.0,2.98,51.72,0.4,15.62,3.87,1.78,5.12,3.64,1.12,0.16,0.0,1.25,15.31,0.0,1.0
11447.2,1955.0,-3.9,50.87,0.7,14.73,4.83,3.78,3.27,4.58,1.16,0.31,0.0,1.32,14.46,0.0,1.0
9409.06,1957.0,-3.67,49.91,1.45,16.54,8.43,8.67,10.81,3.3,0.29,0.18,0.0,0.42,0.0,0.0,1.0
1815.74,1964.0,-0.36,65.7,0.2,16.62,2.21,0.92,3.82,4.15,1.2,0.03,0.0,5.15,0.0,0.0,1.0
7186.35,1970.0,1.37,57.72,0.62,17.2,5.2,3.68,6.87,3.86,1.63,0.2,0.0,1.46,1.55,0.0,1.0
10637.8,1987.0,4.62,46.68,0.03,1.77,12.38,37.99,1.14,0.0,0.0,0.01,0.0,0.0,0.0,0.0,1.0
9370.29,1991.0,-3.73,47.78,0.51,15.04,4.25,2.47,5.41,3.59,1.43,0.3,0.0,1.21,18.0,0.0,1.0
51.05,1945.0,2.34,55.56,0.73,14.51,4.59,3.1,3.03,5.18,0.88,0.29,0.0,1.37,10.77,0.0,1.0
3776.05,1952.0,0.78,49.51,0.92,17.4,8.11,9.34,12.23,2.41,0.02,0.06,0.0,0.0,0.0,0.0,1.0
1475.09,1968.0,4.62,68.47,0.45,16.19,2.62,0.84,3.53,4.63,1.61,0.15,0.0,1.5,0.0,0.0,1.0
8884.13,1973.0,3.88,33.55,0.35,8.67,2.39,1.6,2.28,2.29,1.45,0.15,0.0,0.81,46.46,0.0,1.0
8574.67,1981.0,-2.21,65.23,0.21,17.09,2.27,0.93,3.87,3.81,1.34,0.08,0.0,5.16,0.0,0.0,1.0
2384.27,1986.0,-0.66,72.77,0.0,20.45,0.0,0.0,0.0,4.96,0.0,0.0,0.0,1.81,0.0,0.0,1.0
103.2,1990.0,-1.96,60.03,0.91,16.02,3.43,4.53,7.46,3.55,2.16,0.39,0.0,1.53,0.0,0.0,1.0
1585.03,1946.0,-1.82,43.1,6.87,12.47,20.07,5.42,8.76,3.21,0.08,0.02,0.0,0.0,0.0,0.0,1.0
8639.37,1949.0,1.56,67.14,0.63,15.82,3.39,0.64,2.74,3.41,4.57,0.17,0.0,1.51,0.0,0.0,1.0
8386.05,1950.0,1.11,55.03,0.81,24.51,0.0,3.12,10.93,3.45,1.35,0.8,0.0,0.0,0.0,0.0,1.0
978.86,1952.0,0.19,61.07,0.29,13.73,4.2,8.79,4.66,3.57,1.51,0.07,0.0,2.12,0.0,0.0,1.0
6598.34,1960.0,3.53,49.08,0.02,1.2,0.0,48.27,0.95,0.0,0.0,0.0,0.0,0.0,0.48,0.0,1.0
11377.18,1977.0,-3.87,52.15,0.67,18.09,5.57,3.4,8.23,4.0,1.33,0.2,0.0,5.18,1.17,0.0,1.0
7759.47,1983.0,1.53,33.55,0.35,8.67,2.39,1.6,2.28,2.29,1.45,0.15,0.0,0.81,46.46,0.0,1.0
9234.65,1988.0,0.82,62.44,0.66,17.38,4.53,3.32,2.62,4.38,1.32,0.05,0.0,3.29,0.0,0.0,1.0
2571.44,1991.0,-1.16,73.19,0.0,19.84,0.0,0.0,0.0,5.15,0.0,0.0,0.0,1.82,0.0,0.0,1.0
5391.21,1960.0,4.9,62.45,0.56,16.64,4.33,3.09,5.76,3.6,1.41,0.09,0.0,2.07,0.0,0.0,1.0
10474.61,1965.0,-4.1,67.62,0.4,15.56,2.99,1.58,1.79,5.23,2.45,0.15,0.0,2.23,0.0,0.0,1.0
452.44,1966.0,-1.8,54.44,1.83,15.18,7.95,3.63,11.26,2.57,1.31,0.0,0.0,1.82,0.0,0.0,1.0
2985.88,1970.0,0.46,52.73,0.36,14.96,3.02,1.59,3.88,3.59,1.5,0.13,0.0,0.0,18.24,0.0,1.0
6969.81,1977.0,-0.19,54.35,0.66,16.01,7.6,7.37,6.43,3.74,2.07,0.27,0.0,1.5,0.0,0.0,1.0
1775.4,1980.0,4.78,59.18,0.7,16.25,5.79,3.89,6.85,2.8,2.87,0.2,0.0,1.49,0.0,0.0,1.0
3680.24,1981.0,-4.3,52.08,0.38,15.74,4.12,1.87,5.16,3.49,1.09,0.17,0.0,1.26,14.64,0.0,1.0
9535.76,1982.0,2.77,74.48,0.0,19.08,0.0,0.0,0.0,5.21,0.0,0.0,0.0,0.0,1.23,0.0,1.0
3976.91,1985.0,-0.65,54.15,0.84,16.92,7.95,6.32,5.7,4.08,2.08,0.23,0.0,0.0,1.74,0.0,1.0
3322.91,1947.0,2.7,60.66,0.82,16.16,4.2,0.94,4.13,3.94,3.96,0.34,0.0,4.85,0.0,0.0,1.0
11867.47,1948.0,-4.91,64.98,0.44,14.93,2.79,1.36,2.93,4.15,3.11,0.14,0.0,5.17,0.0,0.0,1.0
9674.51,1958.0,-4.69,69.11,0.35,15.06,2.16,1.18,2.21,4.96,3.32,0.18,0.0,1.48,0.0,0.0,1.0
6235.14,1961.0,-0.79,75.94,0.0,17.62,0.0,0.0,0.0,4.73,0.0,0.0,0.0,1.71,0.0,0.0,1.0
1748.03,1963.0,1.4,50.97,1.64,14.79,10.39,7.15,11.85,2.89,0.12,0.19,0.0,0.0,0.0,0.0,1.0
1583.91,1976.0,2.47,62.93,0.52,17.38,3.77,2.02,5.51,4.3,1.93,0.17,0.0,1.49,0.0,0.0,1.0
6727.53,1983.0,-4.87,44.63,0.01,0.83,7.54,46.52,0.45,0.0,0.01,0.01,0.0,0.0,0.0,0.0,1.0
1553.59,1985.0,-2.49,57.33,0.68,16.59,5.77,5.12,7.44,3.72,1.61,0.26,0.0,1.49,0.0,0.0,1.0
8442.77,1992.0,3.57,55.1,1.3,18.63,0.0,9.3,11.06,3.94,0.23,0.14,0.0,0.3,0.0,0.0,1.0
3154.01,1951.0,-4.53,64.25,0.37,15.91,3.78,2.52,4.72,3.68,1.26,0.1,0.0,3.39,0.0,0.0,1.0
885.28,1954.0,1.54,69.7,0.17,15.16,0.98,0.51,1.24,5.65,1.57,0.01,0.0,5.01,0.0,0.0,1.0
10364.2,1957.0,0.48,58.98,0.61,15.87,4.99,2.47,5.96,2.84,2.91,0.21,0.0,5.17,0.0,0.0,1.0
9033.57,1958.0,0.05,78.59,0.2,12.85,0.0,0.34,1.45,5.33,1.19,0.05,0.0,0.0,0.0,0.0,1.0
6735.05,1959.0,-4.4,57.38,0.83,16.69,4.05,3.51,7.92,4.35,2.48,0.55,0.0,1.48,0.76,0.0,1.0
4373.81,1961.0,3.24,50.34,1.68,14.43,10.73,7.65,12.06,2.86,0.12,0.13,0.0,0.0,0.0,0.0,1.0
2561.58,1967.0,0.24,53.91,0.11,1.04,0.0,43.68,0.27,0.25,0.22,0.04,0.0,0.0,0.48,0.0,1.0
2471.28,1968.0,0.36,67.56,0.24,15.15,1.87,1.07,3.21,4.12,1.56,0.1,0.0,5.12,0.0,0.0,1.0
10447.73,1970.0,-1.72,56.6,0.38,15.79,3.55,1.99,5.11,3.95,0.84,0.19,0.0,0.0,11.61,0.0,1.0
7635.51,1977.0,-3.86,66.61,0.29,17.37,2.22,1.48,4.05,4.93,1.48,0.1,0.0,1.48,0.0,0.0,1.0
6843.11,1983.0,-0.47,46.51,0.63,13.79,4.47,2.9,3.01,2.42,2.05,0.23,0.0,1.2,22.78,0.0,1.0
2188.41,1945.0,1.23,60.74,0.88,15.83,4.83,4.27,4.67,4.54,2.31,0.35,0.0,1.54,0.03,0.0,1.0
2646.8,1951.0,0.77,68.72,0.38,14.98,1.49,1.3,2.03,2.33,8.65,0.11,0.0,0.0,0.0,0.0,1.0
1405.18,1954.0,0.04,72.83,0.22,16.23,2.19,0.67,3.82,3.07,0.92,0.05,0.0,0.0,0.0,0.0,1.0
1440.63,1955.0,0.96,50.73,1.29,14.91,10.11,7.57,12.51,2.64,0.11,0.13,0.0,0.0,0.0,0.0,1.0
10666.82,1959.0,-3.21,69.14,0.2,13.86,2.11,0.51,3.14,4.63,1.26,0.07,0.0,5.08,0.0,0.0,1.0
7722.9,1960.0,-2.34,58.43,0.98,17.3,3.81,4.22,6.93,3.81,2.74,0.28,0.0,1.5,0.0,0.0,1.0
2526.38,1967.0,4.91,60.22,0.62,17.1,5.02,3.25,6.3,3.94,1.83,0.23,0.0,1.49,0.0,0.0,1.0
1388.36,1981.0,2.85,54.47,0.62,13.18,4.35,2.07,4.46,3.74,1.13,0.23,0.0,1.32,14.41,0.0,1.0
11192.9,1991.0,0.47,63.12,0.69,16.05,4.27,1.69,4.14,3.57,2.45,0.23,0.0,3.78,0.0,0.0,1.0
6244.9,1949.0,-3.67,49.25,1.6,15.72,10.07,8.16,12.18,2.72,0.17,0.12,0.0,0.0,0.0,0.0,1.0
5348.27,1950.0,0.33,50.38,1.18,15.62,8.83,8.56,12.68,2.56,0.08,0.09,0.0,0.0,0.0,0.0,1.0
5500.92,1951.0,4.36,58.75,0.68,16.18,5.66,3.65,6.4,2.73,2.81,0.2,0.0,1.47,1.46,0.0,1.0
7408.34,1952.0,-4.53,70.1,0.29,15.78,2.67,0.66,1.93,3.62,3.61,0.1,0.0,1.23,0.0,0.0,1.0
6350.76,1955.0,-4.52,58.18,0.63,17.04,5.24,3.76,6.79,3.93,1.67,0.21,0.0,1.47,1.09,0.0,1.0
2039.45,1958.0,3.33,61.29,0.78,15.08,4.44,3.23,4.42,3.72,3.38,0.3,0.0,1.46,1.9,0.0,1.0
3741.3,1969.0,-3.66,50.42,0.01,1.01,0.0,46.71,1.18,0.01,0.0,0.01,0.0,0.0,0.64,0.0,1.0
9401.62,1970.0,3.89,61.42,0.59,18.08,3.98,2.85,6.1,4.43,2.32,0.24,0.0,0.0,0.0,0.0,1.0
8361.89,1974.0,-1.5,65.64,0.32,17.56,2.31,0.87,3.04,4.32,0.84,0.08,0.0,5.01,0.0,0.0,1.0
678.68,1977.0,3.86,49.08,0.02,1.2,0.0,48.27,0.95,0.0,0.0,0.0,0.0,0.0,0.48,0.0,1.0
611.89,1979.0,2.39,50.36,1.91,14.13,12.32,7.12,11.1,2.78,0.1,0.18,0.0,0.0,0.0,0.0,1.0
5402.07,1987.0,1.51,56.3,1.28,16.61,0.0,8.95,13.71,2.93,0.08,0.07,0.0,0.0,0.06,0.0,1.0
10286.22,1988.0,2.73,61.85,0.69,16.68,4.6,3.5,5.89,4.53,1.94,0.3,0.0,0.0,0.0,0.0,1.0
6745.14,1949.0,1.63,69.75,0.2,16.81,2.29,1.02,4.24,4.34,1.27,0.09,0.0,0.0,0.0,0.0,1.0
4655.41,1950.0,2.1,65.94,0.21,15.97,2.28,0.93,3.99,4.18,1.25,0.1,0.0,5.16,0.0,0.0,1.0
1848.42,1952.0,-0.85,74.55,0.0,20.21,0.0,0.0,0.0,5.24,0.0,0.0,0.0,0.0,0.0,0.0,1.0
5339.18,1962.0,1.29,60.07,0.59,16.55,5.27,3.55,6.85,4.0,1.2,0.22,0.0,1.7,0.0,0.0,1.0
8692.33,1964.0,-0.36,62.64,0.52,16.14,7.88,1.69,3.03,3.48,2.44,0.11,0.0,2.05,0.0,0.0,1.0
10239.79,1966.0,4.05,70.3,0.29,15.94,2.44,1.1,3.71,4.71,1.4,0.1,0.0,0.0,0.0,0.0,1.0
3390.84,1967.0,2.66,42.96,0.05,0.77,9.22,46.18,0.53,0.0,0.0,0.01,0.0,0.0,0.29,0.0,1.0
3055.06,1976.0,4.97,72.44,0.3,15.23,1.52,0.55,0.82,4.3,4.06,0.14,0.0,0.63,0.0,0.0,1.0
9296.23,1979.0,1.01,65.7,0.73,18.46,0.0,0.82,3.59,7.61,3.09,0.0,0.0,0.0,0.0,0.0,1.0
6714.06,1982.0,-0.75,69.23,0.45,16.06,2.53,0.69,2.97,4.8,1.6,0.15,0.0,1.5,0.0,0.0,1.0
2712.03,1983.0,-1.36,56.32,0.72,16.58,6.23,5.03,8.12,3.32,1.91,0.27,0.0,1.49,0.0,0.0,1.0
2714.22,1989.0,-1.24,51.78,0.73,7.56,0.0,27.45,11.34,1.09,0.04,0.01,0.0,0.0,0.0,0.0,1.0
11724.0,1952.0,-0.11,51.18,1.72,14.33,10.95,7.44,11.59,2.53,0.08,0.15,0.0,0.0,0.03,0.0,1.0
8345.56,1954.0,0.81,50.52,1.77,14.84,11.08,7.22,11.37,2.92,0.14,0.13,0.0,0.0,0.0,0.0,1.0
9806.85,1958.0,-2.34,65.28,0.7,15.62,3.88,2.2,3.7,3.6,3.3,0.2,0.0,1.5,0.0,0.0,1.0
4791.76,1970.0,-1.17,63.0,0.59,15.09,3.81,3.46,4.15,3.53,3.46,0.15,0.0,1.48,1.28,0.0,1.0
7256.35,1978.0,3.65,69.53,0.25,16.61,2.52,1.14,4.23,4.11,1.49,0.12,0.0,0.0,0.0,0.0,1.0
9080.97,1979.0,3.26,50.14,3.23,18.24,0.0,7.6,10.23,4.01,4.01,2.54,0.0,0.0,0.0,0.0,1.0
1135.71,1991.0,2.3,68.35,0.22,16.97,2.23,1.04,4.06,4.19,1.37,0.09,0.0,1.48,0.0,0.0,1.0
11737.11,1947.0,1.42,54.62,1.13,13.98,5.73,5.04,8.0,2.96,3.68,0.52,0.0,2.3,2.04,0.0,1.0
6734.62,1948.0,2.36,66.56,0.66,14.59,3.58,2.1,3.44,3.42,3.98,0.19,0.0,1.48,0.0,0.0,1.0
4348.01,1950.0,0.86,51.54,0.94,15.82,7.26,7.85,9.6,3.18,1.46,0.47,0.0,1.88,0.0,0.0,1.0
11187.27,1951.0,-1.39,57.11,0.58,12.95,4.8,2.79,3.33,4.87,0.97,0.18,0.0,1.35,11.06,0.0,1.0
5335.68,1952.0,-4.28,62.15,0.57,16.9,8.08,1.84,3.16,2.13,3.38,0.11,0.0,1.69,0.0,0.0,1.0
1613.4,1973.0,0.11,60.12,0.88,14.7,4.16,3.16,5.56,3.65,3.76,0.37,0.0,1.45,2.19,0.0,1.0
504.84,1977.0,-0.27,54.01,0.44,16.36,0.0,10.55,13.94,2.89,0.04,0.01,0.0,1.75,0.0,0.0,1.0
7518.44,1978.0,4.61,56.35,0.27,20.05,0.0,9.8,9.71,3.63,0.16,0.03,0.0,0.0,0.0,0.0,1.0
7992.24,1989.0,-3.27,54.23,0.62,13.12,4.33,2.06,4.44,3.73,1.13,0.23,0.0,1.31,14.79,0.0,1.0
7257.53,1994.0,-1.33,60.96,0.83,16.55,3.37,2.65,4.5,4.84,2.71,0.4,0.0,1.46,1.73,0.0,1.0
5994.9,1946.0,-4.04,63.25,0.51,17.44,3.34,2.52,4.77,5.02,1.44,0.23,0.0,1.48,0.0,0.0,1.0
10835.46,1968.0,-4.43,51.45,0.9,22.97,0.0,6.66,14.89,2.82,0.2,0.11,0.0,0.0,0.0,0.0,1.0
2683.68,1973.0,-2.18,62.45,0.38,15.97,3.99,1.79,2.84,6.53,2.48,0.22,0.0,2.19,1.15,0.0,1.0
778.99,1979.0,0.06,64.29,0.58,14.72,3.4,1.74,3.39,3.39,3.1,0.19,0.0,5.2,0.0,0.0,1.0
11668.22,1981.0,-3.27,32.79,0.34,8.29,2.34,1.68,2.09,2.23,1.47,0.14,0.0,0.79,47.83,0.0,1.0
6690.9,1947.0,-3.61,56.05,0.6,17.82,5.97,4.42,7.78,3.47,0.67,0.12,0.0,1.55,1.56,0.0,1.0
177.96,1951.0,-3.47,59.51,0.64,17.51,5.06,3.13,6.53,4.14,1.75,0.23,0.0,1.49,0.0,0.0,1.0
11888.81,1964.0,-1.87,60.84,0.7,17.13,3.78,2.73,5.34,4.81,1.68,0.36,0.0,1.31,1.31,0.0,1.0
2043.5,1970.0,-2.68,62.45,0.56,16.64,4.33,3.09,5.76,3.6,1.41,0.09,0.0,2.07,0.0,0.0,1.0
6302.91,1973.0,1.35,70.3,0.22,14.8,3.55,0.88,4.3,4.32,1.55,0.07,0.0,0.0,0.0,0.0,1.0
3176.31,1976.0,-4.85,47.58,0.63,13.37,3.81,2.36,4.74,3.32,1.67,0.24,0.0,1.17,21.11,0.0,1.0
10847.64,1978.0,-1.64,58.37,0.71,15.99,5.95,5.42,6.45,3.1,1.74,0.0,0.0,1.47,0.81,0.0,1.0
6737.43,1982.0,4.21,49.71,0.41,12.31,2.39,1.6,5.04,3.26,1.81,0.13,0.0,1.17,22.17,0.0,1.0
10061.66,1984.0,1.34,59.6,0.61,16.97,4.98,3.24,6.19,3.99,1.82,0.22,0.0,1.47,0.91,0.0,1.0
2111.06,1946.0,-0.14,70.04,0.41,14.52,3.08,1.53,3.46,4.27,1.64,0.12,0.0,0.93,0.0,0.0,1.0
3137.79,1950.0,1.24,66.66,0.5,15.64,2.84,1.96,2.92,5.75,2.02,0.18,0.0,1.53,0.0,0.0,1.0
10818.17,1951.0,-3.67,58.2,0.7,17.09,5.85,3.49,7.58,3.0,2.34,0.25,0.0,1.49,0.0,0.0,1.0
9520.98,1952.0,-1.95,67.01,0.39,15.71,2.43,0.96,2.75,4.01,3.01,0.13,0.0,3.6,0.0,0.0,1.0
4000.2,1985.0,-3.5,49.8,1.36,16.47,9.33,7.97,11.35,3.22,0.12,0.15,0.0,0.23,0.0,0.0,1.0
8058.02,1990.0,-1.63,74.05,0.0,18.97,0.0,0.0,0.0,5.18,0.0,0.0,0.0,1.8,0.0,0.0,1.0
650.47,1946.0,-0.92,57.14,0.26,14.26,2.33,1.05,3.35,4.17,1.32,0.1,0.0,0.0,16.03,0.0,1.0
4148.26,1947.0,4.18,64.48,0.45,14.05,0.99,1.37,3.51,6.21,6.42,0.19,0.0,2.32,0.0,0.0,1.0
286.18,1960.0,-4.25,61.07,0.29,13.73,4.2,8.79,4.66,3.57,1.51,0.07,0.0,2.12,0.0,0.0,1.0
1487.76,1980.0,1.45,52.68,0.34,13.95,2.7,1.41,3.66,3.5,1.65,0.13,0.0,0.0,19.99,0.0,1.0
1026.73,1982.0,0.95,54.34,0.39,16.87,0.0,11.04,14.64,2.68,0.04,0.0,0.0,0.0,0.0,0.0,1.0
998.29,1990.0,4.59,47.83,0.52,15.21,4.43,2.44,5.42,3.58,1.45,0.31,0.0,1.22,17.59,0.0,1.0
5685.76,1946.0,-0.38,51.71,2.5,15.05,10.57,5.8,9.25,4.05,0.25,0.29,0.0,0.52,0.0,0.0,1.0
3154.32,1947.0,-0.25,63.61,0.31,14.8,5.18,0.81,6.08,2.78,1.29,0.11,0.0,5.02,0.0,0.0,1.0
9696.7,1950.0,1.67,44.89,1.19,5.25,10.3,26.04,11.18,0.84,0.18,0.11,0.0,0.0,0.0,0.0,1.0
9962.51,1953.0,-0.46,57.24,0.65,16.96,6.55,3.75,7.05,3.06,1.82,0.17,0.0,1.47,1.27,0.0,1.0
7654.22,1954.0,-2.45,60.95,0.29,12.66,3.71,8.17,3.72,3.78,2.01,0.04,0.0,2.92,1.76,0.0,1.0
3554.23,1959.0,-2.48,61.04,1.06,15.97,5.13,2.73,4.6,4.2,3.28,0.51,0.0,1.49,0.0,0.0,1.0
25.67,1961.0,4.49,59.35,1.0,16.31,5.86,3.1,4.4,4.4,2.8,0.4,0.0,1.5,0.86,0.0,1.0
3497.52,1969.0,-2.21,70.76,0.28,17.15,1.78,0.7,2.29,4.32,0.71,0.06,0.0,1.94,0.0,0.0,1.0
9958.5,1974.0,-2.62,58.01,0.66,16.84,5.03,3.35,6.11,4.29,1.72,0.35,0.0,1.82,1.83,0.0,1.0
6853.63,1980.0,-0.87,42.17,0.36,8.67,2.52,1.06,2.12,2.93,1.31,0.13,0.0,0.94,37.77,0.0,1.0
8024.62,1984.0,1.64,61.04,1.06,15.97,5.13,2.73,4.6,4.2,3.28,0.51,0.0,1.49,0.0,0.0,1.0
166.96,1947.0,4.2,74.97,0.27,13.42,0.08,0.19,1.55,6.57,1.36,0.08,0.0,1.5,0.0,0.0,1.0
1165.95,1949.0,3.12,51.04,2.21,13.88,12.04,6.79,11.08,2.65,0.11,0.2,0.0,0.0,0.0,0.0,1.0
7762.25,1961.0,3.17,71.26,0.0,19.32,0.0,0.0,0.0,5.01,0.0,0.0,0.0,1.77,2.63,0.0,1.0
947.64,1967.0,-1.05,70.15,0.27,17.82,0.0,0.0,0.18,5.69,5.54,0.36,0.0,0.0,0.0,0.0,1.0
11185.19,1970.0,1.2,59.82,0.5,18.26,3.77,2.07,5.54,4.32,1.97,0.26,0.0,1.48,2.02,0.0,1.0
94.94,1973.0,1.37,50.91,1.68,15.41,10.32,6.95,11.25,3.08,0.12,0.28,0.0,0.0,0.0,0.0,1.0
2297.56,1974.0,1.24,53.76,0.14,0.8,0.0,44.41,0.2,0.18,0.24,0.02,0.0,0.0,0.24,0.0,1.0
2058.6,1978.0,-1.2,62.51,0.64,15.69,4.27,4.17,6.23,3.03,0.96,0.2,0.0,1.56,0.74,0.0,1.0
10901.85,1949.0,-0.5,49.12,0.87,16.75,9.52,8.8,12.34,2.56,0.02,0.03,0.0,0.0,0.0,0.0,1.0
11681.05,1953.0,0.17,49.32,1.56,15.58,10.58,7.81,12.28,2.68,0.06,0.14,0.0,0.0,0.0,0.0,1.0
6580.32,1955.0,0.37,67.38,0.35,15.13,2.48,1.33,2.0,4.28,1.9,0.08,0.0,5.06,0.0,0.0,1.0
538.47,1964.0,-4.0,56.76,0.41,16.06,3.86,1.95,4.98,3.83,0.7,0.03,0.0,1.33,10.09,0.0,1.0
4192.64,1971.0,3.03,69.34,0.34,15.75,1.94,0.98,2.64,5.67,0.78,0.15,0.0,2.41,0.0,0.0,1.0
3455.06,1974.0,-1.35,54.7,0.44,16.34,0.0,10.86,14.84,2.75,0.04,0.03,0.0,0.0,0.0,0.0,1.0
232.82,1976.0,-3.38,67.04,0.49,15.5,3.07,1.61,3.16,4.28,3.22,0.16,0.0,1.49,0.0,0.0,1.0
188.13,1981.0,2.87,48.15,0.09,0.68,0.0,49.31,1.09,0.0,0.42,0.02,0.0,0.0,0.25,0.0,1.0
11449.25,1984.0,3.25,63.31,0.65,16.37,2.96,2.95,5.99,4.42,1.57,0.31,0.0,1.47,0.0,0.0,1.0
9156.81,1992.0,-0.21,48.72,0.49,13.92,3.09,2.66,4.26,3.36,1.78,0.19,0.0,0.0,21.55,0.0,1.0
6740.54,1945.0,0.26,49.8,2.53,17.63,9.04,5.63,9.06,4.03,1.5,0.77,0.0,0.0,0.0,0.0,1.0
4965.36,1950.0,4.13,68.76,0.24,17.38,2.09,0.97,3.86,4.31,1.7,0.1,0.0,0.57,0.0,0.0,1.0
5064.0,1951.0,0.69,54.17,2.07,20.02,0.0,8.59,11.86,2.72,0.12,0.13,0.0,0.33,0.0,0.0,1.0
1995.21,1965.0,0.3,61.57,0.65,17.14,4.47,3.28,2.59,4.32,1.3,0.05,0.0,3.31,1.32,0.0,1.0
835.08,1968.0,0.92,59.9,0.9,15.79,4.48,3.37,5.89,4.63,2.01,0.48,0.0,1.46,1.09,0.0,1.0
6505.14,1980.0,-2.04,58.38,1.23,17.9,0.0,7.4,10.99,3.0,0.97,0.13,0.0,0.0,0.0,0.0,1.0
10551.61,1989.0,1.22,48.01,0.64,13.49,3.84,2.38,4.79,3.35,1.68,0.24,0.0,1.18,20.4,0.0,1.0
10486.15,1993.0,-3.76,53.87,0.35,14.68,2.81,1.37,3.1,3.67,1.43,0.09,0.0,1.22,17.41,0.0,1.0
3032.32,1947.0,0.72,48.07,0.52,15.14,4.28,2.49,5.44,3.61,1.44,0.3,0.0,1.22,17.49,0.0,1.0
8253.51,1953.0,2.11,56.43,1.01,15.27,9.99,5.01,4.15,3.98,1.29,0.16,0.0,1.48,1.24,0.0,1.0
5481.1,1958.0,3.39,48.01,0.02,1.22,0.0,49.71,0.29,0.15,0.14,0.02,0.0,0.0,0.44,0.0,1.0
6696.36,1969.0,-2.66,76.91,0.0,17.3,0.0,0.0,0.0,4.1,0.0,0.0,0.0,1.7,0.0,0.0,1.0
11574.56,1977.0,2.8,50.79,1.18,14.96,9.92,7.69,12.84,2.46,0.05,0.1,0.0,0.0,0.0,0.0,1.0
5617.77,1986.0,1.98,67.01,0.43,17.0,2.25,1.1,3.7,5.78,1.05,0.16,0.0,1.51,0.0,0.0,1.0
1517.18,1950.0,-0.91,66.13,0.51,15.58,2.87,2.04,3.52,5.81,1.83,0.19,0.0,1.52,0.0,0.0,1.0
1491.12,1951.0,2.88,58.08,0.91,16.99,5.17,2.58,6.91,4.43,1.68,0.43,0.0,1.48,1.34,0.0,1.0
8423.93,1963.0,3.95,66.21,0.48,16.55,2.94,2.4,4.32,4.86,1.9,0.33,0.0,0.0,0.0,0.0,1.0
10762.6,1967.0,0.97,60.68,1.09,16.1,5.16,2.71,4.79,4.21,3.26,0.52,0.0,1.49,0.0,0.0,1.0
3725.01,1977.0,0.34,60.8,0.05,2.5,0.0,22.61,13.71,0.27,0.04,0.0,0.0,0.0,0.0,0.0,1.0
6089.17,1981.0,-3.05,59.71,0.6,17.79,4.1,2.84,6.16,4.31,2.34,0.24,0.0,1.49,0.42,0.0,1.0
1433.01,1987.0,-1.19,47.14,1.02,17.84,9.02,9.96,12.48,2.48,0.02,0.04,0.0,0.0,0.0,0.0,1.0
8415.97,1989.0,0.99,78.24,0.0,17.59,0.0,0.0,0.0,4.17,0.0,0.0,0.0,0.0,0.0,0.0,1.0
3503.92,1994.0,2.39,53.19,15.11,13.28,0.19,12.26,3.83,0.21,1.78,0.16,0.0,0.0,0.0,0.0,1.0
10277.03,1955.0,-2.52,64.01,0.87,16.6,4.6,1.64,4.55,3.26,2.86,0.29,0.0,0.4,0.92,0.0,1.0
11735.62,1984.0,0.81,57.63,0.51,12.48,4.41,1.62,4.16,4.72,1.1,0.19,0.0,1.35,11.84,0.0,1.0
1873.3,1945.0,-1.4,70.76,0.28,17.15,1.78,0.7,2.29,4.32,0.71,0.06,0.0,1.94,0.0,0.0,1.0
10894.82,1950.0,1.34,58.4,0.99,16.21,5.78,2.96,4.45,4.55,2.77,0.4,0.0,1.48,2.03,0.0,1.0
8869.49,1959.0,-3.91,48.15,0.48,13.76,3.06,2.63,4.21,3.32,1.76,0.18,0.0,1.16,21.29,0.0,1.0
6114.32,1965.0,-3.44,64.87,0.23,16.54,2.3,0.93,4.03,4.28,1.54,0.09,0.0,5.21,0.0,0.0,1.0
2271.99,1966.0,-3.43,58.01,0.66,16.84,5.03,3.35,6.11,4.29,1.72,0.35,0.0,1.82,1.83,0.0,1.0
470.77,1970.0,-4.23,48.07,0.52,15.14,4.28,2.49,5.44,3.61,1.44,0.3,0.0,1.22,17.49,0.0,1.0
7642.17,1974.0,0.05,45.53,0.04,1.65,7.97,43.38,1.03,0.04,0.0,0.0,0.0,0.0,0.35,0.0,1.0
1883.17,1985.0,-1.05,47.2,3.31,12.6,11.66,12.49,9.01,2.38,0.9,0.45,0.0,0.0,0.0,0.0,1.0
11226.14,1987.0,0.26,65.52,0.49,15.73,3.95,3.07,1.98,5.43,1.62,0.0,0.0,2.21,0.0,0.0,1.0
792.67,1988.0,1.48,59.84,0.91,18.51,5.55,2.83,6.76,4.37,1.02,0.21,0.0,0.0,0.0,0.0,1.0
6006.35,1993.0,2.55,61.29,0.49,17.55,5.01,3.08,5.89,4.82,1.63,0.22,0.0,0.01,0.0,0.0,1.0
6885.88,1948.0,0.36,73.21,0.26,15.86,0.0,0.22,2.11,5.58,2.7,0.06,0.0,0.0,0.0,0.0,1.0
291.99,1951.0,-2.35,56.25,0.8,16.5,8.44,5.06,4.78,5.31,1.12,0.26,0.0,1.49,0.0,0.0,1.0
6230.42,1953.0,3.07,51.29,0.39,14.89,3.09,1.69,3.73,3.31,1.54,0.12,0.0,1.2,18.74,0.0,1.0
7591.82,1978.0,1.04,49.61,1.42,16.76,8.78,8.26,12.05,2.81,0.07,0.23,0.0,0.0,0.0,0.0,1.0
10794.2,1979.0,1.28,51.05,1.98,13.93,11.8,6.97,11.16,2.76,0.14,0.21,0.0,0.0,0.0,0.0,1.0
9022.52,1987.0,-0.5,65.8,0.45,16.95,4.01,1.95,0.76,5.95,2.45,0.2,0.0,1.49,0.0,0.0,1.0
2247.87,1946.0,-4.65,53.94,0.99,20.71,0.0,7.82,13.94,2.48,0.08,0.0,0.0,0.0,0.05,0.0,1.0
8057.46,1957.0,-2.6,64.87,0.23,16.54,2.3,0.93,4.03,4.28,1.54,0.09,0.0,5.21,0.0,0.0,1.0
4868.26,1959.0,-2.67,59.99,0.63,17.0,5.19,3.31,6.35,4.03,1.8,0.22,0.0,1.49,0.0,0.0,1.0
6644.6,1966.0,-1.67,63.97,0.5,14.92,4.07,1.75,2.89,3.47,4.4,0.17,0.0,3.87,0.0,0.0,1.0
11209.82,1970.0,-4.25,44.15,0.0,0.11,0.0,55.46,0.17,0.03,0.02,0.05,0.0,0.0,0.0,0.0,1.0
9278.45,1972.0,-2.87,56.56,1.32,18.13,0.0,7.62,11.71,4.19,0.25,0.16,0.0,0.0,0.06,0.0,1.0
9187.51,1980.0,0.25,53.71,0.31,14.1,7.86,10.35,12.73,0.83,0.09,0.02,0.0,0.0,0.0,0.0,1.0
7692.34,1985.0,0.66,76.53,0.0,16.93,0.0,0.0,0.0,4.9,0.0,0.0,0.0,1.64,0.0,0.0,1.0
8005.44,1992.0,-2.95,42.17,0.36,8.67,2.52,1.06,2.12,2.93,1.31,0.13,0.0,0.94,37.77,0.0,1.0
9828.16,1945.0,-1.59,67.22,0.33,15.81,2.07,0.62,3.33,4.72,2.41,0.11,0.0,3.38,0.0,0.0,1.0
1051.56,1947.0,2.39,57.01,0.95,17.61,4.69,4.91,8.08,4.26,0.77,0.2,0.0,1.52,0.0,0.0,1.0
11553.36,1948.0,1.66,62.4,0.39,17.25,3.24,1.85,4.13,3.89,1.62,0.12,0.0,5.09,0.0,0.0,1.0
2689.43,1949.0,3.17,66.63,0.5,15.52,4.15,1.8,3.34,3.52,4.39,0.16,0.0,0.0,0.0,0.0,1.0
5751.18,1951.0,-1.78,68.61,0.39,14.62,1.89,1.36,1.88,3.32,6.21,0.17,0.0,1.54,0.0,0.0,1.0
8256.81,1968.0,2.93,66.44,0.61,13.67,4.66,3.44,3.95,3.07,3.76,0.41,0.0,0.0,0.0,0.0,1.0
11725.2,1970.0,-4.15,50.55,1.68,14.71,8.11,8.23,12.41,2.3,0.02,0.18,0.0,1.8,0.0,0.0,1.0
9355.29,1975.0,4.94,54.15,1.28,18.78,0.0,9.54,12.78,2.94,0.3,0.17,0.0,0.0,0.05,0.0,1.0
3865.5,1978.0,2.17,50.96,1.78,16.84,8.63,6.34,10.73,3.9,0.56,0.27,0.0,0.0,0.0,0.0,1.0
3925.97,1983.0,-4.4,64.87,0.44,14.93,2.81,1.37,2.96,4.16,3.11,0.14,0.0,5.2,0.0,0.0,1.0
11194.49,1951.0,-0.33,68.35,0.23,17.31,2.07,0.87,3.72,4.16,1.73,0.08,0.0,1.48,0.0,0.0,1.0
2025.79,1958.0,4.51,53.87,0.35,14.68,2.81,1.37,3.1,3.67,1.43,0.09,0.0,1.22,17.41,0.0,1.0
7166.81,1959.0,0.06,49.55,0.31,19.95,0.0,11.88,12.31,2.16,0.21,0.02,0.0,3.61,0.0,0.0,1.0
109.99,1963.0,-3.51,55.64,0.77,16.15,6.41,5.81,7.81,3.37,1.97,0.23,0.0,1.24,0.59,0.0,1.0
1557.14,1964.0,-1.08,68.01,0.3,16.37,2.38,1.51,4.1,4.26,1.42,0.12,0.0,1.52,0.0,0.0,1.0
8733.96,1966.0,2.91,57.08,0.73,16.64,6.15,3.62,7.48,2.95,2.28,0.24,0.0,1.47,1.36,0.0,1.0
4413.67,1967.0,4.94,50.98,0.38,14.48,2.94,1.61,3.9,3.55,1.57,0.15,0.0,0.0,20.44,0.0,1.0
638.06,1969.0,2.34,33.55,0.35,8.67,2.39,1.6,2.28,2.29,1.45,0.15,0.0,0.81,46.46,0.0,1.0
2268.59,1994.0,2.45,33.83,0.36,8.74,2.4,1.62,2.3,2.31,1.46,0.15,0.0,0.0,46.84,0.0,1.0
4776.43,1945.0,3.94,65.05,0.38,15.6,2.51,1.57,2.67,4.9,2.12,0.17,0.0,5.03,0.0,0.0,1.0
7911.65,1950.0,-4.41,56.85,0.79,18.82,7.53,3.66,5.33,5.04,1.75,0.22,0.0,0.0,0.0,0.0,1.0
1699.14,1951.0,-1.21,61.56,0.55,17.82,4.09,2.16,5.61,4.65,1.78,0.24,0.0,1.53,0.0,0.0,1.0
7065.47,1956.0,4.65,48.03,0.48,13.73,3.05,2.62,4.2,3.31,1.75,0.18,0.0,1.16,21.48,0.0,1.0
9644.67,1959.0,-0.35,54.88,0.25,7.86,0.0,22.6,13.4,0.8,0.05,0.15,0.0,0.0,0.0,0.0,1.0
8832.31,1961.0,2.63,56.1,0.27,14.4,7.39,8.16,12.44,1.01,0.22,0.02,0.0,0.0,0.0,0.0,1.0
9789.72,1982.0,2.13,52.26,0.97,17.06,8.03,4.67,7.82,3.09,0.76,0.25,0.0,5.1,0.0,0.0,1.0
2126.76,1983.0,-3.35,56.79,0.09,2.48,0.0,23.62,15.67,0.6,0.03,0.0,0.0,0.0,0.72,0.0,1.0
2321.41,1991.0,-3.19,71.53,0.29,15.24,0.91,0.56,1.77,4.07,4.14,0.09,0.0,1.39,0.0,0.0,1.0
401.54,1949.0,0.43,50.83,2.01,13.71,12.11,6.91,10.91,3.14,0.16,0.22,0.0,0.0,0.0,0.0,1.0
8179.19,1951.0,-0.28,57.79,1.13,16.92,8.65,3.45,3.99,5.86,0.21,0.28,0.0,0.0,1.72,0.0,1.0
5895.19,1955.0,-0.31,56.44,0.7,16.38,6.04,5.87,7.69,3.71,1.32,0.22,0.0,0.0,1.62,0.0,1.0
8629.24,1957.0,0.49,60.01,0.64,16.44,5.1,3.76,6.43,2.85,3.09,0.19,0.0,1.49,0.0,0.0,1.0
5396.02,1972.0,0.61,66.91,0.37,15.89,2.34,1.19,1.58,5.63,4.21,0.14,0.0,1.74,0.0,0.0,1.0
7108.0,1991.0,2.99,50.92,0.7,14.75,4.84,3.78,3.27,4.58,1.16,0.31,0.0,1.32,14.37,0.0,1.0
8272.18,1992.0,-0.65,54.42,1.76,18.8,0.0,8.44,12.27,3.31,0.72,0.24,0.0,0.0,0.04,0.0,1.0
2099.97,1951.0,-2.84,66.15,0.25,17.9,2.72,1.04,5.28,3.92,1.27,0.01,0.0,1.48,0.0,0.0,1.0
3220.62,1953.0,1.7,71.8,0.4,15.01,1.62,0.92,0.74,3.19,6.14,0.18,0.0,0.0,0.0,0.0,1.0
5439.27,1955.0,-4.97,62.99,0.8,16.12,4.57,2.59,4.28,3.88,2.99,0.3,0.0,1.49,0.0,0.0,1.0
5731.38,1973.0,2.95,57.52,0.56,16.38,4.12,2.59,5.51,3.98,2.25,0.2,0.0,5.14,1.75,0.0,1.0
10986.01,1977.0,-0.23,60.86,0.4,16.56,3.47,1.85,4.57,4.28,1.78,0.2,0.0,5.03,1.0,0.0,1.0
10462.07,1986.0,3.78,61.92,0.88,19.16,0.0,3.98,8.76,3.83,1.23,0.23,0.0,0.0,0.0,0.0,1.0
8833.7,1957.0,2.26,56.39,0.16,11.7,2.15,0.76,19.24,2.72,1.73,0.07,0.0,5.08,0.0,0.0,1.0
3450.25,1974.0,-0.46,50.48,1.76,15.94,9.42,7.96,10.88,3.07,0.27,0.21,0.0,0.0,0.0,0.0,1.0
5406.84,1980.0,4.22,77.49,0.74,11.09,0.0,0.0,0.46,6.34,3.89,0.0,0.0,0.0,0.0,0.0,1.0
829.21,1981.0,-4.79,64.74,0.33,15.25,4.77,0.62,3.69,3.92,1.47,0.12,0.0,5.08,0.0,0.0,1.0
725.99,1989.0,0.02,63.93,0.53,16.48,8.04,1.73,3.1,3.56,2.49,0.11,0.0,0.0,0.03,0.0,1.0
6948.77,1953.0,-3.7,60.1,0.66,17.75,4.32,2.07,4.12,5.42,2.56,0.28,0.0,1.47,1.25,0.0,1.0
3180.06,1958.0,-0.54,66.75,0.35,17.03,2.98,1.63,4.21,4.28,1.13,0.15,0.0,1.48,0.0,0.0,1.0
2818.46,1976.0,-0.17,52.45,0.87,12.57,8.57,11.91,8.65,2.7,1.35,0.23,0.0,0.69,0.0,0.0,1.0
6754.93,1978.0,3.7,42.62,0.27,5.28,9.64,32.22,4.52,0.03,0.07,0.0,0.0,5.36,0.0,0.0,1.0
6323.08,1983.0,-2.73,52.81,0.96,17.17,7.32,6.42,8.94,3.3,1.22,0.37,0.0,1.49,0.0,0.0,1.0
1244.34,1984.0,2.18,58.5,0.72,16.82,6.02,3.52,7.55,2.99,2.47,0.24,0.0,0.0,1.16,0.0,1.0
8085.64,1986.0,-3.32,51.5,0.37,13.53,2.92,1.55,3.48,3.61,1.66,0.12,0.0,1.18,20.08,0.0,1.0
4658.72,1992.0,0.32,50.47,1.5,15.67,10.0,7.97,11.28,2.89,0.09,0.14,0.0,0.0,0.0,0.0,1.0
2843.18,1949.0,0.87,61.81,0.73,15.01,4.42,4.27,4.45,2.8,3.89,0.1,0.0,1.49,1.02,0.0,1.0
10665.76,1957.0,1.34,60.07,0.59,16.55,5.27,3.55,6.85,4.0,1.2,0.22,0.0,1.7,0.0,0.0,1.0
10525.42,1960.0,3.53,53.78,0.39,17.75,0.0,9.57,15.44,2.65,0.03,0.01,0.0,0.28,0.11,0.0,1.0
1144.26,1984.0,1.44,65.39,0.23,16.22,2.29,1.03,3.86,4.06,1.67,0.08,0.0,5.18,0.0,0.0,1.0
1655.06,1987.0,2.51,67.86,0.2,18.3,2.24,0.88,3.79,3.97,1.23,0.04,0.0,1.48,0.0,0.0,1.0
4462.34,1992.0,1.84,64.95,0.41,15.39,3.63,0.76,3.24,3.22,4.08,0.15,0.0,4.17,0.0,0.0,1.0
8233.25,1946.0,1.42,66.14,0.25,15.88,3.05,0.58,3.25,3.63,2.1,0.07,0.0,5.04,0.0,0.0,1.0
1098.64,1947.0,-0.33,51.11,1.69,15.6,9.96,7.4,11.3,2.5,0.28,0.17,0.0,0.0,0.0,0.0,1.0
4138.01,1951.0,-4.02,49.2,0.9,17.04,8.97,8.98,12.76,2.03,0.04,0.09,0.0,0.0,0.0,0.0,1.0
7854.2,1967.0,1.28,57.28,0.94,17.69,6.9,3.31,7.7,2.74,3.09,0.36,0.0,0.0,0.0,0.0,1.0
7573.95,1972.0,1.55,66.76,0.75,16.01,4.29,1.14,3.04,4.67,3.15,0.19,0.0,0.0,0.0,0.0,1.0
2343.57,1980.0,1.4,69.17,0.25,17.43,1.89,0.88,1.69,5.96,1.32,0.08,0.0,1.33,0.0,0.0,1.0
7388.47,1994.0,3.88,50.84,1.17,15.48,9.56,8.07,12.6,2.07,0.08,0.13,0.0,0.0,0.0,0.0,1.0
6437.03,1946.0,4.88,76.53,0.0,16.93,0.0,0.0,0.0,4.9,0.0,0.0,0.0,1.64,0.0,0.0,1.0
771.17,1951.0,-2.83,66.1,0.2,16.01,2.2,0.96,3.92,4.06,1.33,0.09,0.0,5.14,0.0,0.0,1.0
3736.8,1952.0,0.05,51.72,0.39,14.7,2.98,1.63,3.96,3.6,1.59,0.15,0.0,0.0,19.29,0.0,1.0
1246.18,1954.0,-0.15,49.32,1.05,16.08,9.27,9.51,12.19,1.99,0.43,0.16,0.0,0.0,0.0,0.0,1.0
1860.4,1961.0,1.91,61.64,0.57,17.61,3.91,2.59,4.4,4.9,2.64,0.25,0.0,1.49,0.0,0.0,1.0
2035.54,1969.0,0.82,51.91,0.39,15.07,3.13,1.71,3.77,3.36,1.56,0.12,0.0,0.0,18.97,0.0,1.0
911.65,1971.0,2.72,62.02,0.44,16.13,3.41,2.0,4.76,4.1,1.85,0.16,0.0,5.12,0.0,0.0,1.0
7691.41,1975.0,3.31,59.41,0.17,12.32,2.27,0.8,20.27,2.87,1.83,0.07,0.0,0.0,0.0,0.0,1.0
566.26,1976.0,-0.56,59.88,1.09,17.61,5.07,4.47,4.96,2.54,2.74,0.13,0.0,1.52,0.0,0.0,1.0
7884.83,1978.0,2.31,68.56,0.34,15.96,2.15,1.08,2.1,5.16,3.01,0.16,0.0,1.48,0.0,0.0,1.0
7137.96,1979.0,3.07,33.55,0.35,8.67,2.39,1.6,2.28,2.29,1.45,0.15,0.0,0.81,46.46,0.0,1.0
10471.73,1984.0,3.61,62.89,0.52,17.89,3.58,2.09,3.74,4.72,2.72,0.2,0.0,1.49,0.18,0.0,1.0
3948.67,1988.0,-2.91,52.09,0.36,14.78,2.99,1.57,3.83,3.55,1.49,0.13,0.0,1.21,18.02,0.0,1.0
2500.02,1990.0,1.41,62.55,0.41,16.03,5.72,0.81,3.01,4.82,1.48,0.14,0.0,5.03,0.0,0.0,1.0
560.35,1991.0,1.5,50.13,1.83,16.13,9.34,7.3,11.49,3.02,0.54,0.23,0.0,0.0,0.0,0.0,1.0
8568.5,1993.0,0.44,49.03,0.52,15.65,4.27,2.45,5.6,3.14,1.36,0.28,0.0,1.24,16.47,0.0,1.0
2791.95,1947.0,-0.95,67.56,0.24,15.15,1.87,1.07,3.21,4.12,1.56,0.1,0.0,5.12,0.0,0.0,1.0
11641.22,1955.0,-3.0,67.11,0.29,15.21,2.31,1.05,2.95,4.85,1.05,0.1,0.0,5.09,0.0,0.0,1.0
612.27,1964.0,-1.99,48.39,0.47,10.79,3.22,0.9,1.94,3.82,2.38,0.17,0.0,1.11,26.82,0.0,1.0
5124.26,1969.0,1.57,53.87,0.35,14.68,2.81,1.37,3.1,3.67,1.43,0.09,0.0,1.22,17.41,0.0,1.0
10160.7,1976.0,2.96,66.66,0.5,15.64,2.84,1.96,2.92,5.75,2.02,0.18,0.0,1.53,0.0,0.0,1.0
1531.75,1984.0,-2.2,69.49,0.35,15.15,2.67,1.37,2.64,5.8,0.95,0.11,0.0,1.48,0.0,0.0,1.0
3356.09,1986.0,3.06,64.12,0.4,17.34,3.46,1.76,4.72,4.31,1.85,0.15,0.0,0.0,1.89,0.0,1.0
10311.86,1990.0,-4.88,76.46,0.27,13.65,0.12,0.22,2.11,5.17,1.9,0.08,0.0,0.0,0.0,0.0,1.0
1001.41,1946.0,0.38,50.36,1.69,16.12,9.63,7.56,11.3,2.94,0.24,0.17,0.0,0.0,0.0,0.0,1.0
6529.62,1948.0,-1.74,51.64,0.15,13.49,0.0,20.07,13.22,0.96,0.0,0.0,0.0,0.0,0.48,0.0,1.0
10101.48,1959.0,2.38,46.74,0.03,0.13,0.0,51.87,0.88,0.03,0.2,0.0,0.0,0.0,0.12,0.0,1.0
6621.63,1961.0,-3.23,50.75,0.8,14.94,7.24,9.85,8.47,2.53,1.71,0.31,0.0,1.46,1.95,0.0,1.0
1230.41,1964.0,1.59,51.32,1.29,14.81,10.04,8.36,11.52,2.35,0.16,0.15,0.0,0.0,0.0,0.0,1.0
7943.59,1965.0,4.43,49.59,0.55,19.02,7.82,5.95,9.99,5.0,0.52,0.05,0.0,1.5,0.0,0.0,1.0
8812.67,1978.0,3.3,50.88,1.5,14.6,10.55,7.3,12.22,2.69,0.11,0.15,0.0,0.0,0.0,0.0,1.0
5035.94,1945.0,2.32,55.61,0.37,15.04,7.45,8.31,11.65,1.38,0.18,0.02,0.0,0.0,0.0,0.0,1.0
5007.09,1947.0,-0.2,50.56,1.88,14.06,12.34,6.89,11.44,2.52,0.16,0.15,0.0,0.0,0.0,0.0,1.0
932.76,1950.0,-0.85,51.29,0.98,15.0,9.05,8.26,12.99,2.14,0.17,0.13,0.0,0.0,0.0,0.0,1.0
1769.78,1960.0,1.37,53.41,0.38,16.98,0.0,11.77,14.81,2.62,0.02,0.01,0.0,0.0,0.0,0.0,1.0
10569.29,1964.0,-2.65,57.77,0.12,3.18,0.0,24.49,13.44,0.3,0.0,0.0,0.0,0.0,0.7,0.0,1.0
1019.91,1968.0,1.03,51.27,1.18,15.02,10.05,7.91,12.11,2.23,0.11,0.12,0.0,0.0,0.0,0.0,1.0
10812.45,1978.0,1.86,57.81,0.05,0.99,0.0,23.86,16.83,0.0,0.0,0.0,0.0,0.0,0.46,0.0,1.0
11219.74,1986.0,1.53,51.42,1.51,15.41,9.92,7.13,11.02,3.28,0.18,0.13,0.0,0.0,0.0,0.0,1.0
8933.59,1987.0,3.79,53.79,0.61,14.88,8.56,8.8,9.01,2.91,1.26,0.18,0.0,0.0,0.0,0.0,1.0
7182.27,1947.0,-0.24,49.31,0.5,20.67,0.0,14.68,12.71,1.65,0.26,0.15,0.0,0.0,0.07,0.0,1.0
6885.76,1948.0,-2.69,53.18,0.58,15.54,10.08,6.55,11.51,2.06,0.45,0.06,0.0,0.0,0.0,0.0,1.0
7387.8,1949.0,-4.65,44.51,0.02,1.63,7.18,44.49,1.01,0.01,0.25,0.02,0.0,0.0,0.88,0.0,1.0
2676.82,1952.0,1.83,48.3,0.8,14.0,8.35,13.08,10.07,2.59,1.03,0.28,0.0,1.49,0.0,0.0,1.0
9250.53,1976.0,0.87,48.6,1.25,17.6,8.98,10.22,11.49,1.71,0.05,0.09,0.0,0.0,0.0,0.0,1.0
7143.98,1978.0,1.51,54.81,0.98,16.2,6.94,5.49,7.86,3.19,1.73,0.28,0.0,1.08,1.43,0.0,1.0
508.1,1979.0,0.62,54.66,1.6,17.71,0.0,9.71,12.42,3.28,0.37,0.2,0.0,0.0,0.05,0.0,1.0
1660.53,1980.0,3.91,52.12,2.16,13.28,13.98,5.25,10.21,2.67,0.12,0.21,0.0,0.0,0.0,0.0,1.0
11695.9,1984.0,-0.24,50.84,0.13,22.55,0.0,11.47,12.35,2.62,0.02,0.01,0.0,0.0,0.0,0.0,1.0
8783.33,1991.0,0.49,57.07,0.77,15.44,5.33,6.04,7.06,3.87,2.45,0.48,0.0,1.49,0.0,0.0,1.0
5743.77,1947.0,-4.13,54.05,1.28,18.76,0.0,9.66,12.77,2.94,0.31,0.18,0.0,0.0,0.05,0.0,1.0
7720.25,1957.0,1.43,54.13,0.4,15.25,7.85,8.67,12.1,1.43,0.13,0.03,0.0,0.0,0.0,0.0,1.0
7544.25,1959.0,-4.45,46.73,0.06,2.32,0.0,43.31,2.45,0.03,0.01,0.0,0.0,5.08,0.0,0.0,1.0
895.31,1960.0,-0.4,57.15,1.12,16.55,5.38,5.88,6.83,3.34,2.01,0.23,0.0,1.51,0.0,0.0,1.0
10114.01,1961.0,-3.11,55.1,0.96,17.71,0.0,6.49,14.02,4.04,0.14,0.02,0.0,1.51,0.01,0.0,1.0
1657.11,1971.0,-2.53,50.76,1.22,15.92,8.72,8.54,11.66,2.66,0.13,0.0,0.0,0.39,0.0,0.0,1.0
3908.56,1979.0,2.07,50.86,2.68,14.66,11.83,5.98,9.92,3.51,0.28,0.28,0.0,0.0,0.0,0.0,1.0
3027.92,1992.0,-2.09,52.88,0.31,14.86,0.0,13.05,14.33,2.47,0.06,0.01,0.0,1.85,0.18,0.0,1.0
4767.63,1945.0,2.67,17.79,6.59,11.51,53.69,6.83,2.48,0.97,0.12,0.02,0.0,0.0,0.0,0.0,1.0
1708.73,1949.0,-0.53,49.4,1.35,15.99,7.97,8.24,13.82,2.36,0.64,0.23,0.0,0.0,0.0,0.0,1.0
6489.45,1950.0,-4.04,52.33,0.87,12.52,8.34,10.99,8.58,2.77,1.3,0.27,0.0,0.34,1.71,0.0,1.0
8060.14,1953.0,1.36,55.91,1.6,17.02,0.0,8.9,13.17,3.07,0.12,0.16,0.0,0.0,0.04,0.0,1.0
10758.33,1962.0,3.57,45.77,0.27,19.35,0.0,27.48,5.64,0.0,0.0,0.0,0.0,0.0,1.5,0.0,1.0
8244.72,1973.0,0.02,50.21,0.1,0.92,0.0,47.87,0.61,0.0,0.08,0.0,0.0,0.0,0.22,0.0,1.0
4707.13,1954.0,2.05,54.1,1.29,18.89,0.0,9.52,12.8,2.85,0.31,0.19,0.0,0.0,0.05,0.0,1.0
5189.17,1958.0,-2.26,57.71,0.65,16.39,4.8,5.19,4.43,4.57,2.37,0.29,0.0,1.46,2.13,0.0,1.0
10043.99,1963.0,0.71,48.22,0.01,1.55,0.0,48.4,1.35,0.05,0.01,0.0,0.0,0.0,0.41,0.0,1.0
5919.33,1965.0,4.27,44.17,0.2,2.32,8.17,43.97,0.99,0.18,0.0,0.0,0.0,0.0,0.0,0.0,1.0
9808.44,1982.0,2.09,58.78,1.19,17.08,5.57,5.4,6.64,3.04,2.04,0.25,0.0,0.0,0.0,0.0,1.0
1044.74,1988.0,2.34,46.17,0.03,1.88,8.53,42.09,1.17,0.12,0.0,0.01,0.0,0.0,0.0,0.0,1.0
9875.32,1990.0,-1.81,56.4,1.63,16.81,0.0,8.26,13.03,3.3,0.34,0.18,0.0,0.0,0.05,0.0,1.0
5066.62,1958.0,-2.65,59.84,0.27,12.6,3.75,8.13,4.46,3.59,1.59,0.1,0.0,3.71,1.99,0.0,1.0
3347.39,1964.0,0.89,50.59,1.64,15.04,10.48,7.44,11.89,2.62,0.12,0.18,0.0,0.0,0.0,0.0,1.0
6540.99,1974.0,2.11,51.89,0.41,18.47,0.0,12.17,14.73,1.98,0.03,0.03,0.0,0.0,0.29,0.0,1.0
5349.26,1975.0,-0.75,51.28,0.08,19.51,0.0,10.46,17.49,1.02,0.03,0.0,0.0,0.0,0.13,0.0,1.0
11615.07,1980.0,3.41,49.46,1.16,18.07,8.21,8.19,12.04,2.53,0.2,0.15,0.0,0.0,0.0,0.0,1.0
5688.11,1982.0,4.58,51.19,1.5,15.54,9.24,8.1,11.0,3.12,0.18,0.13,0.0,0.0,0.0,0.0,1.0
4426.33,1983.0,-4.2,47.82,0.6,11.18,10.4,16.31,10.48,1.94,1.07,0.19,0.0,0.0,0.0,0.0,1.0
10956.6,1987.0,-4.66,57.88,0.56,15.06,6.98,5.41,7.42,4.03,0.9,0.28,0.0,1.48,0.0,0.0,1.0
4394.57,1994.0,2.18,56.35,0.27,20.05,0.0,9.8,9.71,3.63,0.16,0.03,0.0,0.0,0.0,0.0,1.0
2045.14,1946.0,-4.48,49.14,1.54,16.38,9.9,7.88,12.14,2.8,0.09,0.13,0.0,0.0,0.0,0.0,1.0
965.79,1947.0,-0.61,52.57,0.95,16.46,6.62,5.53,8.52,2.56,2.83,0.38,0.0,1.46,2.12,0.0,1.0
4116.9,1951.0,-1.3,51.21,1.29,14.47,10.06,8.81,11.51,2.53,0.04,0.08,0.0,0.0,0.0,0.0,1.0
11224.94,1963.0,1.35,51.44,1.16,14.95,9.04,8.14,12.72,2.22,0.19,0.14,0.0,0.0,0.0,0.0,1.0
538.97,1975.0,4.25,53.09,1.0,19.19,0.0,10.78,13.39,2.38,0.05,0.07,0.0,0.0,0.04,0.0,1.0
10294.57,1977.0,-3.01,55.83,0.8,17.67,5.34,5.21,6.76,4.73,1.44,0.27,0.0,1.48,0.48,0.0,1.0
2578.05,1978.0,0.83,49.97,1.6,16.39,9.9,7.69,11.28,2.97,0.04,0.14,0.0,0.0,0.0,0.0,1.0
2996.79,1945.0,0.76,51.97,0.77,17.01,7.41,6.38,9.95,2.54,1.51,0.2,0.0,1.48,0.76,0.0,1.0
3839.4,1951.0,-1.27,50.43,2.08,13.98,11.98,7.3,11.18,2.77,0.09,0.2,0.0,0.0,0.0,0.0,1.0
2005.88,1959.0,2.64,52.46,1.02,17.54,7.91,7.09,9.23,3.33,1.07,0.35,0.0,0.0,0.0,0.0,1.0
3684.83,1964.0,2.51,5.02,8.68,7.18,72.8,6.12,0.09,0.06,0.03,0.01,0.0,0.0,0.0,0.0,1.0
10524.59,1966.0,1.35,58.84,0.72,16.12,5.99,5.46,6.51,3.12,1.75,0.0,0.0,1.48,0.0,0.0,1.0
9370.34,1969.0,2.49,56.14,0.35,15.29,7.45,7.46,11.62,1.48,0.18,0.02,0.0,0.0,0.0,0.0,1.0
10930.15,1970.0,3.26,45.85,0.01,1.02,7.86,42.33,2.79,0.08,0.06,0.0,0.0,0.0,0.0,0.0,1.0
1779.15,1983.0,2.13,49.35,1.0,17.54,7.64,10.57,11.27,2.5,0.06,0.07,0.0,0.0,0.0,0.0,1.0
9110.81,1946.0,-0.0,52.08,1.69,15.58,6.26,7.53,10.27,3.99,1.65,0.84,0.0,0.11,0.0,0.0,1.0
11501.03,1948.0,1.43,50.93,1.92,15.87,9.41,7.3,10.88,3.06,0.34,0.29,0.0,0.0,0.0,0.0,1.0
381.41,1971.0,0.5,50.58,0.98,16.91,7.63,6.84,8.9,3.21,1.03,0.34,0.0,1.46,2.11,0.0,1.0
11773.44,1972.0,-4.57,51.48,0.04,5.44,0.0,38.96,2.49,0.0,0.85,0.0,0.0,0.0,0.74,0.0,1.0
2150.49,1981.0,3.24,59.21,0.85,15.41,5.71,5.86,6.9,2.83,1.42,0.27,0.0,1.55,0.0,0.0,1.0
11869.57,1986.0,-2.07,48.96,0.05,3.04,0.0,45.6,2.16,0.17,0.01,0.0,0.0,0.0,0.0,0.0,1.0
11002.27,1993.0,1.37,50.74,1.52,15.01,10.29,7.55,11.78,2.9,0.1,0.11,0.0,0.0,0.0,0.0,1.0
7785.52,1957.0,1.28,40.66,0.05,2.67,9.64,31.3,14.69,0.35,0.02,0.07,0.0,0.0,0.55,0.0,1.0
5508.97,1958.0,-0.17,52.23,0.95,16.98,7.24,6.35,8.84,3.26,1.21,0.37,0.0,1.48,1.09,0.0,1.0
7051.57,1961.0,-2.31,56.45,1.27,17.51,0.0,8.49,12.86,3.03,0.32,0.0,0.0,0.0,0.06,0.0,1.0
5301.27,1962.0,-2.72,48.26,1.55,18.59,7.68,8.83,9.8,3.45,1.4,0.44,0.0,0.0,0.0,0.0,1.0
5810.0,1966.0,2.36,48.62,0.84,17.16,9.18,9.58,12.0,2.53,0.04,0.05,0.0,0.0,0.0,0.0,1.0
1759.2,1975.0,-4.54,47.12,0.11,3.32,0.0,40.83,3.24,0.21,0.0,0.0,0.0,5.16,0.0,0.0,1.0
5487.19,1978.0,-3.19,50.85,0.03,3.38,0.0,41.71,3.0,0.32,0.4,0.0,0.0,0.0,0.31,0.0,1.0
3262.43,1983.0,3.56,56.78,0.45,17.77,0.0,8.46,12.38,4.08,0.06,0.01,0.0,0.0,0.0,0.0,1.0
6754.17,1986.0,-0.41,46.27,1.12,9.96,11.05,20.82,9.08,1.27,0.25,0.16,0.0,0.0,0.0,0.0,1.0
4874.49,1946.0,3.01,50.68,1.05,15.53,9.47,8.44,12.71,1.99,0.04,0.09,0.0,0.0,0.0,0.0,1.0
9175.55,1948.0,-2.36,53.79,0.91,17.19,0.0,10.2,15.77,1.96,0.14,0.03,0.0,0.0,0.0,0.0,1.0
691.62,1956.0,-4.92,49.38,1.66,16.78,9.1,8.28,10.58,3.75,0.24,0.23,0.0,0.0,0.0,0.0,1.0
9667.8,1957.0,-4.95,57.07,1.33,17.5,0.0,8.08,11.91,3.53,0.16,0.13,0.0,0.25,0.04,0.0,1.0
5133.93,1969.0,3.98,50.67,0.77,24.96,0.0,5.5,15.45,2.46,0.11,0.09,0.0,0.0,0.0,0.0,1.0
5182.39,1991.0,1.26,61.89,0.28,13.03,3.88,8.41,4.61,3.71,1.64,0.1,0.0,2.12,0.34,0.0,1.0
9695.7,1993.0,1.06,45.89,0.81,17.49,9.73,14.62,9.22,1.97,0.05,0.2,0.0,0.0,0.02,0.0,1.0
1975.5,1961.0,-2.15,47.66,0.01,1.32,0.0,50.03,0.51,0.0,0.05,0.0,0.0,0.0,0.43,0.0,1.0
4319.53,1973.0,2.2,50.08,2.32,13.39,13.86,5.97,11.21,2.76,0.19,0.22,0.0,0.0,0.0,0.0,1.0
2103.84,1975.0,-2.8,53.91,1.17,15.06,6.22,6.09,8.88,4.14,1.48,0.81,0.0,0.36,1.89,0.0,1.0
7378.9,1976.0,-3.06,49.66,1.32,15.65,10.23,7.78,12.29,2.6,0.28,0.18,0.0,0.0,0.0,0.0,1.0
4842.53,1946.0,4.24,60.46,0.63,14.63,5.66,6.57,3.23,5.11,1.9,0.0,0.0,0.2,1.59,0.0,1.0
10788.94,1947.0,-3.38,55.6,1.43,18.55,0.0,8.08,11.77,4.13,0.21,0.17,0.0,0.0,0.05,0.0,1.0
7368.81,1949.0,1.9,50.76,1.15,15.26,9.46,8.87,12.27,2.04,0.08,0.11,0.0,0.0,0.0,0.0,1.0
8412.11,1967.0,2.42,47.01,0.01,0.74,0.0,51.26,0.57,0.01,0.0,0.0,0.0,0.0,0.39,0.0,1.0
1820.5,1969.0,1.46,49.66,2.05,15.47,10.71,7.09,10.92,3.24,0.52,0.33,0.0,0.0,0.0,0.0,1.0
4346.14,1974.0,-1.17,54.97,0.73,15.79,6.52,7.05,8.18,3.19,1.62,0.29,0.0,1.48,0.19,0.0,1.0
4277.97,1975.0,-1.14,52.53,0.96,16.12,7.4,8.0,9.78,3.24,1.49,0.48,0.0,0.0,0.0,0.0,1.0
11285.34,1991.0,3.42,51.32,1.11,15.03,9.46,8.04,12.72,2.04,0.15,0.13,0.0,0.0,0.0,0.0,1.0
7222.87,1945.0,1.72,51.8,1.04,15.19,8.6,8.22,12.9,1.94,0.15,0.15,0.0,0.0,0.0,0.0,1.0
1245.14,1946.0,0.62,51.54,0.76,14.89,7.1,7.98,8.57,2.9,1.22,0.26,0.0,2.79,1.99,0.0,1.0
4350.68,1947.0,2.66,51.7,1.16,15.87,8.74,8.06,11.86,2.21,0.26,0.15,0.0,0.0,0.0,0.0,1.0
5973.77,1948.0,-0.33,48.42,0.83,14.52,8.07,12.27,10.11,2.77,0.8,0.3,0.0,1.49,0.42,0.0,1.0
6449.87,1949.0,-4.65,49.09,0.05,2.06,0.0,46.87,1.34,0.11,0.06,0.0,0.0,0.0,0.41,0.0,1.0
7684.12,1950.0,1.87,51.1,1.72,14.55,10.34,7.31,11.68,2.89,0.19,0.21,0.0,0.0,0.0,0.0,1.0
4453.86,1955.0,2.54,52.17,0.84,23.95,0.0,5.85,14.91,2.05,0.16,0.06,0.0,0.0,0.0,0.0,1.0
683.39,1956.0,-4.66,53.65,0.4,17.78,0.0,9.38,13.68,2.98,0.1,0.01,0.0,1.96,0.06,0.0,1.0
11584.68,1957.0,4.04,53.87,0.32,20.12,0.0,9.84,12.87,2.87,0.05,0.02,0.0,0.0,0.02,0.0,1.0
1726.11,1971.0,4.47,50.61,2.92,12.65,14.05,5.98,10.5,2.88,0.05,0.36,0.0,0.0,0.0,0.0,1.0
8084.34,1977.0,4.48,48.01,0.02,1.22,0.0,49.71,0.29,0.15,0.14,0.02,0.0,0.0,0.44,0.0,1.0
6408.27,1992.0,1.49,56.06,0.74,16.61,6.38,5.11,8.1,3.31,1.92,0.28,0.0,1.49,0.0,0.0,1.0
9026.34,1993.0,-1.67,57.29,1.44,17.5,0.0,7.98,11.9,3.43,0.41,0.0,0.0,0.0,0.05,0.0,1.0
10138.56,1946.0,-4.36,49.69,0.17,21.43,0.0,14.09,11.89,2.09,0.61,0.02,0.0,0.0,0.0,0.0,1.0
10680.93,1950.0,-3.37,44.36,0.04,1.34,8.74,42.78,2.71,0.0,0.0,0.02,0.0,0.0,0.0,0.0,1.0
10756.66,1953.0,-3.3,45.89,0.81,17.49,9.73,14.62,9.22,1.97,0.05,0.2,0.0,0.0,0.02,0.0,1.0
7481.08,1957.0,1.04,57.18,1.15,18.54,0.0,11.57,5.88,3.85,1.64,0.18,0.0,0.0,0.0,0.0,1.0
195.1,1964.0,-2.02,50.51,1.06,15.53,9.44,8.53,12.72,2.04,0.05,0.12,0.0,0.0,0.0,0.0,1.0
2885.05,1971.0,0.08,51.04,1.03,15.33,9.51,8.33,12.63,1.98,0.04,0.1,0.0,0.0,0.0,0.0,1.0
6057.04,1972.0,3.32,48.53,1.77,15.94,12.33,6.71,10.43,3.44,0.51,0.34,0.0,0.0,0.0,0.0,1.0
640.81,1973.0,-0.38,48.81,0.83,17.51,8.23,9.5,12.88,2.13,0.02,0.09,0.0,0.0,0.0,0.0,1.0
11420.05,1974.0,-2.57,47.86,2.9,15.22,10.91,6.58,11.01,3.48,0.86,0.47,0.0,0.68,0.04,0.0,1.0
10319.21,1977.0,-3.2,49.85,1.11,16.57,9.0,8.69,12.14,2.46,0.09,0.09,0.0,0.0,0.0,0.0,1.0
3220.42,1980.0,0.88,57.02,0.42,6.44,0.0,26.71,8.95,0.43,0.02,0.01,0.0,0.0,0.0,0.0,1.0
6548.03,1987.0,-1.88,50.41,0.97,22.15,0.0,7.36,14.77,2.57,0.26,0.16,0.0,1.35,0.0,0.0,1.0
11245.83,1945.0,-3.14,51.26,1.14,15.71,8.73,8.09,12.27,2.62,0.08,0.1,0.0,0.0,0.0,0.0,1.0
9093.44,1949.0,-4.03,50.41,1.29,15.39,9.4,8.62,12.17,2.62,0.1,0.0,0.0,0.0,0.0,0.0,1.0
5801.45,1950.0,4.43,50.29,1.89,16.5,9.04,7.16,11.03,3.12,0.71,0.26,0.0,0.0,0.0,0.0,1.0
5139.65,1964.0,3.61,50.58,2.04,14.11,12.51,6.77,11.25,2.47,0.1,0.16,0.0,0.0,0.0,0.0,1.0
3467.39,1949.0,4.54,50.72,1.11,16.26,9.03,8.27,12.27,2.17,0.07,0.1,0.0,0.0,0.0,0.0,1.0
3567.81,1952.0,4.15,46.56,1.37,9.77,10.91,15.82,14.58,0.94,0.03,0.02,0.0,0.0,0.0,0.0,1.0
9910.93,1953.0,4.16,57.18,1.71,17.71,0.0,8.74,10.63,3.62,0.23,0.19,0.0,0.0,0.0,0.0,1.0
6870.2,1962.0,0.97,57.17,1.13,16.51,0.0,6.77,12.47,4.16,1.69,0.1,0.0,0.0,0.0,0.0,1.0
6356.72,1984.0,-3.24,54.32,0.3,13.97,8.0,9.82,12.75,0.7,0.12,0.02,0.0,0.0,0.0,0.0,1.0
3539.41,1994.0,3.76,55.21,0.68,16.3,7.01,5.69,7.87,3.88,1.5,0.23,0.0,1.51,0.12,0.0,1.0
11729.48,1950.0,-1.08,50.81,2.03,13.9,11.85,6.9,11.53,2.65,0.13,0.2,0.0,0.0,0.0,0.0,1.0
6240.28,1963.0,1.97,49.69,1.81,10.96,11.17,15.31,8.78,1.86,0.25,0.17,0.0,0.0,0.0,0.0,1.0
2941.22,1967.0,-0.25,55.4,0.73,16.23,6.5,6.43,8.2,3.49,1.29,0.24,0.0,1.49,0.0,0.0,1.0
7637.19,1974.0,1.91,50.77,2.7,15.24,10.67,6.37,10.14,3.05,0.72,0.35,0.0,0.0,0.0,0.0,1.0
2701.97,1989.0,4.22,55.73,0.06,2.25,0.0,19.83,21.16,0.03,0.0,0.0,0.0,0.0,0.93,0.0,1.0
1031.17,1994.0,2.67,51.06,1.14,15.4,8.92,8.0,12.5,2.86,0.12,0.0,0.0,0.0,0.0,0.0,1.0
4571.77,1946.0,2.18,49.97,1.23,15.98,8.84,8.96,12.23,2.59,0.09,0.1,0.0,0.0,0.0,0.0,1.0
4082.6,1948.0,-2.2,46.76,0.11,3.58,0.0,41.0,3.2,0.21,0.01,0.01,0.0,5.12,0.0,0.0,1.0
8493.08,1957.0,0.05,45.45,0.01,2.14,8.2,41.79,2.31,0.08,0.01,0.0,0.0,0.0,0.0,0.0,1.0
2826.63,1959.0,-1.69,59.9,0.63,14.5,5.61,6.51,3.2,5.06,1.89,0.0,0.0,0.66,2.04,0.0,1.0
116.93,1965.0,1.19,43.96,0.02,1.08,8.46,45.25,1.09,0.09,0.04,0.01,0.0,0.0,0.0,0.0,1.0
2101.82,1966.0,1.87,51.38,1.35,17.23,8.59,6.51,11.69,3.0,0.11,0.13,0.0,0.0,0.0,0.0,1.0
800.19,1980.0,4.12,46.14,0.02,1.21,8.83,43.71,0.07,0.0,0.01,0.0,0.0,0.0,0.0,0.0,1.0
8955.26,1985.0,2.37,54.4,0.75,17.88,0.0,7.98,13.07,3.62,0.12,0.1,0.0,2.07,0.01,0.0,1.0
3764.48,1987.0,-3.1,51.54,0.94,15.82,7.26,7.85,9.6,3.18,1.46,0.47,0.0,1.88,0.0,0.0,1.0
8741.44,1953.0,-2.1,10.97,5.18,7.01,70.64,6.09,0.03,0.04,0.03,0.0,0.0,0.0,0.0,0.0,1.0
1681.05,1962.0,-0.28,55.3,1.29,18.25,0.0,8.44,11.99,4.08,0.51,0.14,0.0,0.0,0.0,0.0,1.0
9273.59,1991.0,-3.37,49.25,0.11,1.24,0.0,48.29,1.07,0.04,0.0,0.0,0.0,0.0,0.0,0.0,1.0
3622.46,1946.0,2.15,55.8,1.43,17.94,0.0,8.88,12.41,3.28,0.1,0.09,0.0,0.0,0.07,0.0,1.0
4311.62,1948.0,-2.39,50.42,1.12,15.35,9.85,8.92,11.65,2.4,0.16,0.14,0.0,0.0,0.0,0.0,1.0
37.15,1954.0,0.39,51.02,1.57,14.55,10.59,7.27,11.98,2.77,0.08,0.17,0.0,0.0,0.0,0.0,1.0
4132.79,1958.0,0.34,50.99,2.62,13.33,11.28,7.86,10.76,2.42,0.49,0.25,0.0,0.0,0.0,0.0,1.0
5471.49,1960.0,-4.68,50.18,0.01,0.0,0.0,48.56,0.51,0.17,0.01,0.02,0.0,0.0,0.54,0.0,1.0
100.41,1983.0,-0.46,44.53,7.11,13.14,16.31,5.92,9.66,3.23,0.06,0.03,0.0,0.0,0.0,0.0,1.0
3192.94,1987.0,-3.97,55.2,1.46,19.14,0.0,7.91,11.27,4.54,0.19,0.28,0.0,0.0,0.0,0.0,1.0
3446.17,1992.0,1.67,55.97,1.09,16.21,5.27,5.76,6.69,3.27,1.97,0.23,0.0,1.48,2.06,0.0,1.0
4535.11,1993.0,-1.21,49.72,1.13,17.57,8.98,8.42,11.19,2.85,0.04,0.11,0.0,0.0,0.0,0.0,1.0
8445.47,1945.0,-2.44,55.07,0.58,16.53,8.26,6.21,11.0,2.08,0.22,0.05,0.0,0.0,0.0,0.0,1.0
7596.49,1954.0,-1.23,51.04,1.62,15.09,9.83,7.42,11.83,2.83,0.16,0.17,0.0,0.0,0.0,0.0,1.0
3472.17,1963.0,-1.86,52.7,0.46,8.71,0.0,19.36,16.79,0.69,0.03,0.0,0.0,1.26,0.0,0.0,1.0
2387.82,1965.0,-4.73,44.85,0.02,1.42,8.18,44.75,0.33,0.04,0.03,0.01,0.0,0.0,0.37,0.0,1.0
355.78,1971.0,0.42,51.58,1.93,14.33,11.73,6.22,10.93,3.03,0.13,0.13,0.0,0.0,0.0,0.0,1.0
9681.33,1980.0,3.87,50.18,1.34,15.25,10.04,8.06,12.54,2.35,0.1,0.14,0.0,0.0,0.0,0.0,1.0
10929.93,1988.0,-1.12,53.42,1.13,20.5,0.0,8.35,14.02,2.39,0.19,0.0,0.0,0.0,0.0,0.0,1.0
2509.91,1946.0,0.92,49.75,1.77,16.38,9.85,6.75,11.88,3.05,0.31,0.25,0.0,0.0,0.0,0.0,1.0
2695.22,1948.0,0.62,50.51,1.69,14.28,10.79,7.82,11.94,2.7,0.13,0.15,0.0,0.0,0.0,0.0,1.0
6545.51,1950.0,1.58,51.57,0.71,23.58,0.0,7.48,14.57,2.0,0.04,0.05,0.0,0.0,0.0,0.0,1.0
6789.39,1953.0,1.65,50.79,1.9,15.07,11.41,6.59,11.02,2.88,0.13,0.2,0.0,0.0,0.0,0.0,1.0
1228.59,1966.0,-2.43,55.52,0.6,14.34,5.44,7.91,7.53,3.76,2.78,0.48,0.0,1.48,0.17,0.0,1.0
6563.91,1967.0,1.92,52.85,1.19,13.87,10.35,7.77,11.56,2.3,0.09,0.0,0.0,0.0,0.03,0.0,1.0
293.45,1972.0,3.66,50.79,2.16,13.57,12.37,6.89,10.85,2.93,0.24,0.21,0.0,0.0,0.0,0.0,1.0
1550.39,1977.0,1.66,50.35,1.04,15.57,9.24,8.41,13.17,2.09,0.04,0.09,0.0,0.0,0.0,0.0,1.0
1399.26,1979.0,-3.74,52.73,2.94,19.13,0.0,5.4,9.7,3.82,3.82,2.46,0.0,0.0,0.0,0.0,1.0
5521.69,1982.0,-3.25,52.25,0.78,17.46,7.5,6.3,9.82,2.59,1.6,0.2,0.0,1.49,0.0,0.0,1.0
9231.97,1946.0,-4.32,47.21,1.28,14.07,9.16,13.57,10.81,2.79,0.89,0.22,0.0,0.0,0.0,0.0,1.0
5643.45,1955.0,-2.68,63.17,0.3,13.12,3.84,8.46,3.85,3.91,2.09,0.04,0.0,1.2,0.0,0.0,1.0
6585.53,1956.0,0.38,49.95,0.88,17.02,9.07,8.9,11.16,2.9,0.05,0.06,0.0,0.0,0.0,0.0,1.0
8605.64,1958.0,4.24,56.91,0.75,16.86,6.47,5.19,8.22,3.36,1.95,0.28,0.0,0.0,0.0,0.0,1.0
11500.31,1993.0,3.52,50.73,1.49,14.68,10.32,7.79,11.9,2.82,0.12,0.15,0.0,0.0,0.0,0.0,1.0
10268.0,1949.0,-3.79,49.36,0.17,1.97,0.0,40.68,7.53,0.25,0.03,0.01,0.0,0.0,0.0,0.0,1.0
2885.36,1952.0,0.39,52.02,0.56,4.92,9.72,19.49,11.8,0.6,0.39,0.22,0.0,0.0,0.28,0.0,1.0
1038.73,1959.0,-0.78,50.01,0.02,2.73,0.0,45.22,2.01,0.0,0.0,0.01,0.0,0.0,0.0,0.0,1.0
3971.98,1965.0,-2.94,53.95,0.92,18.32,0.0,10.45,13.87,2.31,0.05,0.07,0.0,0.0,0.06,0.0,1.0
570.68,1975.0,-0.19,50.72,1.97,14.8,10.31,7.23,11.43,2.94,0.08,0.19,0.0,0.28,0.04,0.0,1.0
1108.15,1994.0,2.58,51.24,0.74,16.19,9.34,7.65,13.15,1.46,0.16,0.07,0.0,0.0,0.0,0.0,1.0
7117.89,1945.0,-0.63,52.25,0.78,17.46,7.5,6.3,9.82,2.59,1.6,0.2,0.0,1.49,0.0,0.0,1.0
521.12,1946.0,1.55,52.23,0.87,23.75,0.0,6.16,14.75,2.01,0.16,0.07,0.0,0.0,0.0,0.0,1.0
95.31,1947.0,-1.22,44.62,0.01,0.66,8.42,45.37,0.91,0.0,0.01,0.0,0.0,0.0,0.0,0.0,1.0
9993.39,1951.0,3.85,55.35,0.65,15.78,0.0,10.11,15.14,2.86,0.05,0.02,0.0,0.0,0.03,0.0,1.0
2486.73,1961.0,-1.39,47.11,0.01,1.68,0.0,50.12,0.57,0.0,0.09,0.0,0.0,0.0,0.42,0.0,1.0
3430.26,1972.0,-1.05,55.99,0.74,16.59,6.37,5.1,8.09,3.31,1.92,0.28,0.0,1.49,0.12,0.0,1.0
2527.06,1986.0,0.14,44.82,0.11,0.74,7.34,44.82,1.69,0.1,0.0,0.0,0.0,0.0,0.38,0.0,1.0
106.46,1991.0,4.3,49.98,0.7,13.35,8.23,11.8,8.16,2.49,1.63,0.36,0.0,2.44,0.86,0.0,1.0
9593.32,1948.0,-1.98,49.36,0.85,14.8,8.23,12.51,10.31,2.82,0.82,0.31,0.0,0.0,0.0,0.0,1.0
5300.91,1949.0,3.05,50.72,1.51,14.68,10.53,7.27,11.84,3.09,0.2,0.16,0.0,0.0,0.0,0.0,1.0
8840.2,1951.0,-2.46,51.0,1.5,14.69,10.16,7.68,12.07,2.65,0.04,0.19,0.0,0.0,0.0,0.0,1.0
648.29,1970.0,1.15,50.12,1.34,16.66,9.1,7.66,11.78,3.06,0.15,0.13,0.0,0.0,0.0,0.0,1.0
8935.3,1971.0,-3.42,58.51,0.09,2.31,0.0,29.47,8.51,0.41,0.0,0.0,0.0,0.0,0.71,0.0,1.0
4224.77,1973.0,3.69,45.49,0.43,8.99,11.4,19.31,8.7,0.45,0.18,0.02,0.0,5.03,0.0,0.0,1.0
5536.25,1980.0,1.02,48.88,0.08,1.65,0.0,46.51,1.88,0.06,0.18,0.34,0.0,0.0,0.42,0.0,1.0
6931.6,1983.0,0.37,53.87,0.3,14.14,7.79,10.29,12.67,0.84,0.09,0.01,0.0,0.0,0.0,0.0,1.0
503.97,1985.0,-4.47,53.58,0.97,19.22,0.0,10.72,12.84,2.58,0.0,0.09,0.0,0.0,0.0,0.0,1.0
6105.14,1991.0,0.6,50.78,1.33,15.01,9.89,7.61,12.59,2.63,0.05,0.11,0.0,0.0,0.0,0.0,1.0
9135.57,1952.0,-2.32,51.76,0.14,13.86,0.0,19.73,13.11,0.89,0.0,0.0,0.0,0.0,0.51,0.0,1.0
816.42,1953.0,-0.39,50.5,1.13,16.1,9.1,7.49,12.95,2.34,0.22,0.17,0.0,0.0,0.0,0.0,1.0
8895.84,1956.0,1.91,51.94,0.15,14.14,0.0,19.59,12.97,0.91,0.0,0.0,0.0,0.0,0.3,0.0,1.0
3941.49,1958.0,-4.88,49.4,1.35,15.99,7.97,8.24,13.82,2.36,0.64,0.23,0.0,0.0,0.0,0.0,1.0
6547.31,1961.0,0.82,61.04,0.29,13.54,3.71,6.86,4.71,3.97,1.36,0.07,0.0,3.34,1.11,0.0,1.0
5848.28,1962.0,0.55,52.69,0.82,21.1,0.0,8.81,14.17,2.3,0.04,0.06,0.0,0.0,0.0,0.0,1.0
11890.31,1965.0,-1.12,48.71,0.17,3.68,0.0,42.96,3.86,0.23,0.0,0.01,0.0,0.0,0.38,0.0,1.0
7626.47,1974.0,1.71,51.3,0.8,15.1,7.31,9.96,8.56,2.56,1.73,0.31,0.0,1.48,0.89,0.0,1.0
3380.82,1977.0,-0.72,50.53,1.22,14.14,11.9,7.49,12.19,2.36,0.09,0.08,0.0,0.0,0.0,0.0,1.0
3669.16,1989.0,-2.19,42.15,0.02,0.69,8.95,47.76,0.43,0.0,0.0,0.0,0.0,0.0,0.0,0.0,1.0
9743.11,1994.0,4.83,51.35,1.29,13.9,12.14,6.92,12.06,2.14,0.05,0.14,0.0,0.0,0.0,0.0,1.0
11762.49,1946.0,-3.58,50.54,1.29,16.74,8.19,8.92,11.39,2.71,0.09,0.12,0.0,0.0,0.0,0.0,1.0
11486.18,1948.0,1.41,51.2,1.34,15.0,9.49,8.45,11.76,2.44,0.04,0.28,0.0,0.0,0.0,0.0,1.0
8229.89,1949.0,-3.22,57.17,1.13,16.51,0.0,6.77,12.47,4.16,1.69,0.1,0.0,0.0,0.0,0.0,1.0
6851.31,1953.0,0.79,49.74,1.26,15.65,9.3,9.0,12.29,2.54,0.1,0.12,0.0,0.0,0.0,0.0,1.0
11207.35,1955.0,2.93,47.92,0.82,14.37,7.99,12.14,10.01,2.74,0.79,0.3,0.0,1.47,1.45,0.0,1.0
4949.72,1958.0,0.32,57.88,0.56,15.06,6.98,5.41,7.42,4.03,0.9,0.28,0.0,1.48,0.0,0.0,1.0
6581.93,1959.0,1.57,57.1,1.18,14.61,5.99,5.27,8.36,3.09,3.84,0.54,0.0,0.0,0.0,0.0,1.0
9839.61,1962.0,-4.44,53.11,0.74,17.28,6.67,5.21,9.11,2.59,1.58,0.2,0.0,1.46,2.05,0.0,1.0
8397.24,1970.0,-0.08,50.13,2.13,14.21,11.66,7.12,11.25,2.95,0.11,0.19,0.0,0.25,0.0,0.0,1.0
4727.16,1971.0,-0.47,37.94,1.93,8.32,10.22,19.88,14.91,3.25,2.13,1.42,0.0,0.0,0.0,0.0,1.0
7091.13,1974.0,1.17,56.25,0.8,16.5,8.44,5.06,4.78,5.31,1.12,0.26,0.0,1.49,0.0,0.0,1.0
234.48,1980.0,0.87,45.92,0.01,1.32,8.01,44.6,0.01,0.08,0.01,0.03,0.0,0.0,0.0,0.0,1.0
9301.39,1981.0,-3.76,53.88,0.61,13.6,0.0,11.4,15.3,2.63,0.17,0.05,0.0,2.27,0.07,0.0,1.0
8529.14,1984.0,-1.44,57.16,1.47,17.85,0.0,7.97,11.59,3.51,0.38,0.0,0.0,0.0,0.06,0.0,1.0
4861.51,1945.0,-3.42,53.18,15.32,12.35,0.18,12.69,4.59,0.04,1.51,0.13,0.0,0.0,0.0,0.0,1.0
8169.13,1952.0,0.26,51.15,2.68,13.26,13.91,5.39,9.96,3.19,0.22,0.23,0.0,0.0,0.0,0.0,1.0
1361.22,1957.0,0.73,53.96,0.89,20.25,0.0,8.25,13.77,2.71,0.08,0.1,0.0,0.0,0.0,0.0,1.0
2768.33,1966.0,1.9,51.24,2.22,14.63,10.67,6.9,11.34,2.89,0.11,0.0,0.0,0.0,0.0,0.0,1.0
611.53,1994.0,3.87,53.17,0.12,2.67,0.0,24.35,19.48,0.21,0.0,0.0,0.0,0.0,0.0,0.0,1.0
416.9,1946.0,-0.16,53.38,1.31,16.08,8.7,6.39,10.93,2.79,0.28,0.14,0.0,0.0,0.0,0.0,1.0
4370.56,1963.0,-2.47,48.49,0.87,17.63,9.06,9.07,12.67,2.11,0.05,0.06,0.0,0.0,0.0,0.0,1.0
7020.92,1972.0,-0.58,44.63,3.85,13.18,13.54,9.26,11.63,2.35,0.98,0.58,0.0,0.0,0.0,0.0,1.0
1106.52,1974.0,1.42,50.8,1.34,15.16,9.42,8.24,12.15,2.71,0.09,0.1,0.0,0.0,0.0,0.0,1.0
11057.42,1976.0,2.44,49.58,2.09,13.23,10.5,9.77,9.19,3.7,1.54,0.4,0.0,0.0,0.0,0.0,1.0
4137.97,1989.0,0.53,58.76,0.72,16.09,5.99,5.45,6.5,3.12,1.75,0.0,0.0,1.48,0.14,0.0,1.0
6006.59,1992.0,1.5,50.66,1.74,15.49,10.2,7.31,11.43,2.87,0.15,0.15,0.0,0.0,0.0,0.0,1.0
5825.07,1994.0,2.88,51.12,1.16,14.46,10.47,7.73,12.61,2.28,0.06,0.1,0.0,0.0,0.0,0.0,1.0
4493.86,1952.0,-2.32,48.87,1.27,16.08,10.02,8.5,12.44,2.59,0.11,0.12,0.0,0.0,0.0,0.0,1.0
7422.45,1954.0,-0.29,52.8,2.69,17.32,0.0,7.6,10.18,3.92,3.92,1.57,0.0,0.0,0.0,0.0,1.0
5776.54,1958.0,-0.27,55.74,0.61,14.39,5.42,7.75,7.51,3.79,2.82,0.48,0.0,1.48,0.0,0.0,1.0
2231.35,1972.0,1.8,50.33,1.18,14.69,11.34,7.83,12.25,2.14,0.12,0.11,0.0,0.0,0.0,0.0,1.0
2359.29,1975.0,1.35,51.28,0.08,19.51,0.0,10.46,17.49,1.02,0.03,0.0,0.0,0.0,0.13,0.0,1.0
792.82,1986.0,-1.42,53.66,1.16,14.99,6.09,6.06,8.8,4.12,1.47,0.81,0.0,1.46,1.38,0.0,1.0
11380.99,1945.0,-0.78,49.88,1.05,16.32,8.85,8.72,12.68,2.33,0.04,0.13,0.0,0.0,0.0,0.0,1.0
10325.86,1947.0,0.66,49.73,1.57,14.73,11.48,7.31,12.41,2.48,0.16,0.13,0.0,0.0,0.0,0.0,1.0
6632.76,1949.0,-1.27,51.57,1.05,15.34,7.06,7.39,9.39,3.03,1.32,0.54,0.0,1.46,1.85,0.0,1.0
3268.3,1951.0,2.41,51.54,1.45,13.59,13.18,6.58,11.3,2.15,0.07,0.13,0.0,0.0,0.0,0.0,1.0
3616.88,1964.0,-3.23,56.4,1.06,18.77,0.0,7.65,12.71,3.05,0.31,0.0,0.0,0.0,0.05,0.0,1.0
2379.24,1972.0,-4.79,48.23,1.14,16.49,10.35,8.77,12.58,2.32,0.04,0.08,0.0,0.0,0.0,0.0,1.0
11428.56,1974.0,-4.49,54.16,1.67,18.73,0.0,8.78,12.1,3.54,0.74,0.24,0.0,0.0,0.05,0.0,1.0
701.13,1980.0,0.44,50.59,1.48,14.95,9.64,8.1,12.46,2.54,0.08,0.16,0.0,0.0,0.0,0.0,1.0
1629.46,1985.0,1.75,50.33,1.09,16.7,8.36,8.54,12.23,2.6,0.02,0.13,0.0,0.0,0.0,0.0,1.0
4614.25,1945.0,-4.25,50.47,1.87,14.1,12.17,6.95,11.58,2.61,0.14,0.12,0.0,0.0,0.0,0.0,1.0
11423.89,1951.0,-4.54,45.53,0.09,0.97,0.0,53.0,0.4,0.0,0.02,0.0,0.0,0.0,0.0,0.0,1.0
5027.46,1952.0,-2.41,53.65,0.86,17.1,7.72,5.9,8.21,3.83,1.08,0.23,0.0,1.42,0.0,0.0,1.0
8215.02,1959.0,2.41,55.16,0.25,13.56,7.62,10.02,12.34,0.89,0.14,0.02,0.0,0.0,0.0,0.0,1.0
5043.97,1961.0,1.35,41.18,5.11,12.1,15.62,9.57,14.27,1.62,0.39,0.16,0.0,0.0,0.0,0.0,1.0
9942.08,1962.0,-1.41,56.96,0.66,15.76,0.0,9.24,14.02,3.26,0.07,0.03,0.0,0.0,0.0,0.0,1.0
10254.75,1963.0,2.25,3.79,9.3,7.23,73.72,5.84,0.04,0.04,0.03,0.0,0.0,0.0,0.0,0.0,1.0
10944.46,1974.0,-4.3,57.87,1.17,17.95,0.0,7.63,10.27,3.9,1.07,0.14,0.0,0.0,0.0,0.0,1.0
2981.44,1989.0,-1.71,52.81,1.18,16.93,7.99,6.95,11.16,2.56,0.26,0.15,0.0,0.0,0.0,0.0,1.0
137.9,1970.0,2.66,49.61,1.52,14.72,10.98,7.65,12.49,2.7,0.17,0.15,0.0,0.0,0.0,0.0,1.0
5508.29,1975.0,2.36,50.6,1.55,14.2,12.54,7.46,11.35,2.04,0.16,0.1,0.0,0.0,0.0,0.0,1.0
10818.13,1983.0,-1.75,58.18,1.53,17.63,0.0,7.34,10.85,3.78,0.5,0.19,0.0,0.0,0.0,0.0,1.0
2853.68,1985.0,4.56,54.15,0.41,17.77,0.0,9.6,14.07,2.98,0.05,0.01,0.0,0.93,0.02,0.0,1.0
1156.82,1986.0,3.26,49.31,1.07,19.63,7.17,6.77,13.08,2.7,0.15,0.11,0.0,0.0,0.0,0.0,1.0
10760.86,1987.0,1.38,51.23,1.65,15.14,10.39,7.88,10.78,2.66,0.06,0.18,0.0,0.0,0.02,0.0,1.0
5655.49,1989.0,-2.99,54.81,0.98,16.2,6.94,5.49,7.86,3.19,1.73,0.28,0.0,2.51,0.0,0.0,1.0
375.96,1959.0,3.94,60.64,0.4,0.69,0.0,37.15,0.12,0.94,0.03,0.02,0.0,0.0,0.0,0.0,1.0
8298.6,1967.0,-0.05,52.77,0.78,17.67,6.87,5.24,7.52,2.7,2.4,0.45,0.0,3.58,0.0,0.0,1.0
10684.51,1968.0,0.54,57.21,1.16,16.63,5.43,5.26,6.47,2.96,1.99,0.24,0.0,1.5,1.18,0.0,1.0
8791.66,1975.0,-0.58,53.68,0.79,15.5,7.39,8.32,8.93,3.02,1.27,0.27,0.0,0.84,0.0,0.0,1.0
4987.06,1976.0,4.62,48.57,0.01,1.22,0.0,49.5,0.32,0.01,0.0,0.0,0.0,0.0,0.37,0.0,1.0
8232.87,1978.0,-3.82,47.92,0.03,1.32,0.0,49.7,0.88,0.15,0.0,0.0,0.0,0.0,0.0,0.0,1.0
11910.0,1986.0,0.04,54.12,0.78,16.38,6.86,5.89,8.26,3.34,1.21,0.18,0.0,1.47,1.5,0.0,1.0
8759.14,1992.0,2.69,55.4,0.73,16.23,6.5,6.43,8.2,3.49,1.29,0.24,0.0,1.49,0.0,0.0,1.0
3303.75,1957.0,0.47,54.16,1.67,18.73,0.0,8.78,12.1,3.54,0.74,0.24,0.0,0.0,0.05,0.0,1.0
2747.86,1962.0,-1.61,55.74,0.61,14.39,5.42,7.75,7.51,3.79,2.82,0.48,0.0,1.48,0.0,0.0,1.0
8515.13,1971.0,-0.62,57.37,0.7,16.13,6.3,5.55,7.11,4.08,1.16,0.18,0.0,1.42,0.0,0.0,1.0
2060.1,1973.0,2.6,58.27,0.75,16.52,5.25,5.31,6.0,4.76,2.31,0.33,0.0,0.0,0.5,0.0,1.0
3737.08,1983.0,2.18,56.65,1.04,15.47,6.63,6.49,6.8,3.2,3.42,0.29,0.0,0.0,0.0,0.0,1.0
3312.58,1985.0,0.6,50.31,1.36,15.73,9.41,8.29,12.15,2.61,0.13,0.0,0.0,0.0,0.0,0.0,1.0
1606.67,1993.0,2.28,50.86,1.57,14.39,11.0,7.65,12.02,2.15,0.19,0.16,0.0,0.0,0.0,0.0,1.0
761.27,1947.0,-1.34,49.41,0.13,3.57,0.0,43.05,3.13,0.67,0.02,0.01,0.0,0.0,0.0,0.0,1.0
10092.63,1953.0,2.78,50.98,1.7,15.38,10.08,7.81,10.86,2.93,0.13,0.12,0.0,0.0,0.0,0.0,1.0
7413.48,1958.0,4.86,50.89,1.31,16.03,7.47,7.87,13.37,2.08,0.75,0.22,0.0,0.0,0.0,0.0,1.0
6196.3,1965.0,-2.94,50.7,0.2,22.13,0.0,8.46,17.44,0.98,0.1,0.0,0.0,0.0,0.0,0.0,1.0
11278.3,1967.0,-2.37,52.09,1.83,17.04,9.5,14.2,2.18,2.93,0.07,0.16,0.0,0.0,0.0,0.0,1.0
1447.33,1969.0,3.85,55.8,1.02,15.23,6.53,6.39,6.7,3.15,3.37,0.29,0.0,1.51,0.0,0.0,1.0
906.91,1980.0,0.4,52.04,1.48,13.86,9.22,8.03,12.36,2.54,0.16,0.31,0.0,0.0,0.0,0.0,1.0
1796.99,1981.0,-3.12,47.96,0.17,4.34,10.52,27.04,9.66,0.21,0.07,0.02,0.0,0.0,0.0,0.0,1.0
1038.8,1984.0,-4.85,43.58,0.16,22.97,0.0,25.37,6.52,1.34,0.05,0.0,0.0,0.0,0.0,0.0,1.0
6964.19,1991.0,-2.59,45.94,0.11,3.5,0.0,41.77,2.87,0.15,0.1,0.02,0.0,5.23,0.3,0.0,1.0
11249.51,1949.0,1.56,50.09,1.75,16.17,9.93,7.53,11.34,2.83,0.17,0.18,0.0,0.0,0.0,0.0,1.0
7940.68,1953.0,-1.86,55.46,0.36,16.27,8.06,6.61,11.81,1.26,0.15,0.02,0.0,0.0,0.0,0.0,1.0
6288.74,1965.0,0.89,54.22,0.9,17.97,7.9,5.05,6.44,4.57,1.13,0.29,0.0,1.52,0.0,0.0,1.0
5220.29,1969.0,2.42,48.38,3.09,15.74,10.77,7.36,8.7,3.05,2.27,0.65,0.0,0.0,0.0,0.0,1.0
9645.07,1972.0,-0.06,53.77,0.41,20.63,0.0,5.82,15.25,3.93,0.09,0.1,0.0,0.0,0.01,0.0,1.0
3214.61,1975.0,-3.55,48.29,0.07,3.18,0.0,45.48,2.54,0.39,0.04,0.02,0.0,0.0,0.0,0.0,1.0
5760.94,1976.0,0.8,50.75,1.8,15.6,9.87,7.61,10.67,3.41,0.13,0.16,0.0,0.0,0.0,0.0,1.0
5296.79,1977.0,-0.5,41.38,0.01,0.77,9.5,36.5,11.48,0.22,0.03,0.1,0.0,0.0,0.0,0.0,1.0
5451.67,1979.0,2.06,56.99,1.11,16.5,5.37,5.86,6.81,3.33,2.01,0.23,0.0,1.51,0.28,0.0,1.0
3148.07,1949.0,-1.31,51.6,1.2,15.83,8.58,8.37,11.33,2.82,0.14,0.12,0.0,0.0,0.0,0.0,1.0
1304.22,1950.0,4.63,55.87,1.35,17.27,0.0,9.36,12.02,2.96,0.37,0.2,0.0,0.61,0.0,0.0,1.0
1274.74,1958.0,0.64,54.28,0.85,16.96,7.97,6.33,5.71,4.09,2.08,0.23,0.0,1.5,0.0,0.0,1.0
9250.64,1978.0,3.35,47.97,0.0,0.49,0.0,50.56,0.52,0.01,0.01,0.0,0.0,0.0,0.44,0.0,1.0
6308.81,1980.0,1.63,51.06,1.27,14.89,10.65,7.84,11.9,2.21,0.04,0.14,0.0,0.0,0.0,0.0,1.0
9853.42,1985.0,0.59,50.45,1.09,16.61,9.36,8.46,11.2,2.65,0.08,0.1,0.0,0.0,0.0,0.0,1.0
816.27,1986.0,-2.29,50.71,1.56,14.56,11.05,7.36,12.09,2.43,0.13,0.12,0.0,0.0,0.0,0.0,1.0
6836.7,1992.0,-1.06,46.02,0.02,1.53,8.36,43.48,0.15,0.0,0.0,0.01,0.0,0.0,0.43,0.0,1.0
4589.12,1949.0,-0.62,51.4,1.05,16.24,8.26,7.95,12.21,2.56,0.19,0.14,0.0,0.0,0.0,0.0,1.0
7697.52,1956.0,1.02,53.61,0.08,1.64,0.0,24.88,19.66,0.11,0.01,0.01,0.0,0.0,0.0,0.0,1.0
11636.04,1961.0,1.03,50.45,1.79,18.12,7.68,6.66,9.84,3.74,1.22,0.5,0.0,0.0,0.0,0.0,1.0
3343.55,1964.0,0.97,54.4,0.98,18.38,0.0,9.99,13.39,2.65,0.07,0.1,0.0,0.0,0.05,0.0,1.0
5715.13,1974.0,1.89,55.81,1.28,17.2,0.0,9.15,13.51,2.85,0.04,0.09,0.0,0.0,0.07,0.0,1.0
9681.71,1977.0,1.57,51.3,1.57,15.44,9.72,7.7,11.3,2.71,0.13,0.13,0.0,0.0,0.0,0.0,1.0
2998.51,1980.0,4.68,51.34,2.04,16.21,8.82,5.79,10.74,3.34,1.26,0.44,0.0,0.0,0.0,0.0,1.0
3048.86,1982.0,-1.25,44.45,0.12,0.88,8.78,43.93,1.66,0.1,0.0,0.07,0.0,0.0,0.0,0.0,1.0
2792.92,1987.0,1.3,55.64,0.77,16.15,6.41,5.81,7.81,3.37,1.97,0.23,0.0,0.52,1.31,0.0,1.0
1906.97,1989.0,-0.07,50.62,1.48,16.06,8.89,8.08,11.05,3.3,0.29,0.21,0.0,0.0,0.0,0.0,1.0
364.66,1991.0,-2.25,52.82,0.3,19.64,0.0,10.46,14.3,2.35,0.04,0.02,0.0,0.0,0.08,0.0,1.0
2311.2,1955.0,-1.13,54.48,0.65,5.9,0.0,17.44,19.92,0.81,0.05,0.0,0.0,0.75,0.0,0.0,1.0
8550.99,1959.0,-3.31,43.61,0.01,0.63,8.19,41.39,6.04,0.06,0.02,0.05,0.0,0.0,0.0,0.0,1.0
666.72,1963.0,0.89,51.14,2.37,15.59,10.17,6.22,9.9,3.92,0.35,0.34,0.0,0.0,0.0,0.0,1.0
6238.66,1973.0,-1.19,48.35,1.7,16.52,10.78,8.5,10.98,2.96,0.07,0.14,0.0,0.0,0.0,0.0,1.0
405.26,1983.0,0.27,59.54,0.28,12.96,3.98,9.19,4.46,3.65,1.22,0.04,0.0,3.5,1.2,0.0,1.0
393.32,1991.0,-4.95,50.55,2.11,13.85,12.2,7.09,11.12,2.81,0.09,0.19,0.0,0.0,0.0,0.0,1.0
3030.36,1945.0,3.48,55.61,1.43,18.0,0.0,8.95,12.47,3.31,0.09,0.1,0.0,0.0,0.05,0.0,1.0
2556.89,1951.0,1.1,51.63,2.13,13.25,12.52,6.43,10.97,2.63,0.19,0.23,0.0,0.0,0.01,0.0,1.0
3466.43,1962.0,-1.17,51.96,0.62,17.07,0.0,16.49,12.55,1.21,0.05,0.05,0.0,0.0,0.0,0.0,1.0
8840.05,1967.0,0.0,48.17,0.2,14.66,0.0,20.52,16.35,0.0,0.1,0.0,0.0,0.0,0.0,0.0,1.0
8041.35,1971.0,2.18,43.86,0.0,0.62,8.15,46.22,0.69,0.02,0.0,0.0,0.0,0.0,0.43,0.0,1.0
2281.38,1973.0,0.4,39.56,0.01,0.81,8.17,35.3,15.85,0.19,0.03,0.07,0.0,0.0,0.0,0.0,1.0
4689.97,1979.0,0.7,50.87,1.53,14.5,10.47,7.74,11.82,2.79,0.14,0.13,0.0,0.0,0.0,0.0,1.0
9359.68,1981.0,3.07,49.92,1.96,14.54,10.89,7.33,11.74,3.28,0.17,0.18,0.0,0.0,0.0,0.0,1.0
6282.36,1948.0,1.5,48.53,2.33,16.14,11.88,8.48,9.22,2.78,0.39,0.25,0.0,0.0,0.0,0.0,1.0
6479.73,1951.0,-0.07,50.72,1.78,15.74,9.46,6.85,11.61,3.32,0.27,0.23,0.0,0.0,0.0,0.0,1.0
6880.43,1953.0,-4.02,52.68,0.87,12.6,8.39,11.07,8.63,2.78,1.31,0.27,0.0,1.38,0.0,0.0,1.0
1028.35,1955.0,2.82,45.71,0.06,0.14,0.0,52.56,0.94,0.03,0.22,0.01,0.0,0.0,0.34,0.0,1.0
5186.21,1961.0,1.53,50.43,2.29,14.75,11.32,7.52,10.71,2.64,0.14,0.2,0.0,0.0,0.0,0.0,1.0
9134.91,1964.0,0.12,48.1,0.29,19.2,4.93,9.86,14.09,2.23,1.23,0.0,0.0,0.0,0.09,0.0,1.0
2634.58,1967.0,-2.0,49.3,0.17,4.66,0.0,42.07,3.09,0.26,0.02,0.01,0.0,0.0,0.42,0.0,1.0
6394.78,1977.0,-4.17,49.71,0.2,24.71,0.0,6.64,17.22,1.32,0.1,0.02,0.0,0.08,0.0,0.0,1.0
9236.77,1979.0,2.11,51.35,2.36,13.44,12.72,6.13,10.32,3.27,0.2,0.22,0.0,0.0,0.0,0.0,1.0
6957.09,1983.0,-1.8,50.24,1.16,15.5,9.43,8.87,12.29,2.42,0.06,0.0,0.0,0.0,0.03,0.0,1.0
10242.57,1986.0,-2.96,56.71,0.05,2.33,0.0,23.72,16.59,0.0,0.0,0.0,0.0,0.0,0.59,0.0,1.0
3420.74,1990.0,0.66,42.08,1.26,15.39,14.94,13.45,11.62,0.39,0.1,0.77,0.0,0.0,0.0,0.0,1.0
7959.8,1992.0,-4.17,47.77,0.16,4.6,0.0,43.88,2.83,0.48,0.21,0.08,0.0,0.0,0.0,0.0,1.0
6990.44,1945.0,2.81,51.91,0.48,15.83,5.85,9.46,13.55,2.86,0.04,0.02,0.0,0.0,0.0,0.0,1.0
3104.01,1948.0,-1.59,50.42,1.89,15.14,10.76,7.06,11.54,2.79,0.2,0.19,0.0,0.0,0.0,0.0,1.0
2316.5,1949.0,-0.82,52.28,1.34,14.37,11.57,6.44,10.35,2.66,0.1,0.11,0.0,0.78,0.0,0.0,1.0
5673.45,1951.0,-2.88,48.22,0.83,14.46,8.04,12.22,10.07,2.76,0.8,0.3,0.0,1.48,0.83,0.0,1.0
8104.4,1953.0,-2.38,55.24,0.74,16.18,6.6,6.43,8.31,3.5,1.28,0.23,0.0,1.49,0.0,0.0,1.0
839.79,1959.0,3.59,44.7,0.0,0.68,7.91,45.94,0.71,0.05,0.0,0.0,0.0,0.0,0.0,0.0,1.0
5614.52,1974.0,-0.6,52.81,0.96,17.17,7.32,6.42,8.94,3.3,1.22,0.37,0.0,1.49,0.0,0.0,1.0
6183.79,1976.0,0.95,49.27,0.08,1.24,0.0,47.51,1.33,0.0,0.15,0.02,0.0,0.0,0.41,0.0,1.0
3262.41,1991.0,2.74,51.78,0.73,7.56,0.0,27.45,11.34,1.09,0.04,0.01,0.0,0.0,0.0,0.0,1.0
1595.6,1945.0,3.83,53.87,0.3,18.56,0.0,10.13,14.61,2.45,0.04,0.02,0.0,0.0,0.0,0.0,1.0
10576.28,1948.0,-0.5,50.89,1.59,14.82,10.48,7.58,11.7,2.73,0.07,0.13,0.0,0.0,0.0,0.0,1.0
828.78,1973.0,-4.65,45.94,0.04,1.4,0.0,50.69,1.0,0.28,0.08,0.01,0.0,0.0,0.57,0.0,1.0
2627.83,1977.0,2.67,51.0,1.52,15.24,9.77,7.02,12.3,2.79,0.2,0.16,0.0,0.0,0.0,0.0,1.0
3011.02,1951.0,3.85,47.88,0.16,1.21,0.0,49.7,0.91,0.0,0.13,0.0,0.0,0.0,0.0,0.0,1.0
419.77,1957.0,1.76,53.48,1.12,15.26,10.4,6.24,10.94,2.28,0.18,0.1,0.0,0.0,0.0,0.0,1.0
2687.88,1964.0,4.19,59.18,0.28,12.88,3.95,9.13,4.43,3.63,1.21,0.04,0.0,3.78,1.49,0.0,1.0
5434.68,1979.0,1.49,51.68,1.81,14.6,9.83,7.1,11.92,2.7,0.17,0.19,0.0,0.0,0.0,0.0,1.0
3434.32,1991.0,-0.4,41.38,0.01,0.77,9.5,36.5,11.48,0.22,0.03,0.1,0.0,0.0,0.0,0.0,1.0
8163.36,1994.0,2.74,50.05,1.99,14.27,12.25,6.28,11.94,2.81,0.2,0.21,0.0,0.0,0.0,0.0,1.0
3837.82,1947.0,-3.13,50.83,1.3,14.72,9.89,7.9,12.47,2.66,0.09,0.1,0.0,0.0,0.04,0.0,1.0
638.85,1949.0,-2.05,56.4,0.6,15.64,8.31,6.13,7.28,3.72,0.45,0.0,0.0,1.48,0.0,0.0,1.0
769.98,1951.0,-3.36,51.16,1.26,13.8,12.09,7.07,12.15,2.25,0.08,0.12,0.0,0.0,0.0,0.0,1.0
86.06,1959.0,0.59,58.18,1.53,17.63,0.0,7.34,10.85,3.78,0.5,0.19,0.0,0.0,0.0,0.0,1.0
9358.92,1980.0,2.46,51.77,1.4,13.6,12.25,6.8,11.21,2.23,0.65,0.1,0.0,0.0,0.0,0.0,1.0
8714.77,1987.0,0.57,50.69,0.23,15.84,0.0,15.55,17.27,0.18,0.16,0.06,0.0,0.0,0.0,0.0,1.0
3985.34,1945.0,-3.33,48.93,1.75,10.61,11.66,15.86,8.95,1.8,0.27,0.16,0.0,0.0,0.0,0.0,1.0
5306.22,1946.0,0.18,50.78,0.62,15.68,8.0,10.03,12.08,2.62,0.0,0.19,0.0,0.0,0.0,0.0,1.0
7728.16,1947.0,-1.89,51.07,1.77,15.05,10.07,6.78,11.71,3.11,0.22,0.21,0.0,0.0,0.0,0.0,1.0
3094.64,1948.0,-1.36,53.57,1.13,20.55,0.0,8.35,13.81,2.39,0.19,0.0,0.0,0.0,0.0,0.0,1.0
9923.34,1956.0,-1.43,50.89,0.23,21.23,5.63,7.95,10.82,3.17,0.05,0.02,0.0,0.0,0.0,0.0,1.0
6214.99,1974.0,3.55,51.61,1.27,13.87,12.24,6.69,12.03,2.11,0.07,0.1,0.0,0.0,0.0,0.0,1.0
1712.45,1981.0,2.41,53.76,0.14,0.8,0.0,44.41,0.2,0.18,0.24,0.02,0.0,0.0,0.24,0.0,1.0
330.77,1982.0,3.24,47.11,0.09,3.11,8.03,38.65,2.53,0.46,0.02,0.0,0.0,0.0,0.0,0.0,1.0
3749.32,1983.0,-2.1,56.08,0.94,15.89,6.3,5.37,7.68,2.94,2.82,0.47,0.0,1.02,0.49,0.0,1.0
4023.01,1989.0,3.76,48.77,0.01,1.12,0.0,48.68,0.99,0.03,0.0,0.0,0.0,0.0,0.39,0.0,1.0
5053.03,1946.0,2.7,50.85,1.69,15.57,9.23,7.67,11.7,3.05,0.1,0.15,0.0,0.0,0.0,0.0,1.0
3686.87,1950.0,0.32,39.53,0.02,0.42,10.11,49.0,0.25,0.0,0.0,0.0,0.0,0.0,0.67,0.0,1.0
4934.18,1963.0,1.86,50.27,1.25,15.6,10.27,8.02,11.81,2.42,0.14,0.21,0.0,0.0,0.0,0.0,1.0
5326.74,1964.0,-1.96,56.39,1.89,20.99,0.0,7.69,8.39,3.97,0.38,0.3,0.0,0.0,0.0,0.0,1.0
3424.41,1965.0,-3.41,48.77,0.01,1.12,0.0,48.68,0.99,0.03,0.0,0.0,0.0,0.0,0.39,0.0,1.0
363.93,1971.0,-4.94,48.63,0.96,17.14,9.65,8.99,12.21,2.29,0.04,0.08,0.0,0.0,0.0,0.0,1.0
4697.9,1972.0,1.21,48.3,0.04,1.62,0.0,48.52,1.28,0.18,0.04,0.01,0.0,0.0,0.0,0.0,1.0
8959.08,1974.0,-1.09,40.91,0.06,2.37,8.16,34.56,13.22,0.27,0.03,0.04,0.0,0.0,0.37,0.0,1.0
2823.36,1978.0,-1.19,54.95,1.48,16.5,0.0,9.29,14.69,2.65,0.13,0.32,0.0,0.0,0.0,0.0,1.0
459.13,1985.0,2.58,49.51,0.04,1.19,0.0,48.38,0.58,0.0,0.03,0.0,0.0,0.0,0.26,0.0,1.0
4488.17,1989.0,-3.86,52.17,0.85,23.77,0.0,6.29,14.72,1.98,0.15,0.07,0.0,0.0,0.0,0.0,1.0
9773.52,1991.0,4.47,54.15,1.28,18.78,0.0,9.54,12.78,2.94,0.3,0.17,0.0,0.0,0.05,0.0,1.0
6071.39,1949.0,1.76,51.67,1.0,17.28,7.79,6.99,9.1,3.28,1.05,0.35,0.0,1.49,0.0,0.0,1.0
4320.53,1950.0,-0.4,51.05,1.98,13.93,11.8,6.97,11.16,2.76,0.14,0.21,0.0,0.0,0.0,0.0,1.0
889.43,1958.0,1.47,55.64,0.77,16.15,6.41,5.81,7.81,3.37,1.97,0.23,0.0,1.83,0.0,0.0,1.0
5330.09,1960.0,0.54,55.8,1.43,17.94,0.0,8.88,12.41,3.28,0.1,0.09,0.0,0.0,0.07,0.0,1.0
10956.29,1961.0,4.8,51.73,4.04,13.42,12.06,5.62,9.07,2.76,0.87,0.43,0.0,0.0,0.0,0.0,1.0
5381.96,1969.0,-0.47,50.39,1.66,14.87,10.7,7.18,12.04,2.87,0.13,0.15,0.0,0.0,0.0,0.0,1.0
4050.14,1973.0,4.96,47.63,0.0,0.19,0.0,51.7,0.11,0.0,0.0,0.0,0.0,0.0,0.37,0.0,1.0
844.39,1990.0,-4.45,47.73,0.79,13.83,8.25,12.93,9.95,2.56,1.02,0.28,0.0,1.48,1.19,0.0,1.0
5655.87,1945.0,1.88,50.92,1.93,14.09,11.67,7.0,11.17,2.88,0.13,0.21,0.0,0.0,0.0,0.0,1.0
10869.01,1960.0,2.77,53.78,0.39,17.75,0.0,9.57,15.44,2.65,0.03,0.01,0.0,0.28,0.11,0.0,1.0
5878.62,1964.0,0.92,55.69,0.7,16.03,6.24,6.26,7.8,3.58,1.28,0.22,0.0,1.48,0.72,0.0,1.0
10497.56,1969.0,-4.84,50.61,0.67,10.58,8.14,18.62,6.48,2.12,0.92,0.24,0.0,0.26,1.36,0.0,1.0
9623.5,1991.0,2.46,50.08,1.5,14.77,10.4,7.42,12.89,2.69,0.11,0.14,0.0,0.0,0.0,0.0,1.0
7875.53,1947.0,-0.8,55.97,1.29,13.3,8.89,7.15,10.99,2.37,0.04,0.0,0.0,0.0,0.0,0.0,1.0
5268.5,1951.0,-4.03,51.01,2.58,13.43,13.45,5.74,10.31,3.01,0.22,0.23,0.0,0.0,0.0,0.0,1.0
2476.04,1953.0,1.06,51.03,0.08,3.01,5.29,23.13,17.11,0.32,0.04,0.0,0.0,0.0,0.0,0.0,1.0
9508.59,1955.0,3.75,62.56,0.68,14.78,4.76,5.91,4.99,3.2,3.07,0.05,0.0,0.0,0.0,0.0,1.0
370.21,1965.0,0.67,49.02,1.94,15.4,10.94,7.45,11.68,3.22,0.16,0.18,0.0,0.0,0.0,0.0,1.0
7161.49,1981.0,1.42,52.75,0.87,15.73,7.41,8.47,9.04,2.97,1.16,0.28,0.0,0.06,1.27,0.0,1.0
3127.15,1949.0,0.4,46.64,0.82,17.92,10.78,9.27,14.22,0.28,0.07,0.0,0.0,0.0,0.0,0.0,1.0
7682.67,1966.0,-3.93,51.94,0.15,14.14,0.0,19.59,12.97,0.91,0.0,0.0,0.0,0.0,0.3,0.0,1.0
11335.8,1968.0,0.92,50.85,0.72,13.58,8.38,12.0,8.31,2.53,1.66,0.37,0.0,1.6,0.0,0.0,1.0
8151.0,1970.0,1.8,52.54,1.07,15.63,7.19,7.53,9.57,3.09,1.35,0.55,0.0,1.49,0.0,0.0,1.0
233.92,1973.0,-0.15,55.96,0.8,17.71,5.35,5.22,6.77,4.75,1.44,0.27,0.0,1.48,0.24,0.0,1.0
2643.73,1981.0,3.71,56.45,1.25,18.29,0.0,7.82,11.73,4.03,0.24,0.14,0.0,0.0,0.05,0.0,1.0
3335.33,1993.0,4.84,48.08,0.09,2.54,0.0,46.36,2.29,0.21,0.0,0.0,0.0,0.0,0.42,0.0,1.0
11156.5,1947.0,-4.11,50.93,1.47,15.43,9.65,8.33,11.14,2.82,0.11,0.11,0.0,0.0,0.0,0.0,1.0
11986.85,1951.0,-3.6,46.01,0.11,1.88,0.0,49.24,1.33,0.12,0.45,0.34,0.0,0.0,0.52,0.0,1.0
10342.36,1952.0,-0.92,50.43,0.15,20.92,0.0,13.9,12.07,2.46,0.05,0.02,0.0,0.0,0.0,0.0,1.0
6470.01,1959.0,-4.82,53.91,1.17,15.06,6.22,6.09,8.88,4.14,1.48,0.81,0.0,1.99,0.26,0.0,1.0
3165.24,1977.0,2.0,46.22,0.16,0.7,0.0,52.27,0.51,0.06,0.03,0.04,0.0,0.0,0.0,0.0,1.0
7870.08,1991.0,-4.55,47.66,0.09,0.43,0.0,51.48,0.27,0.0,0.04,0.02,0.0,0.0,0.0,0.0,1.0
11341.11,1947.0,-3.41,51.74,1.42,15.55,9.33,7.77,11.33,2.72,0.11,0.0,0.0,0.0,0.03,0.0,1.0
8295.59,1948.0,-1.89,50.43,1.28,15.48,9.14,8.41,12.57,2.45,0.13,0.11,0.0,0.0,0.0,0.0,1.0
5778.83,1949.0,0.41,25.54,2.4,3.74,14.68,29.44,16.73,0.09,0.01,2.27,0.0,5.1,0.0,0.0,1.0
11325.57,1956.0,-1.86,52.77,0.78,17.67,6.87,5.24,7.52,2.7,2.4,0.45,0.0,3.09,0.49,0.0,1.0
1180.34,1964.0,0.32,51.05,2.31,13.86,12.44,6.54,10.74,2.75,0.13,0.17,0.0,0.0,0.0,0.0,1.0
4102.34,1968.0,1.35,49.84,1.06,17.06,8.66,8.39,11.96,2.84,0.1,0.1,0.0,0.0,0.0,0.0,1.0
6088.97,1976.0,0.98,48.97,0.87,21.09,6.45,6.4,13.98,2.04,0.11,0.08,0.0,0.0,0.0,0.0,1.0
5899.27,1977.0,0.74,50.56,1.57,15.06,10.33,7.6,11.97,2.62,0.12,0.17,0.0,0.0,0.0,0.0,1.0
9497.36,1982.0,2.82,48.3,0.04,1.62,0.0,48.52,1.28,0.18,0.04,0.01,0.0,0.0,0.0,0.0,1.0
6273.29,1989.0,1.76,49.0,1.63,16.43,9.96,7.46,12.36,2.55,0.36,0.25,0.0,0.0,0.0,0.0,1.0
3211.61,1948.0,0.97,50.62,2.12,14.06,11.85,7.06,11.31,2.65,0.11,0.22,0.0,0.0,0.0,0.0,1.0
6190.88,1949.0,-4.65,53.48,0.29,14.06,7.86,10.61,12.73,0.84,0.1,0.03,0.0,0.0,0.0,0.0,1.0
3129.16,1950.0,3.27,53.44,1.02,19.38,0.0,9.97,13.63,2.45,0.03,0.0,0.0,0.07,0.0,0.0,1.0
9884.85,1956.0,1.72,52.9,0.96,17.01,7.33,6.32,9.0,3.36,1.26,0.36,0.0,1.49,0.0,0.0,1.0
8311.69,1966.0,-3.51,51.07,1.08,15.26,8.93,7.91,12.93,2.62,0.12,0.07,0.0,0.0,0.0,0.0,1.0
3921.28,1967.0,-2.67,57.48,1.59,17.38,0.0,8.12,11.52,3.43,0.43,0.0,0.0,0.0,0.05,0.0,1.0
11521.62,1989.0,3.83,50.75,1.58,15.39,9.76,7.51,11.52,3.17,0.12,0.2,0.0,0.0,0.0,0.0,1.0
5249.81,1991.0,2.65,50.32,1.42,15.06,9.75,8.28,12.23,2.68,0.12,0.14,0.0,0.0,0.0,0.0,1.0
5636.39,1992.0,4.55,48.22,0.83,14.46,8.04,12.22,10.07,2.76,0.8,0.3,0.0,1.48,0.83,0.0,1.0
7496.01,1945.0,-4.02,53.92,0.37,16.56,0.0,11.26,15.29,2.51,0.03,0.01,0.0,0.0,0.05,0.0,1.0
1671.35,1948.0,-0.58,55.82,0.06,2.51,0.0,20.24,20.69,0.04,0.0,0.0,0.0,0.0,0.63,0.0,1.0
1583.44,1949.0,-3.44,51.39,2.64,13.51,13.04,5.72,10.26,2.98,0.2,0.25,0.0,0.0,0.0,0.0,1.0
5686.6,1954.0,-3.93,56.88,0.66,18.3,0.0,7.39,11.98,2.22,0.5,0.08,0.0,1.99,0.0,0.0,1.0
6238.66,1964.0,-1.66,60.7,0.84,17.94,0.0,5.02,11.29,2.93,0.24,1.05,0.0,0.0,0.0,0.0,1.0
9034.98,1975.0,-4.78,50.74,1.75,14.4,11.41,6.96,11.66,2.79,0.12,0.17,0.0,0.0,0.0,0.0,1.0
8355.28,1978.0,1.58,50.31,1.18,16.51,8.71,8.28,12.02,2.78,0.11,0.1,0.0,0.0,0.0,0.0,1.0
10868.9,1980.0,4.04,45.16,0.53,12.49,9.05,5.67,23.4,3.35,0.35,0.01,0.0,0.0,0.0,0.0,1.0
8675.89,1986.0,-4.54,50.78,0.26,17.75,4.44,10.11,14.41,2.22,0.01,0.03,0.0,0.0,0.0,0.0,1.0
5855.45,1990.0,-2.61,54.66,0.6,14.11,5.32,7.6,7.37,3.71,2.77,0.47,0.0,1.45,1.94,0.0,1.0
1098.36,1945.0,1.02,55.64,0.77,16.15,6.41,5.81,7.81,3.37,1.97,0.23,0.0,1.83,0.0,0.0,1.0
3836.29,1949.0,-3.58,51.78,1.56,15.04,9.26,7.85,11.35,2.76,0.26,0.14,0.0,0.0,0.0,0.0,1.0
1416.73,1950.0,-0.74,57.03,0.2,1.47,0.0,18.94,19.66,1.38,0.04,0.0,0.0,0.0,1.28,0.0,1.0
7097.93,1951.0,1.46,49.61,0.87,16.23,9.35,9.35,12.29,2.17,0.05,0.08,0.0,0.0,0.0,0.0,1.0
7232.15,1958.0,0.4,55.85,0.53,17.26,0.0,8.7,14.28,3.23,0.09,0.06,0.0,0.0,0.0,0.0,1.0
8082.22,1963.0,0.96,55.24,0.74,16.18,6.6,6.43,8.31,3.5,1.28,0.23,0.0,1.49,0.0,0.0,1.0
6811.81,1967.0,-4.78,55.72,0.69,16.17,5.96,5.8,7.59,3.66,1.31,0.22,0.0,1.47,1.42,0.0,1.0
9289.31,1971.0,1.74,56.81,0.86,16.41,8.32,5.12,9.64,2.61,0.18,0.06,0.0,0.0,0.0,0.0,1.0
7540.33,1985.0,-2.57,52.11,2.04,15.11,10.05,5.98,10.58,2.9,0.89,0.35,0.0,0.0,0.0,0.0,1.0
1514.25,1992.0,2.95,51.43,2.16,13.97,11.56,6.99,11.03,2.76,0.1,0.0,0.0,0.0,0.0,0.0,1.0
9481.68,1946.0,-4.21,44.89,0.05,2.61,8.41,41.02,2.47,0.16,0.04,0.01,0.0,0.0,0.33,0.0,1.0
1974.82,1947.0,-1.12,54.4,0.75,17.88,0.0,7.98,13.07,3.62,0.12,0.1,0.0,2.07,0.01,0.0,1.0
40.81,1948.0,-2.72,50.7,1.69,14.31,10.91,7.57,11.9,2.67,0.14,0.12,0.0,0.0,0.0,0.0,1.0
9186.47,1951.0,-4.59,49.0,1.11,18.54,10.67,5.28,12.22,2.82,0.26,0.1,0.0,0.0,0.0,0.0,1.0
8846.45,1958.0,3.14,63.65,0.31,13.94,3.71,6.18,4.14,4.56,1.64,0.05,0.0,1.81,0.0,0.0,1.0
2970.84,1960.0,-0.81,58.7,0.66,16.67,4.89,5.28,4.51,4.65,2.42,0.29,0.0,1.48,0.44,0.0,1.0
9071.32,1971.0,0.32,50.84,1.65,14.39,11.13,7.27,11.74,2.68,0.12,0.18,0.0,0.0,0.0,0.0,1.0
7253.85,1973.0,0.96,54.16,1.67,18.73,0.0,8.78,12.1,3.54,0.74,0.24,0.0,0.0,0.05,0.0,1.0
11798.44,1975.0,-4.79,49.66,0.66,12.15,8.24,14.87,8.38,2.29,1.66,0.55,0.0,1.49,0.04,0.0,1.0
11685.08,1978.0,-0.79,34.25,4.83,6.15,22.58,8.91,17.38,1.23,1.41,3.26,0.0,0.0,0.0,0.0,1.0
526.05,1981.0,4.53,56.4,1.3,16.62,0.0,8.88,13.72,2.85,0.08,0.09,0.0,0.0,0.06,0.0,1.0
5797.33,1986.0,0.62,53.87,0.31,15.14,0.0,13.29,14.6,2.52,0.06,0.01,0.0,0.0,0.18,0.0,1.0
2934.19,1991.0,2.33,48.62,0.84,14.58,8.1,12.32,10.15,2.78,0.81,0.3,0.0,1.49,0.0,0.0,1.0
1155.76,1947.0,-3.49,50.03,2.47,11.73,11.1,10.39,12.24,1.97,0.07,0.0,0.0,0.0,0.0,0.0,1.0
87.47,1948.0,-1.77,56.43,0.73,16.0,5.08,5.15,5.81,4.61,2.24,0.32,0.0,1.46,2.17,0.0,1.0
10750.3,1949.0,2.75,49.99,1.5,15.22,10.37,8.25,11.88,2.59,0.07,0.1,0.0,0.0,0.02,0.0,1.0
2692.36,1955.0,-3.71,54.67,0.4,16.75,0.0,10.25,15.23,2.65,0.03,0.0,0.0,0.0,0.0,0.0,1.0
9997.27,1960.0,-4.5,55.52,0.34,13.82,0.0,12.69,16.3,1.31,0.01,0.01,0.0,0.0,0.0,0.0,1.0
1178.51,1969.0,-0.57,52.91,0.79,17.68,7.59,6.38,9.95,2.62,1.62,0.2,0.0,0.0,0.26,0.0,1.0
9991.25,1945.0,-1.77,51.18,1.46,14.14,11.69,7.02,11.62,2.61,0.15,0.14,0.0,0.0,0.0,0.0,1.0
2914.44,1946.0,1.12,55.05,0.4,15.5,7.8,7.95,11.65,1.51,0.12,0.01,0.0,0.0,0.0,0.0,1.0
9078.68,1962.0,-3.9,52.81,0.87,15.74,7.42,8.48,9.05,2.97,1.16,0.28,0.0,1.21,0.0,0.0,1.0
2374.25,1965.0,1.39,51.36,1.63,15.48,9.66,7.61,11.26,2.66,0.15,0.2,0.0,0.0,0.0,0.0,1.0
5853.18,1974.0,0.55,48.48,0.12,3.36,0.0,44.78,2.52,0.31,0.02,0.01,0.0,0.0,0.4,0.0,1.0
2818.59,1982.0,0.78,39.47,0.01,0.68,7.57,36.23,15.78,0.17,0.02,0.07,0.0,0.0,0.0,0.0,1.0
937.61,1993.0,-0.02,45.49,1.41,7.05,11.23,24.53,9.59,0.45,0.12,0.13,0.0,0.0,0.0,0.0,1.0
8286.74,1950.0,1.99,50.82,2.16,15.35,10.47,6.88,10.77,2.88,0.43,0.25,0.0,0.0,0.0,0.0,1.0
971.46,1953.0,0.82,50.79,1.23,17.49,7.77,8.45,10.17,3.73,0.22,0.15,0.0,0.0,0.0,0.0,1.0
1704.5,1954.0,1.96,51.54,1.64,14.54,10.33,7.28,11.75,2.68,0.06,0.18,0.0,0.0,0.0,0.0,1.0
2267.58,1968.0,0.21,56.32,0.72,16.58,6.23,5.03,8.12,3.32,1.91,0.27,0.0,1.49,0.0,0.0,1.0
8915.24,1969.0,1.86,47.16,2.15,14.88,10.92,7.46,10.05,3.7,0.07,1.52,0.0,2.07,0.02,0.0,1.0
2020.8,1976.0,1.31,50.81,2.07,13.8,12.08,7.05,11.2,2.67,0.09,0.22,0.0,0.0,0.0,0.0,1.0
11929.87,1947.0,-0.07,53.92,0.79,15.82,6.76,8.61,8.24,3.42,0.8,0.16,0.0,1.49,0.0,0.0,1.0
9399.52,1948.0,-1.81,54.23,0.29,18.04,0.0,10.2,14.38,2.81,0.02,0.01,0.0,0.0,0.03,0.0,1.0
8138.07,1951.0,2.84,50.39,1.08,16.36,8.46,8.63,12.38,2.44,0.09,0.17,0.0,0.0,0.0,0.0,1.0
960.52,1976.0,-2.68,47.34,0.02,0.44,0.0,51.55,0.27,0.1,0.06,0.01,0.0,0.0,0.21,0.0,1.0
6980.43,1980.0,-2.46,47.34,0.2,2.0,0.0,47.76,1.11,0.31,0.82,0.05,0.0,0.0,0.4,0.0,1.0
5083.91,1982.0,-0.6,59.84,0.63,14.48,5.6,6.5,3.2,5.05,1.88,0.0,0.0,0.71,2.09,0.0,1.0
11217.14,1983.0,3.61,56.41,1.67,16.67,0.0,8.16,13.17,3.33,0.35,0.17,0.0,0.0,0.06,0.0,1.0
9447.32,1992.0,-3.21,50.72,0.84,12.15,8.29,11.52,8.36,2.61,1.31,0.22,0.0,2.32,1.65,0.0,1.0
2154.47,1960.0,1.11,48.73,0.96,16.79,9.09,9.11,12.91,2.27,0.04,0.1,0.0,0.0,0.0,0.0,1.0
1129.53,1967.0,-0.66,52.93,0.56,8.24,0.0,30.27,6.96,0.91,0.06,0.06,0.0,0.0,0.0,0.0,1.0
1484.22,1976.0,-4.8,53.79,0.93,18.42,0.0,10.52,13.76,2.41,0.06,0.07,0.0,0.0,0.05,0.0,1.0
3946.77,1979.0,4.05,38.05,6.41,7.16,17.71,12.26,17.19,0.81,0.25,0.15,0.0,0.0,0.0,0.0,1.0
10694.84,1989.0,-2.8,50.12,13.02,14.75,0.0,7.67,12.0,2.28,0.08,0.08,0.0,0.0,0.0,0.0,1.0
6280.58,1946.0,-0.96,44.85,0.03,1.66,7.54,44.7,1.15,0.06,0.01,0.0,0.0,0.0,0.0,0.0,1.0
3494.29,1954.0,1.1,55.14,0.73,16.15,6.47,6.4,8.17,3.47,1.28,0.24,0.0,1.48,0.46,0.0,1.0
2729.19,1963.0,4.91,47.52,0.11,2.32,0.0,47.01,2.15,0.11,0.15,0.01,0.0,0.0,0.61,0.0,1.0
10984.19,1965.0,0.9,53.52,0.27,19.43,0.0,11.21,12.37,3.11,0.03,0.02,0.0,0.0,0.04,0.0,1.0
704.94,1978.0,0.06,49.69,0.26,21.77,0.0,12.61,11.95,2.55,0.05,0.01,0.0,1.1,0.0,0.0,1.0
10383.23,1985.0,-0.2,56.99,0.83,16.97,6.39,5.11,7.55,3.74,1.37,0.27,0.0,0.77,0.0,0.0,1.0
9242.33,1945.0,2.33,56.36,1.71,16.66,0.0,8.14,13.02,3.5,0.37,0.17,0.0,0.0,0.07,0.0,1.0
4540.79,1946.0,-1.9,50.69,1.45,17.88,9.2,5.4,12.21,2.88,0.18,0.12,0.0,0.0,0.0,0.0,1.0
4694.22,1948.0,-1.07,50.39,2.27,15.32,11.16,7.13,10.08,3.34,0.12,0.19,0.0,0.0,0.0,0.0,1.0
6466.81,1951.0,-3.77,55.64,0.77,16.15,6.41,5.81,7.81,3.37,1.97,0.23,0.0,1.83,0.0,0.0,1.0
4689.96,1958.0,1.03,48.25,0.02,1.6,0.0,48.64,0.98,0.0,0.0,0.0,0.0,0.0,0.5,0.0,1.0
5426.8,1959.0,-4.4,54.95,0.79,16.63,6.97,5.98,8.39,3.39,1.22,0.18,0.0,1.49,0.0,0.0,1.0
4478.7,1964.0,2.26,51.49,1.26,15.05,10.02,7.79,11.98,2.12,0.17,0.12,0.0,0.0,0.0,0.0,1.0
10491.56,1977.0,1.03,49.36,0.27,16.62,4.78,12.12,14.09,1.57,0.01,0.0,0.0,0.94,0.22,0.0,1.0
11486.17,1979.0,2.43,51.23,1.79,13.96,11.08,7.01,11.97,2.83,0.13,0.0,0.0,0.0,0.0,0.0,1.0
1701.18,1986.0,-3.83,50.84,1.65,15.21,6.21,7.35,10.03,3.9,1.61,0.82,0.0,1.47,0.91,0.0,1.0
4564.91,1991.0,4.5,46.98,0.82,17.8,10.2,9.65,12.26,2.16,0.03,0.1,0.0,0.0,0.0,0.0,1.0
10951.94,1947.0,-2.9,54.89,1.59,17.65,0.0,9.47,12.47,3.32,0.36,0.18,0.0,0.0,0.06,0.0,1.0
6069.36,1981.0,-4.14,52.82,0.74,17.38,7.06,6.32,9.29,2.92,1.74,0.24,0.0,1.49,0.0,0.0,1.0
3260.39,1986.0,-4.16,54.62,1.13,13.98,5.73,5.04,8.0,2.96,3.68,0.52,0.0,3.87,0.47,0.0,1.0
1348.73,1948.0,-5.0,49.42,1.24,16.12,9.83,8.4,12.25,2.52,0.11,0.11,0.0,0.0,0.0,0.0,1.0
7053.93,1952.0,-1.36,51.45,1.2,14.04,12.04,7.33,11.54,2.25,0.06,0.09,0.0,0.0,0.0,0.0,1.0
9608.5,1955.0,3.59,64.29,0.19,16.77,3.94,5.71,1.58,4.57,1.45,0.03,0.0,1.49,0.0,0.0,1.0
8813.16,1976.0,-0.18,55.87,1.28,19.39,0.0,12.44,6.3,3.78,0.73,0.21,0.0,0.0,0.0,0.0,1.0
883.05,1983.0,4.18,43.51,0.15,3.05,8.49,41.21,2.93,0.27,0.02,0.0,0.0,0.0,0.37,0.0,1.0
922.81,1985.0,-0.44,56.55,0.9,15.9,5.71,5.91,7.33,3.68,2.07,0.46,0.0,1.48,0.0,0.0,1.0
1779.71,1987.0,-2.66,40.32,0.12,2.9,5.94,34.56,15.79,0.33,0.01,0.02,0.0,0.0,0.0,0.0,1.0
5410.85,1993.0,0.63,46.37,1.87,8.79,11.71,19.77,9.12,1.43,0.69,0.25,0.0,0.0,0.0,0.0,1.0
2161.01,1945.0,-0.79,50.6,1.75,15.52,10.41,7.39,10.91,3.07,0.12,0.22,0.0,0.0,0.0,0.0,1.0
3387.14,1947.0,-2.01,50.68,2.09,14.13,11.33,7.29,11.47,2.66,0.13,0.22,0.0,0.0,0.0,0.0,1.0
5045.86,1949.0,-3.03,46.53,1.82,11.39,12.45,19.41,7.12,1.06,0.09,0.12,0.0,0.0,0.0,0.0,1.0
3936.72,1951.0,-3.4,48.26,1.73,16.09,9.19,8.56,11.74,1.72,0.02,0.17,0.0,2.53,0.0,0.0,1.0
9119.22,1959.0,1.76,51.18,1.52,16.88,8.62,7.01,10.33,3.74,0.47,0.22,0.0,0.0,0.03,0.0,1.0
1983.22,1968.0,2.91,50.14,1.98,15.0,10.71,7.47,11.35,2.95,0.22,0.18,0.0,0.0,0.0,0.0,1.0
3668.3,1987.0,-0.53,50.57,1.48,16.69,8.85,7.91,11.12,3.14,0.1,0.14,0.0,0.0,0.0,0.0,1.0
2079.73,1989.0,-2.95,45.67,0.0,0.56,7.3,45.62,0.52,0.0,0.01,0.0,0.0,0.0,0.32,0.0,1.0
1380.48,1945.0,4.75,55.65,1.26,17.26,0.0,9.29,13.55,2.76,0.1,0.08,0.0,0.0,0.05,0.0,1.0
7605.13,1949.0,-0.65,50.69,1.86,14.42,9.66,7.64,12.78,2.66,0.07,0.21,0.0,0.0,0.0,0.0,1.0
6418.27,1950.0,3.87,49.02,0.06,2.58,0.0,44.83,3.32,0.17,0.02,0.01,0.0,0.0,0.0,0.0,1.0
709.12,1963.0,-2.77,57.69,0.74,16.36,5.2,5.26,5.94,4.71,2.29,0.33,0.0,1.49,0.0,0.0,1.0
6188.3,1967.0,-2.08,55.15,0.69,18.46,0.0,7.87,13.31,3.59,0.15,0.01,0.0,0.76,0.01,0.0,1.0
1826.71,1968.0,-3.76,54.01,0.73,18.87,0.0,9.07,14.47,2.7,0.09,0.07,0.0,0.0,0.0,0.0,1.0
9487.97,1975.0,2.21,53.9,0.84,16.84,7.91,6.29,5.67,4.06,2.07,0.23,0.0,1.48,0.71,0.0,1.0
10624.0,1985.0,4.93,51.45,1.78,15.22,10.14,7.2,10.78,2.98,0.26,0.19,0.0,0.0,0.0,0.0,1.0
3343.13,1945.0,0.13,60.46,0.63,14.63,5.66,6.57,3.23,5.11,1.9,0.0,0.0,1.8,0.0,0.0,1.0
6077.81,1949.0,-2.44,51.46,1.8,15.01,10.19,7.21,10.82,3.05,0.27,0.19,0.0,0.0,0.0,0.0,1.0
5331.32,1950.0,2.9,52.8,0.71,15.77,8.24,9.28,9.99,3.03,0.14,0.04,0.0,0.0,0.0,0.0,1.0
11122.66,1970.0,-4.49,55.28,0.47,16.62,0.0,9.48,14.7,3.41,0.04,0.01,0.0,0.0,0.0,0.0,1.0
3817.72,1975.0,3.05,53.51,0.98,17.47,7.44,6.48,9.14,3.34,1.26,0.38,0.0,0.0,0.0,0.0,1.0
8232.2,1982.0,2.05,3.33,9.2,7.34,73.92,6.04,0.06,0.06,0.03,0.01,0.0,0.0,0.0,0.0,1.0
3897.95,1949.0,0.3,48.63,1.03,16.86,10.63,8.52,11.61,2.55,0.04,0.08,0.0,0.0,0.05,0.0,1.0
2206.78,1952.0,-4.62,48.67,0.02,1.68,0.0,47.43,1.75,0.0,0.0,0.0,0.0,0.0,0.45,0.0,1.0
1808.94,1958.0,-4.81,42.66,0.05,1.01,12.94,42.01,1.06,0.23,0.01,0.04,0.0,0.0,0.0,0.0,1.0
10676.47,1959.0,-2.35,48.22,0.02,1.04,0.0,49.85,0.35,0.0,0.05,0.04,0.0,0.0,0.42,0.0,1.0
10426.5,1972.0,1.34,47.87,0.17,23.19,0.0,10.22,17.95,0.55,0.03,0.01,0.0,0.0,0.0,0.0,1.0
7807.1,1992.0,0.15,48.6,0.05,1.08,0.0,47.41,1.48,0.2,0.42,0.32,0.0,0.0,0.44,0.0,1.0
10479.95,1945.0,1.57,50.68,1.12,15.07,9.29,8.28,12.72,2.6,0.04,0.07,0.0,0.09,0.04,0.0,1.0
8694.39,1953.0,2.62,64.18,0.63,17.1,0.0,5.21,9.26,3.07,0.44,0.11,0.0,0.0,0.0,0.0,1.0
3846.3,1982.0,-3.34,53.09,1.0,19.19,0.0,10.78,13.39,2.38,0.05,0.07,0.0,0.0,0.04,0.0,1.0
6194.62,1990.0,2.31,51.82,2.04,14.7,11.83,5.23,10.29,3.03,0.77,0.29,0.0,0.0,0.0,0.0,1.0
9382.17,1947.0,-1.62,49.36,1.94,14.2,12.89,6.72,11.38,2.96,0.3,0.18,0.0,0.0,0.06,0.0,1.0
8376.69,1954.0,-1.33,50.0,1.04,16.63,8.53,8.9,12.31,2.48,0.02,0.08,0.0,0.0,0.0,0.0,1.0
6399.32,1967.0,1.09,51.15,1.44,15.35,9.58,7.66,11.93,2.7,0.07,0.13,0.0,0.0,0.0,0.0,1.0
5998.77,1972.0,0.25,56.31,1.28,16.58,0.0,8.95,13.71,2.91,0.09,0.09,0.0,0.0,0.06,0.0,1.0
6777.09,1980.0,-3.33,45.34,0.01,0.07,0.0,54.01,0.11,0.12,0.03,0.01,0.0,0.0,0.3,0.0,1.0
2118.01,1982.0,3.58,52.61,0.36,19.71,0.0,7.66,15.18,3.14,0.06,0.04,0.0,1.19,0.04,0.0,1.0
2154.51,1983.0,0.23,50.53,1.69,14.37,10.76,7.71,11.94,2.74,0.14,0.12,0.0,0.0,0.0,0.0,1.0
4327.09,1986.0,1.94,49.11,0.15,1.47,0.0,46.61,1.53,0.11,0.24,0.31,0.0,0.0,0.48,0.0,1.0
521.78,1991.0,-1.09,54.95,0.79,16.63,6.97,5.98,8.39,3.39,1.22,0.18,0.0,1.49,0.0,0.0,1.0
10434.66,1947.0,-3.05,51.31,1.67,15.35,6.27,7.42,10.12,3.93,1.63,0.83,0.0,1.48,0.0,0.0,1.0
11667.27,1949.0,0.39,55.83,0.74,16.03,6.72,7.16,8.34,3.24,1.64,0.29,0.0,0.0,0.0,0.0,1.0
2302.49,1953.0,-2.58,49.48,0.02,2.15,0.0,45.82,1.83,0.2,0.01,0.0,0.0,0.0,0.49,0.0,1.0
6430.37,1957.0,1.99,50.33,1.29,15.98,9.0,8.21,12.46,2.53,0.09,0.1,0.0,0.0,0.0,0.0,1.0
5251.52,1952.0,-0.41,52.73,0.74,17.35,7.05,6.31,9.27,2.92,1.74,0.24,0.0,1.49,0.15,0.0,1.0
9220.68,1958.0,1.98,45.24,0.01,1.3,7.26,43.88,1.14,0.18,0.47,0.03,0.0,0.0,0.49,0.0,1.0
7902.83,1959.0,-2.87,47.66,0.01,1.32,0.0,50.03,0.51,0.0,0.05,0.0,0.0,0.0,0.43,0.0,1.0
3896.81,1968.0,4.3,55.12,1.59,18.22,0.0,8.8,12.41,3.25,0.4,0.17,0.0,0.0,0.05,0.0,1.0
1140.18,1973.0,-1.89,63.56,0.29,13.37,3.85,6.43,4.37,4.4,1.45,0.04,0.0,2.25,0.0,0.0,1.0
9515.81,1977.0,-2.12,55.17,1.17,17.5,0.0,9.27,13.71,2.96,0.07,0.08,0.0,0.0,0.07,0.0,1.0
891.46,1982.0,4.37,56.92,0.19,1.64,0.0,18.97,19.7,1.37,0.07,0.0,0.0,0.0,1.14,0.0,1.0
3972.65,1983.0,-2.93,50.69,0.36,16.54,5.72,9.57,13.5,2.36,0.01,0.0,0.0,1.22,0.04,0.0,1.0
10551.07,1988.0,-1.67,54.23,0.76,17.64,6.81,5.32,9.3,2.65,1.62,0.2,0.0,1.49,0.0,0.0,1.0
7962.36,1989.0,-3.13,40.7,0.02,1.4,8.86,39.57,8.77,0.16,0.01,0.04,0.0,0.0,0.46,0.0,1.0
7961.94,1945.0,4.67,51.31,2.02,13.36,13.03,6.39,10.61,2.82,0.05,0.42,0.0,0.0,0.0,0.0,1.0
2792.86,1946.0,-4.15,54.5,1.59,19.0,0.0,8.52,12.03,3.43,0.61,0.25,0.0,0.0,0.05,0.0,1.0
8348.44,1954.0,-3.09,50.85,1.65,15.21,6.22,7.35,10.03,3.9,1.61,0.82,0.0,1.47,0.9,0.0,1.0
9954.25,1959.0,-0.02,48.95,1.32,17.08,8.96,9.16,11.59,2.76,0.08,0.11,0.0,0.0,0.0,0.0,1.0
11045.4,1963.0,-1.06,54.7,1.01,16.97,0.0,10.66,13.89,2.62,0.05,0.1,0.0,0.0,0.0,0.0,1.0
11152.89,1973.0,1.35,50.97,1.35,14.5,10.54,7.57,12.59,2.29,0.06,0.13,0.0,0.0,0.0,0.0,1.0
1428.29,1986.0,1.31,56.56,1.42,17.94,0.0,7.98,12.07,3.47,0.38,0.18,0.0,0.0,0.0,0.0,1.0
2969.86,1945.0,2.42,54.75,0.79,16.57,6.94,5.96,8.36,3.38,1.22,0.18,0.0,1.49,0.37,0.0,1.0
1418.87,1946.0,-0.26,50.75,1.66,15.98,9.24,7.54,11.2,3.36,0.13,0.15,0.0,0.0,0.0,0.0,1.0
10660.81,1947.0,4.57,52.85,0.09,1.36,0.0,44.39,0.44,0.21,0.27,0.02,0.0,0.0,0.37,0.0,1.0
1935.36,1950.0,-4.28,54.32,0.31,17.79,0.0,10.14,14.58,2.8,0.02,0.0,0.0,0.0,0.03,0.0,1.0
11609.27,1953.0,-2.33,51.54,0.94,15.82,7.26,7.85,9.6,3.18,1.46,0.47,0.0,0.7,1.18,0.0,1.0
7589.42,1971.0,2.22,54.67,0.06,2.53,0.0,23.48,18.25,0.11,0.0,0.0,0.0,0.0,0.89,0.0,1.0
3812.88,1977.0,1.27,47.97,2.04,16.62,10.17,7.67,11.48,3.19,0.55,0.3,0.0,0.0,0.0,0.0,1.0
5122.01,1988.0,-3.58,55.18,0.71,18.05,0.0,9.13,13.93,2.9,0.08,0.03,0.0,0.0,0.0,0.0,1.0
6823.38,1989.0,1.95,54.22,0.9,17.97,7.9,5.05,6.44,4.57,1.13,0.29,0.0,1.52,0.0,0.0,1.0
10652.78,1948.0,-1.83,54.46,1.18,17.62,0.0,10.05,13.77,2.64,0.08,0.11,0.0,0.0,0.07,0.0,1.0
7213.96,1951.0,-0.43,52.37,0.78,17.14,7.47,6.43,10.03,2.56,1.52,0.2,0.0,1.49,0.0,0.0,1.0
1616.54,1953.0,0.18,53.57,1.13,20.55,0.0,8.35,13.81,2.39,0.19,0.0,0.0,0.0,0.0,0.0,1.0
8535.69,1955.0,2.2,55.73,0.47,18.02,0.0,9.88,13.36,2.44,0.08,0.02,0.0,0.0,0.0,0.0,1.0
3435.85,1961.0,-1.62,61.28,0.6,15.53,4.82,5.18,5.38,3.39,2.13,0.14,0.0,1.53,0.0,0.0,1.0
4030.13,1967.0,-0.24,48.96,0.13,4.15,0.0,42.88,3.44,0.38,0.03,0.02,0.0,0.0,0.0,0.0,1.0
2514.17,1969.0,4.3,49.57,0.14,16.67,0.0,21.42,11.26,0.77,0.15,0.02,0.0,0.0,0.0,0.0,1.0
8476.28,1982.0,1.86,46.45,2.01,14.96,13.13,11.64,6.96,1.71,2.27,0.88,0.0,0.0,0.0,0.0,1.0
4654.43,1988.0,-4.86,57.54,0.7,15.22,5.51,5.06,7.61,4.26,2.1,0.51,0.0,1.48,0.0,0.0,1.0
2285.62,1994.0,-3.63,55.73,0.06,2.25,0.0,19.83,21.16,0.03,0.0,0.0,0.0,0.0,0.93,0.0,1.0
1820.53,1949.0,1.24,45.14,0.61,8.4,9.62,30.87,4.35,0.71,0.2,0.1,0.0,0.0,0.0,0.0,1.0
1138.14,1961.0,0.17,50.85,1.28,15.82,7.96,8.19,12.77,2.86,0.06,0.2,0.0,0.0,0.0,0.0,1.0
3014.28,1968.0,-2.77,53.91,1.17,15.06,6.22,6.09,8.88,4.14,1.48,0.81,0.0,1.32,0.93,0.0,1.0
5581.08,1973.0,-1.06,49.65,0.94,17.46,8.06,9.0,12.36,2.46,0.02,0.05,0.0,0.0,0.0,0.0,1.0
10449.31,1987.0,-0.24,49.32,3.57,17.65,0.0,7.82,11.27,3.97,3.97,2.43,0.0,0.0,0.0,0.0,1.0
1149.83,1992.0,-1.82,55.9,0.61,14.43,5.44,7.77,7.54,3.8,2.83,0.48,0.0,0.0,1.2,0.0,1.0
11874.18,1945.0,-2.01,54.76,0.36,18.83,0.0,9.42,13.64,2.81,0.04,0.02,0.0,0.0,0.13,0.0,1.0
9081.07,1947.0,-2.9,61.0,0.29,13.28,4.07,9.41,4.57,3.74,1.25,0.04,0.0,2.36,0.0,0.0,1.0
10402.72,1948.0,-0.83,50.87,1.32,14.32,11.86,7.13,12.24,1.99,0.11,0.15,0.0,0.0,0.0,0.0,1.0
5518.34,1949.0,3.1,50.45,2.07,13.94,12.18,6.78,11.3,2.89,0.12,0.26,0.0,0.0,0.0,0.0,1.0
2098.73,1952.0,3.36,49.34,0.76,16.04,9.42,8.91,12.99,2.41,0.02,0.05,0.0,0.0,0.06,0.0,1.0
11484.62,1957.0,2.99,51.09,1.37,14.46,10.27,7.57,12.17,2.89,0.09,0.09,0.0,0.0,0.0,0.0,1.0
9002.02,1958.0,-1.58,50.82,1.3,15.61,9.41,7.41,12.45,2.62,0.22,0.17,0.0,0.0,0.0,0.0,1.0
3847.26,1968.0,3.43,57.85,1.36,17.94,0.0,6.25,10.04,2.84,0.99,0.34,0.0,2.4,0.0,0.0,1.0
1535.71,1972.0,-1.67,58.37,1.43,17.51,0.0,7.18,11.01,3.86,0.46,0.18,0.0,0.0,0.0,0.0,1.0
4716.94,1979.0,3.38,51.67,1.96,15.76,9.65,6.95,10.07,3.51,0.24,0.19,0.0,0.0,0.0,0.0,1.0
8337.02,1984.0,0.41,56.08,0.94,15.89,6.3,5.37,7.68,2.94,2.82,0.47,0.0,1.51,0.0,0.0,1.0
11947.54,1986.0,4.98,46.25,0.04,0.39,0.0,52.43,0.48,0.0,0.11,0.0,0.0,0.0,0.3,0.0,1.0
7543.2,1988.0,3.16,54.43,1.79,18.45,0.0,8.4,12.2,3.57,0.82,0.3,0.0,0.0,0.05,0.0,1.0
6715.38,1993.0,1.48,48.74,0.9,17.83,9.43,8.82,11.66,2.51,0.04,0.06,0.0,0.0,0.0,0.0,1.0
897.94,1946.0,2.79,57.1,0.81,16.75,8.57,5.14,4.85,5.39,1.13,0.26,0.0,0.0,0.0,0.0,1.0
7121.95,1951.0,1.83,50.97,0.11,18.96,0.0,15.55,12.45,1.76,0.21,0.0,0.0,0.0,0.0,0.0,1.0
1084.27,1961.0,-1.5,49.02,0.01,1.34,0.0,47.73,1.42,0.01,0.0,0.0,0.0,0.0,0.46,0.0,1.0
3449.43,1964.0,2.18,50.39,1.49,15.29,10.24,7.9,11.74,2.79,0.08,0.08,0.0,0.0,0.0,0.0,1.0
4253.33,1974.0,-0.29,51.36,1.9,13.82,11.71,6.91,10.61,3.0,0.16,0.22,0.0,0.31,0.0,0.0,1.0
2916.58,1986.0,0.87,49.44,0.12,3.58,0.0,43.07,3.47,0.29,0.01,0.02,0.0,0.0,0.0,0.0,1.0
3234.06,1945.0,3.52,50.86,1.66,14.92,10.63,7.64,11.84,2.17,0.13,0.14,0.0,0.0,0.0,0.0,1.0
106.25,1947.0,-1.34,51.31,2.45,14.26,11.89,5.81,10.28,3.48,0.27,0.24,0.0,0.0,0.0,0.0,1.0
6868.62,1955.0,-3.31,53.68,0.79,15.5,7.39,8.32,8.93,3.02,1.27,0.27,0.0,0.84,0.0,0.0,1.0
7577.27,1956.0,-1.48,49.87,1.49,17.33,8.07,8.14,8.91,3.83,2.01,0.36,0.0,0.0,0.0,0.0,1.0
9844.73,1959.0,-0.06,50.9,1.79,14.2,11.59,6.84,11.46,2.87,0.17,0.18,0.0,0.0,0.0,0.0,1.0
4792.45,1963.0,-4.87,55.64,0.77,16.15,6.41,5.81,7.81,3.37,1.97,0.23,0.0,1.83,0.0,0.0,1.0
3406.3,1964.0,0.86,50.14,1.17,15.99,8.81,8.88,12.13,2.61,0.13,0.15,0.0,0.0,0.0,0.0,1.0
7781.45,1965.0,2.97,48.63,0.02,1.36,0.0,48.3,1.15,0.02,0.0,0.0,0.0,0.0,0.51,0.0,1.0
1545.46,1966.0,0.7,50.05,1.02,16.19,8.58,9.21,12.7,2.13,0.08,0.05,0.0,0.0,0.0,0.0,1.0
10358.14,1969.0,4.45,54.24,0.22,5.26,0.0,22.93,16.95,0.4,0.0,0.0,0.0,0.0,0.0,0.0,1.0
1417.98,1972.0,-3.07,46.38,0.05,2.69,7.78,39.61,2.91,0.08,0.01,0.01,0.0,0.0,0.49,0.0,1.0
10298.99,1974.0,-1.44,54.19,0.72,15.56,6.43,6.95,8.06,3.15,1.59,0.28,0.0,1.46,1.61,0.0,1.0
1015.39,1984.0,1.25,50.83,1.81,14.91,10.43,7.08,11.64,2.88,0.22,0.19,0.0,0.0,0.0,0.0,1.0
7282.11,1986.0,3.69,48.98,0.04,1.03,0.0,47.14,1.57,0.16,0.31,0.31,0.0,0.0,0.46,0.0,1.0
3514.8,1946.0,0.09,44.97,0.1,20.67,3.99,15.67,12.82,1.68,0.09,0.0,0.0,0.0,0.0,0.0,1.0
675.35,1960.0,2.21,51.08,1.57,17.06,8.49,5.92,12.56,2.95,0.18,0.18,0.0,0.0,0.0,0.0,1.0
662.76,1983.0,3.29,50.4,1.69,14.39,10.73,7.94,11.78,2.78,0.13,0.16,0.0,0.0,0.0,0.0,1.0
1245.11,1991.0,-0.55,51.44,1.21,15.31,9.4,7.83,12.37,2.18,0.15,0.12,0.0,0.0,0.0,0.0,1.0
6824.51,1948.0,0.57,52.9,0.96,17.01,7.33,6.32,9.0,3.36,1.26,0.36,0.0,1.49,0.0,0.0,1.0
142.19,1954.0,-4.18,51.4,0.32,20.69,0.0,12.33,12.77,2.25,0.22,0.02,0.0,0.0,0.0,0.0,1.0
1448.49,1957.0,3.9,43.82,0.01,0.61,7.14,47.98,0.43,0.0,0.01,0.0,0.0,0.0,0.0,0.0,1.0
10353.29,1961.0,-2.69,46.74,0.03,0.13,0.0,51.87,0.88,0.03,0.2,0.0,0.0,0.0,0.12,0.0,1.0
323.75,1967.0,-3.0,50.68,1.26,16.42,8.49,8.64,11.67,2.66,0.06,0.12,0.0,0.0,0.0,0.0,1.0
4042.53,1971.0,2.6,51.17,1.53,14.9,9.89,7.64,11.99,2.57,0.13,0.18,0.0,0.0,0.0,0.0,1.0
6798.79,1979.0,3.73,55.9,1.29,17.53,0.0,8.66,13.24,2.65,0.66,0.0,0.0,0.0,0.06,0.0,1.0
2958.07,1981.0,-2.88,55.22,0.74,16.17,6.6,6.43,8.3,3.49,1.28,0.23,0.0,1.49,0.04,0.0,1.0
3919.07,1987.0,-1.81,48.1,0.29,19.2,4.93,9.86,14.09,2.23,1.23,0.0,0.0,0.0,0.09,0.0,1.0
9371.11,1947.0,0.85,51.69,0.34,19.38,0.0,11.23,15.04,1.96,0.03,0.02,0.0,0.0,0.31,0.0,1.0
7176.24,1951.0,3.34,50.82,2.22,13.53,13.35,5.95,10.85,2.96,0.14,0.18,0.0,0.0,0.0,0.0,1.0
8464.11,1955.0,2.8,50.26,1.56,15.2,9.74,8.25,11.94,2.8,0.08,0.17,0.0,0.0,0.0,0.0,1.0
6850.2,1956.0,0.39,50.57,0.84,17.19,9.7,6.85,11.58,2.37,0.75,0.14,0.0,0.0,0.0,0.0,1.0
1749.04,1957.0,-3.73,49.08,0.02,1.2,0.0,48.27,0.95,0.0,0.0,0.0,0.0,0.0,0.48,0.0,1.0
2164.48,1960.0,0.06,55.13,1.43,17.98,0.0,8.8,12.71,3.33,0.4,0.15,0.0,0.0,0.06,0.0,1.0
7218.43,1968.0,-2.03,60.46,0.63,14.63,5.66,6.57,3.23,5.11,1.9,0.0,0.0,1.8,0.0,0.0,1.0
4937.54,1975.0,-0.48,50.04,0.7,13.37,8.24,11.81,8.17,2.49,1.63,0.36,0.0,2.38,0.8,0.0,1.0
11336.18,1986.0,-2.87,63.78,0.3,13.25,3.88,8.55,3.89,3.95,2.11,0.04,0.0,0.0,0.26,0.0,1.0
8853.36,1947.0,-4.62,51.53,1.63,14.24,10.88,7.14,11.12,3.19,0.12,0.16,0.0,0.0,0.0,0.0,1.0
2175.41,1948.0,4.6,50.08,1.61,15.85,9.52,8.02,11.87,2.78,0.14,0.14,0.0,0.0,0.0,0.0,1.0
10429.18,1957.0,-2.4,57.77,0.12,3.18,0.0,24.49,13.44,0.3,0.0,0.0,0.0,0.0,0.7,0.0,1.0
2275.76,1960.0,1.98,64.29,0.19,16.77,3.94,5.71,1.58,4.57,1.45,0.03,0.0,1.49,0.0,0.0,1.0
11542.26,1961.0,1.54,47.26,3.52,16.04,12.79,6.22,8.78,3.96,0.88,0.54,0.0,0.0,0.0,0.0,1.0
11729.99,1967.0,1.81,50.85,1.94,13.36,14.8,5.73,10.74,2.18,0.22,0.19,0.0,0.0,0.0,0.0,1.0
10495.12,1969.0,-0.17,50.16,0.33,17.35,0.0,16.38,14.49,1.22,0.02,0.05,0.0,0.0,0.0,0.0,1.0
130.37,1979.0,2.84,50.62,1.51,16.7,8.23,7.92,11.23,3.34,0.27,0.19,0.0,0.0,0.0,0.0,1.0
2258.34,1946.0,-4.32,55.11,0.68,16.27,6.99,5.68,7.86,3.87,1.5,0.23,0.0,1.51,0.3,0.0,1.0
518.05,1948.0,-1.2,60.46,0.63,14.63,5.66,6.57,3.23,5.11,1.9,0.0,0.0,1.8,0.0,0.0,1.0
6090.38,1951.0,2.44,51.3,1.85,13.94,11.91,7.77,10.18,2.58,0.07,0.41,0.0,0.0,0.0,0.0,1.0
8176.58,1960.0,1.14,51.7,0.2,18.63,0.0,12.02,13.19,2.62,0.08,0.01,0.0,1.44,0.12,0.0,1.0
7569.47,1963.0,4.97,53.87,0.32,20.12,0.0,9.84,12.87,2.87,0.05,0.02,0.0,0.0,0.02,0.0,1.0
4955.49,1974.0,0.81,50.94,1.82,14.45,10.91,7.2,11.66,2.71,0.15,0.16,0.0,0.0,0.0,0.0,1.0
9752.44,1975.0,4.98,55.75,0.91,17.42,4.53,5.15,6.44,5.03,1.22,0.2,0.0,1.47,1.89,0.0,1.0
10564.81,1976.0,2.6,44.35,0.06,1.36,7.87,45.01,1.33,0.0,0.03,0.0,0.0,0.0,0.0,0.0,1.0
10785.0,1981.0,2.27,49.82,0.67,12.19,8.27,14.92,8.4,2.29,1.67,0.56,0.0,0.0,1.21,0.0,1.0
4188.33,1989.0,0.97,47.78,1.2,17.47,10.83,8.35,11.05,2.93,0.06,0.09,0.0,0.23,0.0,0.0,1.0
10311.13,1946.0,-3.95,49.42,1.18,17.1,8.09,9.27,11.86,2.72,0.08,0.11,0.0,0.17,0.0,0.0,1.0
11531.15,1947.0,0.7,50.72,1.1,15.41,9.65,8.42,12.11,2.28,0.08,0.23,0.0,0.0,0.0,0.0,1.0
1677.42,1948.0,2.87,50.31,1.51,14.65,10.51,7.49,12.22,2.98,0.18,0.15,0.0,0.0,0.0,0.0,1.0
11096.39,1949.0,0.88,56.06,0.74,16.61,6.38,5.11,8.1,3.31,1.92,0.28,0.0,1.49,0.0,0.0,1.0
7690.75,1956.0,1.32,54.52,0.99,17.07,6.87,5.74,8.83,2.66,2.93,0.39,0.0,0.0,0.0,0.0,1.0
8509.74,1958.0,3.18,55.95,0.76,18.28,0.0,8.4,12.9,3.32,0.32,0.06,0.0,0.0,0.0,0.0,1.0
7372.65,1960.0,-4.14,54.67,0.4,16.75,0.0,10.25,15.23,2.65,0.03,0.0,0.0,0.0,0.0,0.0,1.0
1606.21,1962.0,2.87,50.39,0.93,15.58,8.92,9.33,12.83,1.85,0.08,0.1,0.0,0.0,0.0,0.0,1.0
2896.12,1963.0,-2.5,53.91,1.17,15.06,6.22,6.09,8.88,4.14,1.48,0.81,0.0,2.25,0.0,0.0,1.0
623.43,1964.0,-4.64,49.59,0.55,19.02,7.82,5.95,9.99,5.0,0.52,0.05,0.0,1.5,0.0,0.0,1.0
3500.23,1977.0,0.61,57.88,2.32,16.13,0.0,7.79,12.42,3.26,0.19,0.0,0.0,0.0,0.01,0.0,1.0
9169.75,1980.0,0.89,48.33,0.42,21.1,6.29,8.86,14.27,0.65,0.07,0.01,0.0,0.0,0.0,0.0,1.0
8177.74,1989.0,-3.83,51.04,0.8,15.02,7.28,9.91,8.52,2.55,1.72,0.31,0.0,1.47,1.4,0.0,1.0
4269.24,1993.0,1.4,56.58,0.62,14.6,5.5,7.87,7.63,3.84,2.86,0.49,0.0,0.0,0.0,0.0,1.0
4164.59,1994.0,3.85,51.01,2.35,13.68,12.61,6.5,10.75,2.69,0.21,0.19,0.0,0.0,0.0,0.0,1.0
2102.97,1954.0,-3.34,46.22,0.02,0.72,0.0,52.26,0.36,0.0,0.06,0.0,0.0,0.0,0.36,0.0,1.0
10495.98,1969.0,0.07,50.31,1.74,15.66,9.74,7.6,11.75,2.77,0.22,0.21,0.0,0.0,0.0,0.0,1.0
3868.35,1970.0,-0.75,53.81,1.0,16.13,6.97,5.93,7.91,3.19,1.66,0.28,0.0,3.12,0.0,0.0,1.0
936.86,1971.0,2.45,53.25,1.33,15.01,10.19,7.57,12.39,0.0,0.25,0.0,0.0,0.0,0.0,0.0,1.0
2485.56,1972.0,1.68,47.08,0.05,1.82,0.0,48.65,1.88,0.0,0.07,0.02,0.0,0.0,0.43,0.0,1.0
11329.47,1973.0,2.7,55.3,1.61,18.09,0.0,8.65,12.47,3.25,0.39,0.18,0.0,0.0,0.05,0.0,1.0
10157.97,1976.0,-1.97,54.68,0.76,17.78,6.86,5.37,9.38,2.67,1.63,0.2,0.0,0.0,0.67,0.0,1.0
3603.84,1980.0,-2.16,57.46,0.56,14.95,6.93,5.38,7.36,4.0,0.89,0.27,0.0,1.47,0.72,0.0,1.0
8987.48,1982.0,-1.07,42.76,0.02,1.12,7.52,48.06,0.52,0.0,0.0,0.0,0.0,0.0,0.0,0.0,1.0
3030.84,1993.0,-2.81,48.42,0.02,3.12,0.0,45.87,2.23,0.32,0.0,0.02,0.0,0.0,0.0,0.0,1.0
3870.1,1994.0,-0.11,54.46,0.33,21.76,0.0,6.63,12.75,4.01,0.03,0.02,0.0,0.0,0.0,0.0,1.0
1134.56,1948.0,3.06,57.69,0.05,1.87,0.0,23.55,16.48,0.0,0.0,0.0,0.0,0.0,0.37,0.0,1.0
8922.64,1962.0,2.18,51.09,1.3,15.51,9.18,7.98,12.32,2.41,0.09,0.13,0.0,0.0,0.0,0.0,1.0
4010.37,1976.0,0.17,55.61,0.69,16.14,5.95,5.79,7.58,3.66,1.3,0.22,0.0,1.47,1.6,0.0,1.0
3808.63,1980.0,4.46,54.39,0.34,18.24,0.0,11.17,12.44,3.36,0.04,0.01,0.0,0.0,0.01,0.0,1.0
10220.53,1981.0,2.26,52.9,0.96,17.01,7.33,6.32,9.0,3.36,1.26,0.36,0.0,1.49,0.0,0.0,1.0
8753.73,1984.0,-4.72,45.12,0.03,1.25,7.44,45.52,0.63,0.0,0.0,0.01,0.0,0.0,0.0,0.0,1.0
6980.28,1951.0,-0.7,51.15,1.44,14.86,10.2,8.53,11.3,2.45,0.08,0.0,0.0,0.0,0.0,0.0,1.0
16.61,1954.0,-4.75,49.63,1.55,14.84,10.87,7.66,12.41,2.72,0.18,0.15,0.0,0.0,0.0,0.0,1.0
9235.32,1956.0,-3.53,56.04,0.74,16.6,6.37,5.11,8.1,3.31,1.92,0.28,0.0,1.49,0.04,0.0,1.0
10876.81,1963.0,2.85,54.64,1.13,19.85,0.0,8.45,12.96,2.77,0.08,0.13,0.0,0.0,0.0,0.0,1.0
4733.33,1967.0,0.45,50.78,1.49,14.78,9.96,7.93,12.08,2.71,0.13,0.14,0.0,0.0,0.0,0.0,1.0
10621.87,1969.0,-0.65,56.39,0.73,16.5,6.25,5.03,8.07,3.33,1.92,0.28,0.0,1.49,0.0,0.0,1.0
9781.89,1971.0,2.49,54.42,1.18,15.2,6.18,6.14,8.93,4.18,1.49,0.82,0.0,1.48,0.0,0.0,1.0
206.95,1972.0,2.47,45.92,0.01,1.32,8.01,44.6,0.01,0.08,0.01,0.03,0.0,0.0,0.0,0.0,1.0
3252.44,1987.0,-2.53,55.73,0.06,2.25,0.0,19.83,21.16,0.03,0.0,0.0,0.0,0.0,0.93,0.0,1.0
714.77,1989.0,1.6,50.43,0.15,24.47,0.0,9.84,12.5,2.46,0.13,0.02,0.0,0.0,0.0,0.0,1.0
5686.4,1992.0,-3.46,54.72,0.65,14.86,9.46,7.57,10.38,1.68,0.54,0.15,0.0,0.0,0.0,0.0,1.0
7967.93,1945.0,-1.37,53.76,0.14,0.8,0.0,44.41,0.2,0.18,0.24,0.02,0.0,0.0,0.24,0.0,1.0
9279.91,1953.0,2.87,55.95,0.97,16.06,0.0,8.95,15.54,2.42,0.05,0.07,0.0,0.0,0.0,0.0,1.0
9336.69,1955.0,3.4,49.04,0.11,0.7,0.0,49.51,0.42,0.08,0.1,0.05,0.0,0.0,0.0,0.0,1.0
9227.89,1957.0,-2.65,55.77,0.62,18.27,0.0,7.57,13.14,3.87,0.08,0.05,0.0,0.62,0.01,0.0,1.0
3509.78,1964.0,1.44,50.56,1.45,14.63,10.06,7.91,12.6,2.57,0.09,0.09,0.0,0.0,0.03,0.0,1.0
4381.02,1966.0,4.19,56.32,0.72,16.58,6.23,5.03,8.12,3.32,1.91,0.27,0.0,1.49,0.0,0.0,1.0
8846.41,1975.0,-4.71,52.69,0.14,8.34,0.0,19.6,18.99,0.24,0.0,0.0,0.0,0.0,0.0,0.0,1.0
11269.17,1980.0,0.23,56.54,1.71,16.59,0.0,8.11,13.01,3.47,0.35,0.17,0.0,0.0,0.05,0.0,1.0
7653.35,1983.0,2.38,51.69,1.83,14.0,11.36,6.74,11.38,2.74,0.13,0.12,0.0,0.0,0.0,0.0,1.0
10822.09,1988.0,-1.36,52.88,0.31,14.86,0.0,13.05,14.33,2.47,0.06,0.01,0.0,1.85,0.18,0.0,1.0
9875.27,1945.0,2.07,39.21,0.01,0.49,9.92,50.12,0.23,0.0,0.01,0.01,0.0,0.0,0.0,0.0,1.0
4207.02,1946.0,4.76,57.35,0.95,16.9,4.88,5.02,8.6,3.16,1.43,0.21,0.0,1.5,0.0,0.0,1.0
8704.41,1953.0,4.5,53.65,0.86,17.1,7.72,5.9,8.21,3.83,1.08,0.23,0.0,1.42,0.0,0.0,1.0
4705.33,1971.0,4.0,50.69,0.07,0.68,0.0,47.48,0.47,0.18,0.11,0.02,0.0,0.0,0.3,0.0,1.0
9166.44,1980.0,-2.36,55.64,0.77,16.15,6.41,5.81,7.81,3.37,1.97,0.23,0.0,0.52,1.31,0.0,1.0
11248.83,1983.0,0.46,50.46,1.37,16.32,9.23,7.67,11.55,3.3,0.1,0.0,0.0,0.0,0.0,0.0,1.0
11838.39,1984.0,0.6,51.54,0.94,15.82,7.26,7.85,9.6,3.18,1.46,0.47,0.0,1.88,0.0,0.0,1.0
4794.51,1945.0,3.65,56.79,0.09,2.48,0.0,23.62,15.67,0.6,0.03,0.0,0.0,0.0,0.72,0.0,1.0
5255.41,1946.0,-4.21,48.25,4.29,13.79,12.38,5.99,10.22,3.1,1.37,0.63,0.0,0.0,0.0,0.0,1.0
4696.3,1951.0,-1.75,50.78,1.89,14.49,10.62,7.28,11.8,2.84,0.16,0.15,0.0,0.0,0.0,0.0,1.0
3207.62,1959.0,3.29,48.88,0.08,1.65,0.0,46.51,1.88,0.06,0.18,0.34,0.0,0.0,0.42,0.0,1.0
9325.02,1967.0,1.69,51.77,4.01,13.3,12.32,5.12,9.59,2.86,0.62,0.42,0.0,0.0,0.0,0.0,1.0
4193.09,1969.0,0.72,49.53,1.33,15.85,9.97,8.1,12.36,2.62,0.13,0.11,0.0,0.0,0.0,0.0,1.0
2943.27,1991.0,1.36,46.74,0.03,0.13,0.0,51.87,0.88,0.03,0.2,0.0,0.0,0.0,0.12,0.0,1.0
994.6,1947.0,1.46,50.53,1.61,14.57,11.0,7.34,12.25,2.46,0.12,0.12,0.0,0.0,0.0,0.0,1.0
7868.68,1949.0,-2.41,49.32,3.57,17.65,0.0,7.82,11.27,3.97,3.97,2.43,0.0,0.0,0.0,0.0,1.0
8146.06,1953.0,-0.3,51.18,1.6,15.71,9.78,7.41,11.33,2.77,0.1,0.13,0.0,0.0,0.0,0.0,1.0
10862.74,1960.0,-0.7,46.75,0.07,0.17,0.0,51.55,0.84,0.08,0.39,0.02,0.0,0.0,0.13,0.0,1.0
6815.04,1962.0,-3.73,57.98,0.83,15.09,5.59,5.73,6.75,2.78,1.39,0.26,0.0,1.51,2.08,0.0,1.0
11417.32,1969.0,-3.25,56.03,1.34,17.57,0.0,8.81,13.04,3.0,0.11,0.1,0.0,0.0,0.0,0.0,1.0
395.39,1970.0,2.47,49.22,1.04,17.01,8.64,9.11,12.03,2.66,0.04,0.09,0.0,0.16,0.0,0.0,1.0
5470.33,1975.0,2.16,58.66,1.45,13.22,0.0,5.5,16.06,5.0,0.03,0.07,0.0,0.0,0.0,0.0,1.0
9819.1,1976.0,-0.25,55.13,1.43,17.98,0.0,8.8,12.71,3.33,0.4,0.15,0.0,0.0,0.06,0.0,1.0
10819.7,1994.0,1.86,49.83,1.78,16.23,10.87,7.06,10.69,3.14,0.16,0.24,0.0,0.0,0.0,0.0,1.0
4332.5,1948.0,-4.46,50.91,1.52,15.37,9.78,7.44,12.01,2.64,0.14,0.17,0.0,0.0,0.0,0.0,1.0
2946.24,1949.0,-2.63,49.48,0.29,16.52,6.89,13.34,10.76,2.66,0.03,0.02,0.0,0.0,0.0,0.0,1.0
6409.16,1954.0,-1.6,46.38,0.04,0.91,0.0,51.28,0.53,0.0,0.11,0.02,0.0,0.0,0.73,0.0,1.0
931.73,1957.0,-1.39,57.35,0.95,16.9,4.88,5.02,8.6,3.16,1.43,0.21,0.0,1.5,0.0,0.0,1.0
6382.82,1961.0,-2.98,51.05,1.15,16.43,8.6,8.08,12.32,2.14,0.12,0.11,0.0,0.0,0.0,0.0,1.0
1275.16,1978.0,4.37,51.37,1.3,15.46,8.98,8.21,11.6,2.9,0.09,0.0,0.0,0.0,0.08,0.0,1.0
2121.27,1988.0,3.32,57.35,0.95,16.9,4.88,5.02,8.6,3.16,1.43,0.21,0.0,1.5,0.0,0.0,1.0
10515.39,1953.0,0.1,61.0,0.29,13.28,4.07,9.41,4.57,3.74,1.25,0.04,0.0,2.36,0.0,0.0,1.0
4693.62,1955.0,-1.56,50.15,1.6,17.03,8.43,7.82,11.02,3.48,0.27,0.21,0.0,0.0,0.0,0.0,1.0
10661.35,1983.0,0.4,48.31,1.42,15.97,7.95,8.1,14.16,2.31,0.02,0.15,0.0,1.61,0.0,0.0,1.0
11427.04,1945.0,-2.72,53.91,1.17,15.06,6.22,6.09,8.88,4.14,1.48,0.81,0.0,2.25,0.0,0.0,1.0
11408.87,1946.0,-0.67,48.57,0.04,1.99,0.0,47.77,1.5,0.11,0.01,0.01,0.0,0.0,0.0,0.0,1.0
5911.25,1966.0,-0.25,42.26,0.09,1.71,8.06,37.07,10.43,0.31,0.02,0.05,0.0,0.0,0.0,0.0,1.0
1453.82,1968.0,1.59,50.84,1.33,14.08,12.39,7.19,11.59,2.38,0.05,0.16,0.0,0.0,0.0,0.0,1.0
7837.43,1980.0,2.44,51.14,1.16,14.8,11.3,7.69,11.74,1.99,0.06,0.13,0.0,0.0,0.0,0.0,1.0
4224.74,1981.0,2.1,54.21,1.27,18.9,0.0,9.51,12.74,2.84,0.31,0.17,0.0,0.0,0.05,0.0,1.0
5088.39,1982.0,0.34,47.72,3.67,15.56,12.54,5.11,9.71,3.96,1.18,0.55,0.0,0.0,0.0,0.0,1.0
8546.05,1947.0,-0.3,53.91,1.17,15.06,6.22,6.09,8.88,4.14,1.48,0.81,0.0,2.25,0.0,0.0,1.0
4902.41,1954.0,-0.99,40.92,2.77,9.71,14.43,15.15,9.82,4.87,1.32,1.02,0.0,0.0,0.0,0.0,1.0
7547.94,1962.0,2.46,60.46,0.63,14.63,5.66,6.57,3.23,5.11,1.9,0.0,0.0,1.8,0.0,0.0,1.0
9869.64,1946.0,-0.46,50.6,1.18,14.59,11.89,7.33,12.23,1.99,0.07,0.12,0.0,0.0,0.0,0.0,1.0
4515.32,1949.0,2.6,56.3,0.92,17.59,4.57,5.2,6.5,5.08,1.23,0.2,0.0,1.49,0.92,0.0,1.0
8101.6,1952.0,0.57,56.97,0.67,16.49,5.73,5.09,7.39,3.7,1.6,0.26,0.0,1.48,0.63,0.0,1.0
4518.13,1954.0,-3.0,51.96,0.62,17.07,0.0,16.49,12.55,1.21,0.05,0.05,0.0,0.0,0.0,0.0,1.0
2952.21,1967.0,4.16,56.85,1.27,17.33,0.0,8.63,12.16,3.45,0.13,0.12,0.0,0.0,0.07,0.0,1.0
7105.21,1983.0,4.13,50.33,1.5,14.67,10.84,7.31,12.37,2.69,0.16,0.13,0.0,0.0,0.0,0.0,1.0
5211.93,1946.0,0.81,54.89,0.42,15.49,7.79,8.0,11.69,1.57,0.12,0.03,0.0,0.0,0.0,0.0,1.0
5827.42,1947.0,-0.9,45.48,0.02,1.56,8.25,43.43,1.25,0.0,0.01,0.0,0.0,0.0,0.0,0.0,1.0
1095.73,1948.0,4.67,58.77,0.28,13.21,4.05,8.46,4.48,3.44,1.45,0.07,0.0,3.91,1.89,0.0,1.0
11871.7,1952.0,4.79,50.66,1.38,16.26,8.75,7.71,11.96,3.05,0.1,0.13,0.0,0.0,0.0,0.0,1.0
11077.3,1962.0,2.48,46.75,0.05,1.71,0.0,49.62,1.7,0.11,0.01,0.05,0.0,0.0,0.0,0.0,1.0
7026.76,1966.0,1.47,52.13,0.78,17.06,7.44,6.4,9.98,2.55,1.51,0.2,0.0,0.0,1.93,0.0,1.0
4325.48,1975.0,-2.89,40.58,0.02,0.4,9.67,49.01,0.29,0.0,0.02,0.01,0.0,0.0,0.0,0.0,1.0
418.21,1989.0,-4.39,52.65,0.14,8.66,0.0,25.48,10.16,0.97,0.12,0.01,0.0,0.0,1.82,0.0,1.0
9391.46,1992.0,-0.91,55.26,0.68,16.31,7.01,5.69,7.88,3.88,1.5,0.23,0.0,1.51,0.04,0.0,1.0
5929.17,1947.0,-1.55,49.49,0.15,24.01,0.0,9.66,12.27,2.41,0.13,0.02,0.0,1.88,0.0,0.0,1.0
4755.26,1989.0,0.15,49.96,0.9,15.34,9.13,10.15,12.47,1.94,0.03,0.08,0.0,0.0,0.0,0.0,1.0
2092.19,1952.0,3.22,48.53,0.06,1.72,0.0,46.8,1.84,0.09,0.18,0.33,0.0,0.0,0.44,0.0,1.0
10156.92,1956.0,1.73,50.28,1.66,15.88,6.67,7.49,9.8,3.76,1.67,0.79,0.0,1.47,0.52,0.0,1.0
2019.1,1957.0,-3.98,53.96,0.89,20.25,0.0,8.25,13.77,2.71,0.08,0.1,0.0,0.0,0.0,0.0,1.0
8632.23,1965.0,-2.18,52.36,0.78,17.57,7.41,6.15,9.75,2.64,1.64,0.2,0.0,1.49,0.0,0.0,1.0
3617.01,1974.0,1.95,54.27,0.44,18.2,0.0,9.89,14.02,3.06,0.06,0.03,0.0,0.0,0.03,0.0,1.0
9233.5,1977.0,4.01,48.45,1.88,15.18,9.52,9.18,10.64,3.09,1.55,0.52,0.0,0.0,0.0,0.0,1.0
2497.95,1950.0,1.29,53.57,1.13,20.55,0.0,8.35,13.81,2.39,0.19,0.0,0.0,0.0,0.0,0.0,1.0
7481.1,1951.0,-1.97,50.31,1.27,15.67,9.32,8.36,12.37,2.51,0.09,0.11,0.0,0.0,0.0,0.0,1.0
9275.22,1958.0,0.55,48.9,0.14,4.04,0.0,42.6,3.71,0.22,0.02,0.01,0.0,0.0,0.36,0.0,1.0
10268.71,1963.0,2.03,51.61,1.35,14.6,9.92,7.52,11.23,3.53,0.13,0.1,0.0,0.0,0.0,0.0,1.0
3743.48,1975.0,1.98,50.79,2.11,13.92,12.46,6.81,11.19,2.41,0.1,0.19,0.0,0.0,0.0,0.0,1.0
7635.18,1984.0,3.68,45.02,0.0,10.25,8.48,27.5,7.82,0.63,0.0,0.0,0.0,0.0,0.3,0.0,1.0
1922.97,1987.0,-1.91,48.96,0.05,3.04,0.0,45.6,2.16,0.17,0.01,0.0,0.0,0.0,0.0,0.0,1.0
10929.24,1950.0,-4.9,52.29,0.78,17.12,7.46,6.42,10.01,2.56,1.52,0.2,0.0,1.49,0.15,0.0,1.0
766.08,1958.0,-0.34,50.89,1.66,14.86,10.3,7.19,11.73,3.09,0.29,0.0,0.0,0.0,0.0,0.0,1.0
5362.01,1960.0,-3.44,53.26,0.83,16.64,7.82,6.21,5.61,4.01,2.04,0.23,0.0,1.47,1.87,0.0,1.0
7927.87,1962.0,-4.14,55.89,0.26,18.75,0.0,9.62,11.3,4.07,0.12,0.0,0.0,0.0,0.0,0.0,1.0
9000.77,1965.0,-2.41,51.55,0.71,15.82,7.97,8.47,12.14,3.25,0.07,0.03,0.0,0.0,0.0,0.0,1.0
10183.44,1966.0,-2.64,49.26,0.01,0.72,0.0,49.45,0.48,0.08,0.0,0.0,0.0,0.0,0.0,0.0,1.0
11756.54,1968.0,-4.73,56.96,0.66,15.76,0.0,9.24,14.02,3.26,0.07,0.03,0.0,0.0,0.0,0.0,1.0
3731.94,1970.0,1.37,45.96,0.06,30.27,0.0,6.3,15.68,1.67,0.02,0.03,0.0,0.0,0.0,0.0,1.0
9367.15,1971.0,1.34,54.83,0.59,14.16,5.37,7.81,7.44,3.71,2.74,0.48,0.0,1.46,1.41,0.0,1.0
2607.86,1975.0,0.15,50.62,1.66,14.98,9.82,7.54,12.27,2.8,0.13,0.18,0.0,0.0,0.0,0.0,1.0
457.72,1976.0,1.67,48.07,1.39,17.9,9.99,8.15,10.66,3.58,0.07,0.19,0.0,0.0,0.0,0.0,1.0
6476.71,1981.0,1.79,48.93,2.46,17.53,10.76,6.59,8.96,3.12,1.24,0.43,0.0,0.0,0.0,0.0,1.0
10730.94,1985.0,1.13,40.7,0.02,1.4,8.86,39.57,8.77,0.16,0.01,0.04,0.0,0.0,0.46,0.0,1.0
6329.73,1988.0,-0.69,42.09,4.76,13.63,13.39,9.89,10.44,3.16,1.74,0.9,0.0,0.0,0.0,0.0,1.0
4879.46,1990.0,-0.82,39.24,5.7,10.26,16.93,11.85,11.84,2.67,0.35,1.14,0.0,0.0,0.0,0.0,1.0
8479.62,1958.0,2.8,45.21,0.07,2.86,8.13,40.69,2.94,0.11,0.0,0.0,0.0,0.0,0.0,0.0,1.0
11088.42,1961.0,1.07,52.58,0.37,14.42,7.21,10.32,13.42,1.3,0.38,0.0,0.0,0.0,0.0,0.0,1.0
10606.39,1962.0,1.87,54.22,0.9,17.97,7.9,5.05,6.44,4.57,1.13,0.29,0.0,1.52,0.0,0.0,1.0
3519.43,1967.0,2.16,51.02,1.84,14.13,11.23,7.24,11.23,3.02,0.12,0.17,0.0,0.0,0.0,0.0,1.0
1143.29,1975.0,-3.19,52.93,0.56,8.24,0.0,30.27,6.96,0.91,0.06,0.06,0.0,0.0,0.0,0.0,1.0
11480.03,1981.0,2.14,54.22,0.43,17.75,0.0,9.73,15.29,2.46,0.04,0.02,0.0,0.0,0.06,0.0,1.0
9734.81,1990.0,-3.56,51.54,0.94,15.82,7.26,7.85,9.6,3.18,1.46,0.47,0.0,1.88,0.0,0.0,1.0
4847.89,1994.0,1.98,51.13,1.88,14.07,11.58,7.3,11.24,2.51,0.13,0.16,0.0,0.0,0.0,0.0,1.0
7495.1,1945.0,1.07,52.81,0.96,17.17,7.32,6.42,8.94,3.3,1.22,0.37,0.0,0.0,1.49,0.0,1.0
5318.29,1956.0,-1.36,48.11,0.11,4.02,0.0,44.61,2.72,0.36,0.03,0.04,0.0,0.0,0.0,0.0,1.0
6824.89,1957.0,1.48,50.47,1.51,14.78,10.4,7.54,12.44,2.53,0.18,0.14,0.0,0.0,0.0,0.0,1.0
4184.95,1958.0,0.71,50.77,0.05,1.16,0.0,46.97,0.85,0.12,0.04,0.03,0.0,0.0,0.0,0.0,1.0
6468.64,1965.0,-0.65,56.2,1.72,16.74,0.0,8.15,13.09,3.49,0.37,0.18,0.0,0.0,0.06,0.0,1.0
8553.37,1969.0,2.42,46.67,0.05,1.85,11.29,39.08,1.05,0.0,0.0,0.01,0.0,0.0,0.0,0.0,1.0
7903.92,1979.0,4.54,49.91,2.73,22.44,0.0,6.75,13.96,3.31,0.55,0.34,0.0,0.0,0.0,0.0,1.0
10514.01,1981.0,-4.72,55.63,1.27,17.25,0.0,9.19,13.57,2.87,0.06,0.09,0.0,0.0,0.07,0.0,1.0
1316.09,1986.0,-2.83,40.32,0.12,2.9,5.94,34.56,15.79,0.33,0.01,0.02,0.0,0.0,0.0,0.0,1.0
10643.24,1951.0,-2.79,50.96,2.17,14.03,11.85,6.5,11.01,3.07,0.21,0.2,0.0,0.0,0.0,0.0,1.0
1031.12,1959.0,2.22,51.41,0.8,25.17,0.0,5.69,10.45,4.61,1.79,0.09,0.0,0.0,0.0,0.0,1.0
9981.36,1964.0,0.72,50.85,0.72,13.58,8.38,12.0,8.31,2.53,1.66,0.37,0.0,1.6,0.0,0.0,1.0
7702.97,1969.0,-2.95,49.57,0.14,16.67,0.0,21.42,11.26,0.77,0.15,0.02,0.0,0.0,0.0,0.0,1.0
820.95,1971.0,3.71,59.47,0.1,1.88,0.0,24.58,13.24,0.15,0.6,0.0,0.0,0.0,0.0,0.0,1.0
10790.85,1974.0,2.21,40.68,0.05,1.49,9.2,47.12,1.34,0.1,0.0,0.01,0.0,0.0,0.0,0.0,1.0
6753.94,1946.0,1.43,51.21,1.73,14.72,10.38,7.34,11.29,2.85,0.25,0.21,0.0,0.0,0.0,0.0,1.0
11840.77,1951.0,1.58,55.5,0.5,16.72,8.01,6.31,10.82,1.9,0.19,0.04,0.0,0.0,0.0,0.0,1.0
9995.04,1955.0,3.02,37.57,0.03,0.74,12.39,48.91,0.35,0.0,0.0,0.01,0.0,0.0,0.0,0.0,1.0
8072.74,1956.0,-2.71,48.7,0.81,18.01,8.98,9.0,11.82,2.59,0.03,0.05,0.0,0.0,0.0,0.0,1.0
209.89,1958.0,4.5,58.38,0.71,15.99,5.95,5.42,6.46,3.1,1.74,0.0,0.0,1.47,0.78,0.0,1.0
7775.8,1980.0,2.21,55.63,0.57,17.2,0.0,9.68,13.18,3.62,0.05,0.04,0.0,0.0,0.03,0.0,1.0
4186.01,1985.0,-4.93,49.77,1.98,14.86,12.51,6.76,11.09,2.69,0.15,0.18,0.0,0.0,0.0,0.0,1.0
9694.17,1993.0,4.49,51.82,0.52,9.86,0.0,29.61,7.35,0.85,0.0,0.0,0.0,0.0,0.0,0.0,1.0
8616.37,1945.0,-2.92,46.12,0.02,2.85,7.41,40.44,3.12,0.02,0.01,0.01,0.0,0.0,0.0,0.0,1.0
5639.37,1952.0,0.07,0.21,18.45,4.29,0.0,26.65,7.09,0.14,0.12,43.05,0.0,0.0,0.0,0.0,1.0
9497.09,1960.0,4.54,46.55,1.36,7.67,11.37,24.6,6.9,1.26,0.15,0.13,0.0,0.0,0.0,0.0,1.0
164.38,1962.0,2.11,51.78,1.35,15.12,9.42,7.51,11.9,2.45,0.31,0.14,0.0,0.0,0.0,0.0,1.0
390.58,1964.0,3.09,64.01,1.94,15.25,0.0,5.39,7.84,5.17,0.28,0.12,0.0,0.0,0.0,0.0,1.0
8743.39,1967.0,0.43,51.81,1.46,15.69,9.04,6.86,11.96,2.66,0.35,0.16,0.0,0.0,0.0,0.0,1.0
8389.76,1971.0,0.07,65.02,0.3,13.68,3.94,6.58,4.47,4.5,1.48,0.04,0.0,0.0,0.0,0.0,1.0
6137.98,1975.0,2.54,54.64,1.71,16.77,0.0,8.3,13.95,4.09,0.19,0.34,0.0,0.0,0.0,0.0,1.0
11014.49,1978.0,3.25,54.5,0.39,22.32,0.0,5.32,13.65,3.69,0.09,0.04,0.0,0.0,0.0,0.0,1.0
9864.96,1981.0,-3.09,57.24,0.61,15.87,8.43,6.22,7.39,3.77,0.46,0.0,0.0,0.0,0.0,0.0,1.0
5900.23,1983.0,1.95,54.64,1.71,16.77,0.0,8.3,13.95,4.09,0.19,0.34,0.0,0.0,0.0,0.0,1.0
9590.21,1989.0,-1.55,57.59,1.13,16.67,5.43,5.92,6.89,3.37,2.03,0.23,0.0,0.0,0.74,0.0,1.0
6950.24,1991.0,2.54,50.5,1.23,15.61,8.91,8.53,12.36,2.65,0.11,0.1,0.0,0.0,0.0,0.0,1.0
4194.76,1992.0,-0.5,50.69,1.57,17.29,9.09,6.69,11.88,2.46,0.19,0.13,0.0,0.0,0.0,0.0,1.0
1797.64,1953.0,0.34,51.17,2.16,13.55,12.94,6.36,10.34,3.08,0.15,0.25,0.0,0.0,0.0,0.0,1.0
2220.04,1962.0,-4.92,50.87,1.81,15.07,10.46,6.66,11.31,3.38,0.25,0.18,0.0,0.0,0.0,0.0,1.0
10942.34,1980.0,-3.33,62.28,0.28,13.11,3.9,8.46,4.64,3.73,1.65,0.1,0.0,1.82,0.03,0.0,1.0
1373.54,1986.0,1.39,49.93,1.49,14.81,10.98,7.57,12.43,2.5,0.17,0.12,0.0,0.0,0.0,0.0,1.0
6264.13,1987.0,-1.85,57.27,0.68,16.57,5.76,5.12,7.43,3.72,1.61,0.26,0.0,0.0,1.6,0.0,1.0
6323.59,1950.0,-1.32,49.1,1.2,17.26,8.68,8.92,11.83,2.79,0.1,0.11,0.0,0.0,0.0,0.0,1.0
408.71,1953.0,-4.58,63.17,0.3,13.12,3.84,8.46,3.85,3.91,2.09,0.04,0.0,1.2,0.0,0.0,1.0
5206.32,1980.0,1.27,55.05,0.4,15.5,7.8,7.95,11.65,1.51,0.12,0.01,0.0,0.0,0.0,0.0,1.0
60.19,1984.0,-1.92,45.33,0.93,5.98,11.14,30.35,4.76,1.23,0.18,0.1,0.0,0.0,0.0,0.0,1.0
5043.95,1985.0,4.7,50.88,0.67,10.63,8.18,18.72,6.51,2.13,0.92,0.24,0.0,1.1,0.0,0.0,1.0
7091.58,1987.0,0.13,56.82,0.93,17.75,4.61,5.25,6.56,5.12,1.24,0.2,0.0,1.5,0.0,0.0,1.0
10916.95,1949.0,0.42,48.89,1.63,17.17,8.49,8.27,12.08,3.04,0.22,0.22,0.0,0.0,0.0,0.0,1.0
9932.46,1952.0,-0.29,62.85,0.3,13.06,3.83,8.42,3.84,3.89,2.08,0.04,0.0,1.45,0.25,0.0,1.0
2839.56,1953.0,-4.8,49.46,1.01,16.37,9.12,8.84,12.67,2.37,0.04,0.13,0.0,0.0,0.0,0.0,1.0
2339.56,1972.0,2.0,53.89,1.7,14.53,10.5,5.81,9.59,3.45,0.33,0.2,0.0,0.0,0.0,0.0,1.0
1240.22,1974.0,1.44,46.91,0.08,0.4,0.0,51.74,0.27,0.15,0.02,0.02,0.0,0.0,0.41,0.0,1.0
8880.91,1984.0,1.35,51.08,1.79,15.2,9.57,7.87,10.94,3.16,0.2,0.19,0.0,0.0,0.0,0.0,1.0
1505.66,1986.0,-1.78,50.69,1.74,16.81,8.07,7.37,10.71,3.08,0.53,0.27,0.0,0.74,0.0,0.0,1.0
2146.84,1988.0,-0.34,56.55,0.9,15.9,5.71,5.91,7.33,3.68,2.07,0.46,0.0,1.48,0.0,0.0,1.0
1929.0,1945.0,-1.96,53.96,0.89,20.25,0.0,8.25,13.77,2.71,0.08,0.1,0.0,0.0,0.0,0.0,1.0
10998.41,1951.0,0.83,46.0,2.96,12.98,10.9,9.66,13.48,2.5,1.11,0.41,0.0,0.0,0.0,0.0,1.0
10871.59,1953.0,-4.82,61.07,0.29,13.73,4.2,8.79,4.66,3.57,1.51,0.07,0.0,2.12,0.0,0.0,1.0
288.07,1955.0,-3.0,56.82,0.93,17.75,4.61,5.25,6.56,5.12,1.24,0.2,0.0,1.5,0.0,0.0,1.0
2188.41,1960.0,0.55,50.88,2.05,15.25,10.21,7.47,10.25,2.72,0.85,0.33,0.0,0.0,0.0,0.0,1.0
2019.31,1967.0,-1.05,50.83,1.76,15.1,10.39,7.04,11.54,2.93,0.22,0.19,0.0,0.0,0.0,0.0,1.0
4485.54,1975.0,-1.79,49.33,0.07,2.97,0.0,44.57,2.48,0.14,0.01,0.0,0.0,0.0,0.44,0.0,1.0
6881.77,1976.0,4.41,57.55,0.15,1.45,0.0,18.5,18.7,1.66,0.08,0.0,0.0,0.0,1.9,0.0,1.0
8568.79,1982.0,-3.03,50.92,1.57,14.7,10.73,7.38,11.93,2.5,0.13,0.14,0.0,0.0,0.0,0.0,1.0
7336.91,1989.0,4.08,61.28,0.6,15.53,4.82,5.18,5.38,3.39,2.13,0.14,0.0,0.0,1.53,0.0,1.0
2688.54,1991.0,-3.79,60.7,0.84,17.94,0.0,5.02,11.29,2.93,0.24,1.05,0.0,0.0,0.0,0.0,1.0
5133.75,1945.0,-3.39,51.34,0.28,20.79,4.12,7.78,12.98,2.65,0.02,0.0,0.0,0.0,0.03,0.0,1.0
7791.68,1953.0,-2.38,50.25,0.2,4.99,0.0,39.82,3.85,0.37,0.03,0.01,0.0,0.0,0.47,0.0,1.0
4469.89,1954.0,-0.5,49.68,0.66,12.15,8.25,14.88,8.38,2.29,1.66,0.55,0.0,1.49,0.0,0.0,1.0
10779.89,1956.0,-4.19,55.74,0.61,14.39,5.42,7.75,7.51,3.79,2.82,0.48,0.0,1.48,0.0,0.0,1.0
4222.12,1972.0,0.18,50.84,0.13,22.55,0.0,11.47,12.35,2.62,0.02,0.01,0.0,0.0,0.0,0.0,1.0
3950.86,1976.0,-0.75,61.52,0.29,13.64,3.74,6.92,4.75,4.0,1.37,0.07,0.0,2.97,0.73,0.0,1.0
766.99,1984.0,-2.28,53.5,0.27,20.1,0.0,10.5,12.3,3.26,0.04,0.01,0.0,0.0,0.02,0.0,1.0
2175.59,1987.0,4.47,50.09,0.45,11.95,0.0,19.4,16.54,0.48,0.0,0.0,0.0,1.1,0.0,0.0,1.0
7108.68,1991.0,-4.7,59.21,0.85,15.41,5.71,5.86,6.9,2.83,1.42,0.27,0.0,1.55,0.0,0.0,1.0
7459.74,1992.0,-3.28,61.0,0.29,13.28,4.07,9.41,4.57,3.74,1.25,0.04,0.0,2.36,0.0,0.0,1.0
2471.95,1946.0,-1.35,45.48,3.11,14.76,11.76,9.5,10.28,3.2,1.3,0.6,0.0,0.0,0.0,0.0,1.0
5846.18,1947.0,-2.45,56.07,1.8,17.39,0.0,8.12,12.3,3.68,0.38,0.19,0.0,0.0,0.06,0.0,1.0
9568.5,1949.0,1.14,55.48,0.86,15.53,8.76,5.5,10.1,3.14,0.53,0.1,0.0,0.0,0.0,0.0,1.0
3704.13,1951.0,-2.56,51.71,1.82,13.97,11.31,7.08,11.23,2.66,0.05,0.18,0.0,0.0,0.0,0.0,1.0
5885.94,1965.0,-2.64,51.5,0.66,15.9,0.0,15.65,14.41,1.81,0.01,0.05,0.0,0.0,0.0,0.0,1.0
7674.35,1966.0,-1.12,25.25,3.2,7.92,43.33,8.14,9.18,1.65,0.72,0.62,0.0,0.0,0.0,0.0,1.0
5596.47,1969.0,2.06,54.81,0.42,15.98,7.71,7.29,12.02,1.61,0.13,0.03,0.0,0.0,0.0,0.0,1.0
9640.22,1984.0,-3.2,50.97,0.11,18.96,0.0,15.55,12.45,1.76,0.21,0.0,0.0,0.0,0.0,0.0,1.0
3319.3,1988.0,0.77,46.84,1.06,16.22,11.13,12.45,9.05,2.88,0.19,0.19,0.0,0.0,0.0,0.0,1.0
2192.55,1990.0,3.54,51.05,1.78,14.92,10.22,7.18,11.24,3.26,0.13,0.21,0.0,0.0,0.0,0.0,1.0
11896.89,1947.0,4.66,55.34,1.4,18.42,0.0,8.39,11.67,4.31,0.27,0.2,0.0,0.0,0.0,0.0,1.0
2031.97,1948.0,-4.56,49.58,1.13,16.75,9.01,8.36,12.35,2.62,0.06,0.14,0.0,0.0,0.0,0.0,1.0
11417.16,1967.0,-2.86,56.28,1.33,17.22,0.0,8.87,13.05,2.92,0.16,0.09,0.0,0.0,0.08,0.0,1.0
1283.2,1977.0,1.52,51.31,1.58,14.67,11.0,7.0,11.57,2.57,0.15,0.14,0.0,0.0,0.0,0.0,1.0
10699.55,1988.0,0.21,56.98,1.51,17.64,0.0,8.4,11.8,3.41,0.24,0.0,0.0,0.0,0.02,0.0,1.0
6426.82,1989.0,0.92,55.41,0.7,16.07,6.19,6.02,7.72,3.58,1.28,0.22,0.0,1.47,1.34,0.0,1.0
1240.66,1992.0,-3.88,52.72,0.12,3.31,0.0,41.17,2.47,0.17,0.02,0.02,0.0,0.0,0.0,0.0,1.0
1859.88,1952.0,4.47,52.69,0.82,21.1,0.0,8.81,14.17,2.3,0.04,0.06,0.0,0.0,0.0,0.0,1.0
7019.54,1954.0,2.05,51.48,1.37,14.74,10.23,7.57,12.13,2.13,0.18,0.15,0.0,0.0,0.0,0.0,1.0
733.8,1973.0,-2.46,56.22,0.92,17.56,4.56,5.2,6.49,5.07,1.23,0.2,0.0,1.49,1.06,0.0,1.0
11369.65,1974.0,-0.29,50.59,1.55,16.05,9.98,7.49,11.27,2.84,0.1,0.13,0.0,0.0,0.0,0.0,1.0
5623.76,1986.0,-2.33,56.27,0.73,16.47,6.24,5.02,8.06,3.33,1.92,0.28,0.0,1.49,0.2,0.0,1.0
9822.57,1961.0,-1.09,55.09,1.51,19.14,0.0,8.21,11.07,4.53,0.2,0.21,0.0,0.0,0.05,0.0,1.0
7942.36,1962.0,3.69,47.32,0.04,1.22,0.0,49.92,0.81,0.0,0.25,0.03,0.0,0.0,0.4,0.0,1.0
11297.95,1964.0,-3.7,49.38,0.04,1.42,0.0,47.97,0.31,0.57,0.05,0.0,0.0,0.0,0.25,0.0,1.0
5437.02,1970.0,0.31,49.94,1.55,14.62,11.17,7.31,12.49,2.65,0.16,0.12,0.0,0.0,0.0,0.0,1.0
3980.19,1977.0,-0.41,46.91,1.19,14.0,9.05,13.16,12.23,2.43,0.85,0.17,0.0,0.0,0.0,0.0,1.0
497.77,1984.0,0.54,48.24,0.13,1.36,0.0,49.13,0.65,0.0,0.05,0.0,0.0,0.0,0.43,0.0,1.0
4831.26,1945.0,4.22,56.0,0.74,16.44,6.45,5.8,7.88,3.6,1.35,0.25,0.0,1.49,0.0,0.0,1.0
9797.17,1951.0,-4.41,55.3,1.61,18.09,0.0,8.65,12.47,3.25,0.39,0.18,0.0,0.0,0.05,0.0,1.0
4312.73,1952.0,-4.18,50.09,2.47,13.74,13.05,6.73,10.68,2.77,0.23,0.24,0.0,0.0,0.0,0.0,1.0
532.5,1953.0,2.04,50.44,1.51,14.61,10.66,7.28,12.18,2.95,0.19,0.17,0.0,0.0,0.0,0.0,1.0
4859.1,1955.0,2.05,50.51,1.57,13.99,13.09,7.03,11.38,2.11,0.14,0.18,0.0,0.0,0.0,0.0,1.0
3851.91,1959.0,2.46,51.09,0.78,14.83,8.74,8.73,13.76,1.88,0.12,0.07,0.0,0.0,0.0,0.0,1.0
9176.96,1960.0,1.55,49.76,1.64,15.72,6.6,7.41,9.7,3.72,1.65,0.79,0.0,1.46,1.56,0.0,1.0
1039.67,1969.0,0.8,49.62,1.64,16.73,9.03,8.22,10.73,3.57,0.24,0.21,0.0,0.0,0.0,0.0,1.0
4583.82,1973.0,2.56,51.61,1.14,15.56,9.26,7.85,12.25,2.2,0.08,0.06,0.0,0.0,0.0,0.0,1.0
1647.43,1974.0,4.28,48.46,0.04,1.67,0.0,48.13,0.95,0.12,0.05,0.08,0.0,0.0,0.5,0.0,1.0
11931.5,1979.0,0.87,46.02,0.01,0.9,7.64,45.39,0.0,0.0,0.01,0.02,0.0,0.0,0.0,0.0,1.0
11060.86,1961.0,1.42,57.35,0.95,16.9,4.88,5.02,8.6,3.16,1.43,0.21,0.0,1.5,0.0,0.0,1.0
809.14,1963.0,3.07,51.53,1.5,14.48,10.2,8.0,11.14,2.72,0.08,0.34,0.0,0.0,0.0,0.0,1.0
377.11,1967.0,2.96,57.43,0.33,15.23,7.12,6.79,11.0,1.82,0.25,0.03,0.0,0.0,0.0,0.0,1.0
10341.98,1977.0,3.48,55.3,1.61,18.09,0.0,8.65,12.47,3.25,0.39,0.18,0.0,0.0,0.05,0.0,1.0
7788.25,1982.0,2.19,51.05,1.6,14.0,11.84,7.4,11.53,2.34,0.1,0.14,0.0,0.0,0.0,0.0,1.0
9291.78,1991.0,-4.51,55.78,0.46,17.39,0.0,8.64,14.53,3.15,0.04,0.01,0.0,0.0,0.0,0.0,1.0
5866.14,1994.0,2.46,51.0,1.58,14.38,10.26,7.89,11.87,2.75,0.11,0.17,0.0,0.0,0.0,0.0,1.0
1898.54,1946.0,-0.8,50.82,1.33,16.97,9.76,5.67,11.89,2.88,0.49,0.19,0.0,0.0,0.0,0.0,1.0
8304.21,1948.0,-1.04,58.85,0.66,16.71,4.9,5.3,4.52,4.66,2.42,0.3,0.0,1.49,0.2,0.0,1.0
199.26,1952.0,-4.18,40.64,4.52,10.98,15.08,8.38,13.56,3.81,1.34,1.71,0.0,0.0,0.0,0.0,1.0
11162.25,1954.0,2.4,56.55,0.9,15.9,5.71,5.91,7.33,3.68,2.07,0.46,0.0,1.48,0.0,0.0,1.0
4569.93,1957.0,-1.23,51.78,0.73,7.56,0.0,27.45,11.34,1.09,0.04,0.01,0.0,0.0,0.0,0.0,1.0
9576.48,1959.0,1.78,55.63,0.48,17.07,0.0,9.72,13.61,3.46,0.03,0.01,0.0,0.0,0.0,0.0,1.0
7749.27,1965.0,-4.2,58.4,1.27,16.34,0.0,8.08,12.74,2.92,0.22,0.0,0.0,0.0,0.03,0.0,1.0
1452.03,1969.0,4.68,49.34,0.85,14.79,8.22,12.5,10.3,2.82,0.82,0.31,0.0,0.0,0.05,0.0,1.0
575.23,1970.0,0.64,50.11,1.19,16.2,9.08,8.35,12.37,2.48,0.11,0.11,0.0,0.0,0.0,0.0,1.0
4254.28,1972.0,3.22,48.43,0.8,14.11,8.69,14.65,9.89,2.47,0.71,0.27,0.0,0.0,0.0,0.0,1.0
1962.69,1978.0,-1.94,50.71,1.31,16.01,7.57,7.99,13.28,2.12,0.75,0.25,0.0,0.0,0.0,0.0,1.0
1772.68,1982.0,-0.81,56.0,0.74,16.44,6.45,5.8,7.88,3.6,1.35,0.25,0.0,1.49,0.0,0.0,1.0
844.56,1945.0,1.27,53.92,0.94,18.33,0.0,10.36,13.94,2.3,0.06,0.06,0.0,0.0,0.08,0.0,1.0
9755.61,1947.0,-1.03,50.55,0.93,15.45,8.85,9.37,12.79,1.9,0.08,0.08,0.0,0.0,0.0,0.0,1.0
8576.82,1969.0,1.04,54.46,1.18,17.62,0.0,10.05,13.77,2.64,0.08,0.11,0.0,0.0,0.07,0.0,1.0
11050.19,1970.0,-3.61,48.2,0.09,0.54,0.0,49.17,1.02,0.09,0.11,0.38,0.0,0.0,0.41,0.0,1.0
11379.47,1973.0,-4.2,49.06,1.53,10.29,10.78,18.19,8.16,1.61,0.23,0.15,0.0,0.0,0.0,0.0,1.0
9983.12,1977.0,-3.42,47.66,0.09,0.43,0.0,51.48,0.27,0.0,0.04,0.02,0.0,0.0,0.0,0.0,1.0
5772.97,1988.0,0.57,50.93,0.89,15.44,8.92,8.55,13.12,1.98,0.07,0.1,0.0,0.0,0.0,0.0,1.0
3685.98,1992.0,1.69,61.28,0.6,15.53,4.82,5.18,5.38,3.39,2.13,0.14,0.0,1.53,0.0,0.0,1.0
2483.14,1947.0,-2.0,50.21,1.92,15.48,10.6,6.02,11.61,3.22,0.57,0.37,0.0,0.0,0.0,0.0,1.0
1224.86,1954.0,-0.71,51.72,1.48,15.39,9.41,7.35,11.65,2.76,0.1,0.14,0.0,0.0,0.0,0.0,1.0
11843.14,1959.0,1.64,58.01,1.03,15.69,10.27,5.15,4.27,4.09,1.33,0.16,0.0,0.0,0.0,0.0,1.0
3127.65,1963.0,3.37,50.24,0.88,15.44,9.37,8.85,13.06,2.09,0.02,0.05,0.0,0.0,0.0,0.0,1.0
5504.74,1990.0,0.9,51.43,2.26,13.11,14.42,5.55,10.34,2.54,0.15,0.2,0.0,0.0,0.0,0.0,1.0
4082.78,1954.0,2.93,50.82,1.34,15.72,9.7,7.79,11.66,2.76,0.07,0.14,0.0,0.0,0.0,0.0,1.0
9600.42,1965.0,-0.24,51.17,1.25,15.2,9.12,8.25,12.06,2.53,0.11,0.31,0.0,0.0,0.0,0.0,1.0
8206.68,1967.0,0.96,53.74,0.49,15.46,0.0,12.72,14.31,2.68,0.03,0.02,0.0,0.54,0.0,0.0,1.0
10918.23,1969.0,1.23,50.41,1.96,15.22,10.84,6.84,11.39,2.9,0.23,0.2,0.0,0.0,0.0,0.0,1.0
149.54,1970.0,-1.53,55.65,1.26,17.26,0.0,9.29,13.55,2.76,0.1,0.08,0.0,0.0,0.05,0.0,1.0
1254.49,1975.0,1.9,52.73,2.94,19.13,0.0,5.4,9.7,3.82,3.82,2.46,0.0,0.0,0.0,0.0,1.0
6519.29,1986.0,0.88,51.06,1.87,13.97,11.36,7.18,11.26,3.01,0.13,0.17,0.0,0.0,0.0,0.0,1.0
10274.86,1945.0,0.07,53.68,0.79,15.5,7.39,8.32,8.93,3.02,1.27,0.27,0.0,0.84,0.0,0.0,1.0
9523.61,1947.0,-2.5,54.88,0.46,15.95,8.1,7.72,10.9,1.78,0.19,0.03,0.0,0.0,0.0,0.0,1.0
545.66,1950.0,0.09,50.41,0.91,14.82,8.91,10.55,12.21,1.94,0.14,0.11,0.0,0.0,0.0,0.0,1.0
7834.09,1954.0,1.36,50.47,0.83,14.76,9.62,8.2,13.8,1.81,0.24,0.27,0.0,0.0,0.0,0.0,1.0
7575.28,1958.0,3.74,16.08,7.32,9.57,57.61,6.9,1.68,0.71,0.1,0.02,0.0,0.0,0.0,0.0,1.0
2439.86,1962.0,-4.25,49.41,0.66,12.09,8.2,14.8,8.33,2.28,1.65,0.55,0.0,1.48,0.55,0.0,1.0
10072.5,1964.0,2.41,57.0,1.1,18.21,0.0,8.52,10.77,3.43,0.87,0.11,0.0,0.0,0.0,0.0,1.0
8865.55,1969.0,-1.76,55.34,0.61,14.28,5.38,7.69,7.46,3.76,2.8,0.48,0.0,1.47,0.72,0.0,1.0
5769.69,1971.0,-3.92,51.25,0.31,20.99,0.0,7.06,18.94,1.36,0.11,0.0,0.0,0.0,0.0,0.0,1.0
11038.72,1974.0,1.88,53.23,0.57,14.81,8.79,9.38,10.89,1.98,0.28,0.06,0.0,0.0,0.0,0.0,1.0
5261.08,1948.0,0.52,51.24,2.4,13.26,14.28,5.99,10.35,2.2,0.09,0.17,0.0,0.0,0.0,0.0,1.0
6885.87,1950.0,1.57,54.34,1.07,18.61,0.0,9.75,13.15,2.84,0.12,0.12,0.0,0.0,0.0,0.0,1.0
10656.97,1966.0,4.03,46.38,0.04,0.91,0.0,51.28,0.53,0.0,0.11,0.02,0.0,0.0,0.73,0.0,1.0
6587.52,1967.0,2.94,51.11,1.59,14.11,12.35,7.02,11.33,2.12,0.2,0.17,0.0,0.0,0.0,0.0,1.0
3277.89,1976.0,1.05,53.39,0.43,21.54,0.0,6.02,14.0,3.67,0.06,0.04,0.0,0.84,0.0,0.0,1.0
486.29,1977.0,0.49,51.31,1.15,15.49,9.23,7.95,12.28,2.41,0.06,0.12,0.0,0.0,0.0,0.0,1.0
8928.67,1948.0,2.51,52.71,0.96,17.21,7.33,6.38,9.0,3.29,1.24,0.38,0.0,1.49,0.0,0.0,1.0
4435.56,1951.0,1.34,53.77,0.26,20.29,0.0,9.69,12.6,3.34,0.03,0.01,0.0,0.0,0.01,0.0,1.0
8827.46,1968.0,2.53,49.74,1.72,15.37,10.31,8.41,11.69,2.53,0.11,0.0,0.0,0.0,0.11,0.0,1.0
6330.38,1969.0,0.08,57.52,1.17,16.72,5.46,5.28,6.5,2.97,2.0,0.24,0.0,1.51,0.64,0.0,1.0
9164.37,1973.0,2.83,52.22,2.21,15.3,10.48,5.59,9.54,4.15,0.27,0.24,0.0,0.0,0.0,0.0,1.0
8971.68,1979.0,-0.89,58.66,1.45,13.22,0.0,5.5,16.06,5.0,0.03,0.07,0.0,0.0,0.0,0.0,1.0
2784.18,1983.0,-0.21,60.88,0.04,3.62,0.0,32.23,3.2,0.0,0.03,0.0,0.0,0.0,0.0,0.0,1.0
1917.23,1985.0,3.28,53.48,0.41,15.19,7.72,9.98,11.43,1.63,0.13,0.04,0.0,0.0,0.0,0.0,1.0
6151.43,1986.0,-0.39,56.24,1.63,16.89,0.0,8.3,12.99,3.38,0.35,0.17,0.0,0.0,0.06,0.0,1.0
3131.74,1993.0,1.72,51.0,1.09,14.95,9.51,8.08,12.92,2.17,0.05,0.08,0.0,0.15,0.0,0.0,1.0
11421.63,1954.0,1.46,51.44,1.44,14.7,9.96,7.98,12.33,2.06,0.09,0.0,0.0,0.0,0.0,0.0,1.0
3877.29,1958.0,0.7,52.71,0.96,17.21,7.33,6.38,9.0,3.29,1.24,0.38,0.0,1.49,0.0,0.0,1.0
3191.91,1973.0,-2.43,46.9,0.61,17.49,9.33,10.09,9.27,3.93,0.81,0.06,0.0,1.51,0.0,0.0,1.0
11456.91,1979.0,2.41,50.9,2.07,14.76,11.19,6.92,10.93,2.89,0.15,0.18,0.0,0.0,0.0,0.0,1.0
5953.19,1988.0,2.21,52.0,0.45,13.58,6.0,10.85,14.71,2.17,0.21,0.05,0.0,0.0,0.0,0.0,1.0
8589.28,1991.0,-4.01,56.75,0.72,16.34,6.36,6.38,7.95,3.65,1.3,0.23,0.0,0.0,0.34,0.0,1.0
2499.77,1945.0,4.62,54.13,0.4,15.25,7.85,8.67,12.1,1.43,0.13,0.03,0.0,0.0,0.0,0.0,1.0
6380.31,1949.0,-4.42,50.99,1.46,15.15,9.77,8.43,11.24,2.74,0.08,0.15,0.0,0.0,0.0,0.0,1.0
8162.88,1952.0,-3.24,50.66,1.75,15.72,10.09,7.28,11.14,3.05,0.14,0.17,0.0,0.0,0.0,0.0,1.0
10056.69,1953.0,-0.49,50.14,1.54,14.73,10.49,7.65,12.21,2.9,0.19,0.15,0.0,0.0,0.0,0.0,1.0
1156.95,1974.0,0.15,56.89,0.83,16.94,6.38,5.1,7.54,3.73,1.37,0.27,0.0,0.09,0.85,0.0,1.0
4512.26,1975.0,-4.03,47.14,0.62,17.58,9.38,10.15,9.32,3.95,0.81,0.06,0.0,0.0,1.01,0.0,1.0
7473.45,1983.0,2.01,61.0,0.29,13.28,4.07,9.41,4.57,3.74,1.25,0.04,0.0,2.36,0.0,0.0,1.0
6159.05,1987.0,1.33,50.69,2.54,16.1,9.85,6.1,10.27,3.31,1.14,0.0,0.0,0.0,0.0,0.0,1.0
9708.46,1993.0,-0.88,41.68,1.32,6.8,10.95,28.4,8.11,1.32,0.91,0.51,0.0,0.0,0.0,0.0,1.0
11284.42,1952.0,-2.27,51.7,1.96,13.63,13.03,6.11,10.78,2.39,0.2,0.2,0.0,0.0,0.0,0.0,1.0
1871.5,1957.0,2.05,57.17,1.13,16.51,0.0,6.77,12.47,4.16,1.69,0.1,0.0,0.0,0.0,0.0,1.0
9020.56,1958.0,-2.75,52.32,0.33,19.05,0.0,8.65,12.14,2.18,0.19,0.05,0.0,5.02,0.07,0.0,1.0
11189.96,1966.0,-1.72,54.39,1.29,18.72,0.0,9.44,12.66,2.98,0.32,0.16,0.0,0.0,0.05,0.0,1.0
5984.63,1975.0,-0.89,54.32,0.31,17.79,0.0,10.14,14.58,2.8,0.02,0.0,0.0,0.0,0.03,0.0,1.0
2918.83,1977.0,-1.96,50.89,1.21,15.3,9.46,7.9,12.34,2.77,0.04,0.08,0.0,0.0,0.0,0.0,1.0
1570.53,1988.0,1.26,50.88,2.05,15.25,10.21,7.47,10.25,2.72,0.85,0.33,0.0,0.0,0.0,0.0,1.0
1015.68,1993.0,1.93,51.46,1.85,13.9,12.17,6.58,11.35,2.37,0.14,0.17,0.0,0.0,0.0,0.0,1.0
6837.6,1954.0,1.06,52.65,1.4,15.23,9.56,7.49,10.62,2.74,0.18,0.14,0.0,0.0,0.0,0.0,1.0
8250.31,1959.0,4.66,54.01,0.73,18.87,0.0,9.07,14.47,2.7,0.09,0.07,0.0,0.0,0.0,0.0,1.0
7874.74,1971.0,1.65,49.76,2.15,13.63,13.2,6.39,11.76,2.94,0.07,0.11,0.0,0.0,0.0,0.0,1.0
2793.68,1972.0,0.85,57.38,1.75,18.25,0.0,8.12,10.1,3.95,0.26,0.19,0.0,0.0,0.0,0.0,1.0
7981.06,1987.0,4.88,50.01,1.45,16.02,9.46,7.48,11.66,3.65,0.12,0.16,0.0,0.0,0.0,0.0,1.0
2000.12,1991.0,1.51,47.7,0.78,13.9,8.56,14.43,9.74,2.43,0.7,0.26,0.0,1.49,0.0,0.0,1.0
8966.43,1993.0,0.36,50.14,3.23,18.24,0.0,7.6,10.23,4.01,4.01,2.54,0.0,0.0,0.0,0.0,1.0
3929.58,1945.0,-0.26,47.29,1.13,17.84,9.08,9.56,12.33,2.64,0.03,0.09,0.0,0.0,0.0,0.0,1.0
9371.85,1957.0,3.14,50.16,1.71,15.55,10.16,7.86,10.98,3.26,0.17,0.16,0.0,0.0,0.0,0.0,1.0
2964.02,1960.0,-3.44,48.84,0.17,4.21,0.0,42.19,4.04,0.17,0.0,0.01,0.0,0.0,0.36,0.0,1.0
1454.32,1966.0,1.71,64.29,0.19,16.77,3.94,5.71,1.58,4.57,1.45,0.03,0.0,1.49,0.0,0.0,1.0
1927.44,1975.0,2.07,51.16,1.73,15.06,10.11,7.49,11.22,2.86,0.14,0.22,0.0,0.0,0.0,0.0,1.0
176.64,1981.0,-3.31,57.15,1.12,16.55,5.38,5.88,6.83,3.34,2.01,0.23,0.0,1.51,0.0,0.0,1.0
773.07,1947.0,0.43,51.05,1.6,14.0,11.84,7.4,11.53,2.34,0.1,0.14,0.0,0.0,0.0,0.0,1.0
7486.68,1948.0,1.54,50.29,0.12,1.47,0.0,46.96,0.88,0.12,0.13,0.03,0.0,0.0,0.0,0.0,1.0
7641.98,1952.0,-0.52,55.26,0.97,17.45,0.0,10.85,11.75,2.78,0.73,0.21,0.0,0.0,0.0,0.0,1.0
4495.72,1953.0,1.1,57.42,1.16,16.69,5.45,5.28,6.49,2.97,2.0,0.24,0.0,1.5,0.81,0.0,1.0
2935.79,1972.0,-4.24,54.8,1.37,18.27,0.0,9.14,13.33,2.8,0.18,0.11,0.0,0.0,0.0,0.0,1.0
5072.11,1987.0,-2.28,48.62,0.84,14.58,8.1,12.32,10.15,2.78,0.81,0.3,0.0,1.49,0.0,0.0,1.0
94.16,1946.0,1.67,51.03,2.57,13.59,13.21,5.61,10.34,3.22,0.22,0.19,0.0,0.0,0.0,0.0,1.0
10972.63,1959.0,2.09,53.88,0.77,16.3,6.83,5.86,8.23,3.32,1.2,0.18,0.0,1.46,1.96,0.0,1.0
4325.87,1964.0,-2.8,54.95,0.27,19.65,0.0,8.61,12.57,3.69,0.23,0.02,0.0,0.0,0.0,0.0,1.0
7675.29,1972.0,4.01,53.33,2.06,13.36,12.95,5.01,8.84,3.67,0.34,0.45,0.0,0.0,0.0,0.0,1.0
9840.03,1982.0,4.87,51.5,1.2,16.43,8.21,7.29,12.25,2.89,0.11,0.12,0.0,0.0,0.0,0.0,1.0
4335.18,1945.0,-1.42,55.18,0.32,14.87,7.39,8.55,12.28,1.24,0.13,0.03,0.0,0.0,0.0,0.0,1.0
6231.73,1954.0,-2.2,55.35,0.48,16.73,0.0,9.89,14.63,2.84,0.05,0.02,0.0,0.0,0.0,0.0,1.0
3765.73,1961.0,2.66,51.03,1.33,14.96,9.65,8.14,11.96,2.73,0.07,0.11,0.0,0.0,0.0,0.0,1.0
10215.51,1974.0,3.13,51.45,0.04,2.58,0.0,44.16,1.09,0.0,0.27,0.0,0.0,0.0,0.41,0.0,1.0
3627.88,1976.0,0.47,50.64,1.68,16.23,9.11,7.72,11.16,3.12,0.16,0.18,0.0,0.0,0.0,0.0,1.0
2070.89,1978.0,2.04,58.41,0.71,15.45,5.59,5.14,7.72,4.33,2.13,0.52,0.0,0.0,0.0,0.0,1.0
8925.08,1989.0,-1.5,51.37,0.1,5.68,0.0,37.22,5.55,0.09,0.0,0.0,0.0,0.0,0.0,0.0,1.0
4510.31,1947.0,2.97,50.07,0.2,18.54,4.47,9.63,14.91,2.11,0.07,0.01,0.0,0.0,0.0,0.0,1.0
4200.01,1949.0,3.12,45.25,0.04,2.12,7.91,41.84,2.22,0.17,0.0,0.01,0.0,0.0,0.43,0.0,1.0
11020.13,1956.0,0.71,56.11,1.77,17.4,0.0,8.13,12.32,3.66,0.38,0.19,0.0,0.0,0.05,0.0,1.0
1522.05,1964.0,2.41,51.12,0.33,17.13,4.89,9.69,13.36,2.25,0.0,0.0,0.0,1.21,0.03,0.0,1.0
5705.31,1968.0,-4.21,54.43,1.79,18.45,0.0,8.4,12.2,3.57,0.82,0.3,0.0,0.0,0.05,0.0,1.0
4093.95,1971.0,1.53,51.02,1.87,13.76,11.95,6.91,11.05,3.1,0.14,0.2,0.0,0.0,0.0,0.0,1.0
5674.04,1975.0,-2.82,48.89,0.83,17.48,8.52,9.21,12.58,2.39,0.04,0.06,0.0,0.0,0.0,0.0,1.0
3573.19,1992.0,-1.58,52.52,1.83,18.79,6.51,5.39,6.27,5.66,1.93,1.09,0.0,0.0,0.0,0.0,1.0
