 THERM-B           1   1599.9999391166361        300.00000000000000        524490.07298409799        125564.80344371400        320.74089287968036        242.06616486593870        8.5590737060807602E-003  0.21568211900389772        748.80311521979195        0.0000000000000000     
 THERM-B           2   1599.9999391166361        300.00000000000000        523803.35999934131        122325.26340499173        321.16591130002087        250.33862428340763        1.1561547767868602E-002  0.29544000621888289        701.85913077708426        0.0000000000000000     
 THERM-B           3   1599.9999391166361        300.00000000000000        282641.50655991957        68655.341866607327        172.56827677282544        127.74814117689083        2.5846714125687717E-002  0.64589040538522791        775.84747847416668        0.0000000000000000     
 THERM-B           4   1599.9999391166361        300.00000000000000        282133.68344979122        66274.091213083360        172.88241116198068        133.74614811880144        2.7227762213067438E-002  0.69350907244792581        713.01433948869021        0.0000000000000000     
 THERM-B           5   1599.9999391166361        300.00000000000000        280736.39211386727        59465.730049276412        173.74957792393246        152.45615195819946        1.3528258058792512E-002  0.36380312168941087        501.39904810965606        0.0000000000000000     
 THERM-B           6   1599.9999391166361        300.00000000000000        282232.78329956811        66742.492914264716        172.82106618040871        132.54483955491074        2.3067820620373387E-002  0.58535360624606092        725.69898707804236        0.0000000000000000     
 THERM-B           7   1599.9999391166361        300.00000000000000        403825.29070996318        98318.994962451252        246.49415213778425        181.90747883784729        2.1798099578381611E-002  0.54398496902226490        780.13492659684186        0.0000000000000000     
 THERM-B           8   1599.9999391166361        300.00000000000000        402433.19528132549        91740.051655123258        247.35586879196322        198.78109888106320        1.3859243998365970E-002  0.35885489507750939        655.10071738720933        0.0000000000000000     
 THERM-B           9   1599.9999391166361        300.00000000000000        403512.75978158467        96863.747084731556        246.68736140255359        185.51420595542984        2.0660794197777398E-002  0.51983230299090621        753.85447177978949        0.0000000000000000     
 THERM-B          10   1599.9999391166361        300.00000000000000        403104.07394589426        94942.058512111966        246.94023233842688        190.38501349271777        1.8200951881715065E-002  0.46290300104667992        718.05435757894531        0.0000000000000000     
 THERM-B          11   1599.9999391166361        300.00000000000000        403754.99072792951        97992.720175173628        246.53759959805308        182.71006651819039        2.6484971442887952E-002  0.66216095712849921        774.30037489902850        0.0000000000000000     
 THERM-B          12   1599.9999391166361        300.00000000000000        402394.63508253917        91554.170360903590        247.37977864971637        199.27947557244812        1.8759578135041387E-002  0.48624338418726082        651.29902811734132        0.0000000000000000     
 THERM-B          13   1599.9999391166361        300.00000000000000        403435.33798555663        96501.343190840096        246.73524652489772        186.42329906447537        2.2538671332535939E-002  0.56823445179824672        747.20285030122898        0.0000000000000000     
 THERM-B          14   1599.9999391166361        300.00000000000000        402638.74349838635        92727.497271406493        247.22845254738283        196.15395781421230        1.7575618789057237E-002  0.45257601844756373        675.00757638221080        0.0000000000000000     
 THERM-B          15   1599.9999391166361        300.00000000000000        403668.18273403565        97588.978540158336        246.59125957421455        183.70804719723694        2.3787144882587988E-002  0.59606121552517533        767.03519013961602        0.0000000000000000     
 THERM-B          16   1599.9999391166361        300.00000000000000        403819.26906492724        98291.071479329228        246.49787340582654        181.97603014972890        1.9898380870907052E-002  0.49665420882180072        779.63685039050154        0.0000000000000000     
 THERM-B          17   1599.9999391166361        300.00000000000000        404010.61164496723        99176.171777602372        246.37965333131544        179.81549352238562        2.2660481855180017E-002  0.56278933629990324        795.31281947308014        0.0000000000000000     
 THERM-B          18   1599.9999391166361        300.00000000000000        402991.82089392352        94410.448772633754        247.00973122613519        191.75449910381676        1.5421640723088253E-002  0.39338692660964986        707.90750738777376        0.0000000000000000     
 THERM-B          19   1599.9999391166361        300.00000000000000        201330.85505681444        46418.736792384523        123.60710988739778        97.931735596067355        1.9855659851255654E-002  0.51097306940662957        677.19579048865671        0.0000000000000000     
 THERM-B          20   1599.9999391166361        300.00000000000000        201302.08552115987        46280.906123000859        123.62493955760310        98.296193505569164        1.7560118602591629E-002  0.45259620586525662        671.70025181285405        0.0000000000000000     
 THERM-B          21   1599.9999391166361        300.00000000000000        807981.59798818058        198169.46572687058        492.78378394052817        360.07503604717505        2.6145404162484343E-002  0.64967365170593094        793.70384917338390        0.0000000000000000     
 THERM-B          22   1599.9999391166361        300.00000000000000        806083.45413741597        189293.99728647253        493.95766133288697        382.28786165789796        2.2188749027972951E-002  0.56525794483094460        712.43633149976347        0.0000000000000000     
 THERM-B          23   1599.9999391166361        300.00000000000000        807961.90859458980        198078.55985371792        492.79594687250835        360.29596777509880        2.7512687657219193E-002  0.68382321974938576        792.90316888792529        0.0000000000000000     
 THERM-B          24   1599.9999391166361        300.00000000000000        807998.29554714658        198246.53967197522        492.77346940977310        359.88782538556927        2.5304380570680136E-002  0.62863933112933501        794.38223982241345        0.0000000000000000     
 THERM-B          25   1599.9999391166361        300.00000000000000        808161.00819472282        198996.70842894007        492.67296821526071        358.07070112145709        3.1277246933572818E-002  0.77538746138838643        800.96322294550271        0.0000000000000000     
 THERM-B          26   1599.9999391166361        300.00000000000000        806326.13734134950        190441.57583648851        493.80742917830423        379.34163362480064        2.2358121676018521E-002  0.56774438431787211        723.33052378819514        0.0000000000000000     
 THERM-B          27   1599.9999391166361        300.00000000000000        806495.70011987258        191241.12022716741        493.70248780996872        377.30212043610874        2.7797838635902430E-002  0.70429625106377480        730.84684801940796        0.0000000000000000     
 THERM-B          28   1599.9999391166361        300.00000000000000        201606.70838243933        47729.153939191303        123.43627658920889        94.532144655579671        4.0674251927831653E-002   1.0314755371771398        727.80342074820749        0.0000000000000000     
 THERM-B          29   1599.9999391166361        300.00000000000000        282617.04132224247        68541.690701341737        172.58339824123956        128.02829450805757        2.5375413844468581E-002  0.63469135303670332        772.93630699217977        0.0000000000000000     
 THERM-B          30   1599.9999391166361        300.00000000000000        281241.50936429988        61972.373283967056        173.43562198569694        145.28887673331900        1.6666741551020166E-002  0.43935015532157207        586.71212851532118        0.0000000000000000     
 THERM-B          31   1599.9999391166361        300.00000000000000        282879.00362679095        69753.119536689890        172.42155029488472        125.07305118153387        3.3444013535760618E-002  0.82840930246418376        803.56590040540709        0.0000000000000000     
 THERM-B          32   1599.9999391166361        300.00000000000000        281352.00287668518        62513.657403697478        173.36701678194564        143.78468915082419        1.8861472863841548E-002  0.49506456899274742        603.77826539398268        0.0000000000000000     
 THERM-B          33   1599.9999391166361        300.00000000000000        283233.04542810412        71371.458844503941        172.20304296043196        121.23019454992514        3.3507016562192356E-002  0.81924352070168893        843.21588554719801        0.0000000000000000     
 THERM-B          34   1599.9999391166361        300.00000000000000        281474.50380688749        63110.883000637987        173.29098643173080        142.14263226776279        2.0745633528322368E-002  0.54193134224455608        622.15561483599686        0.0000000000000000     
 THERM-B          35   1599.9999391166361        300.00000000000000        202600.14388273904        52290.401997291236        122.82291512312541        83.581596141164837        3.9704507855601159E-002  0.95653300400845476        886.65225549468937        0.0000000000000000     
 THERM-B          36   1599.9999391166361        300.00000000000000        201596.87376287184        47682.778102770666        123.44236320252362        94.650455777515120        2.6695717576043398E-002  0.67734003514200225        726.05926391313392        0.0000000000000000     
 THERM-B          37   1599.9999391166361        300.00000000000000        202632.09910804697        52433.245656466017        122.80323384545389        83.259791690756217        4.2805932386118579E-002   1.0295894475738727        891.29765356614791        0.0000000000000000     
 THERM-B          38   1599.9999391166361        300.00000000000000        200965.96911005065        44653.847856148197        123.83342650124321        102.69993364893040        2.5294942216983231E-002  0.66391723821283433        603.83215335455998        0.0000000000000000     
 THERM-B          39   1599.9999391166361        300.00000000000000        201680.99147355682        48078.635611879916        123.39031227442743        93.645231319615405        2.6263871122820262E-002  0.66343154055177689        740.84610083511041        0.0000000000000000     
 THERM-B          40   1599.9999391166361        300.00000000000000        202267.15013606875        50787.921346827563        123.02818567131486        87.042331083275243        4.3513502900106388E-002   1.0662002052815074        836.73329415713465        0.0000000000000000     
 THERM-B          41   1599.9999391166361        300.00000000000000        201443.28264939442        46955.237748214204        123.53745737039986        96.525650483641883        3.0249339377139195E-002  0.77378671502685836        698.26049641851330        0.0000000000000000     
 THERM-B          42   1599.9999391166361        300.00000000000000        202042.07702543805        49757.581484951443        123.16711495202820        89.497370624748044        3.9949250087691103E-002  0.99027964039701633        801.25721857394080        0.0000000000000000     
 THERM-B          43   1599.9999391166361        300.00000000000000        200967.16819354609        44659.708195718922        123.83268213609071        102.68373229070970        2.2785048600011223E-002  0.59800085122518154        604.08772101744955        0.0000000000000000     
 THERM-B          44   1599.9999391166361        300.00000000000000        201486.36594868335        47159.941311710267        123.51077579681878        95.994384561997677        3.1181749126799767E-002  0.79581133627638101        706.16763547823030        0.0000000000000000     
 THERM-B          45   1599.9999391166361        300.00000000000000        201488.08765256256        47168.111561060105        123.50970965627501        95.973239974080954        3.1110637131273117E-002  0.79392377129333003        706.48179964689916        0.0000000000000000     
 THERM-B          46   1599.9999391166361        300.00000000000000        201542.58929184350        47426.344392647225        123.47596483028811        95.307283363123815        3.1797066460405275E-002  0.80909669352552915        716.35632038985023        0.0000000000000000     
 THERM-B          47   1599.9999391166361        300.00000000000000        202406.77324443503        51421.037570299850        122.94207664237085        85.567014459765986        5.1342096362115938E-002   1.2490825165761132        858.01294717488838        0.0000000000000000     
 THERM-B          48   1599.9999391166361        300.00000000000000        201512.07412046037        47281.857061925512        123.49485729134629        95.679340970676932        3.5201241979112820E-002  0.89716943887962430        710.84437034537507        0.0000000000000000     
 THERM-B          49   1599.9999391166361        300.00000000000000        201310.48284487522        46321.159504886666        123.61973513571726        98.189616787945440        3.6707240991338701E-002  0.94567000128910239        673.30890018628622        0.0000000000000000     
 THERM-B          50   1599.9999391166361        300.00000000000000        200994.54676197772        44793.406391436249        123.81568727175261        102.31478850797274        2.6898830550324975E-002  0.70491543716756311        609.89413202241292        0.0000000000000000     
 THERM-B          51   1599.9999391166361        300.00000000000000        201461.59342062584        47042.298316510707        123.52611680186830        96.299351340977580        3.4074643066362605E-002  0.87078961690876377        701.63188812205988        0.0000000000000000     
 THERM-B          52   1599.9999391166361        300.00000000000000        282582.21498206491        68379.723832478601        172.60492587752069        128.42859467571273        3.7858181898911790E-002  0.94814204700973526        768.77344179320733        0.0000000000000000     
 THERM-B          53   1599.9999391166361        300.00000000000000        281762.70631490345        64504.211784564584        173.11223852140157        138.38248425735495        2.8201367346123961E-002  0.72854554321652532        663.40039478945005        0.0000000000000000     
 THERM-B          54   1599.9999391166361        300.00000000000000        281721.48694219772        64305.931857485790        173.13779267594609        138.91158965385043        2.7707666827392712E-002  0.71692610663159673        657.65880299109426        0.0000000000000000     
 THERM-B          55   1599.9999391166361        300.00000000000000        280729.43541957129        59430.830824134966        173.75390564026537        152.55831758624547        1.5572158660940246E-002  0.41888406833338288        500.12305434750283        0.0000000000000000     
 THERM-B          56   1599.9999391166361        300.00000000000000        281527.39584376081        63367.818991231376        173.25816874900974        141.44182769915105        2.5566326017091127E-002  0.66649290761518931        629.92582588880964        0.0000000000000000     
 THERM-B          57   1599.9999391166361        300.00000000000000        848888.29545580631        210413.81406821654        517.10949159664074        372.44544934408015        3.8552426192459389E-002  0.95199746655865503        813.11899105309101        0.0000000000000000     
 THERM-B          58   1599.9999391166361        300.00000000000000        846996.22256885062        201629.92695523085        518.27887126821179        394.06937335288802        3.1790117497747815E-002  0.80367014103483958        738.19161512080439        0.0000000000000000     
 THERM-B          59   1599.9999391166361        300.00000000000000        848326.31617404416        207826.89760073490        517.45655520317530        378.68920402732499        3.6564538091918397E-002  0.90918389422794543        791.59675377204485        0.0000000000000000     
 THERM-B          60   1599.9999391166361        300.00000000000000        322379.47631887003        75462.031677685751        197.61644196308774        153.57516140382629        3.1019039260628205E-002  0.79162475258929321        706.31486277743636        0.0000000000000000     
 THERM-B          61   1599.9999391166361        300.00000000000000        320239.09429365298        64903.971766952687        198.94608842274815        183.40671297168086        9.5848308335172647E-003  0.26328786529201231        393.19267022704952        0.0000000000000000     
 THERM-B          62   1599.9999391166361        300.00000000000000        320584.34506079939        66664.239401947241        198.73103684782083        178.07027618813191        1.2875466767652197E-002  0.34938320827346991        458.32279662564576        0.0000000000000000     
 THERM-B          63   1599.9999391166361        300.00000000000000        322175.32166228979        74489.781023241158        197.74290040589048        156.11167192876550        2.8957778326229928E-002  0.74406560460201543        682.63830092196361        0.0000000000000000     
 THERM-B          64   1599.9999391166361        300.00000000000000        280736.39211386727        59465.730049276412        173.74957792393246        152.45615195819946        1.3528258058792512E-002  0.36380312168941087        501.39904810965606        0.0000000000000000     
 THERM-B          65   1599.9999391166361        300.00000000000000        121546.63922730494        31314.048192371138        73.702032244463865        50.285007446630949       -1.1953328102733622E-003  -2.8829727412977357E-002   883.37983813727442        0.0000000000000000     
 THERM-B          66   1599.9999391166361        300.00000000000000        121500.38884129890        31106.493984434594        73.730528422252419        50.756951483112992        8.6794967692500162E-003  0.21015545039608133        872.03218350740497        0.0000000000000000     
 THERM-B          67   1599.9999391166361        300.00000000000000        122214.75204957355        34225.638591750612        73.291559477668699        44.109182527012713        7.0111913181717472E-002   1.6006172696422420        1033.6928024082645        0.0000000000000000     
 THERM-B          68   1599.9999391166361        300.00000000000000        122401.84444381276        35013.666722787420        73.177005950477138        42.573151614158675        7.4996618916305893E-002   1.6867588623453142        1072.0782307712327        0.0000000000000000     
 THERM-B          69   1599.9999391166361        300.00000000000000        324463.75264629902        85016.046681904307        196.32979473915253        130.71462823499735        3.1041381090748058E-002  0.74073003609065569        913.88867054710079        0.0000000000000000     
 THERM-B          70   1599.9999391166361        300.00000000000000        282129.78327785665        66255.619403705539        172.88482587854915        133.79374112804490        1.4635009367120961E-002  0.37281845867912233        712.51054835407081        0.0000000000000000     
 THERM-B          71   1599.9999391166361        300.00000000000000        40008.817648659366        8004.5035773591371        24.881394771511186        23.261784250388271        8.8054409931901702E-003  0.24333885326255736        357.12091354436723        0.0000000000000000     
 THERM-B          72   1599.9999391166361        300.00000000000000        39957.527728449648        7737.3671514358857        24.913394631351494        24.109208532586365        4.8059212067087711E-003  0.13479224335797685        248.34911504181017        0.0000000000000000     
 THERM-B          73   1599.9999391166361        300.00000000000000        39986.217345595760        7887.3274618076548        24.895490307109768        23.629922639715087        8.9011283814469672E-003  0.24758617138412251        313.86432790800211        0.0000000000000000     
 THERM-B           1   1732.6565765088390        300.00000000000000        567463.11303313414        127528.03710494906        321.03382661604724        237.18435816864090        7.1127279714615034E-003  0.20826018892220133        776.19533134469600        0.0000000000000000     
 THERM-B           2   1732.6565765088390        300.00000000000000        567273.55967655848        126573.77689757796        321.14220561731941        239.54499683607725        1.0060246239640230E-002  0.29578714565274911        762.97256524159661        0.0000000000000000     
 THERM-B           3   1732.6565765088390        300.00000000000000        305897.56571166340        70367.474781277197        172.66981696267163        123.60021973012120        1.9795472699820529E-002  0.57171142041879397        818.77898236387853        0.0000000000000000     
 THERM-B           4   1732.6565765088390        300.00000000000000        305438.37718530244        68071.250825421055        172.93222851922377        129.19439931263457        2.1434553767836012E-002  0.63063622051332524        760.79835474207550        0.0000000000000000     
 THERM-B           5   1732.6565765088390        300.00000000000000        303990.96749464446        60529.948054191234        173.76186691820996        149.37230682086263        1.3045469121881590E-002  0.40779147427693418        539.03739834666817        0.0000000000000000     
 THERM-B           6   1732.6565765088390        300.00000000000000        305499.71965799399        68380.542839950329        172.89715126565775        128.42656740261774        1.7580886492221628E-002  0.51596660127199356        768.79452986245235        0.0000000000000000     
 THERM-B           7   1732.6565765088390        300.00000000000000        437268.95074500708        101869.19765751211        246.51564248868476        173.39661049950178        1.5471418897899478E-002  0.44344047711965634        841.69674567179754        0.0000000000000000     
 THERM-B           8   1732.6565765088390        300.00000000000000        435728.19183936296        94124.926992337831        247.39646757933664        192.49401924077233        9.6195131909649172E-003  0.28804399089542976        702.41097280982842        0.0000000000000000     
 THERM-B           9   1732.6565765088390        300.00000000000000        436960.44404821401        100346.15990335507        246.69177063717825        176.99840210302060        1.4625885289440544E-002  0.42283665880962895        815.69616681797447        0.0000000000000000     
 THERM-B          10   1732.6565765088390        300.00000000000000        436468.57329501223        97889.818609131442        246.97283050526698        182.96391291601248        1.2952865384861723E-002  0.37970637016486830        772.45350700302549        0.0000000000000000     
 THERM-B          11   1732.6565765088390        300.00000000000000        437387.97222675872        102453.23392348152        246.44772454061274        172.03480249905979        2.6862395758752208E-002  0.76738380181167531        851.51783141163128        0.0000000000000000     
 THERM-B          12   1732.6565765088390        300.00000000000000        435862.95609527058        94816.415942918014        247.31930561017489        190.70781389401833        1.8997892285887778E-002  0.56665529997799113        715.66624450390282        0.0000000000000000     
 THERM-B          13   1732.6565765088390        300.00000000000000        436929.26247733505        100191.47558040262        246.70957904079006        177.36833076043987        2.1631202373268391E-002  0.62590911832735052        813.02245358002438        0.0000000000000000     
 THERM-B          14   1732.6565765088390        300.00000000000000        435996.49914063158        95498.883788884850        247.24286550191960        188.96086598470748        1.6648964171620078E-002  0.49468620492455123        728.56543287010390        0.0000000000000000     
 THERM-B          15   1732.6565765088390        300.00000000000000        437191.77770291368        101489.46047835649        246.55968974794339        174.28778361540171        2.2851056648476670E-002  0.65636538932638355        835.26778422706991        0.0000000000000000     
 THERM-B          16   1732.6565765088390        300.00000000000000        437172.67921457475        101395.35636879253        246.57059155335608        174.50933000126025        1.8479547342296496E-002  0.53108273274211959        833.66920184875050        0.0000000000000000     
 THERM-B          17   1732.6565765088390        300.00000000000000        437317.50556572864        102107.69196578098        246.48793320259517        172.83922116797442        1.8857775209566118E-002  0.53977005356647501        845.71687618995861        0.0000000000000000     
 THERM-B          18   1732.6565765088390        300.00000000000000        436252.88110937114        96801.528481884539        247.09617545066396        185.66997093145773        1.4182424113328698E-002  0.41831297699775866        752.71564235685150        0.0000000000000000     
 THERM-B          19   1732.6565765088390        300.00000000000000        218129.97588313691        48418.656793355360        123.54606555985075        92.790183395650388        1.8943528776611540E-002  0.55862970867270001        753.37079677586485        0.0000000000000000     
 THERM-B          20   1732.6565765088390        300.00000000000000        218081.24261880928        48171.684444649654        123.57394318382929        93.410474839574434        1.6515534954534925E-002  0.48838963066487706        744.28936493420440        0.0000000000000000     
 THERM-B          21   1732.6565765088390        300.00000000000000        874546.44953410444        203780.40833396901        493.02640653736444        346.69488851448256        2.3095349832540042E-002  0.66187815376814907        842.05137798839814        0.0000000000000000     
 THERM-B          22   1732.6565765088390        300.00000000000000        872613.24985781615        194146.68542325351        494.13087242798008        369.98085434172077        1.9705108717857744E-002  0.58031437375992656        757.68136593332736        0.0000000000000000     
 THERM-B          23   1732.6565765088390        300.00000000000000        874608.59894940769        204085.71579482459        492.99093873238689        345.98113961276988        2.3775422848080686E-002  0.68077896269851956        844.62534156216361        0.0000000000000000     
 THERM-B          24   1732.6565765088390        300.00000000000000        874554.54396617902        203820.18720645338        493.02178701996036        346.60181060105123        2.2127983999976310E-002  0.63408344177487086        842.38705525214243        0.0000000000000000     
 THERM-B          25   1732.6565765088390        300.00000000000000        874967.88497452228        205845.47314617108        492.78594688988250        341.89551924957044        3.0560759538994689E-002  0.87071523648308691        859.35602446247935        0.0000000000000000     
 THERM-B          26   1732.6565765088390        300.00000000000000        872955.60043606884        195872.44061403739        493.93511068073724        365.69880440586809        1.9892294667113931E-002  0.58297922135621127        773.28672367531192        0.0000000000000000     
 THERM-B          27   1732.6565765088390        300.00000000000000        873418.04207589384        198189.90620583639        493.67079627050418        360.02537726855456        2.5409173777382520E-002  0.73980066056350191        793.88380356786661        0.0000000000000000     
 THERM-B          28   1732.6565765088390        300.00000000000000        218331.34297905565        49431.687123636206        123.43093806821562        90.288062464172640        3.9340640937171309E-002   1.1469228036947985        789.79890747001730        0.0000000000000000     
 THERM-B          29   1732.6565765088390        300.00000000000000        306047.96055914008        71110.169039208908        172.58395369099480        121.84262815492035        2.1439500585476917E-002  0.61548388283792288        836.90474730365156        0.0000000000000000     
 THERM-B          30   1732.6565765088390        300.00000000000000        304586.82199590409        63692.886962336554        173.41987168524426        140.56001670258078        1.3463494987473896E-002  0.41032211261268881        639.64583481740351        0.0000000000000000     
 THERM-B          31   1732.6565765088390        300.00000000000000        306309.96278360911        72393.290134672512        172.43446889520874        118.86434699167802        2.8888656837047780E-002  0.82076189744539385        867.58730041143281        0.0000000000000000     
 THERM-B          32   1732.6565765088390        300.00000000000000        304663.46291268733        64093.615799818741        173.37592963710429        139.48034170426851        1.6290424145857942E-002  0.49488219952593931        651.46583584729308        0.0000000000000000     
 THERM-B          33   1732.6565765088390        300.00000000000000        306579.03544129577        73697.175037626250        172.28107860937510        115.91204258913922        2.8318413291646766E-002  0.79609949596922769        898.01983338782520        0.0000000000000000     
 THERM-B          34   1732.6565765088390        300.00000000000000        304734.46296497592        64463.643263146223        173.33523124770167        138.49057989348918        1.7810271728394472E-002  0.53944712368180259        662.22889454653716        0.0000000000000000     
 THERM-B          35   1732.6565765088390        300.00000000000000        219276.07017788207        54032.678664356099        122.89217426892762        79.739887808014302        3.4150200069694103E-002  0.94497096282145732        942.25808194438048        0.0000000000000000     
 THERM-B          36   1732.6565765088390        300.00000000000000        218229.79741176084        48922.327169804033        123.48898186500054        91.537718900903840        2.2959632700887765E-002  0.67322117397961134        771.64187074596907        0.0000000000000000     
 THERM-B          37   1732.6565765088390        300.00000000000000        219259.22203217493        53952.702632362518        122.90176284056521        79.912304901193096        3.7839848417554028E-002   1.0480208368684902        939.75322987337529        0.0000000000000000     
 THERM-B          38   1732.6565765088390        300.00000000000000        217652.46080386612        45967.304331902742        123.81948433451529        99.130382742383972        2.2671124144625496E-002  0.68727923692636039        659.06094913740753        0.0000000000000000     
 THERM-B          39   1732.6565765088390        300.00000000000000        218270.94495699060        49129.089525715972        123.46545865126332        91.028406385651451        2.2483204167988383E-002  0.65771298462672478        779.04984359845309        0.0000000000000000     
 THERM-B          40   1732.6565765088390        300.00000000000000        218934.25071636832        52395.753787347625        123.08684933597186        83.344135307579265        4.0604295417301928E-002   1.1446672420406354        890.07997106145467        0.0000000000000000     
 THERM-B          41   1732.6565765088390        300.00000000000000        218052.20390495265        48024.181546484120        123.59055748749287        93.782884644703003        2.8009105385499600E-002  0.82965181341988414        738.82539645483757        0.0000000000000000     
 THERM-B          42   1732.6565765088390        300.00000000000000        218710.30581457564        51306.526645094549        123.21455121915230        85.832001428069503        3.7394519546069774E-002   1.0672899552071033        854.19157171318955        0.0000000000000000     
 THERM-B          43   1732.6565765088390        300.00000000000000        217618.03859908821        45787.831970653024        123.83921630174477        99.610892796729686        2.1700013961295350E-002  0.65916909872935359        651.73952721636431        0.0000000000000000     
 THERM-B          44   1732.6565765088390        300.00000000000000        218178.99254063296        48666.349800141033        123.51803187190696        92.172155565830082        2.9725078683740015E-002  0.87412098343730549        762.39690112458527        0.0000000000000000     
 THERM-B          45   1732.6565765088390        300.00000000000000        218151.34531001409        48526.729595916375        123.53384317592251        92.520026715192202        2.9353862261618648E-002  0.86456668220368760        757.31894526965073        0.0000000000000000     
 THERM-B          46   1732.6565765088390        300.00000000000000        218173.55658198660        48638.915808176207        123.52114051530560        92.240406940278135        2.9636684172806446E-002  0.87179162921948705        761.40113083665040        0.0000000000000000     
 THERM-B          47   1732.6565765088390        300.00000000000000        219146.28093467091        53414.709937270447        122.96605800413613        81.081880341573992        4.6687349516829769E-002   1.3010015838064417        922.78891816040164        0.0000000000000000     
 THERM-B          48   1732.6565765088390        300.00000000000000        218188.03569322990        48711.969029611850        123.51286055941100        92.058772388829325        3.1997219966051600E-002  0.94045285233631637        764.05059223511478        0.0000000000000000     
 THERM-B          49   1732.6565765088390        300.00000000000000        218027.34224343309        47897.693717728318        123.60478361147669        94.103398958537056        3.4132830026051053E-002   1.0124851424908241        734.11536054847556        0.0000000000000000     
 THERM-B          50   1732.6565765088390        300.00000000000000        217752.82967723551        46488.451068573529        123.76196661984322        97.747897914458235        2.5214921295248403E-002  0.75992523546028201        679.96199999438841        0.0000000000000000     
 THERM-B          51   1732.6565765088390        300.00000000000000        218129.67506529641        48417.134477889966        123.54623762281972        92.793994369917044        3.0953702749659352E-002  0.91281594491630891        753.31507226751455        0.0000000000000000     
 THERM-B          52   1732.6565765088390        300.00000000000000        305986.26010278246        70806.022989864607        172.61917472585327        122.55937727755402        3.5763808823164746E-002   1.0292347680972116        829.51593372904813        0.0000000000000000     
 THERM-B          53   1732.6565765088390        300.00000000000000        305103.79945017328        66370.109501399769        173.12366839306455        133.49902247645340        2.6632573469467655E-002  0.79438584934466761        715.62867920585586        0.0000000000000000     
 THERM-B          54   1732.6565765088390        300.00000000000000        305047.19304289675        66079.888799441411        173.15607762401288        134.24734656060139        2.6080301592755262E-002  0.77973257020874953        707.70389358859711        0.0000000000000000     
 THERM-B          55   1732.6565765088390        300.00000000000000        304034.64030995790        60764.694424727604        173.73677876083354        148.70024802035860        1.5550540203665105E-002  0.48518562345930105        547.03672684436117        0.0000000000000000     
 THERM-B          56   1732.6565765088390        300.00000000000000        304907.24624716549        65359.333863440959        173.23622708891270        136.12310189555043        2.4533998059448784E-002  0.73776720138670704        687.72289205246818        0.0000000000000000     
 THERM-B          57   1732.6565765088390        300.00000000000000        919093.15738508222        217974.41122314674        517.21030036998945        354.77601714280325        3.6060243008556016E-002   1.0223188748936280        873.82708625946350        0.0000000000000000     
 THERM-B          58   1732.6565765088390        300.00000000000000        917072.45477973274        208017.03479650477        518.36375848721798        378.22678926881827        2.9730031783626504E-002  0.86579655254547172        793.19302923408236        0.0000000000000000     
 THERM-B          59   1732.6565765088390        300.00000000000000        918495.67080957058        215058.35566662601        517.55110273907906        361.49016381482096        3.4203722348550361E-002  0.97735148109506098        850.77243105658749        0.0000000000000000     
 THERM-B          60   1732.6565765088390        300.00000000000000        349240.69464661006        78642.587633660150        197.54062804346688        145.55693365047469        2.8897557516177515E-002  0.84514024343089345        779.85383653627730        0.0000000000000000     
 THERM-B          61   1732.6565765088390        300.00000000000000        346828.58569085080        65965.920177927997        198.92402551641888        180.16916186597194        8.9234053038132199E-003  0.28527300935400551        433.55159317930651        0.0000000000000000     
 THERM-B          62   1732.6565765088390        300.00000000000000        347158.94326462800        67774.527830758045        198.73401402322750        174.78165359987076        1.1774769298475297E-002  0.37170087909021743        495.41395805444932        0.0000000000000000     
 THERM-B          63   1732.6565765088390        300.00000000000000        349009.32273042423        77476.739703185362        197.67292624606890        148.44704921717016        2.6973328130471440E-002  0.79538349124801977        753.52838405136640        0.0000000000000000     
 THERM-B          64   1732.6565765088390        300.00000000000000        303990.96749464446        60529.948054191234        173.76186691820996        149.37230682086263        1.3045469121881590E-002  0.40779147427693418        539.03739834666817        0.0000000000000000     
 THERM-B          65   1732.6565765088390        300.00000000000000        131324.85211180378        31264.614411762814        73.872458746475047        50.397013823026455       -9.1949861178697312E-004  -2.6006303241646701E-002   880.68618214162871        0.0000000000000000     
 THERM-B          66   1732.6565765088390        300.00000000000000        131374.34694447441        31504.097981572140        73.844246594218887        49.856699979476154        7.1008199581359564E-003  0.19992539654284044        893.68430938566155        0.0000000000000000     
 THERM-B          67   1732.6565765088390        300.00000000000000        132216.36455214955        35421.579145659140        73.365866863882005        41.799474259310649        6.1645655300069879E-002   1.6110362988605320        1091.6385221247438        0.0000000000000000     
 THERM-B          68   1732.6565765088390        300.00000000000000        132386.73126987825        36180.900167573476        73.269435951700061        40.397187876796686        6.5801430209562223E-002   1.6948500613978927        1127.5367308994253        0.0000000000000000     
 THERM-B          69   1732.6565765088390        300.00000000000000        351104.86262318038        87695.403267384245        196.47777538186838        124.93469193533919        2.7867635527773028E-002  0.76433283038364430        966.37382467899579        0.0000000000000000     
 THERM-B          70   1732.6565765088390        300.00000000000000        305725.20854714653        69510.693087034131        172.76826902983231        125.65899953041784        1.3300097486452143E-002  0.38678804395128219        797.50532364452636        0.0000000000000000     
 THERM-B          71   1732.6565765088390        300.00000000000000        43333.589174609559        8135.2126276120707        24.877005158446071        22.857624900362275        8.8584269301462716E-003  0.28494884879951482        400.20674172469973        0.0000000000000000     
 THERM-B          72   1732.6565765088390        300.00000000000000        43276.185587081854        7813.5270333168419        24.910072439140418        23.864644065090253        4.9628323534717626E-003  0.16252813252562415        283.44344211542739        0.0000000000000000     
 THERM-B          73   1732.6565765088390        300.00000000000000        43314.965265560430        8031.5353923226012        24.887728857928948        23.177641460671836        9.6832198065347035E-003  0.31328693183917067        366.41722910654863        0.0000000000000000     
 THERM-B           1   1870.0286655907216        300.00000000000000        611818.23555860238        128725.71780993287        321.37069260518939        234.25400523017117        5.9616067577777749E-003  0.20214785208565492        792.55953404038803        0.0000000000000000     
 THERM-B           2   1870.0286655907216        300.00000000000000        611995.33569641004        129678.09821867329        321.27680664452186        231.94937532987112        8.6798395535892282E-003  0.29309561286494046        805.39805659733588        0.0000000000000000     
 THERM-B           3   1870.0286655907216        300.00000000000000        329863.17254880682        71569.952876548792        172.82184036109012        120.76698963112734        1.5280985897758203E-002  0.50873865399656404        847.98819522305462        0.0000000000000000     
 THERM-B           4   1870.0286655907216        300.00000000000000        329450.29530575738        69366.148507941311        173.04061098639130        126.00965616675360        1.7042061772405342E-002  0.57762180200727198        793.87578503332691        0.0000000000000000     
 THERM-B           5   1870.0286655907216        300.00000000000000        328028.54479332099        61449.771037278915        173.79597313718045        146.75565834996863        1.2294677024866120E-002  0.44424898059895018        569.83070770221320        0.0000000000000000     
 THERM-B           6   1870.0286655907216        300.00000000000000        329468.21057314845        69462.615363669844        173.03111277428985        125.77552610215326        1.3585851330799377E-002  0.46011693525211567        796.29941582716560        0.0000000000000000     
 THERM-B           7   1870.0286655907216        300.00000000000000        471493.33542887075        103613.80147382719        246.75057456410389        169.36013993277217        1.1378348188999170E-002  0.37586302538060157        870.80402265898761        0.0000000000000000     
 THERM-B           8   1870.0286655907216        300.00000000000000        469934.37041508162        95232.490146419805        247.57700020971646        189.64088946226877        6.9718769974445351E-003  0.24153899895905467        723.55138539106645        0.0000000000000000     
 THERM-B           9   1870.0286655907216        300.00000000000000        471192.45286534703        102027.64176757236        246.90987084455094        173.02610939037248        1.0750125060240230E-002  0.35833481653218452        844.36902330944793        0.0000000000000000     
 THERM-B          10   1870.0286655907216        300.00000000000000        470694.29961725487        99369.114879083616        247.17382373179831        179.34789223231704        9.5310742424309439E-003  0.32254147739040706        798.70011950731521        0.0000000000000000     
 THERM-B          11   1870.0286655907216        300.00000000000000        471907.85418850090        105775.59491103046        246.53127635862774        164.48791061929103        2.5777175275396663E-002  0.84106306589083157        905.97300955759840        0.0000000000000000     
 THERM-B          12   1870.0286655907216        300.00000000000000        470305.89673033619        97267.388190306374        247.37981059885252        184.50680672968292        1.8219582949697079E-002  0.62397241548111082        761.21148253788022        0.0000000000000000     
 THERM-B          13   1870.0286655907216        300.00000000000000        471387.50496629655        103057.54774872793        246.80659322023627        170.63689345741653        2.0208772270073266E-002  0.66968004081839738        861.59750496334323        0.0000000000000000     
 THERM-B          14   1870.0286655907216        300.00000000000000        470380.38599752716        97672.469623365352        247.34029303775398        183.50123162342408        1.5430813972557756E-002  0.52725102365748178        768.54175846791895        0.0000000000000000     
 THERM-B          15   1870.0286655907216        300.00000000000000        471664.23321996012        104508.31512492491        246.66013977484198        167.32689226537761        2.1357363922633831E-002  0.70191156355762885        885.47093342369442        0.0000000000000000     
 THERM-B          16   1870.0286655907216        300.00000000000000        471523.00948976539        103769.45174843603        246.73486953378406        169.00458473956007        1.6883723612581402E-002  0.55722833822164441        873.36821812932112        0.0000000000000000     
 THERM-B          17   1870.0286655907216        300.00000000000000        471631.12422852311        104335.37448084721        246.67765774751931        167.71808549349606        1.5775583412753539E-002  0.51897765007831165        882.64826820582323        0.0000000000000000     
 THERM-B          18   1870.0286655907216        300.00000000000000        470566.21566889889        98678.871736968853        247.24173411946848        181.02626980116489        1.2887277274701603E-002  0.43783257046354562        786.53332698470967        0.0000000000000000     
 THERM-B          19   1870.0286655907216        300.00000000000000        235397.67614476930        49955.867991526437        123.56012896807439        89.019636981808347        1.7632278211438004E-002  0.59485704142155771        808.17104416796371        0.0000000000000000     
 THERM-B          20   1870.0286655907216        300.00000000000000        235332.37281372555        49605.047436194276        123.59474587127146        89.866596527465546        1.5215346475367125E-002  0.51536868358267873        795.90912752473434        0.0000000000000000     
 THERM-B          21   1870.0286655907216        300.00000000000000        943204.43755259807        208368.50001263942        493.38590519420421        336.12135210240575        2.0398036261165115E-002  0.67162362546300147        880.17664781187648        0.0000000000000000     
 THERM-B          22   1870.0286655907216        300.00000000000000        941252.14098556666        198003.54871952115        494.41999349506500        360.47837079757062        1.7461781512562419E-002  0.59215962291799873        792.24203909158859        0.0000000000000000     
 THERM-B          23   1870.0286655907216        300.00000000000000        943307.47932741395        208907.04386308513        493.33138357739364        334.90147295241428        2.0606854771974499E-002  0.67745775869775204        884.57728315206577        0.0000000000000000     
 THERM-B          24   1870.0286655907216        300.00000000000000        943189.16135302687        208288.58863556833        493.39398864871043        336.30273946344658        1.9372267320044340E-002  0.63799464474187140        879.52238834972786        0.0000000000000000     
 THERM-B          25   1870.0286655907216        300.00000000000000        943845.87060468947        211707.48668742515        493.04660261483366        328.62884506727119        2.9046423920337530E-002  0.94730991959739308        907.22710696495506        0.0000000000000000     
 THERM-B          26   1870.0286655907216        300.00000000000000        941645.61578594288        200117.73732097034        494.21141247424868        355.37214042739691        1.7642738859334144E-002  0.59471222893189357        810.72530723414025        0.0000000000000000     
 THERM-B          27   1870.0286655907216        300.00000000000000        942325.79565516382        203742.10175368044        493.85104691798728        346.78454487706892        2.3015647650596511E-002  0.76786687869829107        841.72803939015398        0.0000000000000000     
 THERM-B          28   1870.0286655907216        300.00000000000000        235598.90954133528        51028.029150617294        123.45351447448898        86.479872062802770        3.7421804734613026E-002   1.2471823059120428        844.84766161686991        0.0000000000000000     
 THERM-B          29   1870.0286655907216        300.00000000000000        330127.78397618630        72961.561039217471        172.68176980675975        117.56855061280253        1.8193180407185320E-002  0.59886773357115364        880.93849356272574        0.0000000000000000     
 THERM-B          30   1870.0286655907216        300.00000000000000        328625.74407610041        64839.784967123342        173.47830500292278        137.49150053969953        1.0997252905588450E-002  0.38665443239898301        673.02828494715516        0.0000000000000000     
 THERM-B          31   1870.0286655907216        300.00000000000000        330413.60902339191        74447.101311442646        172.53059156418664        114.24726724447474        2.5021653764644811E-002  0.81372356523949751        915.21202574166614        0.0000000000000000     
 THERM-B          32   1870.0286655907216        300.00000000000000        328714.49270493211        65335.332862553129        173.43114420897240        136.18602145244014        1.4107637173109399E-002  0.49403101267905780        687.04952949376514        0.0000000000000000     
 THERM-B          33   1870.0286655907216        300.00000000000000        330620.52507860918        75511.399100461436        172.42122853837441        111.92554754501997        2.4070973009244438E-002  0.77603243358713114        939.25193522019254        0.0000000000000000     
 THERM-B          34   1870.0286655907216        300.00000000000000        328756.62641526968        65569.870836206930        173.40875874203491        135.57239001785626        1.5358619612806147E-002  0.53682015324460264        693.60758056260022        0.0000000000000000     
 THERM-B          35   1870.0286655907216        300.00000000000000        236442.66514905295        55385.126710480414        123.00744262555837        76.880060470364327        2.9491801400742118E-002  0.93515544017137708        983.99349341372886        0.0000000000000000     
 THERM-B          36   1870.0286655907216        300.00000000000000        235385.29032020731        49889.439184473529        123.56669390911583        89.179402976060402        1.9825275051856613E-002  0.66934716519317250        805.85959056942181        0.0000000000000000     
 THERM-B          37   1870.0286655907216        300.00000000000000        236421.97750966536        55280.837183168012        123.01836124110383        77.096873005921239        3.3513563586604705E-002   1.0639527096830648        980.81527094015928        0.0000000000000000     
 THERM-B          38   1870.0286655907216        300.00000000000000        234866.13810554909        47057.639246710314        123.84216285587375        96.259529137807547        2.0265679583544763E-002  0.70655566814435888        702.22464336852534        0.0000000000000000     
 THERM-B          39   1870.0286655907216        300.00000000000000        235408.09846508800        50011.726232643698        123.55460501395139        88.885513108410024        1.9345544936669675E-002  0.65224279056304291        810.11100246366846        0.0000000000000000     
 THERM-B          40   1870.0286655907216        300.00000000000000        236142.53807301898        53859.961878639806        123.16593565051856        80.112708480297712        3.7582327820879384E-002   1.2126938983220403        936.84316153511600        0.0000000000000000     
 THERM-B          41   1870.0286655907216        300.00000000000000        235222.82153709215        49013.279156138087        123.65283911094640        91.313333810259905        2.5789450510330384E-002  0.87942285196779335        774.90698198271298        0.0000000000000000     
 THERM-B          42   1870.0286655907216        300.00000000000000        235920.94713935672        52716.694014524095        123.28307977139303        82.624879584715174        3.4689562885818148E-002   1.1340721154300768        900.46769821122780        0.0000000000000000     
 THERM-B          43   1870.0286655907216        300.00000000000000        234821.28441120900        46808.494913033253        123.86599026493749        96.908263725609359        2.0366964895312541E-002  0.71209227006156717        692.54896742892618        0.0000000000000000     
 THERM-B          44   1870.0286655907216        300.00000000000000        235409.97380160622        50021.773217147173        123.55361108822177        88.861410040186925        2.7915130276019388E-002  0.94106226423832406        810.45957963992805        0.0000000000000000     
 THERM-B          45   1870.0286655907216        300.00000000000000        235361.17174514919        49759.936733865776        123.57947859163031        89.491681250131492        2.7379753320044161E-002  0.92576580387043361        801.33959095354953        0.0000000000000000     
 THERM-B          46   1870.0286655907216        300.00000000000000        235359.34457495678        49750.117957118578        123.58044718241030        89.515401996590327        2.7410445431067181E-002  0.92690701750947846        800.99613526196867        0.0000000000000000     
 THERM-B          47   1870.0286655907216        300.00000000000000        236396.80078460148        55153.751862462348        123.03165037385739        77.361908111051179        4.2302598324381782E-002   1.3449351681682020        976.93362870050726        0.0000000000000000     
 THERM-B          48   1870.0286655907216        300.00000000000000        235400.14598987592        49969.108361788574        123.55881989940660        88.987826807343083        2.8984552978838014E-002  0.97769951098570207        808.63118572947462        0.0000000000000000     
 THERM-B          49   1870.0286655907216        300.00000000000000        235274.46251606219        49292.739770420667        123.62545150762024        90.627274031047506        3.1458683479500330E-002   1.0693449277731359        784.87654993637500        0.0000000000000000     
 THERM-B          50   1870.0286655907216        300.00000000000000        235017.87891980581        47895.109893159599        123.76158671190589        94.109957461776091        2.3293536020018709E-002  0.80445252574264103        734.01890642441401        0.0000000000000000     
 THERM-B          51   1870.0286655907216        300.00000000000000        235336.95745165896        49629.723697787325        123.59231528053419        89.806762937177936        2.8029243275533654E-002  0.94913011868054253        796.77608389911836        0.0000000000000000     
 THERM-B          52   1870.0286655907216        300.00000000000000        330129.64728627552        72971.304094394567        172.68078385804029        117.54645711614201        3.3361949350891859E-002   1.0980932627239941        881.16619443646653        0.0000000000000000     
 THERM-B          53   1870.0286655907216        300.00000000000000        329206.12559667527        68043.595719288787        173.17011302177468        129.26327432012189        2.4838781297532388E-002  0.85096292788528660        760.08032498260809        0.0000000000000000     
 THERM-B          54   1870.0286655907216        300.00000000000000        329138.73747530516        67675.997678362110        173.20587040693476        130.18221904338426        2.4270180669157090E-002  0.83396362958105019        750.48743028549552        0.0000000000000000     
 THERM-B          55   1870.0286655907216        300.00000000000000        328124.25616500253        61999.723774464088        173.74502412557604        145.21250604071446        1.5082033897961053E-002  0.54255833311052837        587.58436309456806        0.0000000000000000     
 THERM-B          56   1870.0286655907216        300.00000000000000        329038.97624378093        67129.718782886019        173.25881848472636        131.55973042098069        2.3127119535035229E-002  0.79821025061502437        736.05838626598677        0.0000000000000000     
 THERM-B          57   1870.0286655907216        300.00000000000000        991477.09689693130        224559.84747169929        517.46687369080087        340.06671193520151        3.3355231156149738E-002   1.0811470781889370        924.43495639899822        0.0000000000000000     
 THERM-B          58   1870.0286655907216        300.00000000000000        989379.85254436848        213599.18034714958        518.57656035755508        364.89711018673955        2.7496728581030062E-002  0.91818957021692327        839.07166545197549        0.0000000000000000     
 THERM-B          59   1870.0286655907216        300.00000000000000        990858.54128355416        221361.10505025554        517.79392604015902        347.13387277816508        3.1639283771628467E-002   1.0344901365066794        900.09142488310113        0.0000000000000000     
 THERM-B          60   1870.0286655907216        300.00000000000000        376887.75481977477        81271.041393660489        197.56296265582409        139.24336813736900        2.6585425845251764E-002  0.88839116759088277        836.95299081210203        0.0000000000000000     
 THERM-B          61   1870.0286655907216        300.00000000000000        374311.53747981461        66855.506510282576        198.93204164326937        177.49952475689395        8.2042002884403411E-003  0.30355998020565650        464.89996670425182        0.0000000000000000     
 THERM-B          62   1870.0286655907216        300.00000000000000        374631.67228008038        68733.448590566943        198.76142178428375        171.98868279740847        1.0703179018083386E-002  0.39083253501637349        525.58013164316390        0.0000000000000000     
 THERM-B          63   1870.0286655907216        300.00000000000000        376640.10362352099        79949.876738342587        197.69418072033366        142.38219629420166        2.4813333714163714E-002  0.83700115600105640        808.61605729646340        0.0000000000000000     
 THERM-B          64   1870.0286655907216        300.00000000000000        328028.54479332099        61449.771037278915        173.79597313718045        146.75565834996863        1.2294677024866120E-002  0.44424898059895018        569.83070770221320        0.0000000000000000     
 THERM-B          65   1870.0286655907216        300.00000000000000        141477.95119811705        31241.075212589312        74.009322133869020        50.450435898339521       -7.3713901556289607E-004  -2.4277516140138344E-002   879.40155742626507        0.0000000000000000     
 THERM-B          66   1870.0286655907216        300.00000000000000        141587.50426298595        31811.132415703294        73.951372773062928        49.172421924812745        5.8169408550089331E-003  0.18951309991778972        910.16515974262131        0.0000000000000000     
 THERM-B          67   1870.0286655907216        300.00000000000000        142527.96601202851        36468.870291690851        73.455682037773229        39.878014136431744        5.4362367459327890E-002   1.6199609990087005        1140.9876406376588        0.0000000000000000     
 THERM-B          68   1870.0286655907216        300.00000000000000        142685.69884468717        37212.389814820170        73.372856595265858        38.568892131400403        5.7934092105498998E-002   1.7018265474222289        1175.3329606357788        0.0000000000000000     
 THERM-B          69   1870.0286655907216        300.00000000000000        378566.84482184995        89913.051531246078        196.67548427429901        120.34527460786700        2.4944948045707932E-002  0.78365889732600547        1008.4817200676592        0.0000000000000000     
 THERM-B          70   1870.0286655907216        300.00000000000000        329860.51009689609        71555.869532432494        172.82325026524649        120.79979648994734        1.1829648437746776E-002  0.39388093868708962        847.65021513851707        0.0000000000000000     
 THERM-B          71   1870.0286655907216        300.00000000000000        46769.272592476096        8240.3180418742140        24.876994754280929        22.537539600898732        8.5024531488074821E-003  0.31666175896257431        431.97066340918178        0.0000000000000000     
 THERM-B          72   1870.0286655907216        300.00000000000000        46708.617134886357        7875.3798918833600        24.909368102662590        23.667771164323018        4.8308827950682568E-003  0.18363645362626405        309.13314681103162        0.0000000000000000     
 THERM-B          73   1870.0286655907216        300.00000000000000        46755.824353631142        8160.1048571432038        24.884168958794255        22.781425738280156        9.7798830584557867E-003  0.36588039346673806        407.93365705151501        0.0000000000000000     
 THERM-B           1   1954.1672608251179        300.00000000000000        639024.58289245178        129603.60025462603        321.53376162493498        232.12883920560606        5.3349359168925227E-003  0.19672098014962958        804.39915038476022        0.0000000000000000     
 THERM-B           2   1954.1672608251179        300.00000000000000        639495.62306105928        132229.42905132280        321.29473690877484        225.88548530007918        7.9165433602266608E-003  0.28857188364251851        839.08943436373920        0.0000000000000000     
 THERM-B           3   1954.1672608251179        300.00000000000000        344576.24132702104        72481.842870437831        172.88698686154012        118.66149440441625        1.2521992748778882E-002  0.45170098447016327        869.67701375360571        0.0000000000000000     
 THERM-B           4   1954.1672608251179        300.00000000000000        344196.86741569254        70383.423246261227        173.07940521052598        123.56221497304873        1.4431398829221049E-002  0.52956448654788413        819.17120370302200        0.0000000000000000     
 THERM-B           5   1954.1672608251179        300.00000000000000        342796.05456407560        62299.007341364573        173.79166709800313        144.37936399501817        1.2169285610924814E-002  0.47681720566129654        597.05920884148429        0.0000000000000000     
 THERM-B           6   1954.1672608251179        300.00000000000000        344174.63260006811        70259.296712834912        173.09068903402402        123.85831078123366        1.1191960215190951E-002  0.41110779785066093        816.11499311970374        0.0000000000000000     
 THERM-B           7   1954.1672608251179        300.00000000000000        492468.02331561869        104727.28064901227        246.87180920543904        166.83289418566724        8.9485622848514603E-003  0.32062392100971276        889.03607424678898        0.0000000000000000     
 THERM-B           8   1954.1672608251179        300.00000000000000        490891.99070105166        95922.663276974941        247.67164335532499        187.88401804223633        5.4076992119100895E-003  0.20373103262762435        736.48790699339327        0.0000000000000000     
 THERM-B           9   1954.1672608251179        300.00000000000000        492170.15322074958        103097.34032582142        247.02278885515176        170.54524170706935        8.4515776423035698E-003  0.30565228083904034        862.25835660763028        0.0000000000000000     
 THERM-B          10   1954.1672608251179        300.00000000000000        491668.63758862216        100317.86278957262        247.27718801077751        177.06601773331633        7.4981517245734800E-003  0.27550782252063416        815.20751638576212        0.0000000000000000     
 THERM-B          11   1954.1672608251179        300.00000000000000        493186.24814416980        108595.82326108035        246.50812861555644        158.34149192170710        2.5707251284779180E-002  0.90089105867114050        950.53464277717569        0.0000000000000000     
 THERM-B          12   1954.1672608251179        300.00000000000000        491497.13697224704        99356.983101556616        247.36424082421635        179.37725838841905        1.8163453557794043E-002  0.67105261546945660        798.48744358584474        0.0000000000000000     
 THERM-B          13   1954.1672608251179        300.00000000000000        492612.40530005161        105511.86909359184        246.79865882921098        165.07472772669118        1.9806083535181547E-002  0.70646604709738869        901.73225975720129        0.0000000000000000     
 THERM-B          14   1954.1672608251179        300.00000000000000        491529.64831329533        99539.550943080278        247.34773599481369        178.93583702824247        1.5035147203810485E-002  0.55489915215924812        801.68364077101114        0.0000000000000000     
 THERM-B          15   1954.1672608251179        300.00000000000000        492905.10914827290        107091.70842517621        246.65042537060359        161.59041740108921        2.0938282407301247E-002  0.74012272751272801        926.94290324401800        0.0000000000000000     
 THERM-B          16   1954.1672608251179        300.00000000000000        492659.99598482571        105769.71004280774        246.77455178627696        164.50098231938097        1.6259895734014165E-002  0.57912106927269213        905.87852411901895        0.0000000000000000     
 THERM-B          17   1954.1672608251179        300.00000000000000        492731.99216554768        106159.05432801659        246.73808641753448        163.63838704492667        1.4050863636658775E-002  0.49932849213936459        912.11562073573100        0.0000000000000000     
 THERM-B          18   1954.1672608251179        300.00000000000000        491661.93648365315        100280.41882275829        247.28058890807046        177.15552896507032        1.2365344940596188E-002  0.45444220958173076        814.56059759381310        0.0000000000000000     
 THERM-B          19   1954.1672608251179        300.00000000000000        246032.97092340421        51261.728920165566        123.53781531986787        85.935888458046549        1.7234455165416794E-002  0.62533275502543362        852.69337518928205        0.0000000000000000     
 THERM-B          20   1954.1672608251179        300.00000000000000        245951.24729552708        50809.755907878243        123.57926524344458        86.991033392049189        1.4749159344487957E-002  0.53792563760243028        837.47346814377886        0.0000000000000000     
 THERM-B          21   1954.1672608251179        300.00000000000000        985476.11105076456        212383.60887344574        493.47003123821509        327.13207040640060        1.9137846122851063E-002  0.67997810097532518        912.63896935508069        0.0000000000000000     
 THERM-B          22   1954.1672608251179        300.00000000000000        983461.21646823140        201327.50384180315        494.49147844228065        352.48254166354263        1.6423904979688875E-002  0.60228151746351277        821.16616064162099        0.0000000000000000     
 THERM-B          23   1954.1672608251179        300.00000000000000        985599.55076050572        213049.64776339574        493.40751914453455        325.66427550379439        1.9003887029725851E-002  0.67393165375360842        917.94941440109505        0.0000000000000000     
 THERM-B          24   1954.1672608251179        300.00000000000000        985430.44015276525        212136.86201161242        493.49316171835306        327.67751912629262        1.8028873311682611E-002  0.64102846884977815        910.66641603116398        0.0000000000000000     
 THERM-B          25   1954.1672608251179        300.00000000000000        986353.21509497950        217088.91618534576        493.02601369417607        316.90271055701839        2.8930632539529780E-002   1.0141508546849083        949.73525077323939        0.0000000000000000     
 THERM-B          26   1954.1672608251179        300.00000000000000        983892.94182098459        203726.37813726818        494.27244650545771        346.82135258271444        1.6599356216794134E-002  0.60456384374359862        841.59529165261597        0.0000000000000000     
 THERM-B          27   1954.1672608251179        300.00000000000000        984776.32650150103        208583.57433454681        493.82455753888530        335.63364802867568        2.2052666349832200E-002  0.79211019822832429        881.93588688330192        0.0000000000000000     
 THERM-B          28   1954.1672608251179        300.00000000000000        246280.65657533761        52617.316201712674        123.41227101830823        82.846930046845273        3.7523769678118622E-002   1.3405663413260178        897.25982298367353        0.0000000000000000     
 THERM-B          29   1954.1672608251179        300.00000000000000        344937.08020299172        74444.613009018067        172.70415874333190        114.25275140503042        1.6439052672652572E-002  0.58356134058966147        915.15533450638577        0.0000000000000000     
 THERM-B          30   1954.1672608251179        300.00000000000000        343375.97039541305        65713.077855813492        173.49646299059782        135.19904441168282        9.5905092095943442E-003  0.36553890591791455        697.58806758807293        0.0000000000000000     
 THERM-B          31   1954.1672608251179        300.00000000000000        345262.62213141291        76188.751335271139        172.53937291522510        110.47259030554200        2.3058862576624255E-002  0.80694382308288859        954.34552881342302        0.0000000000000000     
 THERM-B          32   1954.1672608251179        300.00000000000000        343493.74881096941        66394.528583723979        173.43656671475904        133.43624574001311        1.3000356721743473E-002  0.49277384679028724        716.29236752357497        0.0000000000000000     
 THERM-B          33   1954.1672608251179        300.00000000000000        345423.12066914880        77039.631099236518        172.45818547352638        108.67418559691563        2.1799022870646209E-002  0.75755012234703545        973.09261573387926        0.0000000000000000     
 THERM-B          34   1954.1672608251179        300.00000000000000        343518.53083168453        66537.415954785829        173.42396631532165        133.06949042691062        1.4105655634727874E-002  0.53405045416653607        720.16651122545886        0.0000000000000000     
 THERM-B          35   1954.1672608251179        300.00000000000000        247017.95978621417        56532.597748479719        123.03927420295582        74.534685540483068        2.7117379633586514E-002  0.92620639072173283        1018.5549535245818        0.0000000000000000     
 THERM-B          36   1954.1672608251179        300.00000000000000        245933.77904203456        50712.839641707316        123.58812679677226        87.218955614448518        1.8228541356224356E-002  0.66556013776034351        834.18453987111559        0.0000000000000000     
 THERM-B          37   1954.1672608251179        300.00000000000000        247013.82528344268        56511.118827870312        123.04136281984795        74.577917947797630        3.1570103835430824E-002   1.0785579296162398        1017.9146198354216        0.0000000000000000     
 THERM-B          38   1954.1672608251179        300.00000000000000        245459.41075594982        48038.204924183876        123.82900305752894        93.747416220869738        1.9228748793106033E-002  0.72379610635950153        739.34618023689086        0.0000000000000000     
 THERM-B          39   1954.1672608251179        300.00000000000000        245948.68628768541        50795.553901478743        123.58056439137835        87.024395898570958        1.7732457082041245E-002  0.64683616897739404        836.99208212335316        0.0000000000000000     
 THERM-B          40   1954.1672608251179        300.00000000000000        246778.30523940001        55278.932014192018        123.16039575870833        77.100839467755804        3.6817614011402613E-002   1.2757901780265331        980.75715210404871        0.0000000000000000     
 THERM-B          41   1954.1672608251179        300.00000000000000        245802.79478141674        49982.622009909916        123.65459373116359        88.955371674270936        2.5166935057896977E-002  0.92658031342508484        809.10062699543016        0.0000000000000000     
 THERM-B          42   1954.1672608251179        300.00000000000000        246552.65568119980        54082.062428066769        123.27454311906203        79.633609482703861        3.4044076401026191E-002   1.1960071964572960        943.80263545751177        0.0000000000000000     
 THERM-B          43   1954.1672608251179        300.00000000000000        245415.52854071977        47786.490826633279        123.85130830930653        94.386071242022680        2.0157360325031425E-002  0.76092378143800921        729.95539907297439        0.0000000000000000     
 THERM-B          44   1954.1672608251179        300.00000000000000        246043.25056851323        51318.413427855339        123.53260246039584        85.804456633182738        2.7643225808841147E-002   1.0023540037792804        854.58879754289273        0.0000000000000000     
 THERM-B          45   1954.1672608251179        300.00000000000000        245976.13588807569        50947.653283821215        123.56664043713671        86.667752026746228        2.6977659717154157E-002  0.98237109069928530        842.13750286162917        0.0000000000000000     
 THERM-B          46   1954.1672608251179        300.00000000000000        245954.09564548376        50825.548614983170        123.57782034791342        86.953949002272211        2.6829309426998564E-002  0.97833182097498206        838.00854318429367        0.0000000000000000     
 THERM-B          47   1954.1672608251179        300.00000000000000        247067.53510669540        56789.741426586988        123.01423299074453        74.019071767427292        4.0674043546693843E-002   1.3851320633190252        1026.2022438040992        0.0000000000000000     
 THERM-B          48   1954.1672608251179        300.00000000000000        246013.88512155914        51156.386370860353        123.54749438181142        86.180672771736383        2.7863206977590149E-002   1.0122021563940402        849.16310438511175        0.0000000000000000     
 THERM-B          49   1954.1672608251179        300.00000000000000        245919.35576594769        50632.735073022573        123.59544410576497        87.407787910368086        3.0704560526368749E-002   1.1221096349477702        831.45920178728761        0.0000000000000000     
 THERM-B          50   1954.1672608251179        300.00000000000000        245659.47306348820        49176.438638356405        123.72736025409424        90.912166497324236        2.2718559109218626E-002  0.84415555659801356        780.73897773471197        0.0000000000000000     
 THERM-B          51   1954.1672608251179        300.00000000000000        245944.76488888188        50773.803344291955        123.58255366361108        87.075515611855678        2.6934822812464676E-002  0.98275966165430040        836.25445468482440        0.0000000000000000     
 THERM-B          52   1954.1672608251179        300.00000000000000        345046.97220888577        75036.151589519737        172.64851581720472        112.95638973747089        3.2863719531612857E-002   1.1609767661100150        928.56757430261814        0.0000000000000000     
 THERM-B          53   1954.1672608251179        300.00000000000000        344064.79676408233        69644.246895950884        173.14643930650084        125.33586309780922        2.4463675590239750E-002  0.90312174517973143        800.84823664579255        0.0000000000000000     
 THERM-B          54   1954.1672608251179        300.00000000000000        343987.21337383351        69207.893917022040        173.18582925551445        126.39468117483609        2.3866086508592274E-002  0.88419490252705246        789.88806987783573        0.0000000000000000     
 THERM-B          55   1954.1672608251179        300.00000000000000        342948.36811551044        63205.373876242709        173.71408610760466        141.88451149429056        1.5313240665388956E-002  0.59562635408784381        625.02238339383780        0.0000000000000000     
 THERM-B          56   1954.1672608251179        300.00000000000000        343916.75561375817        68810.235446157501        173.22160884565227        127.36729763880784        2.2959258692148609E-002  0.85335446130206349        779.80213461186622        0.0000000000000000     
 THERM-B          57   1954.1672608251179        300.00000000000000        1036189.9931722939        230699.33005827243        517.41469725246691        326.90324375241806        3.2596985372583806E-002   1.1340969371362617        970.02703287392035        0.0000000000000000     
 THERM-B          58   1954.1672608251179        300.00000000000000        1033978.7769408370        218814.13957464503        518.53421579805320        352.86566852773410        2.6869497904677124E-002  0.96564823116466614        880.38878079461404        0.0000000000000000     
 THERM-B          59   1954.1672608251179        300.00000000000000        1035539.3471708813        227241.80768161756        517.74387382217571        334.25229895919279        3.0921640733739014E-002   1.0860242539036409        944.52549762953379        0.0000000000000000     
 THERM-B          60   1954.1672608251179        300.00000000000000        393948.03843036952        83638.073488226044        197.51081508573643        133.79053974689506        2.5834305039654039E-002  0.92658627115932102        886.11114119569265        0.0000000000000000     
 THERM-B          61   1954.1672608251179        300.00000000000000        391182.81714881450        67662.885829358216        198.91683676082653        175.10966074593102        7.9672160500432396E-003  0.32005545370761601        491.79679151448988        0.0000000000000000     
 THERM-B          62   1954.1672608251179        300.00000000000000        391504.58051344106        69622.399816425794        198.75274190411156        169.43814134437747        1.0309046626281690E-002  0.40845013395063068        552.26086947579006        0.0000000000000000     
 THERM-B          63   1954.1672608251179        300.00000000000000        393681.86235291685        82179.239325673014        197.64574348401717        137.12555734590109        2.4111047375533465E-002  0.87384038802403985        856.04508523835557        0.0000000000000000     
 THERM-B          64   1954.1672608251179        300.00000000000000        342796.05456407560        62299.007341364573        173.79166709800313        144.37936399501817        1.2169285610924814E-002  0.47681720566129654        597.05920884148429        0.0000000000000000     
 THERM-B          65   1954.1672608251179        300.00000000000000        147705.00332148580        31225.004842550192        74.079484453916947        50.486939892358812       -6.3670524697348701E-004  -2.2897105996191058E-002   878.52379899155926        0.0000000000000000     
 THERM-B          66   1954.1672608251179        300.00000000000000        147859.19911763631        32061.201043449924        74.001372168893411        48.622036811652599        5.0535064833323162E-003  0.17885688186982548        923.44302891112090        0.0000000000000000     
 THERM-B          67   1954.1672608251179        300.00000000000000        148913.17523789278        37450.354357192336        73.469550298142948        38.159284757913881        5.1026262234505369E-002   1.6281485301568397        1186.2144584647706        0.0000000000000000     
 THERM-B          68   1954.1672608251179        300.00000000000000        149065.41412211017        38186.575258101911        73.393034715250622        36.920145281207418        5.4306224229971861E-002   1.7082587013190087        1219.5632380439415        0.0000000000000000     
 THERM-B          69   1954.1672608251179        300.00000000000000        395503.22407184588        91870.893480883358        196.72422376431285        116.43496739325393        2.3679383669170329E-002  0.80055845341616738        1044.7831931853732        0.0000000000000000     
 THERM-B          70   1954.1672608251179        300.00000000000000        344690.45424251549        73106.529077387589        172.82909805515465        117.24024553676431        1.1098234909532939E-002  0.39830474902842516        884.32236298139401        0.0000000000000000     
 THERM-B          71   1954.1672608251179        300.00000000000000        48877.895923844386        8334.9652863886149        24.874787978333480        22.253001078408108        8.5080925531376521E-003  0.34415661510501827        458.85829714611100        0.0000000000000000     
 THERM-B          72   1954.1672608251179        300.00000000000000        48813.470688279776        7931.8087754858570        24.907690410670103        23.489520270976751        4.8833836067817826E-003  0.20206168541281702        330.91331656428463        0.0000000000000000     
 THERM-B          73   1954.1672608251179        300.00000000000000        48869.778539733277        8284.7122868561128        24.878931304053403        22.403642977404406        1.0185645245322190E-002  0.41318119046152912        444.76486558172343        0.0000000000000000     
 THERM-B           1   2036.0737725631477        300.00000000000000        665487.68458538619        130294.32987492763        321.69010415501140        230.47014089241378        4.8069372263496359E-003  0.19178357719946831        813.62680285961085        0.0000000000000000     
 THERM-B           2   2036.0737725631477        300.00000000000000        666204.68269847205        134430.52952401960        321.34080187214266        220.78052201495737        7.2137593870100630E-003  0.28261800749247573        867.40730152592278        0.0000000000000000     
 THERM-B           3   2036.0737725631477        300.00000000000000        358865.03549701395        73180.060355760972        172.96178038416744        117.07407052229490        1.0269829751197565E-002  0.39973962625342507        886.03538498479395        0.0000000000000000     
 THERM-B           4   2036.0737725631477        300.00000000000000        358517.41314359423        71189.815021345639        173.13106061779035        121.65562255533050        1.2282317281265611E-002  0.48592057543420181        838.83203525058093        0.0000000000000000     
 THERM-B           5   2036.0737725631477        300.00000000000000        357158.53959778475        63075.225762277521        173.79430215272714        142.24015605449446        1.1967583089018645E-002  0.50577768551345081        621.07096231827984        0.0000000000000000     
 THERM-B           6   2036.0737725631477        300.00000000000000        358460.65858025593        70861.737955824792        173.15871314871472        122.42776766721086        9.2609767495336250E-003  0.36737184679143164        830.87292433473203        0.0000000000000000     
 THERM-B           7   2036.0737725631477        300.00000000000000        512831.83517148317        105491.48865265351        247.00674236416430        165.12016317021349        7.0529787119389597E-003  0.27303858559493438        901.40398238979037        0.0000000000000000     
 THERM-B           8   2036.0737725631477        300.00000000000000        511261.78564046626        96388.368461496008        247.77183343925117        186.70759248302778        4.1978754356905620E-003  0.17119138627847172        745.12014602619900        0.0000000000000000     
 THERM-B           9   2036.0737725631477        300.00000000000000        512539.05402739439        103830.06262186158        247.14924467890756        168.86633106543690        6.6599757935955272E-003  0.26029211116554052        874.36533487548854        0.0000000000000000     
 THERM-B          10   2036.0737725631477        300.00000000000000        512041.76935035596        100971.03546665718        247.39146249330938        175.51176794194592        5.9106846573416224E-003  0.23481860971039087        826.43395831849080        0.0000000000000000     
 THERM-B          11   2036.0737725631477        300.00000000000000        513829.99872184114        111039.69174585138        246.52150521430568        153.20178782613741        2.5359460205856856E-002  0.95090649031941998        988.08962182061759        0.0000000000000000     
 THERM-B          12   2036.0737725631477        300.00000000000000        512077.08446407452        101175.64540782911        247.37425371808573        175.02767619804791        1.7913402255703991E-002  0.71082836707424280        829.92841281523920        0.0000000000000000     
 THERM-B          13   2036.0737725631477        300.00000000000000        513216.65922680026        107651.36472583964        246.81956011103119        160.37382083972000        1.9301936134680148E-002  0.73801688095055462        935.76603537847450        0.0000000000000000     
 THERM-B          14   2036.0737725631477        300.00000000000000        512076.40245273639        101171.69625419257        247.37458604599991        175.03700706368230        1.4586423508032392E-002  0.57882235785415626        829.86106555440529        0.0000000000000000     
 THERM-B          15   2036.0737725631477        300.00000000000000        513520.97826088488        109340.70457027528        246.67163207659550        156.75684831515784        2.0409520165777142E-002  0.77282158601093687        962.07928849354403        0.0000000000000000     
 THERM-B          16   2036.0737725631477        300.00000000000000        513188.63015017763        107494.94700322257        246.83318916460968        160.71292019738695        1.5623233532541332E-002  0.59789745487046242        933.30554313607581        0.0000000000000000     
 THERM-B          17   2036.0737725631477        300.00000000000000        513221.02112937020        107675.69397865665        246.81743921365467        160.32114163898677        1.2576408804998343E-002  0.48079655435777391        936.14836309049645        0.0000000000000000     
 THERM-B          18   2036.0737725631477        300.00000000000000        512163.27440819005        101673.99508908350        247.33225883108145        173.85414892601216        1.1849321386398284E-002  0.46885915540936790        838.39629449993811        0.0000000000000000     
 THERM-B          19   2036.0737725631477        300.00000000000000        256354.33982041723        52397.281913485531        123.53333751191165        83.340695893065273        1.6764544264224662E-002  0.65159715363333004        890.12962088624897        0.0000000000000000     
 THERM-B          20   2036.0737725631477        300.00000000000000        256258.28289023077        51850.894458245835        123.58009669455161        84.579528510831651        1.4249531279330400E-002  0.55732446671334968        872.25416975360429        0.0000000000000000     
 THERM-B          21   2036.0737725631477        300.00000000000000        1026541.7348608817        215906.96054664539        493.58640714057344        319.44177682814296        1.8003460163775423E-002  0.68717492473625108        940.50653775805461        0.0000000000000000     
 THERM-B          22   2036.0737725631477        300.00000000000000        1024476.7786539026        204214.26926850772        494.59133128437787        345.68104328483133        1.5480082354453965E-002  0.61100675182145314        845.70749134509538        0.0000000000000000     
 THERM-B          23   2036.0737725631477        300.00000000000000        1026672.1313083507        216632.31356372905        493.52301426607255        317.88117416758291        1.7599231189579873E-002  0.67034676857492259        946.17697088049454        0.0000000000000000     
 THERM-B          24   2036.0737725631477        300.00000000000000        1026464.0531456954        215474.12735340066        493.62417617980253        320.37667425641433        1.6835666115838584E-002  0.64340115122654695        937.11232047254089        0.0000000000000000     
 THERM-B          25   2036.0737725631477        300.00000000000000        1027640.8121018206        221974.39371093677        493.05232833953625        306.62081618951282        2.8587392427832575E-002   1.0722688933590583        987.29239812289734        0.0000000000000000     
 THERM-B          26   2036.0737725631477        300.00000000000000        1024934.2696565783        206838.99664340643        494.36852229807090        339.61007035544139        1.5646969113700573E-002  0.61297116926937312        867.59576519815607        0.0000000000000000     
 THERM-B          27   2036.0737725631477        300.00000000000000        1025990.3738377920        212823.18354638683        493.85453984307503        326.16261024297137        2.1116222698472520E-002  0.81315690382149608        916.14606049960446        0.0000000000000000     
 THERM-B          28   2036.0737725631477        300.00000000000000        256663.25646794471        54131.532516186082        123.38307549562863        79.527287662490139        3.7383721345674172E-002   1.4243637921651751        945.34825482185784        0.0000000000000000     
 THERM-B          29   2036.0737725631477        300.00000000000000        359306.88552034472        75663.611692779567        172.74684223967367        111.59738418648014        1.4930488353996119E-002  0.56943260772262627        942.65727115385118        0.0000000000000000     
 THERM-B          30   2036.0737725631477        300.00000000000000        357704.41347382276        66402.049804634924        173.52758054226828        133.41691597355586        8.4219466044451567E-003  0.34645238380092924        716.49669921674365        0.0000000000000000     
 THERM-B          31   2036.0737725631477        300.00000000000000        359671.52683971496        77675.945074323026        172.56965414419258        107.34853062451640        2.1339774183587110E-002  0.80052137674663204        986.96484154367204        0.0000000000000000     
 THERM-B          32   2036.0737725631477        300.00000000000000        357855.12187512638        67304.233291044671        173.45401105461522        131.11811867070426        1.2030443035339719E-002  0.49127690978742139        740.69100550529754        0.0000000000000000     
 THERM-B          33   2036.0737725631477        300.00000000000000        359792.15905215818        78334.515650482805        172.51107417682098        105.99363899088154        1.9849963164082718E-002  0.74060708361418881        1001.1958962358169        0.0000000000000000     
 THERM-B          34   2036.0737725631477        300.00000000000000        357868.01202280837        67381.079408336998        173.44772000812918        130.92412096544240        1.3017489572877456E-002  0.53125180230985625        742.72398844483530        0.0000000000000000     
 THERM-B          35   2036.0737725631477        300.00000000000000        257282.92930176074        57510.496102283054        123.08218197469876        72.592976468346393        2.5053583742857863E-002  0.91809957048146373        1047.4582597495571        0.0000000000000000     
 THERM-B          36   2036.0737725631477        300.00000000000000        256182.40598660149        51416.841463756093        123.61704444781185        85.576710206739634        1.6840479871203851E-002  0.66194393400579887        857.87312571141626        0.0000000000000000     
 THERM-B          37   2036.0737725631477        300.00000000000000        257304.97379232757        57628.364604069735        123.07149076873787        72.362419409985364        2.9831253690008368E-002   1.0916908535050922        1050.9100950524130        0.0000000000000000     
 THERM-B          38   2036.0737725631477        300.00000000000000        255751.81471082990        48911.252097721270        123.82691752482665        91.565079009951916        1.8271803660722320E-002  0.73906697087487305        771.24358388319934        0.0000000000000000     
 THERM-B          39   2036.0737725631477        300.00000000000000        256194.61492917326        51486.830014075575        123.61109867343062        85.415133607183122        1.6336230897586002E-002  0.64160914423940640        860.20319180586716        0.0000000000000000     
 THERM-B          40   2036.0737725631477        300.00000000000000        257114.88654467801        56606.844426292024        123.16370899437537        74.385437873683117        3.5984709704151206E-002   1.3325121116706553        1020.7665420762444        0.0000000000000000     
 THERM-B          41   2036.0737725631477        300.00000000000000        256092.47636436293        50899.556000350261        123.66084871562090        86.780373888341146        2.4527817844683209E-002  0.96983310757871188        840.51279595689346        0.0000000000000000     
 THERM-B          42   2036.0737725631477        300.00000000000000        256885.82982748543        55360.097963955282        123.27492027564973        76.932037949985627        3.3321162970776037E-002   1.2517492640524330        983.23132648870796        0.0000000000000000     
 THERM-B          43   2036.0737725631477        300.00000000000000        255716.19351237794        48700.646199146504        123.84429473781765        92.086901606354175        1.9856033410482338E-002  0.80507793951971307        763.64037856400432        0.0000000000000000     
 THERM-B          44   2036.0737725631477        300.00000000000000        256376.98912704387        52525.614699098733        123.52231460147932        83.052356452829869        2.7241080229982492E-002   1.0572374345364894        894.29289221558861        0.0000000000000000     
 THERM-B          45   2036.0737725631477        300.00000000000000        256294.71055927945        52058.506865886309        123.56236222424373        84.106660370406104        2.6485375491697775E-002   1.0334283512724340        879.07548540588664        0.0000000000000000     
 THERM-B          46   2036.0737725631477        300.00000000000000        256255.73490423377        51836.354050508176        123.58133724847649        84.612745418373478        2.6204922697197864E-002   1.0250918211777045        871.77506280232899        0.0000000000000000     
 THERM-B          47   2036.0737725631477        300.00000000000000        257427.63619275324        58281.403190027922        123.01201774876641        71.098420119442210        3.9119834133208888E-002   1.4208382564152116        1069.9163640140555        0.0000000000000000     
 THERM-B          48   2036.0737725631477        300.00000000000000        256327.45592675166        52244.708828032090        123.54642251858009        83.684797115977105        2.6794579384959261E-002   1.0432638630681326        885.16279082196343        0.0000000000000000     
 THERM-B          49   2036.0737725631477        300.00000000000000        256261.64804588087        51870.094403951909        123.57845829831012        84.535686975272256        2.9903485812736910E-002   1.1693211419860527        872.88653260915999        0.0000000000000000     
 THERM-B          50   2036.0737725631477        300.00000000000000        255993.64979047506        50327.483826338073        123.70900370940788        88.131084557908949        2.2089208600520313E-002  0.87914299941671969        821.01520987482172        0.0000000000000000     
 THERM-B          51   2036.0737725631477        300.00000000000000        256253.60473948604        51824.196116762578        123.58237438426275        84.640529634454538        2.5894859277561022E-002   1.0131037884881813        871.37431989490256        0.0000000000000000     
 THERM-B          52   2036.0737725631477        300.00000000000000        359539.00110468495        76948.377012664889        172.63403156899179        108.86564287354213        3.2247933504203199E-002   1.2169835138045271        971.09303303101001        0.0000000000000000     
 THERM-B          53   2036.0737725631477        300.00000000000000        358507.43296048278        71132.188054170314        173.13592295842770        121.79089988651380        2.4002305894558634E-002  0.95004122108881139        837.43788012551045        0.0000000000000000     
 THERM-B          54   2036.0737725631477        300.00000000000000        358421.40900912933        70634.326173680180        173.17783918288023        122.96584107246902        2.3388126314215819E-002  0.92950380748007289        825.32412947410739        0.0000000000000000     
 THERM-B          55   2036.0737725631477        300.00000000000000        357365.62983371061        64348.459491424655        173.69306900751420        138.79793935758551        1.5389256159148535E-002  0.64370915027478470        658.89363269751550        0.0000000000000000     
 THERM-B          56   2036.0737725631477        300.00000000000000        358375.44465163013        70367.460601127910        173.20023984512224        123.60025352617991        2.2664298508502330E-002  0.90270194392006431        818.77863097299780        0.0000000000000000     
 THERM-B          57   2036.0737725631477        300.00000000000000        1079615.9410891272        236305.11136876483        517.41696820542074        315.33145962183966        3.1765067008756469E-002   1.1809339036147124        1010.5035255225405        0.0000000000000000     
 THERM-B          58   2036.0737725631477        300.00000000000000        1077311.7998622917        223587.39300640827        518.53661041295049        342.19986867412348        2.6182172774093068E-002   1.0079005942811532        917.07955237845113        0.0000000000000000     
 THERM-B          59   2036.0737725631477        300.00000000000000        1078939.0744348899        232614.29374952294        517.74563596652933        322.90297705356596        3.0133571313530449E-002   1.1316872566446194        983.97001831276657        0.0000000000000000     
 THERM-B          60   2036.0737725631477        300.00000000000000        410507.43891128158        85753.078467948071        197.48768779301781        129.09851540982092        2.5044241946388709E-002  0.96011046266453748        928.51774851372090        0.0000000000000000     
 THERM-B          61   2036.0737725631477        300.00000000000000        407591.70542891766        68391.001013907895        198.91049928018907        172.98110866486599        7.7187206288668606E-003  0.33484911953103180        514.98451244474131        0.0000000000000000     
 THERM-B          62   2036.0737725631477        300.00000000000000        407915.34091887966        70432.330504013225        198.75209187925739        167.14628909857737        9.9252298658864761E-003  0.42440318669475502        575.64418593463347        0.0000000000000000     
 THERM-B          63   2036.0737725631477        300.00000000000000        410226.57817959087        84173.383682843749        197.62431805586959        132.58713650151836        2.3372872385799874E-002  0.90625006823481025        896.97049880206691        0.0000000000000000     
 THERM-B          64   2036.0737725631477        300.00000000000000        357158.53959778475        63075.225762277521        173.79430215272714        142.24015605449446        1.1967583089018645E-002  0.50577768551345081        621.07096231827984        0.0000000000000000     
 THERM-B          65   2036.0737725631477        300.00000000000000        153772.90764778451        31212.792292890728        74.139325004040003        50.514698395734236       -5.5613382889972912E-004  -2.1708941744245657E-002   877.85635302773028        0.0000000000000000     
 THERM-B          66   2036.0737725631477        300.00000000000000        153960.35929847750        32269.529386431801        74.048123448453381        48.168225199876616        4.3913179725445688E-003  0.16798697177153132        934.40955723813011        0.0000000000000000     
 THERM-B          67   2036.0737725631477        300.00000000000000        155112.34975647647        38340.892297774160        73.489986153295732        36.665714810688613        4.8067309564242551E-002   1.6354242536637384        1226.4954200391526        0.0000000000000000     
 THERM-B          68   2036.0737725631477        300.00000000000000        155260.42888734723        39074.686881827671        73.418533888239125        35.480439162152102        5.1101161750510923E-002   1.7139846070936915        1259.2010825079021        0.0000000000000000     
 THERM-B          69   2036.0737725631477        300.00000000000000        411951.00925860129        93604.106195781205        196.78685453247479        113.08070497347590        2.2507584651352264E-002  0.81538886448978498        1076.3090349992203        0.0000000000000000     
 THERM-B          70   2036.0737725631477        300.00000000000000        359073.40688602260        74357.576934273166        172.86038627711741        114.44474245580736        1.0407997355463692E-002  0.40122707037065047        913.17098953681295        0.0000000000000000     
 THERM-B          71   2036.0737725631477        300.00000000000000        50928.696229518071        8419.5420892662660        24.873737971621072        22.001671486696665        8.4212232053917577E-003  0.36800199798264926        481.74151455657943        0.0000000000000000     
 THERM-B          72   2036.0737725631477        300.00000000000000        50861.397085226512        7982.6006635961858        24.906724225582128        23.330177101636014        4.8694095296127875E-003  0.21809292927484861        349.41904048680601        0.0000000000000000     
 THERM-B          73   2036.0737725631477        300.00000000000000        50925.731099739118        8400.5345891944689        24.875190434558476        22.057914604415281        1.0393512304453293E-002  0.45467713825630268        476.68414253633216        0.0000000000000000     
 THERM-B           1   2111.2860012962306        300.00000000000000        689783.93636786100        130863.17023832045        321.82492278585903        229.11295567505445        4.3758419193664355E-003  0.18720616791899936        821.17002539062469        0.0000000000000000     
 THERM-B           2   2111.2860012962306        300.00000000000000        690717.30477813934        136413.09064115293        321.38629211461915        216.28070752058724        6.5936930431240003E-003  0.27526660218631488        892.37914294940344        0.0000000000000000     
 THERM-B           3   2111.2860012962306        300.00000000000000        371971.08185966749        73725.290669607726        173.03237710798246        115.84919355198079        8.4382274675238039E-003  0.35148441451587487        898.66833637084119        0.0000000000000000     
 THERM-B           4   2111.2860012962306        300.00000000000000        371652.72904343589        71845.220337620209        173.18193143394316        120.12753318864783        1.0531323302803536E-002  0.44548582984398510        854.57546538380382        0.0000000000000000     
 THERM-B           5   2111.2860012962306        300.00000000000000        370345.05992340547        63796.593042507848        173.79753567056264        140.27982375863570        1.1779037950643194E-002  0.53206819844687603        642.72160433799797        0.0000000000000000     
 THERM-B           6   2111.2860012962306        300.00000000000000        371566.48741034896        71330.828969021561        173.22246684031268        121.32522544305232        7.7070209466214767E-003  0.32739126646551453        842.23670119161795        0.0000000000000000     
 THERM-B           7   2111.2860012962306        300.00000000000000        531509.86970833596        106038.85639444878        247.13154114278635        163.90420346326081        5.5567791515161568E-003  0.23050904608673170        910.19314456896882        0.0000000000000000     
 THERM-B           8   2111.2860012962306        300.00000000000000        529954.82988620026        96716.115317859570        247.86262655023955        185.88401347893779        3.2480127973746990E-003  0.14212742041157095        751.15014975934980        0.0000000000000000     
 THERM-B           9   2111.2860012962306        300.00000000000000        531222.61903673434        104354.35081997451        247.26643401825893        167.67511639467662        5.2464825889595645E-003  0.21975400863338260        882.95828810611931        0.0000000000000000     
 THERM-B          10   2111.2860012962306        300.00000000000000        530732.16382438096        101439.69121864720        247.49691396513748        174.40491907300077        4.6571741533242223E-003  0.19835881368731711        834.42259520460698        0.0000000000000000     
 THERM-B          11   2111.2860012962306        300.00000000000000        532766.65772640426        113223.75699493552        246.54217825254335        148.75065903360812        2.4982295728597115E-002  0.99427029522785493        1020.9163851856110        0.0000000000000000     
 THERM-B          12   2111.2860012962306        300.00000000000000        530961.14862131164        102806.63397093257        247.38928151081632        171.21593603176214        1.7643882571833927E-002  0.74562453056160571        857.42235466027319        0.0000000000000000     
 THERM-B          13   2111.2860012962306        300.00000000000000        532120.65384063113        109567.36653376522        246.84495015055856        156.27781788186019        1.8841384440436443E-002  0.76586826698127952        965.57476292994670        0.0000000000000000     
 THERM-B          14   2111.2860012962306        300.00000000000000        530932.45824945520        102635.95874734365        247.40276474290013        171.61092459229468        1.4186160356504163E-002  0.60008944602565994        854.57429082180295        0.0000000000000000     
 THERM-B          15   2111.2860012962306        300.00000000000000        532434.46144381084        111352.98461599246        246.69782918905386        152.55514366395528        1.9925582155702844E-002  0.80163700741264043        992.83924749733387        0.0000000000000000     
 THERM-B          16   2111.2860012962306        300.00000000000000        532026.08880007430        109025.69929994679        246.88930104048418        157.42503286390163        1.5069673289093508E-002  0.61447074509232424        957.20797802345112        0.0000000000000000     
 THERM-B          17   2111.2860012962306        300.00000000000000        532016.18544766924        108968.87613304039        246.89394614041194        157.54586921381980        1.1353777224000274E-002  0.46310553416558686        956.32757158221682        0.0000000000000000     
 THERM-B          18   2111.2860012962306        300.00000000000000        530979.88148848130        102917.98210742339        247.38047825276377        170.95873339554902        1.1405804641123998E-002  0.48169772557222307        859.27689379764797        0.0000000000000000     
 THERM-B          19   2111.2860012962306        300.00000000000000        265822.42789500998        53412.418933837434        123.53408796492047        81.086897333346343        1.6342790629428269E-002  0.67488178359273621        922.71623704899116        0.0000000000000000     
 THERM-B          20   2111.2860012962306        300.00000000000000        265713.46864603175        52777.099388798000        123.58523949415670        82.490199631875342        1.3810731301697625E-002  0.57450202142410800        902.41381939045539        0.0000000000000000     
 THERM-B          21   2111.2860012962306        300.00000000000000        1064229.2148584246        219065.56553838128        493.69557136563049        312.70162511373439        1.7058104324729116E-002  0.69351942684356749        965.04194674730400        0.0000000000000000     
 THERM-B          22   2111.2860012962306        300.00000000000000        1062119.5561303049        206784.16222009499        494.68587057585700        339.73581157102137        1.4690236404565928E-002  0.61872295040680492        867.14241254024455        0.0000000000000000     
 THERM-B          23   2111.2860012962306        300.00000000000000        1064357.9113824726        219800.97530784470        493.63522087890743        311.15292282970944        1.6434150730878186E-002  0.66673652562051955        970.69752821673001        0.0000000000000000     
 THERM-B          24   2111.2860012962306        300.00000000000000        1064119.2357894983        218435.88987716503        493.74715013199778        314.03381030031773        1.5843306379553519E-002  0.64530043433469830        960.18277480130951        0.0000000000000000     
 THERM-B          25   2111.2860012962306        300.00000000000000        1065540.5243531084        226487.89516449929        493.08097979420620        297.42024985204068        2.8244891488518432E-002   1.1239870963000840        1021.2168443862093        0.0000000000000000     
 THERM-B          26   2111.2860012962306        300.00000000000000        1062595.7975222431        209594.78883744968        494.46215176890212        333.35004222522014        1.4848059805090366E-002  0.62034486296890956        890.17560880191513        0.0000000000000000     
 THERM-B          27   2111.2860012962306        300.00000000000000        1063804.6593520576        216628.54021967418        493.89471079862176        317.88927274913647        2.0318538190812918E-002  0.83189800294406357        946.14753033188288        0.0000000000000000     
 THERM-B          28   2111.2860012962306        300.00000000000000        266201.30666080659        55586.293289459434        123.35637829149987        76.463576687178815        3.7261485911076621E-002   1.5006494272440407        990.10607579782391        0.0000000000000000     
 THERM-B          29   2111.2860012962306        300.00000000000000        372484.67077742575        76698.375256317900        172.79136517550378        109.39190092204619        1.3682958424851337E-002  0.55618197772111755        965.60158041578632        0.0000000000000000     
 THERM-B          30   2111.2860012962306        300.00000000000000        370849.42021975905        66965.991526512618        173.55985407633503        131.97537421787374        7.4695906696856896E-003  0.32882114904890702        731.69186138831606        0.0000000000000000     
 THERM-B          31   2111.2860012962306        300.00000000000000        372887.26462961984        78979.611342843244        172.60266373927800        104.68317564854959        1.9914169363406880E-002  0.79437941574178139        1015.0164900328201        0.0000000000000000     
 THERM-B          32   2111.2860012962306        300.00000000000000        371034.07277658227        68105.371567729555        173.47291338901644        129.10947146609485        1.1226123576469032E-002  0.48961941676208443        761.68355115864040        0.0000000000000000     
 THERM-B          33   2111.2860012962306        300.00000000000000        372972.84586734354        79459.171707717876        172.56257593528107        103.71958852984929        1.8242469757552345E-002  0.72481812166053838        1025.2171146822179        0.0000000000000000     
 THERM-B          34   2111.2860012962306        300.00000000000000        371038.43844486756        68132.177446357600        173.47085838651631        129.04278918116972        1.2118885250487344E-002  0.52844101096278029        762.37843886286566        0.0000000000000000     
 THERM-B          35   2111.2860012962306        300.00000000000000        266699.69129147613        58366.698041585980        123.12298667489107        70.934988189644997        2.3350136103764293E-002  0.91061705394803849        1072.3843821949827        0.0000000000000000     
 THERM-B          36   2111.2860012962306        300.00000000000000        265587.18458929687        52034.894089025031        123.64454951431195        84.160309077438498        1.5694776539679611E-002  0.65846590194965260        878.30148280900698        0.0000000000000000     
 THERM-B          37   2111.2860012962306        300.00000000000000        266752.84545996273        58658.186199760661        123.09811964836753        70.379346767255953        2.8396622235687972E-002   1.1036838741009136        1080.7941911806327        0.0000000000000000     
 THERM-B          38   2111.2860012962306        300.00000000000000        265197.77836686384        49705.147604431295        123.82760722434264        89.624123322512062        1.7472496949626517E-002  0.75288631997565325        799.42172821957524        0.0000000000000000     
 THERM-B          39   2111.2860012962306        300.00000000000000        265599.42850385822        52107.134149770660        123.63879790314232        83.996285438062742        1.5184482106024050E-002  0.63652854297376404        880.66796198342126        0.0000000000000000     
 THERM-B          40   2111.2860012962306        300.00000000000000        266608.39611865790        57863.827928099352        123.16570832599010        71.904059185399404        3.5289318930405544E-002   1.3842714240316507        1057.7859698573830        0.0000000000000000     
 THERM-B          41   2111.2860012962306        300.00000000000000        265543.28604009928        51775.391473952470        123.66517307100014        84.752153018414944        2.4002217087275086E-002   1.0100044626625413        869.76437722613775        0.0000000000000000     
 THERM-B          42   2111.2860012962306        300.00000000000000        266375.88476537942        56570.167670643044        123.27457606412129        74.459126256447192        3.2715617160468669E-002   1.3026769422194766        1019.6744096131156        0.0000000000000000     
 THERM-B          43   2111.2860012962306        300.00000000000000        265174.75152500434        49565.377453078923        123.83844010059067        89.962868612095349        1.9593621245899123E-002  0.84563605420028032        794.51394529596462        0.0000000000000000     
 THERM-B          44   2111.2860012962306        300.00000000000000        265865.76252249547        53663.810962899646        123.51374989266220        80.538230068077937        2.6889735350981471E-002   1.1072136922920501        930.66879553320177        0.0000000000000000     
 THERM-B          45   2111.2860012962306        300.00000000000000        265770.40359234239        53109.654767138360        123.55850854659911        81.752647687363435        2.6066788887455155E-002   1.0801938853399624        913.07834850598056        0.0000000000000000     
 THERM-B          46   2111.2860012962306        300.00000000000000        265716.75658945285        52796.338862181452        123.58369565534105        82.447349271559133        2.5684410181213296E-002   1.0681898046822864        903.03308360938490        0.0000000000000000     
 THERM-B          47   2111.2860012962306        300.00000000000000        266937.67171136988        59664.450203718763        123.01168997098061        68.494966174276527        3.7827377001553947E-002   1.4531491084777635        1109.5465851346203        0.0000000000000000     
 THERM-B          48   2111.2860012962306        300.00000000000000        265795.91263450467        53258.240556558507        123.54653384361391        81.425241516972790        2.5906348335750944E-002   1.0717120061320433        917.81661952148818        0.0000000000000000     
 THERM-B          49   2111.2860012962306        300.00000000000000        265756.93661141687        53031.109391010177        123.56483079432486        81.926252029397730        2.9229967489690610E-002   1.2123690152970668        910.56701948531281        0.0000000000000000     
 THERM-B          50   2111.2860012962306        300.00000000000000        265477.36829052638        51384.252134692397        123.69614741560235        85.652050016102550        2.1545651829285674E-002  0.91071112061584325        856.78665294085920        0.0000000000000000     
 THERM-B          51   2111.2860012962306        300.00000000000000        265717.94903119642        52803.315407500188        123.58313575431133        82.431816523770863        2.5031144890040682E-002   1.0409376435076922        903.25756880154404        0.0000000000000000     
 THERM-B          52   2111.2860012962306        300.00000000000000        372845.30579224572        78743.813402399508        172.62232126332117        105.16027606992866        3.1719182485352958E-002   1.2677491750208159        1009.9780940885850        0.0000000000000000     
 THERM-B          53   2111.2860012962306        300.00000000000000        371768.75491877121        72533.815368066818        173.12741106523475        118.54259856884367        2.3606481544350594E-002  0.99295905013418406        870.90188648156186        0.0000000000000000     
 THERM-B          54   2111.2860012962306        300.00000000000000        371675.37503951159        71979.929799081874        173.17128883218854        119.81582489964113        2.2980928581435751E-002  0.97104466991580707        857.78627874713254        0.0000000000000000     
 THERM-B          55   2111.2860012962306        300.00000000000000        370605.26987890806        65442.420748797216        173.67487209207269        135.90550619503594        1.5435590427503901E-002  0.68797478220271746        690.04992941445278        0.0000000000000000     
 THERM-B          56   2111.2860012962306        300.00000000000000        371650.34191584407        71831.011758525608        173.18305331310884        120.16045777981358        2.2400370988456084E-002  0.94766908165749464        854.23631415860962        0.0000000000000000     
 THERM-B          57   2111.2860012962306        300.00000000000000        1119480.3993839261        241506.73234305606        517.42463448452600        304.96368890273834        3.1051611237926952E-002   1.2231633325047413        1047.1975474100711        0.0000000000000000     
 THERM-B          58   2111.2860012962306        300.00000000000000        1117093.1877821733        228025.73262853603        518.54333355655535        332.57165162805416        2.5592905031912156E-002   1.0462203426100403        950.34573513142993        0.0000000000000000     
 THERM-B          59   2111.2860012962306        300.00000000000000        1118780.0299899341        237602.06835197689        517.75260397369550        312.71352772642513        2.9457604832877529E-002   1.1729249775084645        1019.7266359278550        0.0000000000000000     
 THERM-B          60   2111.2860012962306        300.00000000000000        425701.88669188216        87684.565243150850        197.47344482020992        124.95754800679545        2.4366319034875315E-002  0.99022795177047118        966.16523260421786        0.0000000000000000     
 THERM-B          61   2111.2860012962306        300.00000000000000        422655.85474861378        69061.168174304563        198.90682599730090        171.04410336488885        7.5052263117121347E-003  0.34839672367267843        535.54935390856485        0.0000000000000000     
 THERM-B          62   2111.2860012962306        300.00000000000000        422982.09345697943        71183.236840698592        198.75283397969181        165.04837830577623        9.6026701443553790E-003  0.43911005503792799        596.62901734263721        0.0000000000000000     
 THERM-B          63   2111.2860012962306        300.00000000000000        425408.36003099120        85996.079137292298        197.61114076054977        128.57007240339959        2.2739604436910064E-002  0.93542538794265673        933.30793473645656        0.0000000000000000     
 THERM-B          64   2111.2860012962306        300.00000000000000        370345.05992340547        63796.593042507848        173.79753567056264        140.27982375863570        1.1779037950643194E-002  0.53206819844687603        642.72160433799797        0.0000000000000000     
 THERM-B          65   2111.2860012962306        300.00000000000000        159349.27138669783        31202.993348181833        74.188157503967957        50.536981883658200       -4.9198394205400532E-004  -2.0648010111426574E-002   877.32056049518815        0.0000000000000000     
 THERM-B          66   2111.2860012962306        300.00000000000000        159562.37544169684        32446.314341885984        74.088111620661479        47.786452710073192        3.8277031973691141E-003  0.15686131045235746        943.65033027928666        0.0000000000000000     
 THERM-B          67   2111.2860012962306        300.00000000000000        160803.16244890660        39161.494451919541        73.508150434753858        35.342870147447947        4.5632277120534866E-002   1.6419955236533808        1263.0430386074240        0.0000000000000000     
 THERM-B          68   2111.2860012962306        300.00000000000000        160948.31637999622        39896.080486567633        73.440587136959991        34.200669794537447        4.8467719970187298E-002   1.7191592882804696        1295.3382319416282        0.0000000000000000     
 THERM-B          69   2111.2860012962306        300.00000000000000        427046.15384889062        95169.806207987072        196.84400539740341        110.13503351266850        2.1525695176736772E-002  0.82867858787725468        1104.3397864898600        0.0000000000000000     
 THERM-B          70   2111.2860012962306        300.00000000000000        372260.99968257087        75412.462324952852        172.89628796841893        112.13936873120089        9.8152202098176836E-003  0.40321228259706804        937.03420061709232        0.0000000000000000     
 THERM-B          71   2111.2860012962306        300.00000000000000        52811.387401061693        8497.0486154218452        24.873079689406090        21.773760940278706        8.3228303360446208E-003  0.38932617561695326        501.89584429877510        0.0000000000000000     
 THERM-B          72   2111.2860012962306        300.00000000000000        52741.662240835460        8029.4528079705715        24.906036731968150        23.184113584296380        4.8404748788551553E-003  0.23248492011004382        365.70866131063639        0.0000000000000000     
 THERM-B          73   2111.2860012962306        300.00000000000000        52813.332900463793        8509.9060338434319        24.872160704890600        21.736174630537818        1.0527372856603177E-002  0.49209250416603134        505.17066469313863        0.0000000000000000     
 THERM-B           1   2181.2941887256684        300.00000000000000        712397.42257528007        131345.55971505604        321.94286415626925        227.96823600983114        4.0147753014960850E-003  0.18291160053982486        827.52829933253656        0.0000000000000000     
 THERM-B           2   2181.2941887256684        300.00000000000000        713530.40940650029        138267.81541069743        321.42739117112853        212.15385370107967        6.0264470256297057E-003  0.26628626251421400        915.32135759168341        0.0000000000000000     
 THERM-B           3   2181.2941887256684        300.00000000000000        384159.30863064376        74154.479063149454        173.09873509600223        114.89400597309064        6.9113335211130941E-003  0.30613430933584845        908.52937773799920        0.0000000000000000     
 THERM-B           4   2181.2941887256684        300.00000000000000        383868.14913513220        72385.552100970934        173.23116689464209        118.88208930585678        9.0686965517375040E-003  0.40757569617746392        867.40452155931314        0.0000000000000000     
 THERM-B           5   2181.2941887256684        300.00000000000000        382617.23905211542        64473.171796678653        173.80123383148108        138.46518351152460        1.1601209618137306E-002  0.55622558063924576        662.50417685489424        0.0000000000000000     
 THERM-B           6   2181.2941887256684        300.00000000000000        383756.75755887554        71701.883172483300        173.28185808949371        120.46008999299534        6.4230496787476892E-003  0.29029615934846842        851.14978423885975        0.0000000000000000     
 THERM-B           7   2181.2941887256684        300.00000000000000        548882.50996745937        106437.84082460609        247.24594560253473        163.02351015666781        4.3393945563387311E-003  0.19165557994946866        916.56431572201666        0.0000000000000000     
 THERM-B           8   2181.2941887256684        300.00000000000000        547347.54980981688        96950.123832938581        247.94469401929189        185.29817407064837        2.4784594215777494E-003  0.11559022380518673        755.43332290933836        0.0000000000000000     
 THERM-B           9   2181.2941887256684        300.00000000000000        548600.95265101083        104736.27374210839        247.37397609670060        166.81263637904124        4.0967216359295419E-003  0.18271864761418141        889.18228838291418        0.0000000000000000     
 THERM-B          10   2181.2941887256684        300.00000000000000        548118.60326128581        101781.69089927693        247.59345818492514        173.60157108231155        3.6370210162621980E-003  0.16499292510197477        840.21831541859376        0.0000000000000000     
 THERM-B          11   2181.2941887256684        300.00000000000000        550378.47983274132        115210.97153042785        246.56675304630662        144.81422711922409        2.4598234856181136E-002   1.0326932705919778        1050.2405993946002        0.0000000000000000     
 THERM-B          12   2181.2941887256684        300.00000000000000        548528.40110020502        104295.09042401204        247.40697717066141        167.80933910615764        1.7370277336404241E-002  0.77670344732647933        881.98988087028272        0.0000000000000000     
 THERM-B          13   2181.2941887256684        300.00000000000000        549704.37874864216        111311.74172981133        246.87258446604716        152.64011270738465        1.8418076535494904E-002  0.79089627435512733        992.21479099284852        0.0000000000000000     
 THERM-B          14   2181.2941887256684        300.00000000000000        548475.20104575146        103970.86499263409        247.43117861727484        168.54559452474271        1.3824664966130005E-002  0.61931664949186382        876.67868753473647        0.0000000000000000     
 THERM-B          15   2181.2941887256684        300.00000000000000        550026.15255713009        113183.70128550861        246.72655452943556        148.83110687488869        1.9480229634917769E-002  0.82749330341117899        1020.3201517577792        0.0000000000000000     
 THERM-B          16   2181.2941887256684        300.00000000000000        549550.30806771317        110408.33023134728        246.94253521611040        154.51332472770292        1.4580121203823560E-002  0.62936772967919330        978.47458198024685        0.0000000000000000     
 THERM-B          17   2181.2941887256684        300.00000000000000        549496.13348389207        110089.56464169918        246.96713590219139        155.17978431951641        1.0315404723516938E-002  0.44609720902062916        973.59758988621843        0.0000000000000000     
 THERM-B          18   2181.2941887256684        300.00000000000000        548487.63857403095        104046.71955179950        247.42552041004848        168.37305530895543        1.1016911086524719E-002  0.49331983596851509        877.92323560498301        0.0000000000000000     
 THERM-B          19   2181.2941887256684        300.00000000000000        274628.13719623862        54335.609142068148        123.53804201482723        79.090185079145002        1.5960338639316892E-002  0.69589230068823327        951.70722588026331        0.0000000000000000     
 THERM-B          20   2181.2941887256684        300.00000000000000        274507.46381668677        53616.181797649399        123.59287706456719        80.641895611858416        1.3419751638721130E-002  0.58999515999231633        929.16550610630179        0.0000000000000000     
 THERM-B          21   2181.2941887256684        300.00000000000000        1099291.2510693949        221935.56476408965        493.79851442227039        306.70119870282110        1.6250244855603418E-002  0.69919592993805169        986.99745557556298        0.0000000000000000     
 THERM-B          22   2181.2941887256684        300.00000000000000        1097141.8432113938        209107.58538714694        494.77527124570844        334.44834527410831        1.4013102379655995E-002  0.62565740772190692        886.21218060152000        0.0000000000000000     
 THERM-B          23   2181.2941887256684        300.00000000000000        1099412.3164900187        222644.29794388550        493.74355330869275        305.23733420064889        1.5443530674670842E-002  0.66312547736232341        992.37238802014326        0.0000000000000000     
 THERM-B          24   2181.2941887256684        300.00000000000000        1099149.4334239336        221103.52585698984        493.86290402202030        308.42876391999658        1.4997333882083486E-002  0.64684080238379538        980.66408698866780        0.0000000000000000     
 THERM-B          25   2181.2941887256684        300.00000000000000        1100805.2471527471        230698.10150076129        493.11161205795929        289.08931484282630        2.7906539197937976E-002   1.1706458179708281        1052.2601252396885        0.0000000000000000     
 THERM-B          26   2181.2941887256684        300.00000000000000        1097632.1201805186        212075.51988958055        494.55231234204405        327.81326046664299        1.4161963161124719E-002  0.62692638429666225        910.17558982600110        0.0000000000000000     
 THERM-B          27   2181.2941887256684        300.00000000000000        1098978.0123348585        220095.16818076783        493.94074518311953        310.53554046844062        1.9623636797053347E-002  0.84884434630971073        972.95416089816956        0.0000000000000000     
 THERM-B          28   2181.2941887256684        300.00000000000000        275081.47753645614        56986.802718214924        123.33224734220558        73.626372643509399        3.7142412343155212E-002   1.5705550198363043        1032.0396621041814        0.0000000000000000     
 THERM-B          29   2181.2941887256684        300.00000000000000        384737.88842948142        77595.089962938378        172.83585864627383        107.51607280279919        1.2626311366908213E-002  0.54363932847496677        985.20889686327951        0.0000000000000000     
 THERM-B          30   2181.2941887256684        300.00000000000000        383076.26756965520        67438.349134393357        173.59183720649574        130.77972742216053        6.6734889670158615E-003  0.31232414563757149        744.23634695020837        0.0000000000000000     
 THERM-B          31   2181.2941887256684        300.00000000000000        385176.60000374337        80141.259659598058        172.63678479093963        102.36447505279062        1.8702538845431212E-002  0.78847872147362674        1039.6218302338827        0.0000000000000000     
 THERM-B          32   2181.2941887256684        300.00000000000000        383294.45312595984        68822.057447442654        173.49239106424810        127.33827642913670        1.0542537205744088E-002  0.48785201253768951        780.10335027456745        0.0000000000000000     
 THERM-B          33   2181.2941887256684        300.00000000000000        385230.67298225866        80451.498710296786        172.61226327327432        101.75405706766632        1.6883504055324343E-002  0.70996336282297123        1046.1345487974600        0.0000000000000000     
 THERM-B          34   2181.2941887256684        300.00000000000000        383292.47069550562        68809.557448847248        173.49329438579139        127.36896221665471        1.1357839336767117E-002  0.52563353666081369        779.78484635038308        0.0000000000000000     
 THERM-B          35   2181.2941887256684        300.00000000000000        275457.81087784353        59128.988980404145        123.16165849887308        69.491217126974988        2.1908449730019982E-002  0.90363680451809558        1094.2994720970307        0.0000000000000000     
 THERM-B          36   2181.2941887256684        300.00000000000000        274336.46731478570        52586.441781073678        123.67061912382708        82.916037170695304        1.4725135072743999E-002  0.65511068708331222        896.26164191956741        0.0000000000000000     
 THERM-B          37   2181.2941887256684        300.00000000000000        275544.50329377805        59615.290270699181        123.12239343247742        68.585820847043649        2.7179722656980970E-002   1.1147316847699735        1108.1516498447268        0.0000000000000000     
 THERM-B          38   2181.2941887256684        300.00000000000000        273985.84051025799        50435.771045975780        123.83017433610701        87.873820477305387        1.6787425518789860E-002  0.76554615027077499        824.73095233069557        0.0000000000000000     
 THERM-B          39   2181.2941887256684        300.00000000000000        274350.23701269575        52669.817007691920        123.66435712585839        82.729547821167230        1.4209879333527591E-002  0.63158092276605271        898.95548039551113        0.0000000000000000     
 THERM-B          40   2181.2941887256684        300.00000000000000        275445.40964515018        59059.208852428281        123.16727628991076        69.622128461542559        3.4686703817049906E-002   1.4318505589458019        1092.3037487520410        0.0000000000000000     
 THERM-B          41   2181.2941887256684        300.00000000000000        274341.17178032087        52614.936252308631        123.66847965627923        82.852255113606148        2.3553349035379183E-002   1.0475279761997531        897.18290358269462        0.0000000000000000     
 THERM-B          42   2181.2941887256684        300.00000000000000        275209.49705676344        57721.306906984435        123.27419186286977        72.181142414741331        3.2188930451012170E-002   1.3495542464455914        1053.6272761592188        0.0000000000000000     
 THERM-B          43   2181.2941887256684        300.00000000000000        273978.13750273670        50387.912234869364        123.83368184586445        87.987429507454195        1.9356913791249788E-002  0.88320555603652917        823.09020739688560        0.0000000000000000     
 THERM-B          44   2181.2941887256684        300.00000000000000        274696.94715659617        54743.201364550681        123.50678454582061        78.224379465990140        2.6571851519987623E-002   1.1531294122137659        964.32709992917262        0.0000000000000000     
 THERM-B          45   2181.2941887256684        300.00000000000000        274590.08981298475        54109.418977376627        123.55532857784577        79.574796805688649        2.5697396092244175E-002   1.1233694606680902        944.65755016198955        0.0000000000000000     
 THERM-B          46   2181.2941887256684        300.00000000000000        274523.49541055551        53712.101195571289        123.58559083046539        80.433261827495670        2.5234166823293838E-002   1.1081860035832041        932.19132200758224        0.0000000000000000     
 THERM-B          47   2181.2941887256684        300.00000000000000        275786.17590679391        60957.290581758018        123.01299715541224        66.149192817818147        3.6720473416263104E-002   1.4826675931873474        1145.8943073129874        0.0000000000000000     
 THERM-B          48   2181.2941887256684        300.00000000000000        274606.89533029258        54209.399333931426        123.54769282394395        79.360223264200698        2.5145932815529654E-002   1.0979946859809586        947.77779655401923        0.0000000000000000     
 THERM-B          49   2181.2941887256684        300.00000000000000        274593.20157826797        54127.940310722362        123.55391468239584        79.535003290428307        2.8645397141627144E-002   1.2519746541352192        945.23607534789471        0.0000000000000000     
 THERM-B          50   2181.2941887256684        300.00000000000000        274300.07593073626        52365.705156593722        123.68717016198048        83.411795707883002        2.1065284364108424E-002  0.93956297331275540        889.10321702304032        0.0000000000000000     
 THERM-B          51   2181.2941887256684        300.00000000000000        274525.29778850998        53722.878485289773        123.58477168938897        80.409853978112238        2.4292226810864580E-002   1.0666871185143720        932.53089571265389        0.0000000000000000     
 THERM-B          52   2181.2941887256684        300.00000000000000        385228.72985083261        80440.363536026009        172.61314440505603        101.77590246122114        3.1249632519621061E-002   1.3141905216370977        1045.9012067856761        0.0000000000000000     
 THERM-B          53   2181.2941887256684        300.00000000000000        384110.90642891277        73862.198762835455        173.12074379829852        115.54363780807489        2.3255236779532031E-002   1.0325591393577225        901.82176048448855        0.0000000000000000     
 THERM-B          54   2181.2941887256684        300.00000000000000        384011.00409154617        73256.693418344643        173.16617828294358        116.90113542583970        2.2621870274433523E-002   1.0094490887254304        887.81828467927573        0.0000000000000000     
 THERM-B          55   2181.2941887256684        300.00000000000000        382928.69548119238        66493.205106446054        173.65912944167994        133.18286250149310        1.5458487922818667E-002  0.72906918084816652        718.96953308916909        0.0000000000000000     
 THERM-B          56   2181.2941887256684        300.00000000000000        384004.29667044681        73215.931228338246        173.16922915140111        116.99309029573237        2.2157203066790535E-002  0.98904562049403555        886.87023603091268        0.0000000000000000     
 THERM-B          57   2181.2941887256684        300.00000000000000        1156573.8794363569        246374.02950598358        517.43704979271297        295.57494013081430        3.0422175886990768E-002   1.2616468519358837        1080.8603120265711        0.0000000000000000     
 THERM-B          58   2181.2941887256684        300.00000000000000        1154111.6555287610        232186.60471424367        518.55389224960891        323.79210936616806        2.5073164897850705E-002   1.0813322458437382        980.86675789318076        0.0000000000000000     
 THERM-B          59   2181.2941887256684        300.00000000000000        1155852.2448855645        242271.50960863836        517.76413884694318        303.46869209614016        2.8861154171355652E-002   1.2105620007954920        1052.5281162680908        0.0000000000000000     
 THERM-B          60   2181.2941887256684        300.00000000000000        439835.54321274802        89470.098930248481        197.46536707142101        121.24819696614050        2.3770752830010969E-002   1.0176470615189794        1000.1590287758322        0.0000000000000000     
 THERM-B          61   2181.2941887256684        300.00000000000000        436674.72278973908        69685.095439474782        198.90499255504920        169.25964862265496        7.3174850324612675E-003  0.36095064068440169        554.10082109373252        0.0000000000000000     
 THERM-B          62   2181.2941887256684        300.00000000000000        437003.89624605514        71885.948265867191        198.75460209558184        163.10833240884270        9.3240790833834658E-003  0.45280036287721864        615.72442271344414        0.0000000000000000     
 THERM-B          63   2181.2941887256684        300.00000000000000        439530.89054321923        87682.316931915193        197.60369030062091        124.96228994681248        2.2183350847289594E-002  0.96203576837367599        966.12195767679771        0.0000000000000000     
 THERM-B          64   2181.2941887256684        300.00000000000000        382617.23905211542        64473.171796678653        173.80123383148108        138.46518351152460        1.1601209618137306E-002  0.55622558063924576        662.50417685489424        0.0000000000000000     
 THERM-B          65   2181.2941887256684        300.00000000000000        164543.15115477843        31194.863612743404        74.229084791277657        50.555476899240468       -4.3932473646255429E-004  -1.9679488237602981E-002   876.87587727442144        0.0000000000000000     
 THERM-B          66   2181.2941887256684        300.00000000000000        164776.31743171427        32598.011496787840        74.123081844221474        47.461275521163536        3.3353631402892429E-003  0.14543571625448620        951.53340721992799        0.0000000000000000     
 THERM-B          67   2181.2941887256684        300.00000000000000        166098.12952078643        39923.528598213670        73.524878042429307        34.158742377791363        4.3571991954063645E-002   1.6479803833380773        1296.5376912830268        0.0000000000000000     
 THERM-B          68   2181.2941887256684        300.00000000000000        166241.18485131342        40661.053381363185        73.460413338721366        33.051995760740837        4.6242768970464497E-002   1.7238708612065503        1328.5815864713613        0.0000000000000000     
 THERM-B          69   2181.2941887256684        300.00000000000000        441089.81240461534        96602.290348974086        196.89685587348629        107.50848062070817        2.0681834825135227E-002  0.84074666587758984        1129.6424308032313        0.0000000000000000     
 THERM-B          70   2181.2941887256684        300.00000000000000        384522.72382177558        76326.855116900231        172.93357372581855        110.17867886889536        9.2982377298515273E-003  0.40455753109988901        957.40414063821345        0.0000000000000000     
 THERM-B          71   2181.2941887256684        300.00000000000000        54563.425105474998        8569.0208777956504        24.872684873416027        21.564169370284674        8.2196520196458813E-003  0.40872053520831997        519.99448178986108        0.0000000000000000     
 THERM-B          72   2181.2941887256684        300.00000000000000        54491.605994438767        8073.2057555942465        24.905541590346147        23.048505072815804        4.8030794596575404E-003  0.24562406879754792        380.33206231412851        0.0000000000000000     
 THERM-B          73   2181.2941887256684        300.00000000000000        54570.025488237174        8613.8434355802437        24.869667319364723        21.434629031176371        1.0611235281546007E-002  0.52630283745542772        530.99362357597170        0.0000000000000000     
 THERM-B           1   2248.0830227994429        300.00000000000000        733969.57157359133        131763.18848264401        322.04920980424396        226.98177309847750        3.7032926040647483E-003  0.17884823650415529        833.00507897870193        0.0000000000000000     
 THERM-B           2   2248.0830227994429        300.00000000000000        735298.04063083581        140084.77277241761        321.46263222977717        208.18732913111643        5.4786768125257351E-003  0.25501204156102381        937.43344593721554        0.0000000000000000     
 THERM-B           3   2248.0830227994429        300.00000000000000        395777.82135350251        74492.579316529795        173.16228498805867        114.14708109781022        5.6097340785700974E-003  0.26313870974978926        916.24770281312283        0.0000000000000000     
 THERM-B           4   2248.0830227994429        300.00000000000000        395512.18460422603        72835.089083313476        173.27955451195456        117.85571576820385        7.8172065320275819E-003  0.37172352567683986        877.97912240896130        0.0000000000000000     
 THERM-B           5   2248.0830227994429        300.00000000000000        394321.80877635774        65111.858954901567        173.80599489510033        136.77323564723190        1.1422409568935157E-002  0.57861681302658796        680.75470143164785        0.0000000000000000     
 THERM-B           6   2248.0830227994429        300.00000000000000        395379.37794497173        71997.805965292981        173.33821248196125        119.77452114161333        5.3363885025840647E-003  0.25550838157051525        858.21173562886645        0.0000000000000000     
 THERM-B           7   2248.0830227994429        300.00000000000000        565447.12797652965        106729.04033738180        247.35252156033286        162.38372067770021        3.3236719711081477E-003  0.15562568364357332        921.19590994904308        0.0000000000000000     
 THERM-B           8   2248.0830227994429        300.00000000000000        563935.82810385723        97116.389139193780        248.02029409953153        184.88303470008478        1.8389273745907321E-003   9.0995834250911636E-002   758.46552267961420        0.0000000000000000     
 THERM-B           9   2248.0830227994429        300.00000000000000        565171.39845323819        105014.90309405760        247.47422555930896        166.18621023206856        3.1376123893254852E-003  0.14837289389149086        893.70444527452264        0.0000000000000000     
 THERM-B          10   2248.0830227994429        300.00000000000000        564697.98360232264        102031.49694970764        247.68331884872143        173.01710434122600        2.7857418371852838E-003  0.13401471077497343        844.43395781013328        0.0000000000000000     
 THERM-B          11   2248.0830227994429        300.00000000000000        567164.16302504041        117041.42023433163        246.59592410533480        141.28170781178721        2.4196443255634584E-002   1.0672556727694673        1076.8325089462730        0.0000000000000000     
 THERM-B          12   2248.0830227994429        300.00000000000000        565276.42303846905        105669.81566672469        247.42786212579136        164.72302986968515        1.7084671417068487E-002  0.80486439663748488        904.27365533208183        0.0000000000000000     
 THERM-B          13   2248.0830227994429        300.00000000000000        566465.61494121375        112918.48358996856        246.90346698290799        149.36487916353556        1.8010878577941650E-002  0.81367460427095872        1016.3670437278038        0.0000000000000000     
 THERM-B          14   2248.0830227994429        300.00000000000000        565201.33388168702        105201.82744692924        247.46100962702232        165.76727408207418        1.3483134855499566E-002  0.63691046796048734        896.72961501352643        0.0000000000000000     
 THERM-B          15   2248.0830227994429        300.00000000000000        566794.05695836374        114868.91503624801        246.75882152805343        145.48421310085882        1.9051360491848478E-002  0.85099436026782671        1045.2278806260736        0.0000000000000000     
 THERM-B          16   2248.0830227994429        300.00000000000000        566257.80440204777        111673.20794424637        246.99502823796814        151.89703452074619        1.4129153156202333E-002  0.64293366761533732        997.67946706856458        0.0000000000000000     
 THERM-B          17   2248.0830227994429        300.00000000000000        566158.07415823184        111072.44798406384        247.03898084719467        153.13404920617484        9.4094724733243800E-003  0.42966128770146272        988.58688194954732        0.0000000000000000     
 THERM-B          18   2248.0830227994429        300.00000000000000        565182.30955052772        105083.05815531014        247.46940843579912        166.03333848936273        1.0661467394996306E-002  0.50396655156753756        894.80825801112871        0.0000000000000000     
 THERM-B          19   2248.0830227994429        300.00000000000000        283021.02038003423        55185.442806333609        123.54506394120345        77.295731373985006        1.5596833986592899E-002  0.71509034634068458        977.90248071062422        0.0000000000000000     
 THERM-B          20   2248.0830227994429        300.00000000000000        282889.69898105605        54386.220619398824        123.60296851018882        78.982155842366979        1.3055946170709334E-002  0.60415328499868215        953.28004833409102        0.0000000000000000     
 THERM-B          21   2248.0830227994429        300.00000000000000        1132719.3645033941        224569.59080548678        493.90027369361076        301.29612664816858        1.5533379147326760E-002  0.70433146799690127        1006.8838650692906        0.0000000000000000     
 THERM-B          22   2248.0830227994429        300.00000000000000        1130535.5675955042        211232.07315901498        494.86335126675698        329.68539024682411        1.3410383028573619E-002  0.63196336871203018        903.40887357935446        0.0000000000000000     
 THERM-B          23   2248.0830227994429        300.00000000000000        1132828.5936615027        225223.56655092799        493.85214943393748        299.96909607386465        1.4572905635770779E-002  0.65952949578376474        1011.7840031045200        0.0000000000000000     
 THERM-B          24   2248.0830227994429        300.00000000000000        1132546.6197641534        223532.85333431727        493.97639082198623        303.41198664137585        1.4250379720873117E-002  0.64809991181206061        999.08576552316720        0.0000000000000000     
 THERM-B          25   2248.0830227994429        300.00000000000000        1134425.9720519399        234652.09033656539        493.14888589415023        281.48065969013709        2.7549902119008943E-002   1.2131593943318237        1080.9334122338198        0.0000000000000000     
 THERM-B          26   2248.0830227994429        300.00000000000000        1131036.3452862073        214335.94777504326        494.64234492970752        322.84817505662670        1.3550528163243702E-002  0.63287700057404306        928.14846538719223        0.0000000000000000     
 THERM-B          27   2248.0830227994429        300.00000000000000        1132505.7403332775        223287.06607403510        493.99440530783664        303.91580142933162        1.8991499874418862E-002  0.86433868312764595        997.23153533997390        0.0000000000000000     
 THERM-B          28   2248.0830227994429        300.00000000000000        283550.55437267228        58336.579607136126        123.31183469286803        70.992653980352131        3.6986959473541282E-002   1.6349172726555870        1071.5132723113666        0.0000000000000000     
 THERM-B          29   2248.0830227994429        300.00000000000000        396415.87107670848        78383.990600342455        172.88091692907389        105.89255137064748        1.1705013467990206E-002  0.53168855834892848        1002.2599606958415        0.0000000000000000     
 THERM-B          30   2248.0830227994429        300.00000000000000        394733.54997973301        67840.515438808186        173.62373130704975        129.77015463980374        5.9900666705422186E-003  0.29674898306808739        754.79199732146378        0.0000000000000000     
 THERM-B          31   2248.0830227994429        300.00000000000000        396888.44550084043        81188.944220187783        172.67280143761326        100.31783192009290        1.7638407876558574E-002  0.78279144733641581        1061.5208472490583        0.0000000000000000     
 THERM-B          32   2248.0830227994429        300.00000000000000        394984.11015309888        69470.672538921222        173.51290614669503        125.75599038146810        9.9421686538994133E-003  0.48600840834924269        796.50159124849472        0.0000000000000000     
 THERM-B          33   2248.0830227994429        300.00000000000000        396913.76806591981        81337.474310527759        172.66165646238019        100.03105469146257        1.5699644416363897E-002  0.69589042163557635        1064.6041141019093        0.0000000000000000     
 THERM-B          34   2248.0830227994429        300.00000000000000        394977.26414061838        69426.428083716833        173.51593330746365        125.86330408659397        1.0691747570031848E-002  0.52283996623353934        795.39086882926654        0.0000000000000000     
 THERM-B          35   2248.0830227994429        300.00000000000000        283805.71893615520        59816.090594626810        123.19959934048246        68.215484942308549        2.0647321311540848E-002  0.89707528969553219        1113.8433497258595        0.0000000000000000     
 THERM-B          36   2248.0830227994429        300.00000000000000        282678.38917905884        53084.613581717218        123.69619730386609        81.807954850745389        1.3876931599763626E-002  0.65186696296017310        912.27819883408620        0.0000000000000000     
 THERM-B          37   2248.0830227994429        300.00000000000000        283926.90418812732        60510.324347865353        123.14632955564085        66.950756844300372        2.6103261669670329E-002   1.1249758336709650        1133.3997659587012        0.0000000000000000     
 THERM-B          38   2248.0830227994429        300.00000000000000        282364.45665675146        51114.001008327723        123.83482648687246        86.279358780705849        1.6174764923509593E-002  0.77724692829606901        847.73977579555503        0.0000000000000000     
 THERM-B          39   2248.0830227994429        300.00000000000000        282694.49373247870        53184.502296586987        123.68908969911402        81.587558404548048        1.3357763367354409E-002  0.62675653718660829        915.46719414521965        0.0000000000000000     
 THERM-B          40   2248.0830227994429        300.00000000000000        283872.54029400577        60199.549797221123        123.17022374792596        67.513927580315382        3.4120115138863399E-002   1.4758209066231371        1124.6682932364592        0.0000000000000000     
 THERM-B          41   2248.0830227994429        300.00000000000000        282732.78282100847        53421.529978494691        123.67219270572373        81.066947198427371        2.3138724148498439E-002   1.0827216341942028        923.00524488749988        0.0000000000000000     
 THERM-B          42   2248.0830227994429        300.00000000000000        283633.44104738877        58819.860039904015        123.27536590512571        70.073068952126135        3.1690303932579517E-002   1.3929370507714429        1085.4426300215082        0.0000000000000000     
 THERM-B          43   2248.0830227994429        300.00000000000000        282373.79816072265        51173.295660894000        123.83069924371168        86.141334084412449        1.9121466189792623E-002  0.91821870217674240        849.73045885933061        0.0000000000000000     
 THERM-B          44   2248.0830227994429        300.00000000000000        283117.98127478885        55770.905623832943        123.50232681554373        76.083364369627134        2.6254329113921230E-002   1.1955878301601961        995.69514167109480        0.0000000000000000     
 THERM-B          45   2248.0830227994429        300.00000000000000        283000.92796573701        55063.632139431676        123.55392177024368        77.550406677994644        2.5340486279288092E-002   1.1634603045926402        974.17517851598939        0.0000000000000000     
 THERM-B          46   2248.0830227994429        300.00000000000000        282922.79253269744        54588.317369496712        123.58837387430532        78.552257477842105        2.4812305735406569E-002   1.1454900172030291        959.54403673294973        0.0000000000000000     
 THERM-B          47   2248.0830227994429        300.00000000000000        284220.90136611753        62172.782581538399        123.01718756321380        64.018735503832517        3.5720228905206111E-002   1.5098219665081125        1179.5130716196479        0.0000000000000000     
 THERM-B          48   2248.0830227994429        300.00000000000000        283008.05615539989        55106.866307936572        123.55077920722394        77.459918561362926        2.4459060466452087E-002   1.1224296656503781        975.49912952811871        0.0000000000000000     
 THERM-B          49   2248.0830227994429        300.00000000000000        283018.27992138593        55168.838684393922        123.54627204875969        77.330396848677353        2.8101196709132838E-002   1.2886433345641064        977.39493346810673        0.0000000000000000     
 THERM-B          50   2248.0830227994429        300.00000000000000        282710.63237175171        53284.487117935831        123.68196744153769        81.367543984888513        2.0615317583149606E-002  0.96617144528942567        918.65192277290987        0.0000000000000000     
 THERM-B          51   2248.0830227994429        300.00000000000000        282923.25359096256        54591.129675352269        123.58817055392949        78.546291756475256        2.3625317621367173E-002   1.0906558159263555        959.63102013629202        0.0000000000000000     
 THERM-B          52   2248.0830227994429        300.00000000000000        397035.75006499735        82050.499827476291        172.60797931909698        98.665906763336906        3.0795603271900125E-002   1.3569601965040599        1079.3345182490741        0.0000000000000000     
 THERM-B          53   2248.0830227994429        300.00000000000000        395880.36594628106        75126.411705434861        173.11703530604879        112.75988152981685        2.2915908855724289E-002   1.0693267992029893        930.60291000961922        0.0000000000000000     
 THERM-B          54   2248.0830227994429        300.00000000000000        395774.65166452317        74472.934557314322        173.16368385101711        114.19034690879856        2.2277815448924709E-002   1.0451662313159598        915.80042142171328        0.0000000000000000     
 THERM-B          55   2248.0830227994429        300.00000000000000        394682.39034309512        67504.892856685401        173.64636799542902        130.61214822727376        1.5448966763471510E-002  0.76744764951641598        745.99068341146710        0.0000000000000000     
 THERM-B          56   2248.0830227994429        300.00000000000000        395784.27541209955        74532.569767199660        173.15943668401763        114.05905633888696        2.1909558104758219E-002   1.0273844038243054        917.15777958451167        0.0000000000000000     
 THERM-B          57   2248.0830227994429        300.00000000000000        1191936.7483364772        250955.63617389428        517.45910106257054        287.00564593340602        2.9829351849085847E-002   1.2969905019298693        1112.0098048318023        0.0000000000000000     
 THERM-B          58   2248.0830227994429        300.00000000000000        1189407.4053280323        236109.99663136562        518.57234461372138        315.72721135621015        2.4583786493322150E-002   1.1137457566653641        1009.1115792794769        0.0000000000000000     
 THERM-B          59   2248.0830227994429        300.00000000000000        1191196.0618204661        246668.80074164263        517.78486435245725        295.01585498316672        2.8299285534838764E-002   1.2451778864064362        1082.8795540675096        0.0000000000000000     
 THERM-B          60   2248.0830227994429        300.00000000000000        453306.87362843106        91134.949147414911        197.46358398657267        117.88954684770047        2.3217982625307481E-002   1.0428473403508929        1031.2274322971807        0.0000000000000000     
 THERM-B          61   2248.0830227994429        300.00000000000000        450045.09581677039        70270.660320292387        198.90504919872524        167.60134799664280        7.1432587764196096E-003  0.37268116245065669        571.04154231198174        0.0000000000000000     
 THERM-B          62   2248.0830227994429        300.00000000000000        450377.17300943093        72547.923767751068        198.75783833846967        161.30108030843593        9.0706052943992452E-003  0.46563296766453716        633.27693036058031        0.0000000000000000     
 THERM-B          63   2248.0830227994429        300.00000000000000        452992.45914577541        89255.648539494941        197.60209714454712        121.68778589643649        2.1667138278315613E-002  0.98653458634101987        996.11441041948285        0.0000000000000000     
 THERM-B          64   2248.0830227994429        300.00000000000000        394321.80877635774        65111.858954901567        173.80599489510033        136.77323564723190        1.1422409568935157E-002  0.57861681302658796        680.75470143164785        0.0000000000000000     
 THERM-B          65   2248.0830227994429        300.00000000000000        169500.91373569384        31187.963863401470        74.264568795712407        50.571179002047487       -3.9477581415890277E-004  -1.8782121245851054E-002   876.49835317848294        0.0000000000000000     
 THERM-B          66   2248.0830227994429        300.00000000000000        169749.74308950061        32728.997999433766        74.154758493066822        47.182278939085364        2.8938019443646061E-003  0.13365763347781723        958.30670115048031        0.0000000000000000     
 THERM-B          67   2248.0830227994429        300.00000000000000        171145.31313048158        40635.241619054301        73.541746403909428        33.090090532632900        4.1755934385601642E-002   1.6534655118317514        1327.4659940426150        0.0000000000000000     
 THERM-B          68   2248.0830227994429        300.00000000000000        171286.77989808528        41377.152115636010        73.479876889485340        32.013221178140817        4.4284822067920115E-002   1.7281849584126603        1359.3703989920032        0.0000000000000000     
 THERM-B          69   2248.0830227994429        300.00000000000000        454478.08566313179        97925.307987628010        196.94842885473037        105.13948586615068        1.9925566970495110E-002  0.85181411577416144        1152.7407035865906        0.0000000000000000     
 THERM-B          70   2248.0830227994429        300.00000000000000        396208.85561668873        77134.919497864859        172.97215909443571        108.47462513249266        8.8339488850939750E-003  0.40544037024970614        975.17783973677774        0.0000000000000000     
 THERM-B          71   2248.0830227994429        300.00000000000000        56234.424058238037        8636.4465378599052        24.872539916062774        21.369590670623314        8.1078847905869632E-003  0.42656393698992429        536.46613727397300        0.0000000000000000     
 THERM-B          72   2248.0830227994429        300.00000000000000        56160.802163267203        8114.3954782634501        24.905220450925700        22.921537731444939        4.7565118203457633E-003  0.25775571841699507        393.63747545980175        0.0000000000000000     
 THERM-B          73   2248.0830227994429        300.00000000000000        56245.420264271612        8713.0120493599807        24.867662241576657        21.150698681091427        1.0650059012415447E-002  0.55787962733263730        554.65741555416946        0.0000000000000000     
 THERM-B           1   2310.7944684244512        300.00000000000000        754225.54205408378        132130.49120639445        322.14316037658000        226.11768153800966        3.4352854246313537E-003  0.17497798011208068        837.80090970172944        0.0000000000000000     
 THERM-B           2   2310.7944684244512        300.00000000000000        755770.67008260218        142026.08728601647        321.47932461383039        204.03134016565156        4.9114616714073436E-003  0.23941752286014895        960.69114350646805        0.0000000000000000     
 THERM-B           3   2310.7944684244512        300.00000000000000        406681.15118930943        74757.439553704389        173.22115724733064        113.56534718776194        4.4915199745222921E-003  0.22207628291352224        922.26417780101769        0.0000000000000000     
 THERM-B           4   2310.7944684244512        300.00000000000000        406439.41254638653        73211.405840672698        173.32501017772972        117.00330349987254        6.7408388528687373E-003  0.33756593474136259        886.76494015072160        0.0000000000000000     
 THERM-B           5   2310.7944684244512        300.00000000000000        405311.08612974663        65718.739470401037        173.81053399944503        135.18430511186884        1.1258672793583155E-002  0.59954417449049080        697.74506546679982        0.0000000000000000     
 THERM-B           6   2310.7944684244512        300.00000000000000        406288.24836100091        72234.479653371032        173.38998172486231        119.22900706087341        4.4095292516221117E-003  0.22260240726120331        863.83088332925320        0.0000000000000000     
 THERM-B           7   2310.7944684244512        300.00000000000000        580995.47380088386        106938.63638548959        247.44917547954429        161.92477474468703        2.4662294010551773E-003  0.12183871840650000        924.52012013753074        0.0000000000000000     
 THERM-B           8   2310.7944684244512        300.00000000000000        579509.06830374803        97231.559352438722        248.08832703430761        184.59600925699084        1.3006811945847688E-003   6.7948905057774261E-002   760.56059671120431        0.0000000000000000     
 THERM-B           9   2310.7944684244512        300.00000000000000        580725.42667272256        105215.39416593136        247.56517844576166        165.73690928090909        2.3280682044604828E-003  0.11616308452522379        896.94890689743147        0.0000000000000000     
 THERM-B          10   2310.7944684244512        300.00000000000000        580261.07910365798        102211.39654954497        247.76476740984683        172.59740640976878        2.0670747021920600E-003  0.10494119545918600        847.46076741172146        0.0000000000000000     
 THERM-B          11   2310.7944684244512        300.00000000000000        582918.90128693345        118745.31540525280        246.62443481736494        138.07208587902187        2.3818115024197443E-002   1.0987422025980624        1101.2524806459280        0.0000000000000000     
 THERM-B          12   2310.7944684244512        300.00000000000000        580997.66431155137        106952.54474226736        247.44823472326078        161.89436597665048        1.6816002331929470E-002  0.83069139952970372        924.74042976109263        0.0000000000000000     
 THERM-B          13   2310.7944684244512        300.00000000000000        582198.19449088408        114413.25118353023        246.93315700891011        146.38159843028512        1.7642188062643914E-002  0.83463034937407743        1038.5282003918155        0.0000000000000000     
 THERM-B          14   2310.7944684244512        300.00000000000000        580902.61913691903        106348.03953384480        247.48905680504117        163.22131876260079        1.3176392403509310E-002  0.65317539370759548        915.13287714269870        0.0000000000000000     
 THERM-B          15   2310.7944684244512        300.00000000000000        582532.51459849533        116435.89346865121        246.78990174857370        142.44051155700362        1.8662848620290350E-002  0.87259002514428086        1068.0781157736606        0.0000000000000000     
 THERM-B          16   2310.7944684244512        300.00000000000000        581941.22744503175        112842.76035063452        247.04332057836444        149.51763266709111        1.3728347088813550E-002  0.65542277413470373        1015.2366732998637        0.0000000000000000     
 THERM-B          17   2310.7944684244512        300.00000000000000        581795.03887227760        111943.03311236943        247.10601355019858        151.34472192276201        8.6202388413012358E-003  0.41370416252141512        1001.7467252510202        0.0000000000000000     
 THERM-B          18   2310.7944684244512        300.00000000000000        580854.95325905248        106044.07946405596        247.50953180707413        163.89264374520755        1.0346984191326071E-002  0.51381793081039018        910.27673144946664        0.0000000000000000     
 THERM-B          19   2310.7944684244512        300.00000000000000        290898.19615068170        55975.691998382114        123.55271653126756        75.663830292994589        1.5270231946647615E-002  0.73281641458299862        1001.8724420110022        0.0000000000000000     
 THERM-B          20   2310.7944684244512        300.00000000000000        290757.04162453621        55100.418937776347        123.61327198298412        77.473406023117931        1.2731850872823375E-002  0.61723113732663759        975.30176661778751        0.0000000000000000     
 THERM-B          21   2310.7944684244512        300.00000000000000        1164098.4424386292        227008.95993506737        493.99403436809672        296.37617250911489        1.4908233399502929E-002  0.70902391323190694        1025.0891085010619        0.0000000000000000     
 THERM-B          22   2310.7944684244512        300.00000000000000        1161883.4587526978        213194.08674074867        494.94451621214591        325.34683485856317        1.2883883700971037E-002  0.63775750783083152        919.09836645592054        0.0000000000000000     
 THERM-B          23   2310.7944684244512        300.00000000000000        1164192.8322398716        227585.77013239195        493.95356900837737        295.22471300901361        1.3815514120510235E-002  0.65595528987493879        1029.3654343182202        0.0000000000000000     
 THERM-B          24   2310.7944684244512        300.00000000000000        1163895.6875436592        225766.74509478180        494.08096705063593        298.87137538483080        1.3599835152473845E-002  0.64913427356097519        1015.8430143367133        0.0000000000000000     
 THERM-B          25   2310.7944684244512        300.00000000000000        1165989.6756081744        238391.41383267066        493.18385613685666        274.47230440610974        2.7217508421437279E-002   1.2522638494532470        1107.6566394098966        0.0000000000000000     
 THERM-B          26   2310.7944684244512        300.00000000000000        1162392.4204772492        216417.16483140827        494.72595915435767        318.34326985344262        1.3015840583889960E-002  0.63831664182810122        944.49734114515479        0.0000000000000000     
 THERM-B          27   2310.7944684244512        300.00000000000000        1163975.1597978426        226254.16713683720        494.04689098757643        297.88978553529745        1.8434341830342829E-002  0.87864628800304356        1019.4770351463205        0.0000000000000000     
 THERM-B          28   2310.7944684244512        300.00000000000000        291504.83421350765        59641.769038476545        123.29278994135029        68.536868999373837        3.6849227248142831E-002   1.6945458320292910        1108.9031203001621        0.0000000000000000     
 THERM-B          29   2310.7944684244512        300.00000000000000        407374.63224541291        79086.723154554958        172.92356108330318        104.46717353632685        1.0905484606557610E-002  0.52023510409869878        1017.3001917616829        0.0000000000000000     
 THERM-B          30   2310.7944684244512        300.00000000000000        405674.99667448382        68187.348645147489        173.65380026445334        128.90565212446552        5.4023414792720393E-003  0.28193445361948799        763.80715857475809        0.0000000000000000     
 THERM-B          31   2310.7944684244512        300.00000000000000        407879.21403444652        82143.890067418135        172.70733441017211        98.488509952333132        1.6713150912131970E-002  0.77728954824191188        1081.2553307455241        0.0000000000000000     
 THERM-B          32   2310.7944684244512        300.00000000000000        405956.72296019882        70063.668660218798        173.53255522055591        124.32639517827242        9.4201687564885016E-003  0.48410980759821887        811.28156970905764        0.0000000000000000     
 THERM-B          33   2310.7944684244512        300.00000000000000        407878.01561018865        82136.717184562876        172.70784766116549        98.502123503491248        1.4673538183029154E-002  0.68247266971184206        1081.1078703601329        0.0000000000000000     
 THERM-B          34   2310.7944684244512        300.00000000000000        405946.06440495234        69993.218333409939        173.53714081785120        124.49539189419043        1.0113944700979063E-002  0.52006410979918405        809.53586833630459        0.0000000000000000     
 THERM-B          35   2310.7944684244512        300.00000000000000        291640.62673530565        60442.206347535284        123.23467829848911        67.073784966462156        1.9554423164545445E-002  0.89086319658432378        1131.4890696597363        0.0000000000000000     
 THERM-B          36   2310.7944684244512        300.00000000000000        290508.77865195181        53539.400820947994        123.71984572855780        80.809291594064220        1.3141898176849855E-002  0.64872144779890684        926.73877923007149        0.0000000000000000     
 THERM-B          37   2310.7944684244512        300.00000000000000        291796.58543211076        61352.850230345000        123.16796888181599        65.448011440088436        2.5169703124248582E-002   1.1345408215557056        1156.8913328900712        0.0000000000000000     
 THERM-B          38   2310.7944684244512        300.00000000000000        290229.45161014888        51748.801071323942        123.83985929310489        84.813030788868261        1.5640009088963722E-002  0.78815272825060867        868.88635483993221        0.0000000000000000     
 THERM-B          39   2310.7944684244512        300.00000000000000        290527.64338101447        53659.005531417723        123.71174444774093        80.548683106507823        1.2618849720198671E-002  0.62204188444310082        930.51719157710784        0.0000000000000000     
 THERM-B          40   2310.7944684244512        300.00000000000000        291786.20146894519        61292.501618267735        123.17240942426598        65.554493207016790        3.3624625410537415E-002   1.5167224825023473        1155.2171691160033        0.0000000000000000     
 THERM-B          41   2310.7944684244512        300.00000000000000        290613.22390149167        54199.538644032014        123.67499904861552        79.381360054161647        2.2779493936128284E-002   1.1159109629461772        947.47035910561806        0.0000000000000000     
 THERM-B          42   2310.7944684244512        300.00000000000000        291543.96431248100        59873.154114018173        123.27604175637329        68.110615230111193        3.1253583231756574E-002   1.4333490036047107        1115.4578894648382        0.0000000000000000     
 THERM-B          43   2310.7944684244512        300.00000000000000        290256.96406435734        51926.827311566769        123.82803357368047        84.406274020126645        1.8911622642088569E-002  0.95106717877050340        874.75323242517118        0.0000000000000000     
 THERM-B          44   2310.7944684244512        300.00000000000000        291024.96267904039        56754.393187262838        123.49835765238603        74.089736455350234        2.5970991161106394E-002   1.2351291232910340        1025.1530402997580        0.0000000000000000     
 THERM-B          45   2310.7944684244512        300.00000000000000        290898.68476536963        55978.706709747676        123.55250696413592        75.657671666863777        2.5025600907745294E-002   1.2009332811023405        1001.9632047700654        0.0000000000000000     
 THERM-B          46   2310.7944684244512        300.00000000000000        290810.08049427875        55430.327998074754        123.59051492993200        76.786279937635669        2.4443694277378233E-002   1.1804914973370655        985.36901100514922        0.0000000000000000     
 THERM-B          47   2310.7944684244512        300.00000000000000        292139.41782556288        63323.194214350093        123.02144758061496        62.067251352714166        3.4849105545899414E-002   1.5349930025931544        1210.8811070693603        0.0000000000000000     
 THERM-B          48   2310.7944684244512        300.00000000000000        290895.49412236642        55959.018846445979        123.55387543894744        75.697900293051816        2.3860984323156958E-002   1.1453069924376247        1001.3703787819495        0.0000000000000000     
 THERM-B          49   2310.7944684244512        300.00000000000000        290928.50503219530        56162.500054044154        123.53971767551582        75.283160819763168        2.7624866428288909E-002   1.3228433546738896        1007.4871392258561        0.0000000000000000     
 THERM-B          50   2310.7944684244512        300.00000000000000        290605.57902871026        54151.389419172148        123.67828107670090        79.484650937979538        2.0216876846647813E-002  0.99092645740685203        945.96819908371310        0.0000000000000000     
 THERM-B          51   2310.7944684244512        300.00000000000000        290807.76765915338        55415.967710129735        123.59150720018337        76.816061199377685        2.3044834425436575E-002   1.1131197756023243        984.93214168047473        0.0000000000000000     
 THERM-B          52   2310.7944684244512        300.00000000000000        408121.73639769474        83587.071517486678        172.60349890656349        95.788031321486073        3.0393481228061868E-002   1.3966406272917125        1110.6979237441003        0.0000000000000000     
 THERM-B          53   2310.7944684244512        300.00000000000000        406931.16040718497        76335.919972333024        173.11381360378152        110.15941456641976        2.2615480012513550E-002   1.1037036379428811        957.60467781906402        0.0000000000000000     
 THERM-B          54   2310.7944684244512        300.00000000000000        406820.14554038126        75637.530882002407        173.16147097805367        111.65354472094317        2.1974139220684759E-002   1.0786113871294130        942.07434572961222        0.0000000000000000     
 THERM-B          55   2310.7944684244512        300.00000000000000        405719.04183280427        68482.657350884518        173.63483946043743        128.17405239887307        1.5434258318520876E-002  0.80352862052668517        771.42094458036354        0.0000000000000000     
 THERM-B          56   2310.7944684244512        300.00000000000000        406844.52250158950        75791.228221518264        173.15100516484000        111.32299171760961        2.1687108278942616E-002   1.0631715390064780        945.50622762181547        0.0000000000000000     
 THERM-B          57   2310.7944684244512        300.00000000000000        1225136.3536185815        255296.54629314496        517.48052761340671        279.12021290711442        2.9304269711003767E-002   1.3297121287386877        1141.0837772114551        0.0000000000000000     
 THERM-B          58   2310.7944684244512        300.00000000000000        1222544.7995874672        239833.07915437763        518.59023754035832        308.26143207661369        2.4150385109304250E-002   1.1439005902403097        1035.4758476579993        0.0000000000000000     
 THERM-B          59   2310.7944684244512        300.00000000000000        1224377.9838401165        250836.79038811332        517.80502887353748        287.22470336822613        2.7801587462894867E-002   1.2772697294663902        1111.2079826961417        0.0000000000000000     
 THERM-B          60   2310.7944684244512        300.00000000000000        465951.54965967848        92700.063841630690        197.46382180304451        114.81787963067853        2.2729795276027292E-002   1.0662163435756575        1059.9331127211249        0.0000000000000000     
 THERM-B          61   2310.7944684244512        300.00000000000000        462597.86701404507        70824.432805294084        198.90568378844361        166.04760529129399        6.9892162772725568E-003  0.38372904086941645        586.68033458812772        0.0000000000000000     
 THERM-B          62   2310.7944684244512        300.00000000000000        462932.96772867761        73175.808138177978        198.76116267404538        159.60495612855786        8.8486404980632864E-003  0.47774738188663918        649.56673608632798        0.0000000000000000     
 THERM-B          63   2310.7944684244512        300.00000000000000        465628.26675940701        90735.618400877865        197.60237699085877        118.68649126583576        2.1211268481616353E-002   1.0092891756696045        1023.8273697278753        0.0000000000000000     
 THERM-B          64   2310.7944684244512        300.00000000000000        405311.08612974663        65718.739470401037        173.81053399944503        135.18430511186884        1.1258672793583155E-002  0.59954417449049080        697.74506546679982        0.0000000000000000     
 THERM-B          65   2310.7944684244512        300.00000000000000        174158.18853550189        31182.011365190421        74.295096575783859        50.584729298750993       -3.5694405242664814E-004  -1.7941813915376956E-002   876.17256110271330        0.0000000000000000     
 THERM-B          66   2310.7944684244512        300.00000000000000        174419.33534689271        32842.372298796385        74.182935816331295        46.942124477955723        2.4948961366416866E-003  0.12146053598972965        964.14473248299032        0.0000000000000000     
 THERM-B          67   2310.7944684244512        300.00000000000000        175883.49680562995        41304.396662693885        73.557072805686971        32.117181832469306        4.0183463941552429E-002   1.6585286672561084        1356.2561315597407        0.0000000000000000     
 THERM-B          68   2310.7944684244512        300.00000000000000        176023.83136956627        42051.721645235659        73.497351347890529        31.065985467132695        4.2591159922405634E-002   1.7321616865038740        1388.1028159734883        0.0000000000000000     
 THERM-B          69   2310.7944684244512        300.00000000000000        467046.06675840332        99157.716030096344        196.99541229142696        102.98083017222771        1.9264089130526612E-002  0.86205485469505228        1174.0378694223657        0.0000000000000000     
 THERM-B          70   2310.7944684244512        300.00000000000000        407175.60598891519        77859.798340476395        173.00892007104142        106.96854025423887        8.4242180339439178E-003  0.40597584811756293        990.95042089649951        0.0000000000000000     
 THERM-B          71   2310.7944684244512        300.00000000000000        57803.236274193216        8700.1572683400336        24.872486530761524        21.187296531710633        8.0017109026748641E-003  0.44315576267519352        551.63919876390878        0.0000000000000000     
 THERM-B          72   2310.7944684244512        300.00000000000000        57727.994205039104        8153.4893251097928        24.904979655406645        22.801653083323927        4.7101388691195532E-003  0.26907616098653792        405.89298786019697        0.0000000000000000     
 THERM-B          73   2310.7944684244512        300.00000000000000        57818.402223422338        8808.1712652207425        24.865942040787200        20.881679888209909        1.0669969294063239E-002  0.58731173836676631        576.58098741150752        0.0000000000000000     
 THERM-B           1   2370.9076361383495        300.00000000000000        773642.51229377743        132457.42734861173        322.22847046602294        225.35129858339144        3.1992830322283496E-003  0.17127335593234072        842.05346535043009        0.0000000000000000     
 THERM-B           2   2370.9076361383495        300.00000000000000        772333.11838648363        123495.16613725681        322.77788764656719        247.31963019284987        5.3134874940029605E-003  0.29594591550324284        719.08307151450686        0.0000000000000000     
 THERM-B           3   2370.9076361383495        300.00000000000000        417127.53175448539        74962.039818598045        173.27686048356369        113.11799696517774        3.5156406677622587E-003  0.18264672452573075        926.89419396776930        0.0000000000000000     
 THERM-B           4   2370.9076361383495        300.00000000000000        416908.35836783855        73527.208672938403        173.36865692386613        116.29270627753830        5.7987518175603783E-003  0.30485006773370066        894.09269641975175        0.0000000000000000     
 THERM-B           5   2370.9076361383495        300.00000000000000        415843.11676874885        66297.682004222079        173.81547275807270        133.68539010091348        1.1099280573858620E-002  0.61920873969176182        713.65733855600092        0.0000000000000000     
 THERM-B           6   2370.9076361383495        300.00000000000000        416741.48134636396        72423.185761625835        173.43858114519824        118.79582490958863        3.6054547278482965E-003  0.19127768316039873        868.29316542860340        0.0000000000000000     
 THERM-B           7   2370.9076361383495        300.00000000000000        595895.82418100117        107084.39970753100        247.53864418745829        161.60636622412630        1.7302226573991920E-003   8.9891789266628927E-002   926.82731816515241        0.0000000000000000     
 THERM-B           8   2370.9076361383495        300.00000000000000        594435.41740340088        97306.897033770569        248.15087339798993        184.40849138090459        8.4007871538992489E-004   4.6174278504271506E-002   761.92873538283106        0.0000000000000000     
 THERM-B           9   2370.9076361383495        300.00000000000000        595631.38560107653        105354.79574754050        247.64939483051035        165.42522419834668        1.6332438122312924E-003   8.5705848831261075E-002   899.20014902748494        0.0000000000000000     
 THERM-B          10   2370.9076361383495        300.00000000000000        595176.23827655287        102336.55607798338        247.84012761988365        172.30601098163882        1.4501727693800753E-003   7.7435581190848549E-002   849.56212848571590        0.0000000000000000     
 THERM-B          11   2370.9076361383495        300.00000000000000        598011.89891767246        120342.51259850977        246.65410099748024        135.13087878354381        2.3444838083625776E-002   1.1276769748078517        1123.8715265734022        0.0000000000000000     
 THERM-B          12   2370.9076361383495        300.00000000000000        596061.23615216417        108157.58977764682        247.46939130105611        159.28127427319214        1.6551168949227299E-002  0.85457437998440478        943.70048329320434        0.0000000000000000     
 THERM-B          13   2370.9076361383495        300.00000000000000        597271.14377305983        115813.45289882971        246.96340166201384        143.64173797839945        1.7293049594870748E-002  0.85405591437622208        1059.0358567029798        0.0000000000000000     
 THERM-B          14   2370.9076361383495        300.00000000000000        595947.84340497933        107422.61535128628        247.51686335241561        160.86997118213728        1.2888921700411270E-002  0.66832077510070853        932.16631380314482        0.0000000000000000     
 THERM-B          15   2370.9076361383495        300.00000000000000        597610.58074202051        117903.04967008359        246.82162463372401        139.64928418669649        1.8294733115054237E-002  0.89258713048829930        1089.2199262689269        0.0000000000000000     
 THERM-B          16   2370.9076361383495        300.00000000000000        596968.98157503712        113932.43147971178        247.08967497697671        147.33459840672990        1.3358677944504696E-002  0.66701065186877362        1031.4307471184031        0.0000000000000000     
 THERM-B          17   2370.9076361383495        300.00000000000000        596775.87097068527        112719.71621128787        247.17040796586105        149.76618102024275        7.9182618294532346E-003  0.39816278737515198        1013.3982780496448        0.0000000000000000     
 THERM-B          18   2370.9076361383495        300.00000000000000        595873.90044680552        106941.65934461882        247.54782436496228        161.91816496177802        1.0058301653930192E-002  0.52299941617922185        924.56800711407629        0.0000000000000000     
 THERM-B          19   2370.9076361383495        300.00000000000000        298444.53633238724        56715.810927848201        123.56153956544300        74.166944062743681        1.4963220204179215E-002  0.74930567416529570        1024.0071143042953        0.0000000000000000     
 THERM-B          20   2370.9076361383495        300.00000000000000        298294.31022053532        55767.887412875418        123.62435753564353        76.089565095245646        1.2431210275941360E-002  0.62940504705512501        995.60392694285883        0.0000000000000000     
 THERM-B          21   2370.9076361383495        300.00000000000000        1194164.9403607755        229282.52898486162        494.08448194815628        291.86370106618591        1.4345625292104359E-002  0.71334222212552156        1041.8838908684870        0.0000000000000000     
 THERM-B          22   2370.9076361383495        300.00000000000000        1191922.4178518758        215018.81632152607        495.02253480941204        321.36307928550991        1.2409154232050360E-002  0.64312069231672031        933.53319059157286        0.0000000000000000     
 THERM-B          23   2370.9076361383495        300.00000000000000        1194242.2864689839        229764.32766141579        494.05215812611846        290.91640871536725        1.3138647921841877E-002  0.65240948477121385        1045.4223036084345        0.0000000000000000     
 THERM-B          24   2370.9076361383495        300.00000000000000        1193933.2482710932        227835.35421165699        494.18132078161642        294.72788208220260        1.3016566448093372E-002  0.64998449203401765        1031.2124963583476        0.0000000000000000     
 THERM-B          25   2370.9076361383495        300.00000000000000        1196232.4349538139        241942.48799859668        493.22114539654234        267.98138062971952        2.6886143031525686E-002   1.2884555069242836        1132.7070703401898        0.0000000000000000     
 THERM-B          26   2370.9076361383495        300.00000000000000        1192437.6498685018        218347.79531727923        494.80686184251590        314.22064286143438        1.2533374723938819E-002  0.64332905482632996        959.50170370627984        0.0000000000000000     
 THERM-B          27   2370.9076361383495        300.00000000000000        1194124.4836684971        229030.25792258157        494.10139006413476        292.36095038487099        1.7924307614534576E-002  0.89194810585254680        1040.0283335085505        0.0000000000000000     
 THERM-B          28   2370.9076361383495        300.00000000000000        299127.95524428139        60904.881816340363        123.27614770606777        66.242669487658532        3.6696063453312916E-002   1.7499671285126694        1144.4330641314370        0.0000000000000000     
 THERM-B          29   2370.9076361383495        300.00000000000000        417872.82171913818        79718.492847295594        172.96505703374609        103.20226794962861        1.0195493518114223E-002  0.50921474882726070        1030.7077390752856        0.0000000000000000     
 THERM-B          30   2370.9076361383495        300.00000000000000        416159.21301418880        68489.249342165800        173.68277173767183        128.15776815188164        4.8866796185316232E-003  0.26776930864587478        771.59025900896688        0.0000000000000000     
 THERM-B          31   2370.9076361383495        300.00000000000000        418407.42965424905        83020.935129092424        172.74172517554146        96.838284627656961        1.5886846363075153E-002  0.77195580886234350        1099.2008402263916        0.0000000000000000     
 THERM-B          32   2370.9076361383495        300.00000000000000        416470.68909644021        70609.784558937128        173.55210476013815        123.02404827979284        8.9540034950036460E-003  0.48217272947384482        824.72372955775268        0.0000000000000000     
 THERM-B          33   2370.9076361383495        300.00000000000000        418381.56842782651        82863.176985463127        172.75252234233145        97.133029680153285        1.3762753906833245E-002  0.66962458508873945        1095.9851306228502        0.0000000000000000     
 THERM-B          34   2370.9076361383495        300.00000000000000        416456.98852700216        70517.301438518218        173.55785029997500        123.24364284206605        9.5992194101170523E-003  0.51731071449607224        822.45838770555451        0.0000000000000000     
 THERM-B          35   2370.9076361383495        300.00000000000000        299146.71887446917        61017.181674234787        123.26832099282608        66.042535875015460        1.8581526359435309E-002  0.88495440847839302        1147.5629499039628        0.0000000000000000     
 THERM-B          36   2370.9076361383495        300.00000000000000        298011.91440694476        53957.735648600508        123.74252549107963        79.901443424086594        1.2487584036534256E-002  0.64566649093854911        939.91098129968805        0.0000000000000000     
 THERM-B          37   2370.9076361383495        300.00000000000000        299337.17335071001        62149.249227842651        123.18890515203204        64.059308140978700        2.4331100790519949E-002   1.1435114675659050        1178.8669535441061        0.0000000000000000     
 THERM-B          38   2370.9076361383495        300.00000000000000        297765.39868140698        52346.153304028398        123.84576750706846        83.455849941909619        1.5156036356867108E-002  0.79837393646611021        888.46727600565202        0.0000000000000000     
 THERM-B          39   2370.9076361383495        300.00000000000000        298033.73032425501        54098.922519549589        123.73339282864221        79.597357544961056        1.1961007636353476E-002  0.61743004763116649        944.32958345574127        0.0000000000000000     
 THERM-B          40   2370.9076361383495        300.00000000000000        299369.87069329538        62342.194502595099        123.17527590009344        63.727439210239318        3.3159540103318626E-002   1.5549069601344767        1184.1589648126437        0.0000000000000000     
 THERM-B          41   2370.9076361383495        300.00000000000000        298166.16432040790        54951.121259207248        123.67796659019952        77.786387544611102        2.2446268822353482E-002   1.1472978837836596        970.72446751898008        0.0000000000000000     
 THERM-B          42   2370.9076361383495        300.00000000000000        299124.66237629880        60885.159701206925        123.27752128093182        66.277880994162999        3.0841858304773657E-002   1.4711305078155781        1143.8829205306640        0.0000000000000000     
 THERM-B          43   2370.9076361383495        300.00000000000000        297811.76157371001        52651.552039139024        123.82634423039495        82.770366130463898        1.8707906188944679E-002  0.98200630866900618        898.36580426765363        0.0000000000000000     
 THERM-B          44   2370.9076361383495        300.00000000000000        298601.89708979829        57697.956201048961        123.49577083393262        72.226642898752644        2.5695287351565451E-002   1.2721086727513904        1052.9449976912642        0.0000000000000000     
 THERM-B          45   2370.9076361383495        300.00000000000000        298467.24661153893        56858.229135840891        123.55204577104571        73.882351657438576        2.4724995615985228E-002   1.2360924659875532        1028.2332533481119        0.0000000000000000     
 THERM-B          46   2370.9076361383495        300.00000000000000        298369.10092387395        56241.091273316852        123.59307953902719        75.123588580912624        2.4098479904204127E-002   1.2134440775130813        1009.8435719569918        0.0000000000000000     
 THERM-B          47   2370.9076361383495        300.00000000000000        299725.69046361675        64416.010807345039        123.02705228642057        60.270239119465423        3.4054471507639503E-002   1.5584306972338349        1240.3059320075274        0.0000000000000000     
 THERM-B          48   2370.9076361383495        300.00000000000000        298453.32240765647        56770.936447535292        123.55786655617123        74.056656332953452        2.3315556112976570E-002   1.1668132869328536        1025.6441553722623        0.0000000000000000     
 THERM-B          49   2370.9076361383495        300.00000000000000        298508.07591157651        57113.697389974113        123.53497925922839        73.374615234856535        2.7181466527832203E-002   1.3548683050210808        1035.7881709030833        0.0000000000000000     
 THERM-B          50   2370.9076361383495        300.00000000000000        298169.61399147956        54973.208645972809        123.67652315123500        77.740004508623443        1.9845072082666924E-002   1.0140829923421779        971.40249851800297        0.0000000000000000     
 THERM-B          51   2370.9076361383495        300.00000000000000        298362.94698227599        56202.251038704810        123.59565287561034        75.202407427974236        2.2515724831991487E-002   1.1342584316953388        1008.6794277873436        0.0000000000000000     
 THERM-B          52   2370.9076361383495        300.00000000000000        418744.21421991306        85057.517883995213        172.60117500046363        93.114116850347415        3.0009738253078209E-002   1.4336150156144369        1140.2589191988252        0.0000000000000000     
 THERM-B          53   2370.9076361383495        300.00000000000000        417520.99761658127        77496.132879638913        173.11218131649534        107.72148262913483        2.2328930094248030E-002   1.1359751410603480        983.05716623740943        0.0000000000000000     
 THERM-B          54   2370.9076361383495        300.00000000000000        417405.14934262005        76755.468644501307        173.16065235111978        109.27149369164755        2.1685899003823065E-002   1.1100505287356799        966.85740643237227        0.0000000000000000     
 THERM-B          55   2370.9076361383495        300.00000000000000        416296.57392167218        69429.074874534650        173.62513606745136        125.85688182458671        1.5403794977305435E-002  0.83757877531709091        795.45733787043741        0.0000000000000000     
 THERM-B          56   2370.9076361383495        300.00000000000000        417442.99652699672        76997.934133030911        173.14481562908617        108.76162665796745        2.1468621956684256E-002   1.0967244160841736        972.17926559697571        0.0000000000000000     
 THERM-B          57   2370.9076361383495        300.00000000000000        1256945.4994664290        259424.84189371407        517.50622559996054        271.82654468124213        2.8811678070984101E-002   1.3601582523282649        1168.3688632076307        0.0000000000000000     
 THERM-B          58   2370.9076361383495        300.00000000000000        1254296.9770956871        243378.96634785520        518.61162278028041        301.31697132137714        2.3743864862607725E-002   1.1720887223994587        1060.2193436558327        0.0000000000000000     
 THERM-B          59   2370.9076361383495        300.00000000000000        1256170.9218683329        254802.13469095048        517.82927353207742        280.00704800935904        2.7334630382922408E-002   1.3071689465709073        1137.7927948192805        0.0000000000000000     
 THERM-B          60   2370.9076361383495        300.00000000000000        478065.04887670325        94179.059734725699        197.46707760549174        111.98980256194992        2.2276939423572437E-002   1.0880131667542763        1086.6498637575683        0.0000000000000000     
 THERM-B          61   2370.9076361383495        300.00000000000000        474628.29031320370        71350.667056870298        198.90721004827410        164.58410871266531        6.8463146376214626E-003  0.39418642191977754        601.22430170923792        0.0000000000000000     
 THERM-B          62   2370.9076361383495        300.00000000000000        474966.32087356347        73773.802345200675        198.76511979046572        158.00577412066147        8.6452760464980228E-003  0.48923330750932353        664.78048367237591        0.0000000000000000     
 THERM-B          63   2370.9076361383495        300.00000000000000        477733.76421458664        92134.930829979552        197.60546442237984        115.91754092974769        2.0788422673532706E-002   1.0305447814246640        1049.6213501264658        0.0000000000000000     
 THERM-B          64   2370.9076361383495        300.00000000000000        415843.11676874885        66297.682004222079        173.81547275807270        133.68539010091348        1.1099280573858620E-002  0.61920873969176182        713.65733855600092        0.0000000000000000     
 THERM-B          65   2370.9076361383495        300.00000000000000        178624.32934314539        31176.812241080181        74.322088114352155        50.596567567649032       -3.2410030857460284E-004  -1.7148609138801330E-002   875.88793960493285        0.0000000000000000     
 THERM-B          66   2370.9076361383495        300.00000000000000        178894.95919855597        32940.314969421917        74.208763085437042        46.735646105517908        2.1266911362374246E-003  0.10876551016090903        969.17015325609634        0.0000000000000000     
 THERM-B          67   2370.9076361383495        300.00000000000000        180422.68991989276        41935.993135234079        73.572116677955535        31.226374661794569        3.8774630186461476E-002   1.6632225505561460        1383.1913622745628        0.0000000000000000     
 THERM-B          68   2370.9076361383495        300.00000000000000        180562.17535242939        42689.436101814194        73.514249633904285        30.197603921594176        4.1075603388374848E-002   1.7358418813601797        1415.0402464479066        0.0000000000000000     
 THERM-B          69   2370.9076361383495        300.00000000000000        479087.84390635765        100312.60890244110        197.04041051971376        100.99923925861191        1.8664504723943254E-002  0.87159050974940167        1193.8146424586371        0.0000000000000000     
 THERM-B          70   2370.9076361383495        300.00000000000000        417681.87295821833        78517.310195781611        173.04489236351029        105.62063510465576        8.0530632700521569E-003  0.40624197350782926        1005.1238589748227        0.0000000000000000     
 THERM-B          71   2370.9076361383495        300.00000000000000        59306.776099714232        8760.6578459366028        24.872552812922049        21.015584278408543        7.8950877729184136E-003  0.45868561158623367        565.72452456801909        0.0000000000000000     
 THERM-B          72   2370.9076361383495        300.00000000000000        59230.092266851003        8190.7603561633332        24.904828874905810        22.687920049743198        4.6610823434129044E-003  0.27970701968577300        417.26885255730133        0.0000000000000000     
 THERM-B          73   2370.9076361383495        300.00000000000000        59325.892344900087        8899.6951840540241        24.864513033172855        20.626075942572015        1.0667987991160966E-002  0.61489516733515004        597.02331638128669        0.0000000000000000     
 THERM-B           1   2428.8624640347844        300.00000000000000        792362.80739042256        132751.26528272979        322.30654044227521        224.66470175435862        2.9893277094672844E-003  0.16771276909143490        845.86268848782800        0.0000000000000000     
 THERM-B           2   2428.8624640347844        300.00000000000000        791041.70444073016        123495.16613725681        322.84776215621753        247.31963019284987        5.0634133051646541E-003  0.29594591550324284        719.08305860887288        0.0000000000000000     
 THERM-B           3   2428.8624640347844        300.00000000000000        427194.73767924553        75116.255541707491        173.32964506089522        112.78197575260474        2.6560373481530116E-003  0.14460968207147662        930.37403459074756        0.0000000000000000     
 THERM-B           4   2428.8624640347844        300.00000000000000        426996.94434193498        73792.253580974924        173.41053125888010        115.69964305595616        4.9663541913782215E-003  0.27337155732121043        900.21163186705360        0.0000000000000000     
 THERM-B           5   2428.8624640347844        300.00000000000000        425995.16565001337        66852.047876128592        173.82075442957640        132.26539695446129        1.0943646209245858E-002  0.63777797146136284        728.64130356990472        0.0000000000000000     
 THERM-B           6   2428.8624640347844        300.00000000000000        426816.61222245253        72572.342690081307        173.48430816510964        118.45453733520610        2.9009810643297906E-003  0.16129943907988392        871.80912231173909        0.0000000000000000     
 THERM-B           7   2428.8624640347844        300.00000000000000        610258.68690890481        107179.00340490171        247.62175539319705        161.40004706713017        1.0917203216406553E-003   5.9484154769712180E-002   928.32272815898045        0.0000000000000000     
 THERM-B           8   2428.8624640347844        300.00000000000000        608824.89110121364        97350.402723776380        248.20864560158302        184.30028983655620        4.4164852384386168E-004   2.5467115600004121E-002   762.71794945782858        0.0000000000000000     
 THERM-B           9   2428.8624640347844        300.00000000000000        609999.75821126741        105445.25634471887        247.72764374960312        165.22327812399351        1.0305084910049757E-003   5.6714947794822675E-002   900.65900625390395        0.0000000000000000     
 THERM-B          10   2428.8624640347844        300.00000000000000        609553.82492161950        102417.80924725712        247.91010841905768        172.11709953254740        9.1499889933495111E-004   5.1245799214749650E-002   850.92439238611996        0.0000000000000000     
 THERM-B          11   2428.8624640347844        300.00000000000000        612555.11633110943        121848.74825339002        246.68452166983485        132.41577415621009        2.3077822941552504E-002   1.1544652774770476        1144.9766597801777        0.0000000000000000     
 THERM-B          12   2428.8624640347844        300.00000000000000        610578.43202258623        109296.30387773142        247.49105581833965        156.85085783112260        1.6290961209510967E-002  0.87681609320597476        961.39360835076570        0.0000000000000000     
 THERM-B          13   2428.8624640347844        300.00000000000000        611796.06687700690        117132.86500981735        246.99393505078507        141.10754271848666        1.6960740102528949E-002  0.87218061752066856        1078.1510196874228        0.0000000000000000     
 THERM-B          14   2428.8624640347844        300.00000000000000        610448.03258139722        108435.93284615477        247.54435018218254        158.68372787887023        1.2617749907737591E-002  0.68251140669304744        948.04486181235109        0.0000000000000000     
 THERM-B          15   2428.8624640347844        300.00000000000000        612139.98770800536        119284.97050491927        246.85369585220963        137.07109082888257        1.7944202484521860E-002  0.91122638726779559        1108.9234365234875        0.0000000000000000     
 THERM-B          16   2428.8624640347844        300.00000000000000        611452.11618786398        114954.26634220281        247.13426239337213        145.31674221879481        1.3015012592724756E-002  0.67783399409886025        1046.4799981428705        0.0000000000000000     
 THERM-B          17   2428.8624640347844        300.00000000000000        611211.91424070008        113416.77641268792        247.23230668911248        148.36361422821366        7.2880866685446069E-003  0.38298346257083177        1023.7865647981820        0.0000000000000000     
 THERM-B          18   2428.8624640347844        300.00000000000000        610349.82291054004        107785.12627243939        247.58449577857067        160.08440620262425        9.7910029519478817E-003  0.53160950497916326        937.86679580924795        0.0000000000000000     
 THERM-B          19   2428.8624640347844        300.00000000000000        305716.02965487936        57413.198071069884        123.57122384013415        72.783856927068143        1.4672782796360605E-002  0.76474168168396428        1044.6037990167881        0.0000000000000000     
 THERM-B          20   2428.8624640347844        300.00000000000000        305557.40280738374        56395.689487428426        123.63597723653096        74.810686027933443        1.2150212027574474E-002  0.64081160082464994        1014.4692292538458        0.0000000000000000     
 THERM-B          21   2428.8624640347844        300.00000000000000        1223140.8961325805        231413.60948806832        494.17195194627914        287.69716603724493        1.3834128339404473E-002  0.71734141406375052        1057.4820736487327        0.0000000000000000     
 THERM-B          22   2428.8624640347844        300.00000000000000        1220874.0674058034        216726.33529298834        495.09769186700038        317.67944573427445        1.1976841650930671E-002  0.64811704216814103        946.91038393520182        0.0000000000000000     
 THERM-B          23   2428.8624640347844        300.00000000000000        1223199.5841824377        231785.85367673254        494.14800652790660        286.97558731611269        1.2527712302411632E-002  0.64889530092942027        1060.1928683935191        0.0000000000000000     
 THERM-B          24   2428.8624640347844        300.00000000000000        1222881.3569464686        229762.71578196023        494.27786027155008        290.91957273123489        1.2488359887414270E-002  0.65068174971017667        1045.4104783763955        0.0000000000000000     
 THERM-B          25   2428.8624640347844        300.00000000000000        1225376.7705066369        245328.26944228279        493.26047010750329        261.93864654955047        2.6556275177945555E-002   1.3221417984413983        1156.3149238853343        0.0000000000000000     
 THERM-B          26   2428.8624640347844        300.00000000000000        1221394.0718793585        220150.35218774038        494.88518359105797        310.41987049560561        1.2093775500051014E-002  0.64797969368464914        973.37709324553123        0.0000000000000000     
 THERM-B          27   2428.8624640347844        300.00000000000000        1223176.9881307269        231642.57854771873        494.15722585321549        287.25310231258038        1.7453043295086609E-002  0.90438929456497974        1059.1499730664875        0.0000000000000000     
 THERM-B          28   2428.8624640347844        300.00000000000000        306475.33702894906        62129.140646678105        123.26171296313667        64.093997231380513        3.6527781941272562E-002   1.8016615333454495        1178.3147182554892        0.0000000000000000     
 THERM-B          29   2428.8624640347844        300.00000000000000        427988.71531656157        80290.905022962193        173.00531526422549        102.06957557451219        9.5589658013417889E-003  0.49857404728916976        1042.7662706113661        0.0000000000000000     
 THERM-B          30   2428.8624640347844        300.00000000000000        426263.90635556675        68754.003772443713        173.71061583186813        127.50542719405792        4.4297793372574850E-003  0.25416476508996477        778.36817250008517        0.0000000000000000     
 THERM-B          31   2428.8624640347844        300.00000000000000        428551.48949086084        83831.802616633184        172.77577961465477        95.337625543172877        1.5141568806736588E-002  0.76677401586419403        1115.6475128075595        0.0000000000000000     
 THERM-B          32   2428.8624640347844        300.00000000000000        426603.70838030521        71115.948051791842        173.57144921862869        121.82904967532453        8.5335593992838625E-003  0.48020862000303904        837.04467582040581        0.0000000000000000     
 THERM-B          33   2428.8624640347844        300.00000000000000        428502.55356414546        83527.853266164559        172.79572731285748        95.897342854720577        1.2946355147727774E-002  0.65727441122619035        1109.4984204390139        0.0000000000000000     
 THERM-B          34   2428.8624640347844        300.00000000000000        426587.54539068771        71004.655488016622        173.57806639666043        122.09080885156577        9.1360173930242483E-003  0.51458195766945958        834.34666405032431        0.0000000000000000     
 THERM-B          35   2428.8624640347844        300.00000000000000        306379.73852005292        61548.801453351829        123.30064036539430        65.103486921187525        1.7706592267938401E-002  0.87931025682126174        1162.3185245489506        0.0000000000000000     
 THERM-B          36   2428.8624640347844        300.00000000000000        305243.25311491027        54345.111678808884        123.76431241553182        79.069890803957932        1.1899166259104086E-002  0.64269430286711682        952.00265818919092        0.0000000000000000     
 THERM-B          37   2428.8624640347844        300.00000000000000        306604.11456388293        62905.096076961898        123.20929369665454        62.769304364152873        2.3569270112344356E-002   1.1519609908479191        1199.5291887101298        0.0000000000000000     
 THERM-B          38   2428.8624640347844        300.00000000000000        305027.90791325551        52911.044221742690        123.85235772153423        82.192336905557468        1.4713393670484605E-002  0.80800220314463245        906.71925146477770        0.0000000000000000     
 THERM-B          39   2428.8624640347844        300.00000000000000        305268.07022672053        54508.865625393599        123.75416961009071        78.720985789242874        1.1369351595985951E-002  0.61291329358957858        957.08454734156373        0.0000000000000000     
 THERM-B          40   2428.8624640347844        300.00000000000000        306678.92080429022        63352.838917811940        123.17885336372500        62.017781433973269        3.2717519231984897E-002   1.5906909753848659        1211.6839678444610        0.0000000000000000     
 THERM-B          41   2428.8624640347844        300.00000000000000        305446.71133128717        55678.631173375863        123.68118199601386        76.273166681298108        2.2132812513054278E-002   1.1770726646967997        992.90399720413222        0.0000000000000000     
 THERM-B          42   2428.8624640347844        300.00000000000000        306430.91023632098        61859.904698612285        123.27980195096461        64.560315665544266        3.0448941059632691E-002   1.5065875903747254        1170.9078082979540        0.0000000000000000     
 THERM-B          43   2428.8624640347844        300.00000000000000        305093.50450460491        53350.398575066283        123.82553180189124        81.222831624068093        1.8508499466453339E-002   1.0112609237257519        920.74736351621050        0.0000000000000000     
 THERM-B          44   2428.8624640347844        300.00000000000000        305904.27547801437        58605.720039141001        123.49442157011867        70.479031703091934        2.5424886075984005E-002   1.3068371806044006        1079.2832349218718        0.0000000000000000     
 THERM-B          45   2428.8624640347844        300.00000000000000        305761.97487156786        57705.738392354484        123.55247448594193        72.211475526972833        2.4434938406915938E-002   1.2692084509263015        1053.1724109432134        0.0000000000000000     
 THERM-B          46   2428.8624640347844        300.00000000000000        305655.07395918580        57023.585228895812        123.59610286547257        73.553306855950439        2.3771071804462536E-002   1.2445771060498358        1033.1270581511772        0.0000000000000000     
 THERM-B          47   2428.8624640347844        300.00000000000000        307035.56251964677        65458.028016804201        123.03382645470076        58.606856068436677        3.3321073076463356E-002   1.5803526165202861        1268.0501701879894        0.0000000000000000     
 THERM-B          48   2428.8624640347844        300.00000000000000        305737.06639828614        57547.262179147328        123.56263881535676        72.520980345793433        2.2812265067751220E-002   1.1871135475681542        1048.5356869180857        0.0000000000000000     
 THERM-B          49   2428.8624640347844        300.00000000000000        305812.61408133031        58027.052024149918        123.53181274682505        71.588050079727481        2.6763873835255237E-002   1.3849805899597356        1062.5371027301051        0.0000000000000000     
 THERM-B          50   2428.8624640347844        300.00000000000000        305458.57256788225        55755.748984926948        123.67633728931044        76.114507875762328        1.9494903552758801E-002   1.0358541804195942        995.23701457718573        0.0000000000000000     
 THERM-B          51   2428.8624640347844        300.00000000000000        305644.27782902704        56954.399784900976        123.60050979647089        73.690799505424636        2.2027717497691741E-002   1.1542300371000076        1031.0811633271130        0.0000000000000000     
 THERM-B          52   2428.8624640347844        300.00000000000000        428981.05032421695        86468.913203214106        172.60077240496014        90.619365606142907        2.9639922196300145E-002   1.4682176288139430        1168.2499585574205        0.0000000000000000     
 THERM-B          53   2428.8624640347844        300.00000000000000        427727.46926033881        78612.234546278545        173.11196705144394        105.42745817836533        2.2052899152860343E-002   1.1663932792441880        1007.1599341834703        0.0000000000000000     
 THERM-B          54   2428.8624640347844        300.00000000000000        427607.18761322455        77831.590355929555        173.16109222193299        107.02675285366287        2.1409408980880302E-002   1.1397205411840166        990.33956836144148        0.0000000000000000     
 THERM-B          55   2428.8624640347844        300.00000000000000        426492.32908678864        70346.913615148253        173.61705312605076        123.64923350836861        1.5359910453498762E-002  0.86983498757930333        818.27310258817715        0.0000000000000000     
 THERM-B          56   2428.8624640347844        300.00000000000000        427657.43637798255        78158.315311202517        173.14056811461268        106.35444337596431        2.1252762662134047E-002   1.1283179315642140        997.40066092137351        0.0000000000000000     
 THERM-B          57   2428.8624640347844        300.00000000000000        1287598.1285115683        263365.57513509126        517.53566748462197        265.04661042936209        2.8345051537697178E-002   1.3886235052937892        1194.1067839140967        0.0000000000000000     
 THERM-B          58   2428.8624640347844        300.00000000000000        1284897.2532878430        246768.33876582314        518.63607229422257        294.82730656775436        2.3358823330315193E-002   1.1985599531226223        1083.5609201515990        0.0000000000000000     
 THERM-B          59   2428.8624640347844        300.00000000000000        1286808.6453312598        258588.65543035531        517.85709239345726        273.28793922110071        2.6892241116744701E-002   1.3351579808031024        1162.8696611561907        0.0000000000000000     
 THERM-B          60   2428.8624640347844        300.00000000000000        489736.98162314785        95583.341506097859        197.47276902685033        109.37013891957189        2.1852830218054040E-002   1.1084514839067312        1111.6767903121454        0.0000000000000000     
 THERM-B          61   2428.8624640347844        300.00000000000000        486224.71305771958        71852.939619669050        198.90945262609753        163.19896359058706        6.7124994042732722E-003  0.40413035932478286        614.83840963033526        0.0000000000000000     
 THERM-B          62   2428.8624640347844        300.00000000000000        486565.54522717063        74345.572609025490        198.76960096639968        156.49137596238015        8.4569282622352082E-003  0.50016836927653741        679.07144838512750        0.0000000000000000     
 THERM-B          63   2428.8624640347844        300.00000000000000        489398.43608826131        93464.233266858282        197.61081818756111        113.34772513949991        2.0392442591600040E-002   1.0505039758959114        1073.7847709730186        0.0000000000000000     
 THERM-B          64   2428.8624640347844        300.00000000000000        425995.16565001337        66852.047876128592        173.82075442957640        132.26539695446129        1.0943646209245858E-002  0.63777797146136284        728.64130356990472        0.0000000000000000     
 THERM-B          65   2428.8624640347844        300.00000000000000        182931.67732028125        31172.227446361867        74.346214564739554        50.607009312804898       -2.9526466908801730E-004  -1.6395177123732778E-002   875.63689723700486        0.0000000000000000     
 THERM-B          66   2428.8624640347844        300.00000000000000        183209.38791056690        33024.368645891685        74.232664308777260        46.559175347661444        1.7819291351569321E-003   9.5471702739750225E-002   973.46985339778087        0.0000000000000000     
 THERM-B          67   2428.8624640347844        300.00000000000000        184796.32609134843        42534.516009209561        73.586962932763797        30.406178752160510        3.7498033144933857E-002   1.6675931500832817        1408.5156743771843        0.0000000000000000     
 THERM-B          68   2428.8624640347844        300.00000000000000        184935.16912068593        43294.566192176018        73.530725371374587        29.397271132540830        3.9703867885117081E-002   1.7392615895801466        1440.4116670675858        0.0000000000000000     
 THERM-B          69   2428.8624640347844        300.00000000000000        490692.31968858797        101400.63950530354        197.08370527040404        99.168256228780876        1.8115434603329306E-002  0.88051948355336462        1212.2947974006545        0.0000000000000000     
 THERM-B          70   2428.8624640347844        300.00000000000000        427805.98450923827        79119.149098939641        173.07990719101187        104.40187198957931        7.7141913789845074E-003  0.40629439896929120        1017.9909222439355        0.0000000000000000     
 THERM-B          71   2428.8624640347844        300.00000000000000        60756.086262147182        8818.3768819194629        24.872714474762546        20.853026285820395        7.7886588215513438E-003  0.47330801488902963        578.89038276918211        0.0000000000000000     
 THERM-B          72   2428.8624640347844        300.00000000000000        60678.111627438419        8226.4458818786370        24.904750784621481        22.579537005129961        4.6102068162065879E-003  0.28974827948700843        427.90143651128284        0.0000000000000000     
 THERM-B          73   2428.8624640347844        300.00000000000000        60778.949301255911        8987.9664441740497        24.863328514263355        20.382440689394326        1.0648757137744687E-002  0.64088299336130539        616.20126507723296        0.0000000000000000     
 THERM-B           1   2484.9133730635981        300.00000000000000        810468.79550790857        133017.46077133311        322.37832225428525        224.04448842767255        2.8011495493973429E-003  0.16427904419432041        849.30322415508692        0.0000000000000000     
 THERM-B           2   2484.9133730635981        300.00000000000000        809139.40064996772        123495.16613725681        322.91076224721593        247.31963019284987        4.8379685036248031E-003  0.29594591550324284        719.08308747239448        0.0000000000000000     
 THERM-B           3   2484.9133730635981        300.00000000000000        436928.00239151448        75227.735521203649        173.37965243017550        112.53969367101814        1.8931859381810304E-003  0.10777339953398998        932.88427036332860        0.0000000000000000     
 THERM-B           4   2484.9133730635981        300.00000000000000        436750.52025778982        74014.133828156977        173.45061292029612        115.20548567767439        4.2254096149386541E-003  0.24296722099694629        905.31268529847262        0.0000000000000000     
 THERM-B           5   2484.9133730635981        300.00000000000000        435812.09401151352        67384.593222229247        173.82627260817173        130.91525711010058        1.0792141056338866E-002  0.65538686210377162        742.81684283435754        0.0000000000000000     
 THERM-B           6   2484.9133730635981        300.00000000000000        436558.66481998423        72688.369892630173        173.52735124441102        118.18972895446110        2.2789023752790446E-003  0.13248328218550109        874.53742136939968        0.0000000000000000     
 THERM-B           7   2484.9133730635981        300.00000000000000        624148.13641272578        107231.77906016746        247.69909874782368        161.28506429645395        5.3304485091340624E-004   3.0386245863378715E-002   929.15627056273740        0.0000000000000000     
 THERM-B           8   2484.9133730635981        300.00000000000000        622741.18664390384        97367.952240764891        248.26215144987154        184.25666072915885        9.3979362638324577E-005   5.6711021960077291E-003   763.03613740491005        0.0000000000000000     
 THERM-B           9   2484.9133730635981        300.00000000000000        623894.59620215499        105495.71488582216        247.80047401406119        165.11074032821017        5.0315116452405732E-004   2.8971927495507279E-002   901.47205433156375        0.0000000000000000     
 THERM-B          10   2484.9133730635981        300.00000000000000        623457.80201126100        102463.14517448432        247.97521411782159        172.01178411799819        4.4674702997635576E-004   2.6178910655007232E-002   851.68380013565343        0.0000000000000000     
 THERM-B          11   2484.9133730635981        300.00000000000000        626613.96398141957        123276.33604471880        246.71522444955684        129.89395814536491        2.2719302255544693E-002   1.1794202073442572        1164.7892525466777        0.0000000000000000     
 THERM-B          12   2484.9133730635981        300.00000000000000        624614.07989483455        110377.58098295145        247.51289943321501        154.57748818532448        1.6036910767440807E-002  0.89765108656510006        978.00478808773914        0.0000000000000000     
 THERM-B          13   2484.9133730635981        300.00000000000000        625838.08133046899        118382.31846799223        247.02440206023050        138.74958668411540        1.6644319041606962E-002  0.88918400148428711        1096.0758295040407        0.0000000000000000     
 THERM-B          14   2484.9133730635981        300.00000000000000        624467.81067744433        109396.16198050951        247.57133684633769        156.63950785386970        1.2361478139645428E-002  0.69587672958568347        962.93526229400868        0.0000000000000000     
 THERM-B          15   2484.9133730635981        300.00000000000000        626185.96370490408        120593.11973355350        246.88573048755612        134.67522601112364        1.7610311027253946E-002  0.92869613040013799        1127.3978154946221        0.0000000000000000     
 THERM-B          16   2484.9133730635981        300.00000000000000        625455.29577755625        115917.67506334087        247.17707241511184        143.43988948147987        1.2694339978218470E-002  0.68799952137565301        1060.5530122735934        0.0000000000000000     
 THERM-B          17   2484.9133730635981        300.00000000000000        625168.04407341487        114045.41093104845        247.29169908472193        147.11010717213844        6.7185039712653978E-003  0.36812211097142195        1033.1010565010063        0.0000000000000000     
 THERM-B          18   2484.9133730635981        300.00000000000000        624347.06543487357        108581.81277977867        247.61958684078775        158.37145092714724        9.5424285869955255E-003  0.53972563292383868        950.31663671631236        0.0000000000000000     
 THERM-B          19   2484.9133730635981        300.00000000000000        312745.36715374596        58073.646489411796        123.58146715960852        71.498099775438220        1.4397625164093989E-002  0.77926809436942790        1063.8911176067916        0.0000000000000000     
 THERM-B          20   2484.9133730635981        300.00000000000000        312578.92938488862        56989.329617148724        123.64788221021396        73.621350795815317        1.1886783272775141E-002  0.65155724600311027        1032.1143803030866        0.0000000000000000     
 THERM-B          21   2484.9133730635981        300.00000000000000        1251155.6761023249        233420.81711226399        494.25637563108921        283.82795572767708        1.3366145067647788E-002  0.72106514051981774        1072.0519984417015        0.0000000000000000     
 THERM-B          22   2484.9133730635981        300.00000000000000        1248867.3295044545        218332.51186880402        495.16996140827410        314.25306763176644        1.1580752944868695E-002  0.65279710977208061        959.38351148525362        0.0000000000000000     
 THERM-B          23   2484.9133730635981        300.00000000000000        1251194.5255856283        233671.48874239624        494.24087947583530        283.34846972901528        1.1972592745498141E-002  0.64541444280994864        1073.8635460573009        0.0000000000000000     
 THERM-B          24   2484.9133730635981        300.00000000000000        1250869.3552334958        231567.89271605673        494.37059664755907        287.39787197606898        1.2006903110784919E-002  0.65125025944252690        1058.6060994966508        0.0000000000000000     
 THERM-B          25   2484.9133730635981        300.00000000000000        1253552.6161128820        248567.57955258765        493.30115892631221        256.28797117448079        2.6230212085993160E-002   1.3536489521424371        1178.6649982506319        0.0000000000000000     
 THERM-B          26   2484.9133730635981        300.00000000000000        1249390.9286025565        221842.52818930469        494.96078092928286        306.89388649145172        1.1690839421616717E-002  0.65231980532813172        986.29052365366806        0.0000000000000000     
 THERM-B          27   2484.9133730635981        300.00000000000000        1251262.9775289588        234112.73749220959        494.21357671516887        282.50644411151416        1.7015503853769112E-002  0.91608481972607692        1077.0481053959222        0.0000000000000000     
 THERM-B          28   2484.9133730635981        300.00000000000000        313579.34905271535        63317.493634748331        123.24918828525139        62.076768919086007        3.6347937488124489E-002   1.8500343139276161        1210.7266878416051        0.0000000000000000     
 THERM-B          29   2484.9133730635981        300.00000000000000        437767.96113124478        80812.923515892762        173.04419730306756        101.04757291142558        8.9844020630004597E-003  0.48826963514323457        1053.6918277737498        0.0000000000000000     
 THERM-B          30   2484.9133730635981        300.00000000000000        436034.22104717663        68987.550638764020        173.73728336515816        126.93270034971653        4.0219249021218343E-003  0.24105037459395573        784.31116520333535        0.0000000000000000     
 THERM-B          31   2484.9133730635981        300.00000000000000        438357.19435785356        84585.726537690032        172.80924402648282        93.963631121505188        1.4464867669760656E-002  0.76173032717925526        1130.8202157984299        0.0000000000000000     
 THERM-B          32   2484.9133730635981        300.00000000000000        436400.97561930522        71587.633293145409        173.59044798442656        120.72581598848859        8.1518121801758513E-003  0.47822586371601949        848.41236253972443        0.0000000000000000     
 THERM-B          33   2484.9133730635981        300.00000000000000        438286.56207934290        84139.423104337460        172.83739217905040        94.774540173062363        1.2209448332856728E-002  0.64536384647326206        1121.8519208258188        0.0000000000000000     
 THERM-B          34   2484.9133730635981        300.00000000000000        436382.79507769336        71460.072051839568        173.59772403512264        121.02318961746592        8.7162910752268414E-003  0.51187898139070076        845.34870859474006        0.0000000000000000     
 THERM-B          35   2484.9133730635981        300.00000000000000        313372.21241356392        62043.186648943505        123.33163700352706        64.242493140352863        1.6914282200187324E-002  0.87389943212911281        1175.9526844753116        0.0000000000000000     
 THERM-B          36   2484.9133730635981        300.00000000000000        312235.06088300387        54705.855839775111        123.78520670952366        78.303311299909481        1.1366328429673523E-002  0.63979804658325135        963.17518462878388        0.0000000000000000     
 THERM-B          37   2484.9133730635981        300.00000000000000        313629.76856046385        63625.005792037147        123.22912724814768        61.565495962598376        2.2872392910957141E-002   1.1599498244629987        1219.0426283481145        0.0000000000000000     
 THERM-B          38   2484.9133730635981        300.00000000000000        312049.37560519518        53447.494754575127        123.85942088917919        81.010119955861796        1.4306077169642710E-002  0.81711137400828993        923.82851791905296        0.0000000000000000     
 THERM-B          39   2484.9133730635981        300.00000000000000        312262.84346247878        54892.576770217063        123.77410629126300        77.909464246762482        1.0833492640902874E-002  0.60848465948663910        968.92584792750051        0.0000000000000000     
 THERM-B          40   2484.9133730635981        300.00000000000000        313745.67977676174        64328.077094295215        123.18302001617731        60.412826975847253        3.2295883310560977E-002   1.6243398531104563        1237.9510112290939        0.0000000000000000     
 THERM-B          41   2484.9133730635981        300.00000000000000        312486.92023638531        56384.139207018823        123.68461199116160        74.834017963928616        2.1836390907154474E-002   1.2053974339358324        1014.1240819860679        0.0000000000000000     
 THERM-B          42   2484.9133730635981        300.00000000000000        313495.02364866296        62800.867916297684        123.28274684456744        62.945590140406196        3.0072815685805426E-002   1.5399764445719459        1196.6908063023011        0.0000000000000000     
 THERM-B          43   2484.9133730635981        300.00000000000000        312134.38518274343        54025.857981836962        123.82543923404496        79.754577696614561        1.8313592715869100E-002   1.0390174100640532        942.04462223688131        0.0000000000000000     
 THERM-B          44   2484.9133730635981        300.00000000000000        312964.47131915239        59481.190410917261        123.49408805049603        68.834281730374613        2.5160172009612042E-002   1.3395714543207908        1104.3415316054222        0.0000000000000000     
 THERM-B          45   2484.9133730635981        300.00000000000000        312815.13644709898        58524.267897907979        123.55363665380696        70.634073865551755        2.4154711457482107E-002   1.3005067067287339        1076.9351344914699        0.0000000000000000     
 THERM-B          46   2484.9133730635981        300.00000000000000        312700.15165494179        57780.385654223850        123.59950651155467        72.066152993516184        2.3459323972667777E-002   1.2740834664989238        1055.3523184613555        0.0000000000000000     
 THERM-B          47   2484.9133730635981        300.00000000000000        314101.72946006147        66454.891565105092        123.04149323377696        57.060111024170638        3.2640153161303490E-002   1.6009377474168975        1294.3263951018862        0.0000000000000000     
 THERM-B          48   2484.9133730635981        300.00000000000000        312779.10957205197        58291.865095364592        123.56800678818510        71.078353703479863        2.2345069522945047E-002   1.2063442894739913        1070.2192580780356        0.0000000000000000     
 THERM-B          49   2484.9133730635981        300.00000000000000        312874.58814830857        58906.458471198122        123.52992648225491        69.909572929273097        2.6368966248115862E-002   1.4133974245399457        1087.9278610133388        0.0000000000000000     
 THERM-B          50   2484.9133730635981        300.00000000000000        312505.04850064474        56503.707477276403        123.67737441923630        74.592841261745988        1.9164094607783528E-002   1.0564115691500633        1017.6936132750726        0.0000000000000000     
 THERM-B          51   2484.9133730635981        300.00000000000000        312684.10865435895        57676.099605511779        123.60590769324028        72.269258333208569        2.1574888645829578E-002   1.1731656556451389        1052.3061429126426        0.0000000000000000     
 THERM-B          52   2484.9133730635981        300.00000000000000        438877.74269327160        87827.237515982764        172.60193152475469        88.283152277896818        2.9283166749662845E-002   1.5007242119108668        1194.8609700505656        0.0000000000000000     
 THERM-B          53   2484.9133730635981        300.00000000000000        437595.79347340978        79688.615556508725        173.11290561471347        103.26173710981193        2.1786709250746182E-002   1.1951666947088671        1030.0760353815774        0.0000000000000000     
 THERM-B          54   2484.9133730635981        300.00000000000000        437471.42121345777        78870.011518889136        173.16255601698356        104.90466161717039        2.1143703731725347E-002   1.1678181955682476        1012.6765088974967        0.0000000000000000     
 THERM-B          55   2484.9133730635981        300.00000000000000        436351.27611226059        71238.600254594465        173.61033895563111        121.54121739443961        1.5305672566209011E-002  0.90049376238328072        840.01099932767897        0.0000000000000000     
 THERM-B          56   2484.9133730635981        300.00000000000000        437533.16720434587        79277.096213632278        173.13790482692337        104.08437620065595        2.1040273591454904E-002   1.1581778470049702        1021.3514580125525        0.0000000000000000     
 THERM-B          57   2484.9133730635981        300.00000000000000        1317230.9817740633        267139.48963208729        517.56792276598378        258.71672822223542        2.7901756304773654E-002   1.4153482109653552        1218.4927696877592        0.0000000000000000     
 THERM-B          58   2484.9133730635981        300.00000000000000        1314481.7492134555        250018.33947922930        518.66282335847450        288.73791354356268        2.2993073140267488E-002   1.2235185332553196        1105.6773423409795        0.0000000000000000     
 THERM-B          59   2484.9133730635981        300.00000000000000        1316427.7220949798        262216.08434753073        517.88759828976572        267.00613454614148        2.6471934678924038E-002   1.3614673703145272        1186.6289255223303        0.0000000000000000     
 THERM-B          60   2484.9133730635981        300.00000000000000        501019.74765485525        96922.091890802520        197.48030143093584        106.93088717863735        2.1454164142188061E-002   1.1277026790382356        1135.2489173473011        0.0000000000000000     
 THERM-B          61   2484.9133730635981        300.00000000000000        497438.40402827231        72334.135813214263        198.91223167038851        161.88259580286430        6.5867301455937591E-003  0.41362295299538171        627.65219322216058        0.0000000000000000     
 THERM-B          62   2484.9133730635981        300.00000000000000        497781.90504928812        74894.123544009344        198.77446165751189        155.05183298237452        8.2815669601254797E-003  0.51061608754640286        692.56191587764511        0.0000000000000000     
 THERM-B          63   2484.9133730635981        300.00000000000000        500674.57024316839        94732.102547299568        197.61788482547419        110.95056916189854        2.0020236381134510E-002   1.0693293631320435        1096.5442869582041        0.0000000000000000     
 THERM-B          64   2484.9133730635981        300.00000000000000        435812.09401151352        67384.593222229247        173.82627260817173        130.91525711010058        1.0792141056338866E-002  0.65538686210377162        742.81684283435754        0.0000000000000000     
 THERM-B          65   2484.9133730635981        300.00000000000000        187098.87295379018        31168.153597779215        74.367943749871216        50.616289191579753       -2.6973155206023731E-004  -1.5675929780279409E-002   875.41378002079080        0.0000000000000000     
 THERM-B          66   2484.9133730635981        300.00000000000000        187381.57651441501        33095.557611951597        74.254927427829813        46.410237821722752        1.4545969803871990E-003   8.1447642753966223E-002   977.10214108682908        0.0000000000000000     
 THERM-B          67   2484.9133730635981        300.00000000000000        189023.99635986143        43103.701553979612        73.601570067852549        29.647253971155408        3.6333026692609363E-002   1.6716785560386274        1432.4284858479027        0.0000000000000000     
 THERM-B          68   2484.9133730635981        300.00000000000000        189162.35476904293        43870.697132792797        73.546781999395918        28.656149416125270        3.8453330956236945E-002   1.7424508732391468        1464.4057099846113        0.0000000000000000     
 THERM-B          69   2484.9133730635981        300.00000000000000        501911.37493893062        102430.34579392023        197.12533250813956        97.466937817266469        1.7609655472425038E-002  0.88892047131410823        1229.6553998646637        0.0000000000000000     
 THERM-B          70   2484.9133730635981        300.00000000000000        437593.58853465109        79674.150116034463        173.11378572575020        103.29054224321227        7.4032604985672223E-003  0.40617403632259774        1029.7701065912534        0.0000000000000000     
 THERM-B          71   2484.9133730635981        300.00000000000000        62157.573489591312        8873.6577357704373        24.872948146919999        20.698480915474001        7.6834032291497965E-003  0.48714474262860946        591.26794376501789        0.0000000000000000     
 THERM-B          72   2484.9133730635981        300.00000000000000        62078.434746355240        8260.7370579371454        24.904729451597458        22.475858715677482        4.5584509082860708E-003  0.29927876555214478        437.89701215140150        0.0000000000000000     
 THERM-B          73   2484.9133730635981        300.00000000000000        62183.996253375168        9073.3097161641563        24.862345643027897        20.149553545743334        1.0616514770757094E-002  0.66547804533553523        634.28688488113403        0.0000000000000000     
 THERM-B           1   2539.1958122084366        300.00000000000000        828004.36712656938        133260.21717116455        322.44450002229729        223.48036839815126        2.6315506360350422E-003  0.16095823803886394        852.43233469591939        0.0000000000000000     
 THERM-B           2   2539.1958122084366        300.00000000000000        826669.35073051846        123495.16613725681        322.96785623824229        247.31963019284987        4.6336803056299253E-003  0.29594591550324284        719.08306038119645        0.0000000000000000     
 THERM-B           3   2539.1958122084366        300.00000000000000        446351.64795292978        75302.518581091164        173.42697738069472        112.37745784502007        1.2118862710583178E-003   7.1982285510464303E-002   934.56573185176319        0.0000000000000000     
 THERM-B           4   2539.1958122084366        300.00000000000000        446193.50521292019        74198.871833716912        173.48886851028493        114.79565658983057        3.5618400581452821E-003  0.21350457704275763        909.54526998046686        0.0000000000000000     
 THERM-B           5   2539.1958122084366        300.00000000000000        445317.96336235339        67897.609579339653        173.83190375477608        129.62745245231346        1.0645554062610026E-002  0.67214595032639224        756.28154641465619        0.0000000000000000     
 THERM-B           6   2539.1958122084366        300.00000000000000        445991.78267787176        72776.270709926350        173.56784568586275        117.98950559862870        1.7259523918799686E-003  0.10468152669098528        876.60046676924753        0.0000000000000000     
 THERM-B           7   2539.1958122084366        300.00000000000000        637598.43884052138        107249.78913649943        247.77112736916291        161.24584434636247        4.0639233470633615E-005   2.4184017239810181E-003   929.44060953917017        0.0000000000000000     
 THERM-B           8   2539.1958122084366        300.00000000000000        635617.55540103768        92873.875658073928        248.54745017320519        195.76741310636984        5.0844226596702654E-003  0.32871126158550462        677.91879861256450        0.0000000000000000     
 THERM-B           9   2539.1958122084366        300.00000000000000        637350.14641473547        105512.93282016358        247.86830817829491        165.07235663436282        3.8359900703319881E-005   2.3058512765304321E-003   901.74937320960703        0.0000000000000000     
 THERM-B          10   2539.1958122084366        300.00000000000000        636922.34970105288        102478.61797302586        248.03583157254059        171.97585543742511        3.4058866157749533E-005   2.0835552257664493E-003   851.94286643332612        0.0000000000000000     
 THERM-B          11   2539.1958122084366        300.00000000000000        640223.93246626516        124635.12119511366        246.74573813802323        127.53942269886257        2.2371790487036521E-002   1.2027891435911748        1183.4839927929318        0.0000000000000000     
 THERM-B          12   2539.1958122084366        300.00000000000000        638203.16197741893        111408.54004797809        247.53459270071053        152.44076303142188        1.5790760872451227E-002  0.91726517936112761        993.68001440994578        0.0000000000000000     
 THERM-B          13   2539.1958122084366        300.00000000000000        639432.43110359018        119570.50327056619        247.05443306880528        136.54445686219063        1.6343721621932532E-002  0.90520954971809708        1112.9702626762110        0.0000000000000000     
 THERM-B          14   2539.1958122084366        300.00000000000000        638041.99736618856        110309.86468268748        247.59761044981835        154.71888405003068        1.2119522323892132E-002  0.70852048343195073        976.96971690760870        0.0000000000000000     
 THERM-B          15   2539.1958122084366        300.00000000000000        639783.84836779255        121836.69167756371        246.91733074029727        132.43728412177785        1.7293026523389581E-002  0.94514677314737017        1144.8085603217260        0.0000000000000000     
 THERM-B          16   2539.1958122084366        300.00000000000000        639013.38384693628        116830.16407366228        247.21801551407634        141.68490013512314        1.2394825320506855E-002  0.69759230708310371        1073.7829260930696        0.0000000000000000     
 THERM-B          17   2539.1958122084366        300.00000000000000        638679.26792475407        114614.56503312802        247.34851750658348        145.98444188358130        6.2009941736195740E-003  0.35354203679861740        1041.4912847568708        0.0000000000000000     
 THERM-B          18   2539.1958122084366        300.00000000000000        637900.21969065210        109337.59819885805        247.65306026466911        156.76342359024676        9.3109083060605707E-003  0.54740989673687612        962.03132356358867        0.0000000000000000     
 THERM-B          19   2539.1958122084366        300.00000000000000        319550.26856117503        58701.788669197762        123.59199260095571        70.296611726629735        1.4137333805695746E-002  0.79299972790818629        1082.0489580545368        0.0000000000000000     
 THERM-B          20   2539.1958122084366        300.00000000000000        319376.53706898168        57553.191009698457        123.65984198161559        72.509377154026566        1.1639793169154915E-002  0.66172674871973192        1048.7093660085829        0.0000000000000000     
 THERM-B          21   2539.1958122084366        300.00000000000000        1278279.0913575930        235319.26335257047        494.33751033869237        280.21701141008168        1.2936365612435564E-002  0.72454862066919656        1085.7285050772425        0.0000000000000000     
 THERM-B          22   2539.1958122084366        300.00000000000000        1275971.5794743681        219850.11886215379        495.23918412407153        311.04970624817332        1.1216575138096404E-002  0.65720148482592633        971.07471052942151        0.0000000000000000     
 THERM-B          23   2539.1958122084366        300.00000000000000        1278297.2438137487        235438.31160734774        494.33042336824838        279.99213700584426        1.1465924317211029E-002  0.64196764072127488        1086.5828642525412        0.0000000000000000     
 THERM-B          24   2539.1958122084366        300.00000000000000        1277967.0039274709        233266.26756226950        494.45936874998148        284.12398931799589        1.1566248155273158E-002  0.65170916759521325        1070.9342250176105        0.0000000000000000     
 THERM-B          25   2539.1958122084366        300.00000000000000        1280830.3938789845        251676.06212421722        493.34239583161911        250.98320106451894        2.5910949985279732E-002   1.3832424010284148        1199.9079915027276        0.0000000000000000     
 THERM-B          26   2539.1958122084366        300.00000000000000        1276497.8474062709        223438.49617755832        495.03340394904257        303.60530039248749        1.1320237753615226E-002  0.65639029679936278        998.37417751325540        0.0000000000000000     
 THERM-B          27   2539.1958122084366        300.00000000000000        1278453.0029804052        236458.18801327693        494.26961681137152        278.07316198226113        1.6608516660241861E-002  0.92712739812758427        1093.8865969446290        0.0000000000000000     
 THERM-B          28   2539.1958122084366        300.00000000000000        320457.55198329641        64472.611401257171        123.23823694529783        60.178643292227420        3.6161461495664883E-002   1.8954295465926883        1241.8205833802233        0.0000000000000000     
 THERM-B          29   2539.1958122084366        300.00000000000000        447235.23584772326        81291.618390611606        173.08156135650765        100.11950302558124        8.4631810999630276E-003  0.47826575052855796        1063.6527642932253        0.0000000000000000     
 THERM-B          30   2539.1958122084366        300.00000000000000        445494.39293281449        69194.522704306379        173.76272710515295        126.42726581247179        3.6557140551254155E-003  0.22836914787321799        789.55046691008897        0.0000000000000000     
 THERM-B          31   2539.1958122084366        300.00000000000000        447849.38495319075        85290.112836067885        172.84186196486900        92.698197460662527        1.3847659064761408E-002  0.75681283347574180        1144.8967719386906        0.0000000000000000     
 THERM-B          32   2539.1958122084366        300.00000000000000        445886.80855150596        72029.243526383187        173.60895806916696        119.70191743465192        7.8036370006282080E-003  0.47623070624739133        858.95958664936745        0.0000000000000000     
 THERM-B          33   2539.1958122084366        300.00000000000000        447758.26440610952        84704.851537306546        172.87740586208116        93.748388148685279        1.1540930613231215E-002  0.63384481514757418        1133.2074482703185        0.0000000000000000     
 THERM-B          34   2539.1958122084366        300.00000000000000        445866.95736175351        71887.450926010904        173.61673369190103        120.02972796051684        8.3341581171158998E-003  0.50920225906948990        855.58292198005427        0.0000000000000000     
 THERM-B          35   2539.1958122084366        300.00000000000000        320141.73942425870        62505.237584768372        123.36126461173902        63.448380178726033        1.6193398001663292E-002  0.86869619045727753        1188.6213542080052        0.0000000000000000     
 THERM-B          36   2539.1958122084366        300.00000000000000        319004.70536338037        55043.437745279800        123.80517708352787        77.592709468680738        1.0881538774244618E-002  0.63697171410238262        973.55637641165379        0.0000000000000000     
 THERM-B          37   2539.1958122084366        300.00000000000000        320431.65105110186        64312.838098090353        123.24832248360461        60.437573034177682        2.2232431252195251E-002   1.1675283769666465        1237.5426783031053        0.0000000000000000     
 THERM-B          38   2539.1958122084366        300.00000000000000        318847.28563493438        53958.797101468437        123.86675560893070        79.899152949482058        1.3930096131021322E-002  0.82576186747604174        939.94426139337827        0.0000000000000000     
 THERM-B          39   2539.1958122084366        300.00000000000000        319035.36644160229        55253.132275669472        123.79318665851963        77.154573378103123        1.0345823427382321E-002  0.60413790026704772        979.96987168325677        0.0000000000000000     
 THERM-B          40   2539.1958122084366        300.00000000000000        320587.66448856401        65271.069483161111        123.18758447054704        58.901759600773666        3.1894372274938569E-002   1.6560776649182594        1263.0937734033587        0.0000000000000000     
 THERM-B          41   2539.1958122084366        300.00000000000000        319304.04301083926        57069.467250890768        123.68816442789560        73.462268293473031        2.1556142388079992E-002   1.2324110829612820        1034.4825129662804        0.0000000000000000     
 THERM-B          42   2539.1958122084366        300.00000000000000        320334.50001510291        63711.064713501299        123.28615904420603        61.423192909954899        2.9713608920129642E-002   1.5715133015794787        1221.3648315286605        0.0000000000000000     
 THERM-B          43   2539.1958122084366        300.00000000000000        318951.74817450141        54680.064939714786        123.82588930849603        78.357868461759978        1.8124330357167834E-002   1.0654319696485501        962.37916882713841        0.0000000000000000     
 THERM-B          44   2539.1958122084366        300.00000000000000        319800.00514593761        60327.368321442031        123.49452224166859        67.281717463751207        2.4902811609574790E-002   1.3705260841188709        1128.2639043149511        0.0000000000000000     
 THERM-B          45   2539.1958122084366        300.00000000000000        319644.16240050469        59316.432201463023        123.55533792278580        69.140802303981900        2.3885095901872610E-002   1.3301768964467415        1099.6502882355626        0.0000000000000000     
 THERM-B          46   2539.1958122084366        300.00000000000000        319521.66944505071        58513.728898762391        123.60315930568014        70.654159890992617        2.3162890931852576E-002   1.3021266673157643        1076.6311010358763        0.0000000000000000     
 THERM-B          47   2539.1958122084366        300.00000000000000        320941.99870297365        67411.337992706016        123.04974368544480        55.615991814926716        3.2006613438878999E-002   1.6203349565817899        1319.3089423496642        0.0000000000000000     
 THERM-B          48   2539.1958122084366        300.00000000000000        319596.96498937195        59008.000167827078        123.57376175472228        69.718358361835953        2.1910446281471246E-002   1.2246196449959226        1090.8378628018843        0.0000000000000000     
 THERM-B          49   2539.1958122084366        300.00000000000000        319711.58933553472        59755.224455542259        123.52902190180859        68.327524497758532        2.5995738971601668E-002   1.4403004585750956        1112.1197945868091        0.0000000000000000     
 THERM-B          50   2539.1958122084366        300.00000000000000        319326.70177131565        57220.944985636699        123.67931129329253        73.162516277263336        1.8851802605515819E-002   1.0758954617067680        1038.9500298171317        0.0000000000000000     
 THERM-B          51   2539.1958122084366        300.00000000000000        319499.92141624645        58370.453302900190        123.61165160429171        70.927801571977554        2.1153768458440463E-002   1.1911749696850142        1072.4929630106187        0.0000000000000000     
 THERM-B          52   2539.1958122084366        300.00000000000000        448458.98445723741        89137.585618129247        172.60425128022894        86.088159690118403        2.8940380984649034E-002   1.5313647208271342        1220.2490334622703        0.0000000000000000     
 THERM-B          53   2539.1958122084366        300.00000000000000        447150.39262010378        80729.023173101115        173.11470015632662        101.21113050210216        2.1531012669492398E-002   1.2224699979442930        1051.9403321777938        0.0000000000000000     
 THERM-B          54   2539.1958122084366        300.00000000000000        447022.22303193778        79874.254102978288        173.16477321147789        102.89279369214060        2.0889185737142421E-002   1.1945085869559227        1033.9972971604286        0.0000000000000000     
 THERM-B          55   2539.1958122084366        300.00000000000000        445897.60168786830        72106.266000559161        173.60473058498513        119.52422210568142        1.5244315026744851E-002  0.92971990665163851        860.78996008750119        0.0000000000000000     
 THERM-B          56   2539.1958122084366        300.00000000000000        447094.69249294151        80358.282000700463        173.13645928237949        101.93707958319088        2.0832849126918178E-002   1.1864918883344524        1044.1802076833362        0.0000000000000000     
 THERM-B          57   2539.1958122084366        300.00000000000000        1345918.3094241796        270763.95725280239        517.60192251046840        252.78427861551933        2.7481173552998436E-002   1.4405309278877456        1241.6867500124749        0.0000000000000000     
 THERM-B          58   2539.1958122084366        300.00000000000000        1343124.1273180954        253143.34034852576        518.69099760751919        283.00355622641160        2.2646092498959151E-002   1.2471336040161174        1126.7134233441668        0.0000000000000000     
 THERM-B          59   2539.1958122084366        300.00000000000000        1345102.2370676610        265700.95103575906        517.91977353257130        261.11097244800192        2.6073134913896626E-002   1.3862877083165417        1209.2265097030156        0.0000000000000000     
 THERM-B          60   2539.1958122084366        300.00000000000000        511941.82655834383        98202.825309601874        197.48911340973203        104.64938041708631        2.1079401065353699E-002   1.1459064919773647        1157.5544277018669        0.0000000000000000     
 THERM-B          61   2539.1958122084366        300.00000000000000        508296.83595951443        72796.621398337069        198.91537714957937        160.62717196736361        6.4685115763597062E-003  0.42271507331180014        639.76931208146186        0.0000000000000000     
 THERM-B          62   2539.1958122084366        300.00000000000000        508642.88475174620        75421.949875716935        198.77954967272541        153.67892809209826        8.1180289341654891E-003  0.52062913157168766        705.35102785044739        0.0000000000000000     
 THERM-B          63   2539.1958122084366        300.00000000000000        511590.54711873631        95945.560169976088        197.62614141439448        108.70461218977933        1.9670360456570016E-002   1.0871536194179745        1118.0813970149175        0.0000000000000000     
 THERM-B          64   2539.1958122084366        300.00000000000000        445317.96336235339        67897.609579339653        173.83190375477608        129.62745245231346        1.0645554062610026E-002  0.67214595032639224        756.28154641465619        0.0000000000000000     
 THERM-B          65   2539.1958122084366        300.00000000000000        191135.76736505545        31164.511598888159        74.387616843480956        50.624586787510601       -2.4697142434156304E-004  -1.4986488974151165E-002   875.21427952401621        0.0000000000000000     
 THERM-B          66   2539.1958122084366        300.00000000000000        191421.59465471606        33154.439453477389        74.275765435467775        46.287410493699809        1.1391281571419057E-003   6.6515377238020784E-002   980.10009896533677        0.0000000000000000     
 THERM-B          67   2539.1958122084366        300.00000000000000        193116.38191969579        43646.688124274886        73.615839600783332        28.941926303833117        3.5265396713373240E-002   1.6755106023842083        1455.0945761456298        0.0000000000000000     
 THERM-B          68   2539.1958122084366        300.00000000000000        193254.38174248737        44420.858938978476        73.562351393287059        27.966941424688326        3.7308365430127576E-002   1.7454349967908098        1487.1792333944768        0.0000000000000000     
 THERM-B          69   2539.1958122084366        300.00000000000000        512773.08733170002        103408.68240327490        197.16521378288022        95.878421681330309        1.7142364484068445E-002  0.89685744331188344        1246.0390498792676        0.0000000000000000     
 THERM-B          70   2539.1958122084366        300.00000000000000        447069.33921959117        80189.161484609562        173.14636434356771        102.26998335629671        7.1171052619824829E-003  0.40591176639022236        1040.6289872097580        0.0000000000000000     
 THERM-B          71   2539.1958122084366        300.00000000000000        63514.669482381600        8926.7804225464333        24.873232454173714        20.551018766582146        7.5803777995260098E-003  0.50029364146099342        602.96156945711266        0.0000000000000000     
 THERM-B          72   2539.1958122084366        300.00000000000000        63434.471948131977        8293.7905183277762        24.904750638328128        22.376356868278542        4.5067161482653714E-003  0.30836184707317155        447.34010651810405        0.0000000000000000     
 THERM-B          73   2539.1958122084366        300.00000000000000        63544.481247874362        9156.0023948217713        24.861525915677099        19.926376259832473        1.0575012010215606E-002  0.68884551526526361        651.41894899543354        0.0000000000000000     
 THERM-B           1   2655.0308744676445        300.00000000000000        865393.48793477309        133481.34984422437        322.58817974619035        222.96772571973528        2.3619360827292039E-003  0.15776102868191449        855.27579404149469        0.0000000000000000     
 THERM-B           2   2655.0308744676445        300.00000000000000        864086.88724931981        123495.16613725681        323.07823287058324        247.31963019284987        4.2387997901481142E-003  0.29594591550324284        719.08308585794134        0.0000000000000000     
 THERM-B           3   2655.0308744676445        300.00000000000000        466452.39978555788        75345.402009941477        173.52477874955252        112.28453132764020        5.7270191936015713E-004   3.7168694466331621E-002   935.52905524223559        0.0000000000000000     
 THERM-B           4   2655.0308744676445        300.00000000000000        466315.85984519951        74350.113465438088        173.57590994560982        114.46122095996947        2.8289501494093388E-003  0.18512232635270659        913.00067854514214        0.0000000000000000     
 THERM-B           5   2655.0308744676445        300.00000000000000        465519.34130608616        68373.099026150012        173.87447487110077        128.44499408829944        1.0000098628240400E-002  0.68750679448305618        768.60280463846937        0.0000000000000000     
 THERM-B           6   2655.0308744676445        300.00000000000000        466110.81195209117        72839.823883426870        173.65272283285125        117.84495243645682        1.1752002071386050E-003   7.7871234531817241E-002   878.09003274004169        0.0000000000000000     
 THERM-B           7   2655.0308744676445        300.00000000000000        665350.77902402729        100144.67533158851        248.27090776264978        177.48040459015590        7.3294648318325429E-003  0.49677730343964099        812.21223038198968        0.0000000000000000     
 THERM-B           8   2655.0308744676445        300.00000000000000        664412.53524033003        92873.875658073928        248.62295861591625        195.76741310636984        4.6510544179247755E-003  0.32871126158550462        677.91877557866223        0.0000000000000000     
 THERM-B           9   2655.0308744676445        300.00000000000000        665169.27351698687        98762.440928490279        248.33897576664307        180.82224254147204        6.9000416803262398E-003  0.47141630920589589        788.01363787320577        0.0000000000000000     
 THERM-B          10   2655.0308744676445        300.00000000000000        664856.57132599328        96354.186625431452        248.45628672281086        186.79369283417199        6.1601154716844709E-003  0.42674310607809307        744.48914405559583        0.0000000000000000     
 THERM-B          11   2655.0308744676445        300.00000000000000        669009.23215828359        125883.90453504768        246.90270376723001        125.41417908425259        2.0984267768815054E-002   1.2239437966630935        1200.5320568630357        0.0000000000000000     
 THERM-B          12   2655.0308744676445        300.00000000000000        667020.10465900868        112359.29550283891        247.64571217418970        150.49662974002283        1.4810402365037773E-002  0.93514127827075755        1008.0015773093957        0.0000000000000000     
 THERM-B          13   2655.0308744676445        300.00000000000000        668224.60166293499        120670.40998566974        247.19553642022692        134.53501402626989        1.5295386228137234E-002  0.91991975721427777        1128.4841493630172        0.0000000000000000     
 THERM-B          14   2655.0308744676445        300.00000000000000        666850.66043016838        111158.05258248192        247.70910391392127        152.95716452667472        1.1326553412146653E-002  0.72019307142808286        989.88566150767701        0.0000000000000000     
 THERM-B          15   2655.0308744676445        300.00000000000000        668570.22891709395        122985.48300455924        247.06650378126446        130.40372428629780        1.6183957554920886E-002  0.96020839374354405        1160.7672133983367        0.0000000000000000     
 THERM-B          16   2655.0308744676445        300.00000000000000        667784.09076426411        117675.79989249811        247.36008498704888        140.07795591748032        1.1541596125649757E-002  0.70645101987111802        1085.9606102438711        0.0000000000000000     
 THERM-B          17   2655.0308744676445        300.00000000000000        667414.60365101532        115124.56033436337        247.49818382165594        144.98318520367496        5.4629670849895067E-003  0.33941231180885606        1048.9755915447327        0.0000000000000000     
 THERM-B          18   2655.0308744676445        300.00000000000000        666694.02530868410        110040.21767472880        247.76771732306580        155.28321447652894        8.6647245586131908E-003  0.55453998921479841        972.84121800167441        0.0000000000000000     
 THERM-B          19   2655.0308744676445        300.00000000000000        333957.66133810498        59286.591717699324        123.65552683189196        69.196466834435412        1.3232614207064371E-002  0.80570920098806453        1098.7994259309371        0.0000000000000000     
 THERM-B          20   2655.0308744676445        300.00000000000000        333781.79683650151        58078.866303595496        123.72124437057687        71.488030101814047        1.0868259155833872E-002  0.67117424672556647        1064.0427443915466        0.0000000000000000     
 THERM-B          21   2655.0308744676445        300.00000000000000        1335819.7569690666        237072.08989919178        494.62617511477123        276.92451594339587        1.1949343289001496E-002  0.72773162289617455        1098.2697643748784        0.0000000000000000     
 THERM-B          22   2655.0308744676445        300.00000000000000        1333551.5295626028        221248.90019578216        495.47425695865542        308.12621859212464        1.0367212437140682E-002  0.66124581929674897        981.77249177517956        0.0000000000000000     
 THERM-B          23   2655.0308744676445        300.00000000000000        1335818.5768759518        237064.03876279783        494.62661598724782        276.93954878941088        1.0486069888456597E-002  0.63863130607663932        1098.2123439456088        0.0000000000000000     
 THERM-B          24   2655.0308744676445        300.00000000000000        1335492.2491452689        234830.67065910500        494.74854354976901        281.14185593448798        1.0636840630305689E-002  0.65206562919463440        1082.2180778600089        0.0000000000000000     
 THERM-B          25   2655.0308744676445        300.00000000000000        1338442.0831992242        254531.98621483738        493.64742177148850        246.20907396730826        2.4370248366748799E-002   1.4098947581603463        1219.2583410122515        0.0000000000000000     
 THERM-B          26   2655.0308744676445        300.00000000000000        1334067.7712988290        224913.26319540449        495.28111433963528        300.59801908120983        1.0460847906932936E-002  0.66013191865087717        1009.4607553652564        0.0000000000000000     
 THERM-B          27   2655.0308744676445        300.00000000000000        1336046.9882596880        238618.99165410909        494.54129047265070        274.05155076016325        1.5459516135124161E-002  0.93724617919992237        1109.2713502793222        0.0000000000000000     
 THERM-B          28   2655.0308744676445        300.00000000000000        334905.61419848033        65531.515361415666        123.30186592921491        58.491358868468744        3.4218290626309343E-002   1.9356959682489905        1269.9958614569127        0.0000000000000000     
 THERM-B          29   2655.0308744676445        300.00000000000000        467354.58572473587        81725.061936452039        173.18729063749123        99.286623360970225        7.6160421421580292E-003  0.46870476003386252        1072.6256969657068        0.0000000000000000     
 THERM-B          30   2655.0308744676445        300.00000000000000        465650.27028385492        69376.459759004792        173.82536420976686        125.98460968509461        3.1711655989203479E-003  0.21622368017652710        794.13509212434428        0.0000000000000000     
 THERM-B          31   2655.0308744676445        300.00000000000000        467975.79536307347        85934.240827781148        172.95527346981245        91.556283515860343        1.2660398193643932E-002  0.75213524155260614        1157.6884539231480        0.0000000000000000     
 THERM-B          32   2655.0308744676445        300.00000000000000        466056.20330566412        72434.375102760358        173.67318521106466        118.77018855661143        7.1336350805167271E-003  0.47427759838281097        868.55725091002864        0.0000000000000000     
 THERM-B          33   2655.0308744676445        300.00000000000000        467868.70431360166        85218.610272687336        172.99525002895706        92.825853498324847        1.0422547698938227E-002  0.62292051834716300        1143.4721127741316        0.0000000000000000     
 THERM-B          34   2655.0308744676445        300.00000000000000        466035.43745275447        72279.835174497595        173.68096697630961        119.12474853869855        7.6103734350040815E-003  0.50662039674716464        864.90482359905889        0.0000000000000000     
 THERM-B          35   2655.0308744676445        300.00000000000000        334502.28497046599        62926.682424982893        123.45222139022358        62.732857980507191        1.4807397816186839E-002  0.86382267389572198        1200.1166115378592        0.0000000000000000     
 THERM-B          36   2655.0308744676445        300.00000000000000        333393.43716815609        55351.852283448206        123.86648564939070        76.949169586850559        9.9491550432929138E-003  0.63428829766249928        982.98015328956740        0.0000000000000000     
 THERM-B          37   2655.0308744676445        300.00000000000000        334814.12408588978        64947.076133941329        123.33595683590197        59.416467825966194        2.0618582760007640E-002   1.1744689154611396        1254.4825331749889        0.0000000000000000     
 THERM-B          38   2655.0308744676445        300.00000000000000        333264.90935456642        54430.293667024802        123.91458909975255        78.888203295793858        1.2937700529136772E-002  0.83371111945151000        954.64833255462599        0.0000000000000000     
 THERM-B          39   2655.0308744676445        300.00000000000000        333426.13816321886        55584.773626832306        123.85424965437733        76.466714383303142        9.4364864368477967E-003  0.59997395594263314        990.05997770270403        0.0000000000000000     
 THERM-B          40   2655.0308744676445        300.00000000000000        335000.62339399447        66134.555697990610        123.26647325753416        57.552466656882004        2.9990710828520194E-002   1.6844698585024265        1285.9099349427247        0.0000000000000000     
 THERM-B          41   2655.0308744676445        300.00000000000000        333727.25792328781        57700.962161749907        123.74163138594906        72.220783944766808        2.0262758485349197E-002   1.2568789035657766        1053.0328361732331        0.0000000000000000     
 THERM-B          42   2655.0308744676445        300.00000000000000        334751.61914557370        64545.655987611470        123.35925249955500        60.060649233481286        2.7952403620452895E-002   1.5997918971176366        1243.7739556977308        0.0000000000000000     
 THERM-B          43   2655.0308744676445        300.00000000000000        333384.16398396285        55285.688231298416        123.86995568093954        77.086774304652621        1.7076036508948515E-002   1.0894874609879226        980.96324756437991        0.0000000000000000     
 THERM-B          44   2655.0308744676445        300.00000000000000        334227.19193979853        61106.421144494823        123.55487246225515        65.883940379397032        2.3463479294653432E-002   1.3984482737675494        1150.0468763356378        0.0000000000000000     
 THERM-B          45   2655.0308744676445        300.00000000000000        334069.50368246611        60046.224252165375        123.61375058442185        67.793556523802934        2.2486038327756155E-002   1.3569874935924700        1120.3468413938774        0.0000000000000000     
 THERM-B          46   2655.0308744676445        300.00000000000000        333943.76960128045        59191.786336119811        123.66071672433739        69.373620004454850        2.1779528425036991E-002   1.3275893909240404        1096.0937336339694        0.0000000000000000     
 THERM-B          47   2655.0308744676445        300.00000000000000        335344.40585865336        68284.586650543177        123.13848890591069        54.330801319458288        2.9912586006788797E-002   1.6377445208020629        1341.9348729710225        0.0000000000000000     
 THERM-B          48   2655.0308744676445        300.00000000000000        334013.23422284710        59664.849442794090        123.63476712130490        68.494228825045482        2.0475435960916447E-002   1.2411934637727480        1109.5579050942033        0.0000000000000000     
 THERM-B          49   2655.0308744676445        300.00000000000000        334141.07020185946        60528.943580802435        123.58702554489707        66.917168740904145        2.4403619092942041E-002   1.4643859475441745        1133.9217239569523        0.0000000000000000     
 THERM-B          50   2655.0308744676445        300.00000000000000        333753.03317176556        57879.761988633552        123.73199602443955        71.873147944721623        1.7667299685636819E-002   1.0935961591840042        1058.2503192913425        0.0000000000000000     
 THERM-B          51   2655.0308744676445        300.00000000000000        333917.11277268914        59009.581507557537        123.67067618122927        69.715384729616176        1.9768349615053697E-002   1.2075720746352341        1090.8831453728933        0.0000000000000000     
 THERM-B          52   2655.0308744676445        300.00000000000000        468648.35389850923        90338.731569856609        172.70441198084211        84.125563825570907        2.7231221842246613E-002   1.5588482080110966        1243.2929854004162        0.0000000000000000     
 THERM-B          53   2655.0308744676445        300.00000000000000        467348.90034216136        81685.876476953170        173.18941545507263        99.361629853763873        2.0258483728726517E-002   1.2471515938717213        1071.8162791277239        0.0000000000000000     
 THERM-B          54   2655.0308744676445        300.00000000000000        467220.42421112105        80797.060901419172        173.23743790682235        101.07847537879289        1.9648675930262972E-002   1.2186280269690022        1053.3608080905526        0.0000000000000000     
 THERM-B          55   2655.0308744676445        300.00000000000000        466120.22417565202        72909.567651780118        173.64919621514792        117.68652151998890        1.4439967803457078E-002  0.95627061103077116        879.72269065442038        0.0000000000000000     
 THERM-B          56   2655.0308744676445        300.00000000000000        467300.95806732093        81354.950162336594        173.20733407495922        99.997367583513039        1.9635274501753088E-002   1.2121339896248862        1064.9665480285169        0.0000000000000000     
 THERM-B          57   2655.0308744676445        300.00000000000000        1406424.5004209823        274090.33639957709        517.93456042932667        247.46355953186904        2.5783192895650241E-002   1.4632328230332476        1262.7895115582160        0.0000000000000000     
 THERM-B          58   2655.0308744676445        300.00000000000000        1403660.0298794403        256016.97941021365        518.96562131458950        277.83309939557665        2.1246073745515355E-002   1.2685234458410242        1145.8701438847665        0.0000000000000000     
 THERM-B          59   2655.0308744676445        300.00000000000000        1405617.1266515460        268899.32538723550        518.23548345109191        255.81850760288725        2.4461871266678481E-002   1.4086821001702938        1229.7812753450678        0.0000000000000000     
 THERM-B          60   2655.0308744676445        300.00000000000000        535005.97464512219        99381.884822039370        197.59730298105433        102.59309563172083        1.9736914434063904E-002   1.1624810157753578        1177.8899810176183        0.0000000000000000     
 THERM-B          61   2655.0308744676445        300.00000000000000        531395.04526498483        73225.668675874665        198.94905597137549        159.47101492058397        6.0533460056409064E-003  0.43112237535773718        650.84607071317328        0.0000000000000000     
 THERM-B          62   2655.0308744676445        300.00000000000000        531734.62956414884        75909.825031646586        198.82155800676597        152.42054473782673        7.5842208727309795E-003  0.52984948374035656        717.01395245638287        0.0000000000000000     
 THERM-B          63   2655.0308744676445        300.00000000000000        534658.03502809675        97063.578286359843        197.72717222034160        106.67636157898725        1.8417383404785020E-002   1.1034087777092307        1137.7245630754387        0.0000000000000000     
 THERM-B          64   2655.0308744676445        300.00000000000000        465519.34130608616        68373.099026150012        173.87447487110077        128.44499408829944        1.0000098628240400E-002  0.68750679448305618        768.60280463846937        0.0000000000000000     
 THERM-B          65   2655.0308744676445        300.00000000000000        199754.24838537129        31161.237735461782        74.425416267584012        50.632046812825749       -2.1592356043384855E-004  -1.4322976695943524E-002   875.03494415328350        0.0000000000000000     
 THERM-B          66   2655.0308744676445        300.00000000000000        200034.64197624405        33200.980236124604        74.320422870800300        46.190557885724566        7.9139085862279970E-004   5.0463450144083426E-002   982.46568131919548        0.0000000000000000     
 THERM-B          67   2655.0308744676445        300.00000000000000        201734.12981047144        44142.511734000065        73.687064921821047        28.313405932788655        3.2662566117840318E-002   1.6789534572951699        1475.6737728956361        0.0000000000000000     
 THERM-B          68   2655.0308744676445        300.00000000000000        201868.41350123507        44922.991846095421        73.637240695316777        27.353303759580228        3.4542536924589647E-002   1.7481056265517845        1507.8521612958893        0.0000000000000000     
 THERM-B          69   2655.0308744676445        300.00000000000000        535764.98022162181        104314.53947640471        197.31428461052673        94.431479087940019        1.5920182468668494E-002  0.90416702374910529        1261.1166274060072        0.0000000000000000     
 THERM-B          70   2655.0308744676445        300.00000000000000        467200.97855278302        80661.975565903151        173.24470750813325        101.34202768848978        6.5313699513024149E-003  0.40553850406138059        1050.5394223034004        0.0000000000000000     
 THERM-B          71   2655.0308744676445        300.00000000000000        66402.216233314030        8975.2804493710264        24.876957566652756        20.417281773179653        7.1185153091992562E-003  0.51217727936003077        613.47565912603284        0.0000000000000000     
 THERM-B          72   2655.0308744676445        300.00000000000000        66323.095931059521        8323.9323295072627        24.906698999303678        22.285990325078370        4.2391614813881394E-003  0.31656099909887003        455.79758868201554        0.0000000000000000     
 THERM-B          73   2655.0308744676445        300.00000000000000        66434.137705072790        9230.9323207066627        24.864967821744088        19.726235745614733        1.0008614987315902E-002  0.70964915628263459        666.63510711015817        0.0000000000000000     
 THERM-B           1   2704.5479330693670        300.00000000000000        881395.60841880855        133686.65912801898        322.63884955783175        222.49281163239345        2.2333138299452716E-003  0.15463207004713356        857.90989836370863        0.0000000000000000     
 THERM-B           2   2704.5479330693670        300.00000000000000        880085.84368922655        123495.16613725681        323.12116198327334        247.31963019284987        4.0852385640831827E-003  0.29594591550324284        719.08302721880955        0.0000000000000000     
 THERM-B           3   2704.5479330693670        300.00000000000000        475047.85016785713        75360.482056574852        173.56301579288899        112.25187180893887        4.5289378397977021E-005   3.0492922233809360E-003   935.86764598966136        0.0000000000000000     
 THERM-B           4   2704.5479330693670        300.00000000000000        474928.46808993764        74474.638112460481        173.60691157900845        114.18659433344492        2.3175295350873733E-003  0.15718845113587981        915.83920885015164        0.0000000000000000     
 THERM-B           5   2704.5479330693670        300.00000000000000        474191.15643822268        68853.461287392711        173.87824939475118        127.26121647952225        9.8922235719654580E-003  0.70286234151598070        780.90309422203484        0.0000000000000000     
 THERM-B           6   2704.5479330693670        300.00000000000000        474716.12822313962        72882.736744659720        173.68501330589254        117.74744586838546        7.5259497748012146E-004   5.1723224742055401E-002   879.09481767760929        0.0000000000000000     
 THERM-B           7   2704.5479330693670        300.00000000000000        677645.47528819425        100144.67533158851        248.31297794683243        177.48040459015590        7.0640471441989665E-003  0.49677730343964099        812.21226648701440        0.0000000000000000     
 THERM-B           8   2704.5479330693670        300.00000000000000        676724.34662161337        92873.875658073928        248.65232523810036        195.76741310636984        4.4825298380769792E-003  0.32871126158550462        677.91884444285495        0.0000000000000000     
 THERM-B           9   2704.5479330693670        300.00000000000000        677467.27898905403        98762.440928490279        248.37859169390777        180.82224254147204        6.6501461587904816E-003  0.47141630920589589        788.01366270006463        0.0000000000000000     
 THERM-B          10   2704.5479330693670        300.00000000000000        677160.27995713823        96354.186625431452        248.49167070661406        186.79369283417199        5.9369740105893335E-003  0.42674310607809307        744.48908733084272        0.0000000000000000     
 THERM-B          11   2704.5479330693670        300.00000000000000        681424.88707102463        127130.30011984144        246.92524326688354        123.32934238265919        2.0721931454157457E-002   1.2447562378790207        1217.4261928541973        0.0000000000000000     
 THERM-B          12   2704.5479330693670        300.00000000000000        679416.57846231642        113307.82968974183        247.66173645794001        148.58195029271727        1.4624598761188412E-002  0.95277734894327326        1022.1671254563181        0.0000000000000000     
 THERM-B          13   2704.5479330693670        300.00000000000000        680625.87676069455        121757.88026555339        247.21800837223560        132.57797854047683        1.5069702890769613E-002  0.93434618792987389        1143.7093936273693        0.0000000000000000     
 THERM-B          14   2704.5479330693670        300.00000000000000        679233.84848516330        111995.11554928526        247.72885159540144        151.23834615895788        1.1144729928693472E-002  0.73165159154398896        1002.5306359864101        0.0000000000000000     
 THERM-B          15   2704.5479330693670        300.00000000000000        680974.72367722797        124123.07462827637        247.09014680885360        128.42152103010557        1.5945760245910212E-002  0.97499565275540512        1176.4571665900876        0.0000000000000000     
 THERM-B          16   2704.5479330693670        300.00000000000000        680153.51967564970        118504.86379738050        247.39124018849282        138.52048935942676        1.1315440962208869E-002  0.71510653196324225        1097.8249514474423        0.0000000000000000     
 THERM-B          17   2704.5479330693670        300.00000000000000        679738.40390427271        115596.20943824065        247.54357490185234        144.06340247984178        5.0602977228228398E-003  0.32529290976899644        1055.8693862882481        0.0000000000000000     
 THERM-B          18   2704.5479330693670        300.00000000000000        679058.85265486257        110728.65832036742        247.79314229579185        153.84649699033898        8.4902119009235728E-003  0.56151315974740013        983.36018609738881        0.0000000000000000     
 THERM-B          19   2704.5479330693670        300.00000000000000        340164.70199541218        59861.529409293980        123.66336150714697        68.131965437460593        1.3038539183366815E-002  0.81813320842154358        1115.1290845993044        0.0000000000000000     
 THERM-B          20   2704.5479330693670        300.00000000000000        339982.34190841042        58593.813353828460        123.73026302774151        70.501674195346027        1.0683415890704579E-002  0.68039713483802777        1078.9401726334600        0.0000000000000000     
 THERM-B          21   2704.5479330693670        300.00000000000000        1360564.0494330474        238791.44297259202        494.68820182133476        273.73315475043989        1.1624721274531300E-002  0.73082273735531111        1110.4940713973197        0.0000000000000000     
 THERM-B          22   2704.5479330693670        300.00000000000000        1358278.2612249218        222621.55308842717        495.52729493889728        305.28420352743376        1.0092170942394870E-002  0.66520042333353602        992.20016291166485        0.0000000000000000     
 THERM-B          23   2704.5479330693670        300.00000000000000        1360541.5380392727        238635.73820144351        494.69645895255644        274.02061515070108        1.0099888945317182E-002  0.63524977757963985        1109.3901268440757        0.0000000000000000     
 THERM-B          24   2704.5479330693670        300.00000000000000        1360212.7620292287        236353.91441822346        494.81706825544745        278.26874512507300        1.0302599816320313E-002  0.65235069547479840        1093.1411080541968        0.0000000000000000     
 THERM-B          25   2704.5479330693670        300.00000000000000        1363329.0999744576        257422.68456644189        493.67498583993495        241.47217861933112        2.4136123910908497E-002   1.4363628831934434        1238.6902296504468        0.0000000000000000     
 THERM-B          26   2704.5479330693670        300.00000000000000        1358796.3086102263        226351.83417849161        495.33700541052639        297.69349148598968        1.0180552069344260E-002  0.66376341689442242        1020.2042484182838        0.0000000000000000     
 THERM-B          27   2704.5479330693670        300.00000000000000        1360849.4961260527        240759.93784807305        494.58351198070960        270.12535187206572        1.5154127850941449E-002  0.94721993200027121        1124.3989513759805        0.0000000000000000     
 THERM-B          28   2704.5479330693670        300.00000000000000        341182.81796974468        66629.992565950146        123.29048375378116        56.792836129955361        3.4113504042703274E-002   1.9761579583304789        1298.9163502969159        0.0000000000000000     
 THERM-B          29   2704.5479330693670        300.00000000000000        475989.93424795748        82133.907063857085        173.21699031567593        98.507457406453810        7.2165294553285103E-003  0.45920638734938135        1081.0500992678781        0.0000000000000000     
 THERM-B          30   2704.5479330693670        300.00000000000000        474279.47726949223        69540.990135651024        173.84572518308528        125.58562300737744        2.8911569877043165E-003  0.20426169213261589        798.26451760350301        0.0000000000000000     
 THERM-B          31   2704.5479330693670        300.00000000000000        476633.65119948832        86557.991507575192        172.98093271860401        90.464229988759300        1.2190356623681753E-002  0.74743439657569144        1170.0046681697611        0.0000000000000000     
 THERM-B          32   2704.5479330693670        300.00000000000000        474708.72086372407        72826.821147157723        173.68773844599340        117.87451310878872        6.8685402079647021E-003  0.47226934249011165        877.78539250782114        0.0000000000000000     
 THERM-B          33   2704.5479330693670        300.00000000000000        476508.34645613283        85708.923625988522        173.02685919900534        91.954079902494598        9.9113549406393657E-003  0.61205493256403221        1153.2224764495627        0.0000000000000000     
 THERM-B          34   2704.5479330693670        300.00000000000000        474686.78647721384        72661.092713378544        173.69580826467185        118.25193052745119        7.3198754657798808E-003  0.50399329704424445        873.89652749857430        0.0000000000000000     
 THERM-B          35   2704.5479330693670        300.00000000000000        340677.95121682237        63336.335020596605        123.47525343058599        62.045317472610279        1.4260932559849036E-002  0.85896500736844283        1211.2370260600735        0.0000000000000000     
 THERM-B          36   2704.5479330693670        300.00000000000000        339569.07199249021        55651.817003031458        123.88200497236369        76.328410965548073        9.5817365698883678E-003  0.63158270570368635        992.09199328886086        0.0000000000000000     
 THERM-B          37   2704.5479330693670        300.00000000000000        341020.14233702910        65581.501054170425        123.34999050439100        58.412933320752458        2.0141384750676783E-002   1.1813654655754222        1271.3185126112760        0.0000000000000000     
 THERM-B          38   2704.5479330693670        300.00000000000000        339465.68639468902        54900.124899522198        123.91999319734192        77.893585014948869        1.2656643239108686E-002  0.84160540678697282        969.15784969901506        0.0000000000000000     
 THERM-B          39   2704.5479330693670        300.00000000000000        339604.36763967434        55906.966475184447        123.86903840661759        75.804363856035195        9.0653542188003627E-003  0.59576983108983461        999.80198202855013        0.0000000000000000     
 THERM-B          40   2704.5479330693670        300.00000000000000        341244.30709809269        67023.250799726098        123.26799815852252        56.197307940642830        2.9709785644591341E-002   1.7130393731971170        1309.1980627293897        0.0000000000000000     
 THERM-B          41   2704.5479330693670        300.00000000000000        339947.85699675960        58352.038820472670        123.74291821036709        70.963049296647384        2.0067867504491223E-002   1.2816916371584972        1071.9604375604201        0.0000000000000000     
 THERM-B          42   2704.5479330693670        300.00000000000000        340992.78473869921        65404.003006546111        123.36000060399051        58.691916010420741        2.7702193538975069E-002   1.6282546586034201        1266.6188719600457        0.0000000000000000     
 THERM-B          43   2704.5479330693670        300.00000000000000        339603.94672878785        55903.928129920329        123.86919302907238        75.810582891151739        1.6945104712601782E-002   1.1136619400987593        999.71038614338022        0.0000000000000000     
 THERM-B          44   2704.5479330693670        300.00000000000000        340463.88189739455        61903.241179686585        123.55367758357615        64.485022056723636        2.3285710685697052E-002   1.4264509978687985        1172.1016701043013        0.0000000000000000     
 THERM-B          45   2704.5479330693670        300.00000000000000        340300.47711352154        60793.855609286220        123.61357277493852        66.441143363846450        2.2298820874651230E-002   1.3839472951648026        1141.3341606723309        0.0000000000000000     
 THERM-B          46   2704.5479330693670        300.00000000000000        340168.14599567186        59885.298636535845        123.66209835602726        68.088317601488598        2.1571591460436121E-002   1.3531815646312979        1115.8013329051710        0.0000000000000000     
 THERM-B          47   2704.5479330693670        300.00000000000000        341585.22986973258        69174.212458258815        123.14339906764044        53.053438411337488        2.9450352012188562E-002   1.6551874738522290        1364.8153152398672        0.0000000000000000     
 THERM-B          48   2704.5479330693670        300.00000000000000        340233.29029032675        60333.715836806659        123.63820779219964        67.270207104557556        2.0158341807855553E-002   1.2578861593659063        1128.4422991292233        0.0000000000000000     
 THERM-B          49   2704.5479330693670        300.00000000000000        340378.74360063236        61326.924098738862        123.58488113952099        65.493734927734820        2.4139102650428498E-002   1.4887967829875688        1156.1722515976458        0.0000000000000000     
 THERM-B          50   2704.5479330693670        300.00000000000000        339975.56186714489        58546.330338381405        123.73275105207503        70.592044368039893        1.7439873538853477E-002   1.1113152453133068        1077.5714375076773        0.0000000000000000     
 THERM-B          51   2704.5479330693670        300.00000000000000        340135.30354832555        59658.374439436120        123.67414443488160        68.506188419410250        1.9461015297905972E-002   1.2240418659016667        1109.3742376905220        0.0000000000000000     
 THERM-B          52   2704.5479330693670        300.00000000000000        477390.38106832362        91568.737243582858        172.70382431699383        82.163746034461198        2.6990953288350467E-002   1.5864079646450766        1266.6781758450925        0.0000000000000000     
 THERM-B          53   2704.5479330693670        300.00000000000000        476066.13899662346        82665.873832996789        173.18902923678812        97.502943506428764        2.0079226360306231E-002   1.2720149830419549        1091.9558618222541        0.0000000000000000     
 THERM-B          54   2704.5479330693670        300.00000000000000        475934.27439151634        81743.915801522657        173.23741577173431        99.250554890605684        1.9470087893055588E-002   1.2429816628481429        1073.0150174119860        0.0000000000000000     
 THERM-B          55   2704.5479330693670        300.00000000000000        474829.62141466222        73736.212724046549        173.64326467581165        115.82478781060674        1.4406096484849215E-002  0.98310626787569999        898.92016840616225        0.0000000000000000     
 THERM-B          56   2704.5479330693670        300.00000000000000        476024.14334344876        82372.993742200648        173.20443776750955        98.054694180146782        1.9492591906697124E-002   1.2378839436441562        1085.9592526443869        0.0000000000000000     
 THERM-B          57   2704.5479330693670        300.00000000000000        1432597.6172536518        277465.97914835258        517.95544332258521        242.18267736494519        2.5478160214127910E-002   1.4858765884622382        1284.0350596258688        0.0000000000000000     
 THERM-B          58   2704.5479330693670        300.00000000000000        1429791.4119082603        258933.48152366307        518.98294359057991        272.68431630809727        2.0994423699521987E-002   1.2899187035079758        1165.1390686348582        0.0000000000000000     
 THERM-B          59   2704.5479330693670        300.00000000000000        1431778.3311672446        272146.80805171264        518.25522665860410        250.55808855023872        2.4172665024244307E-002   1.4310491000012451        1250.4804011811048        0.0000000000000000     
 THERM-B          60   2704.5479330693670        300.00000000000000        544968.91815219249        100566.91990399260        197.60282163291242        100.56817967577875        1.9462633470780467E-002   1.1789617566665014        1198.1469923207242        0.0000000000000000     
 THERM-B          61   2704.5479330693670        300.00000000000000        541300.09614896087        73657.138913696646        198.95112558587695        158.31652615197549        5.9664685270761171E-003  0.43955055514237285        661.83435118856937        0.0000000000000000     
 THERM-B          62   2704.5479330693670        300.00000000000000        541642.36225182272        76403.231247537027        198.82497184388856        151.15818381910071        7.4640654985469500E-003  0.53914039895494770        728.66218787155992        0.0000000000000000     
 THERM-B          63   2704.5479330693670        300.00000000000000        544615.43685195839        98187.217932546715        197.73234703557171        104.67688138294353        1.8161317098811483E-002   1.1195841686047450        1157.2839883149150        0.0000000000000000     
 THERM-B          64   2704.5479330693670        300.00000000000000        474191.15643822268        68853.461287392711        173.87824939475118        127.26121647952225        9.8922235719654580E-003  0.70286234151598070        780.90309422203484        0.0000000000000000     
 THERM-B          65   2704.5479330693670        300.00000000000000        203439.55122158962        31158.286329450228        74.440193506922895        50.638773004701356       -1.9880136296563755E-004  -1.3683304194421217E-002   874.87321520579576        0.0000000000000000     
 THERM-B          66   2704.5479330693670        300.00000000000000        203719.89617774371        33234.867754185136        74.337119510617470        46.120165310173263        4.9634002065135872E-004   3.2815834526971774E-002   984.18586151148043        0.0000000000000000     
 THERM-B          67   2704.5479330693670        300.00000000000000        205468.14010212311        44642.193050982634        73.697408706731906        27.694666543375469        3.1865819313726423E-002   1.6823681177900336        1496.3045170113235        0.0000000000000000     
 THERM-B          68   2704.5479330693670        300.00000000000000        205602.40754035048        45430.148249634898        73.648495781773548        26.748103103259300        3.3688424534555846E-002   1.7507511041439918        1528.6281889090099        0.0000000000000000     
 THERM-B          69   2704.5479330693670        300.00000000000000        545675.08485699398        105207.93506569519        197.34430465859379        93.026607756160956        1.5569602343616906E-002  0.91133863157126649        1275.9033055094819        0.0000000000000000     
 THERM-B          70   2704.5479330693670        300.00000000000000        475844.57051416964        81112.797355526563        173.27033917013159        100.46517703392152        6.3114701523829799E-003  0.40506016597149586        1059.9381306001571        0.0000000000000000     
 THERM-B          71   2704.5479330693670        300.00000000000000        67640.151764609138        9024.8751827140877        24.877136118314432        20.281402852856054        7.0417295202949079E-003  0.52421425844823366        624.07553120875934        0.0000000000000000     
 THERM-B          72   2704.5479330693670        300.00000000000000        67560.066429477767        8354.9651369722105        24.906689231709503        22.193320298760046        4.2007857550473643E-003  0.32492306460503234        464.36015427427492        0.0000000000000000     
 THERM-B          73   2704.5479330693670        300.00000000000000        67675.146449678825        9309.2506864923016        24.864232859997028        19.519145661230816        9.9814545453336644E-003  0.73103818684677446        682.24878162094114        0.0000000000000000     
