 ZTHERM   1599.9999391166361        1.0000000000000000        0.0000000000000000        748.80311797419870        0.0000000000000000        0.0000000000000000        0.0000000000000000        0.0000000000000000        8.4660690764919791E-003   0.0000000000000000        0.0000000000000000        0.0000000000000000        8.4660690764919791E-003
 ZTHERM   300.00000000000000        1.0000000000000000        0.0000000000000000        748.80311797419870        0.0000000000000000        0.0000000000000000        0.0000000000000000        0.0000000000000000       0.16100854994566866        0.0000000000000000        0.0000000000000000        0.0000000000000000       0.16100854994566866     
 ZTHERM   1599.9999391166361        1.0000000000000000        0.0000000000000000        701.85913345865197        0.0000000000000000        0.0000000000000000        0.0000000000000000        0.0000000000000000        1.1451071547340087E-002   0.0000000000000000        0.0000000000000000        0.0000000000000000        1.1451071547340087E-002
 ZTHERM   300.00000000000000        1.0000000000000000        0.0000000000000000        701.85913345865197        0.0000000000000000        0.0000000000000000        0.0000000000000000        0.0000000000000000       0.22808560275142334        0.0000000000000000        0.0000000000000000        0.0000000000000000       0.22808560275142334     
 ZTHERM   1599.9999391166361        1.0000000000000000        0.0000000000000000        775.84748173502055        0.0000000000000000        0.0000000000000000        0.0000000000000000        0.0000000000000000        2.5545377301919810E-002   0.0000000000000000        0.0000000000000000        0.0000000000000000        2.5545377301919810E-002
 ZTHERM   300.00000000000000        1.0000000000000000        0.0000000000000000        775.84748173502055        0.0000000000000000        0.0000000000000000        0.0000000000000000        0.0000000000000000       0.47256270364783914        0.0000000000000000        0.0000000000000000        0.0000000000000000       0.47256270364783914     
 ZTHERM   1599.9999391166361        1.0000000000000000        0.0000000000000000        713.01434431650466        0.0000000000000000        0.0000000000000000        0.0000000000000000        0.0000000000000000        2.6959310451005365E-002   0.0000000000000000        0.0000000000000000        0.0000000000000000        2.6959310451005365E-002
 ZTHERM   300.00000000000000        1.0000000000000000        0.0000000000000000        713.01434431650466        0.0000000000000000        0.0000000000000000        0.0000000000000000        0.0000000000000000       0.53122615552330343        0.0000000000000000        0.0000000000000000        0.0000000000000000       0.53122615552330343     
 ZTHERM   1599.9999391166361        1.0000000000000000        0.0000000000000000        501.39906518649695        0.0000000000000000        0.0000000000000000        0.0000000000000000        0.0000000000000000        1.3462064192745506E-002   0.0000000000000000        0.0000000000000000        0.0000000000000000        1.3462064192745506E-002
 ZTHERM   300.00000000000000        1.0000000000000000        0.0000000000000000        501.39906518649695        0.0000000000000000        0.0000000000000000        0.0000000000000000        0.0000000000000000       0.31765624288583699        0.0000000000000000        0.0000000000000000        0.0000000000000000       0.31765624288583699     
 ZTHERM   1599.9999391166361        1.0000000000000000        0.0000000000000000        725.69899076340187        0.0000000000000000        0.0000000000000000        0.0000000000000000        0.0000000000000000        2.2832279146767030E-002   0.0000000000000000        0.0000000000000000        0.0000000000000000        2.2832279146767030E-002
 ZTHERM   300.00000000000000        1.0000000000000000        0.0000000000000000        725.69899076340187        0.0000000000000000        0.0000000000000000        0.0000000000000000        0.0000000000000000       0.44435200266657715        0.0000000000000000        0.0000000000000000        0.0000000000000000       0.44435200266657715     
 ZTHERM   1599.9999391166361        1.0000000000000000        0.0000000000000000        780.13492920493957        0.0000000000000000        0.0000000000000000        0.0000000000000000        0.0000000000000000        2.1541171207341163E-002   0.0000000000000000        0.0000000000000000        0.0000000000000000        2.1541171207341163E-002
 ZTHERM   300.00000000000000        1.0000000000000000        0.0000000000000000        780.13492920493957        0.0000000000000000        0.0000000000000000        0.0000000000000000        0.0000000000000000       0.39671764235593804        0.0000000000000000        0.0000000000000000        0.0000000000000000       0.39671764235593804     
 ZTHERM   1599.9999391166361        1.0000000000000000        0.0000000000000000        655.10071905472284        0.0000000000000000        0.0000000000000000        0.0000000000000000        0.0000000000000000        1.3743768127738056E-002   0.0000000000000000        0.0000000000000000        0.0000000000000000        1.3743768127738056E-002
 ZTHERM   300.00000000000000        1.0000000000000000        0.0000000000000000        655.10071905472284        0.0000000000000000        0.0000000000000000        0.0000000000000000        0.0000000000000000       0.28598155392771024        0.0000000000000000        0.0000000000000000        0.0000000000000000       0.28598155392771024     
 ZTHERM   1599.9999391166361        1.0000000000000000        0.0000000000000000        753.85447291546234        0.0000000000000000        0.0000000000000000        0.0000000000000000        0.0000000000000000        2.0433274590213008E-002   0.0000000000000000        0.0000000000000000        0.0000000000000000        2.0433274590213008E-002
 ZTHERM   300.00000000000000        1.0000000000000000        0.0000000000000000        753.85447291546234        0.0000000000000000        0.0000000000000000        0.0000000000000000        0.0000000000000000       0.38662015907194069        0.0000000000000000        0.0000000000000000        0.0000000000000000       0.38662015907194069     
 ZTHERM   1599.9999391166361        1.0000000000000000        0.0000000000000000        718.05435982027632        0.0000000000000000        0.0000000000000000        0.0000000000000000        0.0000000000000000        1.8018972137399537E-002   0.0000000000000000        0.0000000000000000        0.0000000000000000        1.8018972137399537E-002
 ZTHERM   300.00000000000000        1.0000000000000000        0.0000000000000000        718.05435982027632        0.0000000000000000        0.0000000000000000        0.0000000000000000        0.0000000000000000       0.35331885575024224        0.0000000000000000        0.0000000000000000        0.0000000000000000       0.35331885575024224     
 ZTHERM   1599.9999391166361        1.0000000000000000        0.0000000000000000        774.30037786024343        0.0000000000000000        0.0000000000000000        0.0000000000000000        0.0000000000000000        2.6177413426760873E-002   0.0000000000000000        0.0000000000000000        0.0000000000000000        2.6177413426760873E-002
 ZTHERM   300.00000000000000        1.0000000000000000        0.0000000000000000        774.30037786024343        0.0000000000000000        0.0000000000000000        0.0000000000000000        0.0000000000000000       0.48503167984101297        0.0000000000000000        0.0000000000000000        0.0000000000000000       0.48503167984101297     
 ZTHERM   1599.9999391166361        1.0000000000000000        0.0000000000000000        651.29903450091240        0.0000000000000000        0.0000000000000000        0.0000000000000000        0.0000000000000000        1.8605070676057493E-002   0.0000000000000000        0.0000000000000000        0.0000000000000000        1.8605070676057493E-002
 ZTHERM   300.00000000000000        1.0000000000000000        0.0000000000000000        651.29903450091240        0.0000000000000000        0.0000000000000000        0.0000000000000000        0.0000000000000000       0.38847255038449841        0.0000000000000000        0.0000000000000000        0.0000000000000000       0.38847255038449841     
 ZTHERM   1599.9999391166361        1.0000000000000000        0.0000000000000000        747.20285385189629        0.0000000000000000        0.0000000000000000        0.0000000000000000        0.0000000000000000        2.2294799135854186E-002   0.0000000000000000        0.0000000000000000        0.0000000000000000        2.2294799135854186E-002
 ZTHERM   300.00000000000000        1.0000000000000000        0.0000000000000000        747.20285385189629        0.0000000000000000        0.0000000000000000        0.0000000000000000        0.0000000000000000       0.42468978033108740        0.0000000000000000        0.0000000000000000        0.0000000000000000       0.42468978033108740     
 ZTHERM   1599.9999391166361        1.0000000000000000        0.0000000000000000        675.00757931426324        0.0000000000000000        0.0000000000000000        0.0000000000000000        0.0000000000000000        1.7420199911877272E-002   0.0000000000000000        0.0000000000000000        0.0000000000000000        1.7420199911877272E-002
 ZTHERM   300.00000000000000        1.0000000000000000        0.0000000000000000        675.00757931426324        0.0000000000000000        0.0000000000000000        0.0000000000000000        0.0000000000000000       0.35590383895704664        0.0000000000000000        0.0000000000000000        0.0000000000000000       0.35590383895704664     
 ZTHERM   1599.9999391166361        1.0000000000000000        0.0000000000000000        767.03519103481483        0.0000000000000000        0.0000000000000000        0.0000000000000000        0.0000000000000000        2.3516032760883172E-002   0.0000000000000000        0.0000000000000000        0.0000000000000000        2.3516032760883172E-002
 ZTHERM   300.00000000000000        1.0000000000000000        0.0000000000000000        767.03519103481483        0.0000000000000000        0.0000000000000000        0.0000000000000000        0.0000000000000000       0.43899856900147488        0.0000000000000000        0.0000000000000000        0.0000000000000000       0.43899856900147488     
 ZTHERM   1599.9999391166361        1.0000000000000000        0.0000000000000000        779.63685319672777        0.0000000000000000        0.0000000000000000        0.0000000000000000        0.0000000000000000        1.9664140837028391E-002   0.0000000000000000        0.0000000000000000        0.0000000000000000        1.9664140837028391E-002
 ZTHERM   300.00000000000000        1.0000000000000000        0.0000000000000000        779.63685319672777        0.0000000000000000        0.0000000000000000        0.0000000000000000        0.0000000000000000       0.36233673495634727        0.0000000000000000        0.0000000000000000        0.0000000000000000       0.36233673495634727     
 ZTHERM   1599.9999391166361        1.0000000000000000        0.0000000000000000        795.31282213929762        0.0000000000000000        0.0000000000000000        0.0000000000000000        0.0000000000000000        2.2382986879256273E-002   0.0000000000000000        0.0000000000000000        0.0000000000000000        2.2382986879256273E-002
 ZTHERM   300.00000000000000        1.0000000000000000        0.0000000000000000        795.31282213929762        0.0000000000000000        0.0000000000000000        0.0000000000000000        0.0000000000000000       0.40571122992960945        0.0000000000000000        0.0000000000000000        0.0000000000000000       0.40571122992960945     
 ZTHERM   1599.9999391166361        1.0000000000000000        0.0000000000000000        707.90751041883618        0.0000000000000000        0.0000000000000000        0.0000000000000000        0.0000000000000000        1.5271746416525567E-002   0.0000000000000000        0.0000000000000000        0.0000000000000000        1.5271746416525567E-002
 ZTHERM   300.00000000000000        1.0000000000000000        0.0000000000000000        707.90751041883618        0.0000000000000000        0.0000000000000000        0.0000000000000000        0.0000000000000000       0.30241932887315942        0.0000000000000000        0.0000000000000000        0.0000000000000000       0.30241932887315942     
 ZTHERM   1599.9999391166361        1.0000000000000000        0.0000000000000000        677.19579513807787        0.0000000000000000        0.0000000000000000        0.0000000000000000        0.0000000000000000        1.9678945903246967E-002   0.0000000000000000        0.0000000000000000        0.0000000000000000        1.9678945903246967E-002
 ZTHERM   300.00000000000000        1.0000000000000000        0.0000000000000000        677.19579513807787        0.0000000000000000        0.0000000000000000        0.0000000000000000        0.0000000000000000       0.40123195904887404        0.0000000000000000        0.0000000000000000        0.0000000000000000       0.40123195904887404     
 ZTHERM   1599.9999391166361        1.0000000000000000        0.0000000000000000        671.70025233194235        0.0000000000000000        0.0000000000000000        0.0000000000000000        0.0000000000000000        1.7406345217879610E-002   0.0000000000000000        0.0000000000000000        0.0000000000000000        1.7406345217879610E-002
 ZTHERM   300.00000000000000        1.0000000000000000        0.0000000000000000        671.70025233194235        0.0000000000000000        0.0000000000000000        0.0000000000000000        0.0000000000000000       0.35671524036299768        0.0000000000000000        0.0000000000000000        0.0000000000000000       0.35671524036299768     
 ZTHERM   1599.9999391166361        1.0000000000000000        0.0000000000000000        793.70385215652004        0.0000000000000000        0.0000000000000000        0.0000000000000000        0.0000000000000000        2.5826516480883861E-002   0.0000000000000000        0.0000000000000000        0.0000000000000000        2.5826516480883861E-002
 ZTHERM   300.00000000000000        1.0000000000000000        0.0000000000000000        793.70385215652004        0.0000000000000000        0.0000000000000000        0.0000000000000000        0.0000000000000000       0.46892385945135667        0.0000000000000000        0.0000000000000000        0.0000000000000000       0.46892385945135667     
 ZTHERM   1599.9999391166361        1.0000000000000000        0.0000000000000000        712.43633632103479        0.0000000000000000        0.0000000000000000        0.0000000000000000        0.0000000000000000        2.1970331401503434E-002   0.0000000000000000        0.0000000000000000        0.0000000000000000        2.1970331401503434E-002
 ZTHERM   300.00000000000000        1.0000000000000000        0.0000000000000000        712.43633632103479        0.0000000000000000        0.0000000000000000        0.0000000000000000        0.0000000000000000       0.43316289528255697        0.0000000000000000        0.0000000000000000        0.0000000000000000       0.43316289528255697     
 ZTHERM   1599.9999391166361        1.0000000000000000        0.0000000000000000        792.90317191579038        0.0000000000000000        0.0000000000000000        0.0000000000000000        0.0000000000000000        2.7177794415531677E-002   0.0000000000000000        0.0000000000000000        0.0000000000000000        2.7177794415531677E-002
 ZTHERM   300.00000000000000        1.0000000000000000        0.0000000000000000        792.90317191579038        0.0000000000000000        0.0000000000000000        0.0000000000000000        0.0000000000000000       0.49387530333663859        0.0000000000000000        0.0000000000000000        0.0000000000000000       0.49387530333663859     
 ZTHERM   1599.9999391166361        1.0000000000000000        0.0000000000000000        794.38224270957505        0.0000000000000000        0.0000000000000000        0.0000000000000000        0.0000000000000000        2.4995227412730178E-002   0.0000000000000000        0.0000000000000000        0.0000000000000000        2.4995227412730178E-002
 ZTHERM   300.00000000000000        1.0000000000000000        0.0000000000000000        794.38224270957505        0.0000000000000000        0.0000000000000000        0.0000000000000000        0.0000000000000000       0.45350571956762875        0.0000000000000000        0.0000000000000000        0.0000000000000000       0.45350571956762875     
 ZTHERM   1599.9999391166361        1.0000000000000000        0.0000000000000000        800.96322339712924        0.0000000000000000        0.0000000000000000        0.0000000000000000        0.0000000000000000        3.0888819952536721E-002   0.0000000000000000        0.0000000000000000        0.0000000000000000        3.0888819952536721E-002
 ZTHERM   300.00000000000000        1.0000000000000000        0.0000000000000000        800.96322339712924        0.0000000000000000        0.0000000000000000        0.0000000000000000        0.0000000000000000       0.55654671619980089        0.0000000000000000        0.0000000000000000        0.0000000000000000       0.55654671619980089     
 ZTHERM   1599.9999391166361        1.0000000000000000        0.0000000000000000        723.33052617722933        0.0000000000000000        0.0000000000000000        0.0000000000000000        0.0000000000000000        2.2131303752711239E-002   0.0000000000000000        0.0000000000000000        0.0000000000000000        2.2131303752711239E-002
 ZTHERM   300.00000000000000        1.0000000000000000        0.0000000000000000        723.33052617722933        0.0000000000000000        0.0000000000000000        0.0000000000000000        0.0000000000000000       0.43171528127316927        0.0000000000000000        0.0000000000000000        0.0000000000000000       0.43171528127316927     
 ZTHERM   1599.9999391166361        1.0000000000000000        0.0000000000000000        730.84685205694302        0.0000000000000000        0.0000000000000000        0.0000000000000000        0.0000000000000000        2.7509988532973390E-002   0.0000000000000000        0.0000000000000000        0.0000000000000000        2.7509988532973390E-002
 ZTHERM   300.00000000000000        1.0000000000000000        0.0000000000000000        730.84685205694302        0.0000000000000000        0.0000000000000000        0.0000000000000000        0.0000000000000000       0.53267055041277211        0.0000000000000000        0.0000000000000000        0.0000000000000000       0.53267055041277211     
 ZTHERM   1599.9999391166361        1.0000000000000000        0.0000000000000000        727.80342505849285        0.0000000000000000        0.0000000000000000        0.0000000000000000        0.0000000000000000        4.0256539771195733E-002   0.0000000000000000        0.0000000000000000        0.0000000000000000        4.0256539771195733E-002
 ZTHERM   300.00000000000000        1.0000000000000000        0.0000000000000000        727.80342505849285        0.0000000000000000        0.0000000000000000        0.0000000000000000        0.0000000000000000       0.78183030232412221        0.0000000000000000        0.0000000000000000        0.0000000000000000       0.78183030232412221     
 ZTHERM   1599.9999391166361        1.0000000000000000        0.0000000000000000        772.93630950133127        0.0000000000000000        0.0000000000000000        0.0000000000000000        0.0000000000000000        2.5081769350677723E-002   0.0000000000000000        0.0000000000000000        0.0000000000000000        2.5081769350677723E-002
 ZTHERM   300.00000000000000        1.0000000000000000        0.0000000000000000        772.93630950133127        0.0000000000000000        0.0000000000000000        0.0000000000000000        0.0000000000000000       0.46538733638721164        0.0000000000000000        0.0000000000000000        0.0000000000000000       0.46538733638721164     
 ZTHERM   1599.9999391166361        1.0000000000000000        0.0000000000000000        586.71213902028592        0.0000000000000000        0.0000000000000000        0.0000000000000000        0.0000000000000000        1.6555222533446729E-002   0.0000000000000000        0.0000000000000000        0.0000000000000000        1.6555222533446729E-002
 ZTHERM   300.00000000000000        1.0000000000000000        0.0000000000000000        586.71213902028592        0.0000000000000000        0.0000000000000000        0.0000000000000000        0.0000000000000000       0.36558567505315415        0.0000000000000000        0.0000000000000000        0.0000000000000000       0.36558567505315415     
 ZTHERM   1599.9999391166361        1.0000000000000000        0.0000000000000000        803.56590200295943        0.0000000000000000        0.0000000000000000        0.0000000000000000        0.0000000000000000        3.3025998433869927E-002   0.0000000000000000        0.0000000000000000        0.0000000000000000        3.3025998433869927E-002
 ZTHERM   300.00000000000000        1.0000000000000000        0.0000000000000000        803.56590200295943        0.0000000000000000        0.0000000000000000        0.0000000000000000        0.0000000000000000       0.59340982356055771        0.0000000000000000        0.0000000000000000        0.0000000000000000       0.59340982356055771     
 ZTHERM   1599.9999391166361        1.0000000000000000        0.0000000000000000        603.77827374219305        0.0000000000000000        0.0000000000000000        0.0000000000000000        0.0000000000000000        1.8727857623580233E-002   0.0000000000000000        0.0000000000000000        0.0000000000000000        1.8727857623580233E-002
 ZTHERM   300.00000000000000        1.0000000000000000        0.0000000000000000        603.77827374219305        0.0000000000000000        0.0000000000000000        0.0000000000000000        0.0000000000000000       0.40768103444845838        0.0000000000000000        0.0000000000000000        0.0000000000000000       0.40768103444845838     
 ZTHERM   1599.9999391166361        1.0000000000000000        0.0000000000000000        843.21588762040437        0.0000000000000000        0.0000000000000000        0.0000000000000000        0.0000000000000000        3.3046281773979828E-002   0.0000000000000000        0.0000000000000000        0.0000000000000000        3.3046281773979828E-002
 ZTHERM   300.00000000000000        1.0000000000000000        0.0000000000000000        843.21588762040437        0.0000000000000000        0.0000000000000000        0.0000000000000000        0.0000000000000000       0.56881342399416535        0.0000000000000000        0.0000000000000000        0.0000000000000000       0.56881342399416535     
 ZTHERM   1599.9999391166361        1.0000000000000000        0.0000000000000000        622.15561881833582        0.0000000000000000        0.0000000000000000        0.0000000000000000        0.0000000000000000        2.0589637261118066E-002   0.0000000000000000        0.0000000000000000        0.0000000000000000        2.0589637261118066E-002
 ZTHERM   300.00000000000000        1.0000000000000000        0.0000000000000000        622.15561881833582        0.0000000000000000        0.0000000000000000        0.0000000000000000        0.0000000000000000       0.44117880735751125        0.0000000000000000        0.0000000000000000        0.0000000000000000       0.44117880735751125     
 ZTHERM   1599.9999391166361        1.0000000000000000        0.0000000000000000        886.65225715525787        0.0000000000000000        0.0000000000000000        0.0000000000000000        0.0000000000000000        3.9101486997108241E-002   0.0000000000000000        0.0000000000000000        0.0000000000000000        3.9101486997108241E-002
 ZTHERM   300.00000000000000        1.0000000000000000        0.0000000000000000        886.65225715525787        0.0000000000000000        0.0000000000000000        0.0000000000000000        0.0000000000000000       0.64103932940192909        0.0000000000000000        0.0000000000000000        0.0000000000000000       0.64103932940192909     
 ZTHERM   1599.9999391166361        1.0000000000000000        0.0000000000000000        726.05926774578711        0.0000000000000000        0.0000000000000000        0.0000000000000000        0.0000000000000000        2.6422863542870677E-002   0.0000000000000000        0.0000000000000000        0.0000000000000000        2.6422863542870677E-002
 ZTHERM   300.00000000000000        1.0000000000000000        0.0000000000000000        726.05926774578711        0.0000000000000000        0.0000000000000000        0.0000000000000000        0.0000000000000000       0.51404780734183886        0.0000000000000000        0.0000000000000000        0.0000000000000000       0.51404780734183886     
 ZTHERM   1599.9999391166361        1.0000000000000000        0.0000000000000000        891.29765516500493        0.0000000000000000        0.0000000000000000        0.0000000000000000        0.0000000000000000        4.2149052874674797E-002   0.0000000000000000        0.0000000000000000        0.0000000000000000        4.2149052874674797E-002
 ZTHERM   300.00000000000000        1.0000000000000000        0.0000000000000000        891.29765516500493        0.0000000000000000        0.0000000000000000        0.0000000000000000        0.0000000000000000       0.68734291153688687        0.0000000000000000        0.0000000000000000        0.0000000000000000       0.68734291153688687     
 ZTHERM   1599.9999391166361        1.0000000000000000        0.0000000000000000        603.83216163919258        0.0000000000000000        0.0000000000000000        0.0000000000000000        0.0000000000000000        2.5115720261435569E-002   0.0000000000000000        0.0000000000000000        0.0000000000000000        2.5115720261435569E-002
 ZTHERM   300.00000000000000        1.0000000000000000        0.0000000000000000        603.83216163919258        0.0000000000000000        0.0000000000000000        0.0000000000000000        0.0000000000000000       0.54671144229096769        0.0000000000000000        0.0000000000000000        0.0000000000000000       0.54671144229096769     
 ZTHERM   1599.9999391166361        1.0000000000000000        0.0000000000000000        740.84610381555672        0.0000000000000000        0.0000000000000000        0.0000000000000000        0.0000000000000000        2.5984469665395308E-002   0.0000000000000000        0.0000000000000000        0.0000000000000000        2.5984469665395308E-002
 ZTHERM   300.00000000000000        1.0000000000000000        0.0000000000000000        740.84610381555672        0.0000000000000000        0.0000000000000000        0.0000000000000000        0.0000000000000000       0.49814507039914002        0.0000000000000000        0.0000000000000000        0.0000000000000000       0.49814507039914002     
 ZTHERM   1599.9999391166361        1.0000000000000000        0.0000000000000000        836.73329585854572        0.0000000000000000        0.0000000000000000        0.0000000000000000        0.0000000000000000        4.2924250521303366E-002   0.0000000000000000        0.0000000000000000        0.0000000000000000        4.2924250521303366E-002
 ZTHERM   300.00000000000000        1.0000000000000000        0.0000000000000000        836.73329585854572        0.0000000000000000        0.0000000000000000        0.0000000000000000        0.0000000000000000       0.74412060524270218        0.0000000000000000        0.0000000000000000        0.0000000000000000       0.74412060524270218     
 ZTHERM   1599.9999391166361        1.0000000000000000        0.0000000000000000        698.26050153525432        0.0000000000000000        0.0000000000000000        0.0000000000000000        0.0000000000000000        2.9963228649810620E-002   0.0000000000000000        0.0000000000000000        0.0000000000000000        2.9963228649810620E-002
 ZTHERM   300.00000000000000        1.0000000000000000        0.0000000000000000        698.26050153525432        0.0000000000000000        0.0000000000000000        0.0000000000000000        0.0000000000000000       0.59887758934488144        0.0000000000000000        0.0000000000000000        0.0000000000000000       0.59887758934488144     
 ZTHERM   1599.9999391166361        1.0000000000000000        0.0000000000000000        801.25721916245516        0.0000000000000000        0.0000000000000000        0.0000000000000000        0.0000000000000000        3.9452765894899502E-002   0.0000000000000000        0.0000000000000000        0.0000000000000000        3.9452765894899502E-002
 ZTHERM   300.00000000000000        1.0000000000000000        0.0000000000000000        801.25721916245516        0.0000000000000000        0.0000000000000000        0.0000000000000000        0.0000000000000000       0.71062778155971495        0.0000000000000000        0.0000000000000000        0.0000000000000000       0.71062778155971495     
 ZTHERM   1599.9999391166361        1.0000000000000000        0.0000000000000000        604.08772898475308        0.0000000000000000        0.0000000000000000        0.0000000000000000        0.0000000000000000        2.2623473973122320E-002   0.0000000000000000        0.0000000000000000        0.0000000000000000        2.2623473973122320E-002
 ZTHERM   300.00000000000000        1.0000000000000000        0.0000000000000000        604.08772898475308        0.0000000000000000        0.0000000000000000        0.0000000000000000        0.0000000000000000       0.49235403724124949        0.0000000000000000        0.0000000000000000        0.0000000000000000       0.49235403724124949     
 ZTHERM   1599.9999391166361        1.0000000000000000        0.0000000000000000        706.16763723992619        0.0000000000000000        0.0000000000000000        0.0000000000000000        0.0000000000000000        3.0880148359899919E-002   0.0000000000000000        0.0000000000000000        0.0000000000000000        3.0880148359899919E-002
 ZTHERM   300.00000000000000        1.0000000000000000        0.0000000000000000        706.16763723992619        0.0000000000000000        0.0000000000000000        0.0000000000000000        0.0000000000000000       0.61253372536960149        0.0000000000000000        0.0000000000000000        0.0000000000000000       0.61253372536960149     
 ZTHERM   1599.9999391166361        1.0000000000000000        0.0000000000000000        706.48180165185192        0.0000000000000000        0.0000000000000000        0.0000000000000000        0.0000000000000000        3.0809458236004467E-002   0.0000000000000000        0.0000000000000000        0.0000000000000000        3.0809458236004467E-002
 ZTHERM   300.00000000000000        1.0000000000000000        0.0000000000000000        706.48180165185192        0.0000000000000000        0.0000000000000000        0.0000000000000000        0.0000000000000000       0.61094626978514011        0.0000000000000000        0.0000000000000000        0.0000000000000000       0.61094626978514011     
 ZTHERM   1599.9999391166361        1.0000000000000000        0.0000000000000000        716.35632404302601        0.0000000000000000        0.0000000000000000        0.0000000000000000        0.0000000000000000        3.1480638948924951E-002   0.0000000000000000        0.0000000000000000        0.0000000000000000        3.1480638948924951E-002
 ZTHERM   300.00000000000000        1.0000000000000000        0.0000000000000000        716.35632404302601        0.0000000000000000        0.0000000000000000        0.0000000000000000        0.0000000000000000       0.61830188773772676        0.0000000000000000        0.0000000000000000        0.0000000000000000       0.61830188773772676     
 ZTHERM   1599.9999391166361        1.0000000000000000        0.0000000000000000        858.01294925624256        0.0000000000000000        0.0000000000000000        0.0000000000000000        0.0000000000000000        5.0611382139849947E-002   0.0000000000000000        0.0000000000000000        0.0000000000000000        5.0611382139849947E-002
 ZTHERM   300.00000000000000        1.0000000000000000        0.0000000000000000        858.01294925624256        0.0000000000000000        0.0000000000000000        0.0000000000000000        0.0000000000000000       0.85698173181910453        0.0000000000000000        0.0000000000000000        0.0000000000000000       0.85698173181910453     
 ZTHERM   1599.9999391166361        1.0000000000000000        0.0000000000000000        710.84437486085278        0.0000000000000000        0.0000000000000000        0.0000000000000000        0.0000000000000000        3.4856270295225721E-002   0.0000000000000000        0.0000000000000000        0.0000000000000000        3.4856270295225721E-002
 ZTHERM   300.00000000000000        1.0000000000000000        0.0000000000000000        710.84437486085278        0.0000000000000000        0.0000000000000000        0.0000000000000000        0.0000000000000000       0.68828245980273595        0.0000000000000000        0.0000000000000000        0.0000000000000000       0.68828245980273595     
 ZTHERM   1599.9999391166361        1.0000000000000000        0.0000000000000000        673.30890150132814        0.0000000000000000        0.0000000000000000        0.0000000000000000        0.0000000000000000        3.6384265094929633E-002   0.0000000000000000        0.0000000000000000        0.0000000000000000        3.6384265094929633E-002
 ZTHERM   300.00000000000000        1.0000000000000000        0.0000000000000000        673.30890150132814        0.0000000000000000        0.0000000000000000        0.0000000000000000        0.0000000000000000       0.74452491044340208        0.0000000000000000        0.0000000000000000        0.0000000000000000       0.74452491044340208     
 ZTHERM   1599.9999391166361        1.0000000000000000        0.0000000000000000        609.89413491604773        0.0000000000000000        0.0000000000000000        0.0000000000000000        0.0000000000000000        2.6704418608004394E-002   0.0000000000000000        0.0000000000000000        0.0000000000000000        2.6704418608004394E-002
 ZTHERM   300.00000000000000        1.0000000000000000        0.0000000000000000        609.89413491604773        0.0000000000000000        0.0000000000000000        0.0000000000000000        0.0000000000000000       0.57829506710748357        0.0000000000000000        0.0000000000000000        0.0000000000000000       0.57829506710748357     
 ZTHERM   1599.9999391166361        1.0000000000000000        0.0000000000000000        701.63189103736443        0.0000000000000000        0.0000000000000000        0.0000000000000000        0.0000000000000000        3.3749252619737408E-002   0.0000000000000000        0.0000000000000000        0.0000000000000000        3.3749252619737408E-002
 ZTHERM   300.00000000000000        1.0000000000000000        0.0000000000000000        701.63189103736443        0.0000000000000000        0.0000000000000000        0.0000000000000000        0.0000000000000000       0.67237360962041270        0.0000000000000000        0.0000000000000000        0.0000000000000000       0.67237360962041270     
 ZTHERM   1599.9999391166361        1.0000000000000000        0.0000000000000000        768.77344222857596        0.0000000000000000        0.0000000000000000        0.0000000000000000        0.0000000000000000        3.7424754403698704E-002   0.0000000000000000        0.0000000000000000        0.0000000000000000        3.7424754403698704E-002
 ZTHERM   300.00000000000000        1.0000000000000000        0.0000000000000000        768.77344222857596        0.0000000000000000        0.0000000000000000        0.0000000000000000        0.0000000000000000       0.69739873722593027        0.0000000000000000        0.0000000000000000        0.0000000000000000       0.69739873722593027     
 ZTHERM   1599.9999391166361        1.0000000000000000        0.0000000000000000        663.40040110313214        0.0000000000000000        0.0000000000000000        0.0000000000000000        0.0000000000000000        2.7960437187150893E-002   0.0000000000000000        0.0000000000000000        0.0000000000000000        2.7960437187150893E-002
 ZTHERM   300.00000000000000        1.0000000000000000        0.0000000000000000        663.40040110313214        0.0000000000000000        0.0000000000000000        0.0000000000000000        0.0000000000000000       0.57740939823937976        0.0000000000000000        0.0000000000000000        0.0000000000000000       0.57740939823937976     
 ZTHERM   1599.9999391166361        1.0000000000000000        0.0000000000000000        657.65880483201704        0.0000000000000000        0.0000000000000000        0.0000000000000000        0.0000000000000000        2.7475009610171960E-002   0.0000000000000000        0.0000000000000000        0.0000000000000000        2.7475009610171960E-002
 ZTHERM   300.00000000000000        1.0000000000000000        0.0000000000000000        657.65880483201704        0.0000000000000000        0.0000000000000000        0.0000000000000000        0.0000000000000000       0.57037291787085065        0.0000000000000000        0.0000000000000000        0.0000000000000000       0.57037291787085065     
 ZTHERM   1599.9999391166361        1.0000000000000000        0.0000000000000000        500.12306820580568        0.0000000000000000        0.0000000000000000        0.0000000000000000        0.0000000000000000        1.5496349944302320E-002   0.0000000000000000        0.0000000000000000        0.0000000000000000        1.5496349944302320E-002
 ZTHERM   300.00000000000000        1.0000000000000000        0.0000000000000000        500.12306820580568        0.0000000000000000        0.0000000000000000        0.0000000000000000        0.0000000000000000       0.36599550646422851        0.0000000000000000        0.0000000000000000        0.0000000000000000       0.36599550646422851     
 ZTHERM   1599.9999391166361        1.0000000000000000        0.0000000000000000        629.92583285641376        0.0000000000000000        0.0000000000000000        0.0000000000000000        0.0000000000000000        2.5369275355164048E-002   0.0000000000000000        0.0000000000000000        0.0000000000000000        2.5369275355164048E-002
 ZTHERM   300.00000000000000        1.0000000000000000        0.0000000000000000        629.92583285641376        0.0000000000000000        0.0000000000000000        0.0000000000000000        0.0000000000000000       0.53990756376159621        0.0000000000000000        0.0000000000000000        0.0000000000000000       0.53990756376159621     
 ZTHERM   1599.9999391166361        1.0000000000000000        0.0000000000000000        813.11899282714091        0.0000000000000000        0.0000000000000000        0.0000000000000000        0.0000000000000000        3.8059141600225388E-002   0.0000000000000000        0.0000000000000000        0.0000000000000000        3.8059141600225388E-002
 ZTHERM   300.00000000000000        1.0000000000000000        0.0000000000000000        813.11899282714091        0.0000000000000000        0.0000000000000000        0.0000000000000000        0.0000000000000000       0.67689799860173294        0.0000000000000000        0.0000000000000000        0.0000000000000000       0.67689799860173294     
 ZTHERM   1599.9999391166361        1.0000000000000000        0.0000000000000000        738.19161658803387        0.0000000000000000        0.0000000000000000        0.0000000000000000        0.0000000000000000        3.1454327363317360E-002   0.0000000000000000        0.0000000000000000        0.0000000000000000        3.1454327363317360E-002
 ZTHERM   300.00000000000000        1.0000000000000000        0.0000000000000000        738.19161658803387        0.0000000000000000        0.0000000000000000        0.0000000000000000        0.0000000000000000       0.60460993813929653        0.0000000000000000        0.0000000000000000        0.0000000000000000       0.60460993813929653     
 ZTHERM   1599.9999391166361        1.0000000000000000        0.0000000000000000        791.59675672203002        0.0000000000000000        0.0000000000000000        0.0000000000000000        0.0000000000000000        3.6120915534355993E-002   0.0000000000000000        0.0000000000000000        0.0000000000000000        3.6120915534355993E-002
 ZTHERM   300.00000000000000        1.0000000000000000        0.0000000000000000        791.59675672203002        0.0000000000000000        0.0000000000000000        0.0000000000000000        0.0000000000000000       0.65729362925237123        0.0000000000000000        0.0000000000000000        0.0000000000000000       0.65729362925237123     
 ZTHERM   1599.9999391166361        1.0000000000000000        0.0000000000000000        706.31486465374383        0.0000000000000000        0.0000000000000000        0.0000000000000000        0.0000000000000000        3.0718888029730825E-002   0.0000000000000000        0.0000000000000000        0.0000000000000000        3.0718888029730825E-002
 ZTHERM   300.00000000000000        1.0000000000000000        0.0000000000000000        706.31486465374383        0.0000000000000000        0.0000000000000000        0.0000000000000000        0.0000000000000000       0.60924842976551985        0.0000000000000000        0.0000000000000000        0.0000000000000000       0.60924842976551985     
 ZTHERM   1599.9999391166361        1.0000000000000000        0.0000000000000000        393.19273022876610        0.0000000000000000        0.0000000000000000        0.0000000000000000        0.0000000000000000        9.5559513430347309E-003   0.0000000000000000        0.0000000000000000        0.0000000000000000        9.5559513430347309E-003
 ZTHERM   300.00000000000000        1.0000000000000000        0.0000000000000000        393.19273022876610        0.0000000000000000        0.0000000000000000        0.0000000000000000        0.0000000000000000       0.24199151785069503        0.0000000000000000        0.0000000000000000        0.0000000000000000       0.24199151785069503     
 ZTHERM   1599.9999391166361        1.0000000000000000        0.0000000000000000        458.32282719412660        0.0000000000000000        0.0000000000000000        0.0000000000000000        0.0000000000000000        1.2822796602676564E-002   0.0000000000000000        0.0000000000000000        0.0000000000000000        1.2822796602676564E-002
 ZTHERM   300.00000000000000        1.0000000000000000        0.0000000000000000        458.32282719412660        0.0000000000000000        0.0000000000000000        0.0000000000000000        0.0000000000000000       0.31177948375002668        0.0000000000000000        0.0000000000000000        0.0000000000000000       0.31177948375002668     
 ZTHERM   1599.9999391166361        1.0000000000000000        0.0000000000000000        682.63830643829976        0.0000000000000000        0.0000000000000000        0.0000000000000000        0.0000000000000000        2.8695923900527366E-002   0.0000000000000000        0.0000000000000000        0.0000000000000000        2.8695923900527366E-002
 ZTHERM   300.00000000000000        1.0000000000000000        0.0000000000000000        682.63830643829976        0.0000000000000000        0.0000000000000000        0.0000000000000000        0.0000000000000000       0.58210412512341603        0.0000000000000000        0.0000000000000000        0.0000000000000000       0.58210412512341603     
 ZTHERM   1599.9999391166361        1.0000000000000000        0.0000000000000000        501.39906518649695        0.0000000000000000        0.0000000000000000        0.0000000000000000        0.0000000000000000        1.3462064192745506E-002   0.0000000000000000        0.0000000000000000        0.0000000000000000        1.3462064192745506E-002
 ZTHERM   300.00000000000000        1.0000000000000000        0.0000000000000000        501.39906518649695        0.0000000000000000        0.0000000000000000        0.0000000000000000        0.0000000000000000       0.31765624288583699        0.0000000000000000        0.0000000000000000        0.0000000000000000       0.31765624288583699     
 ZTHERM   1599.9999391166361        1.0000000000000000        0.0000000000000000        883.37983912601703        0.0000000000000000        0.0000000000000000        0.0000000000000000        0.0000000000000000       -1.1773107476873814E-003  -0.0000000000000000       -0.0000000000000000        0.0000000000000000       -1.1773107476873814E-003
 ZTHERM   300.00000000000000        1.0000000000000000        0.0000000000000000        883.37983912601703        0.0000000000000000        0.0000000000000000        0.0000000000000000        0.0000000000000000       -1.9373222216743546E-002  -0.0000000000000000       -0.0000000000000000        0.0000000000000000       -1.9373222216743546E-002
 ZTHERM   1599.9999391166361        1.0000000000000000        0.0000000000000000        872.03218545064010        0.0000000000000000        0.0000000000000000        0.0000000000000000        0.0000000000000000        8.5519410273643091E-003   0.0000000000000000        0.0000000000000000        0.0000000000000000        8.5519410273643091E-003
 ZTHERM   300.00000000000000        1.0000000000000000        0.0000000000000000        872.03218545064010        0.0000000000000000        0.0000000000000000        0.0000000000000000        0.0000000000000000       0.14254729912190656        0.0000000000000000        0.0000000000000000        0.0000000000000000       0.14254729912190656     
 ZTHERM   1599.9999391166361        1.0000000000000000        0.0000000000000000        1033.6928032885323        0.0000000000000000        0.0000000000000000        0.0000000000000000        0.0000000000000000        6.8670243246822471E-002   0.0000000000000000        0.0000000000000000        0.0000000000000000        6.8670243246822471E-002
 ZTHERM   300.00000000000000        1.0000000000000000        0.0000000000000000        1033.6928032885323        0.0000000000000000        0.0000000000000000        0.0000000000000000        0.0000000000000000       0.94349436897632344        0.0000000000000000        0.0000000000000000        0.0000000000000000       0.94349436897632344     
 ZTHERM   1599.9999391166361        1.0000000000000000        0.0000000000000000        1072.0782307802040        0.0000000000000000        0.0000000000000000        0.0000000000000000        0.0000000000000000        7.3339699444692916E-002   0.0000000000000000        0.0000000000000000        0.0000000000000000        7.3339699444692916E-002
 ZTHERM   300.00000000000000        1.0000000000000000        0.0000000000000000        1072.0782307802040        0.0000000000000000        0.0000000000000000        0.0000000000000000        0.0000000000000000       0.95964721470469005        0.0000000000000000        0.0000000000000000        0.0000000000000000       0.95964721470469005     
 ZTHERM   1599.9999391166361        1.0000000000000000        0.0000000000000000        913.88867102896631        0.0000000000000000        0.0000000000000000        0.0000000000000000        0.0000000000000000        3.0540864132641864E-002   0.0000000000000000        0.0000000000000000        0.0000000000000000        3.0540864132641864E-002
 ZTHERM   300.00000000000000        1.0000000000000000        0.0000000000000000        913.88867102896631        0.0000000000000000        0.0000000000000000        0.0000000000000000        0.0000000000000000       0.48521947123571546        0.0000000000000000        0.0000000000000000        0.0000000000000000       0.48521947123571546     
 ZTHERM   1599.9999391166361        1.0000000000000000        0.0000000000000000        712.51055317944133        0.0000000000000000        0.0000000000000000        0.0000000000000000        0.0000000000000000        1.4490918083006135E-002   0.0000000000000000        0.0000000000000000        0.0000000000000000        1.4490918083006135E-002
 ZTHERM   300.00000000000000        1.0000000000000000        0.0000000000000000        712.51055317944133        0.0000000000000000        0.0000000000000000        0.0000000000000000        0.0000000000000000       0.28567959667191090        0.0000000000000000        0.0000000000000000        0.0000000000000000       0.28567959667191090     
 ZTHERM   1599.9999391166361        1.0000000000000000        0.0000000000000000        357.12098057697790        0.0000000000000000        0.0000000000000000        0.0000000000000000        0.0000000000000000        8.7835462576004286E-003   0.0000000000000000        0.0000000000000000        0.0000000000000000        8.7835462576004286E-003
 ZTHERM   300.00000000000000        1.0000000000000000        0.0000000000000000        357.12098057697790        0.0000000000000000        0.0000000000000000        0.0000000000000000        0.0000000000000000       0.22693346289060529        0.0000000000000000        0.0000000000000000        0.0000000000000000       0.22693346289060529     
 ZTHERM   1599.9999391166361        1.0000000000000000        0.0000000000000000        248.34952283609630        0.0000000000000000        0.0000000000000000        0.0000000000000000        0.0000000000000000        4.8001367868631952E-003   0.0000000000000000        0.0000000000000000        0.0000000000000000        4.8001367868631952E-003
 ZTHERM   300.00000000000000        1.0000000000000000        0.0000000000000000        248.34952283609630        0.0000000000000000        0.0000000000000000        0.0000000000000000        0.0000000000000000       0.13028424920282236        0.0000000000000000        0.0000000000000000        0.0000000000000000       0.13028424920282236     
 ZTHERM   1599.9999391166361        1.0000000000000000        0.0000000000000000        313.86448076323001        0.0000000000000000        0.0000000000000000        0.0000000000000000        0.0000000000000000        8.8840257506261240E-003   0.0000000000000000        0.0000000000000000        0.0000000000000000        8.8840257506261240E-003
 ZTHERM   300.00000000000000        1.0000000000000000        0.0000000000000000        313.86448076323001        0.0000000000000000        0.0000000000000000        0.0000000000000000        0.0000000000000000       0.23454854526765770        0.0000000000000000        0.0000000000000000        0.0000000000000000       0.23454854526765770     
 ZTHERM   1732.6565765088390        1.0000000000000000        0.0000000000000000        776.19533498411431        0.0000000000000000        0.0000000000000000        0.0000000000000000        0.0000000000000000        7.0418651184388937E-003   0.0000000000000000        0.0000000000000000        0.0000000000000000        7.0418651184388937E-003
 ZTHERM   300.00000000000000        1.0000000000000000        0.0000000000000000        776.19533498411431        0.0000000000000000        0.0000000000000000        0.0000000000000000        0.0000000000000000       0.15233265459831224        0.0000000000000000        0.0000000000000000        0.0000000000000000       0.15233265459831224     
 ZTHERM   1732.6565765088390        1.0000000000000000        0.0000000000000000        762.97256573957043        0.0000000000000000        0.0000000000000000        0.0000000000000000        0.0000000000000000        9.9633802218750192E-003   0.0000000000000000        0.0000000000000000        0.0000000000000000        9.9633802218750192E-003
 ZTHERM   300.00000000000000        1.0000000000000000        0.0000000000000000        762.97256573957043        0.0000000000000000        0.0000000000000000        0.0000000000000000        0.0000000000000000       0.21850788254897788        0.0000000000000000        0.0000000000000000        0.0000000000000000       0.21850788254897788     
 ZTHERM   1732.6565765088390        1.0000000000000000        0.0000000000000000        818.77898492567385        0.0000000000000000        0.0000000000000000        0.0000000000000000        0.0000000000000000        1.9576196930626719E-002   0.0000000000000000        0.0000000000000000        0.0000000000000000        1.9576196930626719E-002
 ZTHERM   300.00000000000000        1.0000000000000000        0.0000000000000000        818.77898492567385        0.0000000000000000        0.0000000000000000        0.0000000000000000        0.0000000000000000       0.40470831775563082        0.0000000000000000        0.0000000000000000        0.0000000000000000       0.40470831775563082     
 ZTHERM   1732.6565765088390        1.0000000000000000        0.0000000000000000        760.79835680910867        0.0000000000000000        0.0000000000000000        0.0000000000000000        0.0000000000000000        2.1229335697235785E-002   0.0000000000000000        0.0000000000000000        0.0000000000000000        2.1229335697235785E-002
 ZTHERM   300.00000000000000        1.0000000000000000        0.0000000000000000        760.79835680910867        0.0000000000000000        0.0000000000000000        0.0000000000000000        0.0000000000000000       0.46662566042056447        0.0000000000000000        0.0000000000000000        0.0000000000000000       0.46662566042056447     
 ZTHERM   1732.6565765088390        1.0000000000000000        0.0000000000000000        539.03740520047700        0.0000000000000000        0.0000000000000000        0.0000000000000000        0.0000000000000000        1.2982555713459331E-002   0.0000000000000000        0.0000000000000000        0.0000000000000000        1.2982555713459331E-002
 ZTHERM   300.00000000000000        1.0000000000000000        0.0000000000000000        539.03740520047700        0.0000000000000000        0.0000000000000000        0.0000000000000000        0.0000000000000000       0.34886246855965686        0.0000000000000000        0.0000000000000000        0.0000000000000000       0.34886246855965686     
 ZTHERM   1732.6565765088390        1.0000000000000000        0.0000000000000000        768.79453437664540        0.0000000000000000        0.0000000000000000        0.0000000000000000        0.0000000000000000        1.7409032156538683E-002   0.0000000000000000        0.0000000000000000        0.0000000000000000        1.7409032156538683E-002
 ZTHERM   300.00000000000000        1.0000000000000000        0.0000000000000000        768.79453437664540        0.0000000000000000        0.0000000000000000        0.0000000000000000        0.0000000000000000       0.37950935437163336        0.0000000000000000        0.0000000000000000        0.0000000000000000       0.37950935437163336     
 ZTHERM   1732.6565765088390        1.0000000000000000        0.0000000000000000        841.69674924790206        0.0000000000000000        0.0000000000000000        0.0000000000000000        0.0000000000000000        1.5290394382145739E-002   0.0000000000000000        0.0000000000000000        0.0000000000000000        1.5290394382145739E-002
 ZTHERM   300.00000000000000        1.0000000000000000        0.0000000000000000        841.69674924790206        0.0000000000000000        0.0000000000000000        0.0000000000000000        0.0000000000000000       0.30826200330883502        0.0000000000000000        0.0000000000000000        0.0000000000000000       0.30826200330883502     
 ZTHERM   1732.6565765088390        1.0000000000000000        0.0000000000000000        702.41098066268762        0.0000000000000000        0.0000000000000000        0.0000000000000000        0.0000000000000000        9.5409286621577268E-003   0.0000000000000000        0.0000000000000000        0.0000000000000000        9.5409286621577268E-003
 ZTHERM   300.00000000000000        1.0000000000000000        0.0000000000000000        702.41098066268762        0.0000000000000000        0.0000000000000000        0.0000000000000000        0.0000000000000000       0.22229009932708232        0.0000000000000000        0.0000000000000000        0.0000000000000000       0.22229009932708232     
 ZTHERM   1732.6565765088390        1.0000000000000000        0.0000000000000000        815.69616764856266        0.0000000000000000        0.0000000000000000        0.0000000000000000        0.0000000000000000        1.4465081499080634E-002   0.0000000000000000        0.0000000000000000        0.0000000000000000        1.4465081499080634E-002
 ZTHERM   300.00000000000000        1.0000000000000000        0.0000000000000000        815.69616764856266        0.0000000000000000        0.0000000000000000        0.0000000000000000        0.0000000000000000       0.30004475398734876        0.0000000000000000        0.0000000000000000        0.0000000000000000       0.30004475398734876     
 ZTHERM   1732.6565765088390        1.0000000000000000        0.0000000000000000        772.45351220970701        0.0000000000000000        0.0000000000000000        0.0000000000000000        0.0000000000000000        1.2825050710316012E-002   0.0000000000000000        0.0000000000000000        0.0000000000000000        1.2825050710316012E-002
 ZTHERM   300.00000000000000        1.0000000000000000        0.0000000000000000        772.45351220970701        0.0000000000000000        0.0000000000000000        0.0000000000000000        0.0000000000000000       0.27852063881716921        0.0000000000000000        0.0000000000000000        0.0000000000000000       0.27852063881716921     
 ZTHERM   1732.6565765088390        1.0000000000000000        0.0000000000000000        851.51783268352267        0.0000000000000000        0.0000000000000000        0.0000000000000000        0.0000000000000000        2.6540775940290025E-002   0.0000000000000000        0.0000000000000000        0.0000000000000000        2.6540775940290025E-002
 ZTHERM   300.00000000000000        1.0000000000000000        0.0000000000000000        851.51783268352267        0.0000000000000000        0.0000000000000000        0.0000000000000000        0.0000000000000000       0.52926478728532811        0.0000000000000000        0.0000000000000000        0.0000000000000000       0.52926478728532811     
 ZTHERM   1732.6565765088390        1.0000000000000000        0.0000000000000000        715.66624982351289        0.0000000000000000        0.0000000000000000        0.0000000000000000        0.0000000000000000        1.8836816160373339E-002   0.0000000000000000        0.0000000000000000        0.0000000000000000        1.8836816160373339E-002
 ZTHERM   300.00000000000000        1.0000000000000000        0.0000000000000000        715.66624982351289        0.0000000000000000        0.0000000000000000        0.0000000000000000        0.0000000000000000       0.43324294840160543        0.0000000000000000        0.0000000000000000        0.0000000000000000       0.43324294840160543     
 ZTHERM   1732.6565765088390        1.0000000000000000        0.0000000000000000        813.02245490749021        0.0000000000000000        0.0000000000000000        0.0000000000000000        0.0000000000000000        2.1394923230471687E-002   0.0000000000000000        0.0000000000000000        0.0000000000000000        2.1394923230471687E-002
 ZTHERM   300.00000000000000        1.0000000000000000        0.0000000000000000        813.02245490749021        0.0000000000000000        0.0000000000000000        0.0000000000000000        0.0000000000000000       0.44507317231622406        0.0000000000000000        0.0000000000000000        0.0000000000000000       0.44507317231622406     
 ZTHERM   1732.6565765088390        1.0000000000000000        0.0000000000000000        728.56543372658632        0.0000000000000000        0.0000000000000000        0.0000000000000000        0.0000000000000000        1.6502701599345183E-002   0.0000000000000000        0.0000000000000000        0.0000000000000000        1.6502701599345183E-002
 ZTHERM   300.00000000000000        1.0000000000000000        0.0000000000000000        728.56543372658632        0.0000000000000000        0.0000000000000000        0.0000000000000000        0.0000000000000000       0.37475352791184707        0.0000000000000000        0.0000000000000000        0.0000000000000000       0.37475352791184707     
 ZTHERM   1732.6565765088390        1.0000000000000000        0.0000000000000000        835.26778617062416        0.0000000000000000        0.0000000000000000        0.0000000000000000        0.0000000000000000        2.2587721357653943E-002   0.0000000000000000        0.0000000000000000        0.0000000000000000        2.2587721357653943E-002
 ZTHERM   300.00000000000000        1.0000000000000000        0.0000000000000000        835.26778617062416        0.0000000000000000        0.0000000000000000        0.0000000000000000        0.0000000000000000       0.45862389584745911        0.0000000000000000        0.0000000000000000        0.0000000000000000       0.45862389584745911     
 ZTHERM   1732.6565765088390        1.0000000000000000        0.0000000000000000        833.66920296171986        0.0000000000000000        0.0000000000000000        0.0000000000000000        0.0000000000000000        1.8267396939751317E-002   0.0000000000000000        0.0000000000000000        0.0000000000000000        1.8267396939751317E-002
 ZTHERM   300.00000000000000        1.0000000000000000        0.0000000000000000        833.66920296171986        0.0000000000000000        0.0000000000000000        0.0000000000000000        0.0000000000000000       0.37155652479034529        0.0000000000000000        0.0000000000000000        0.0000000000000000       0.37155652479034529     
 ZTHERM   1732.6565765088390        1.0000000000000000        0.0000000000000000        845.71687857679910        0.0000000000000000        0.0000000000000000        0.0000000000000000        0.0000000000000000        1.8635033490365185E-002   0.0000000000000000        0.0000000000000000        0.0000000000000000        1.8635033490365185E-002
 ZTHERM   300.00000000000000        1.0000000000000000        0.0000000000000000        845.71687857679910        0.0000000000000000        0.0000000000000000        0.0000000000000000        0.0000000000000000       0.37402027629691154        0.0000000000000000        0.0000000000000000        0.0000000000000000       0.37402027629691154     
 ZTHERM   1732.6565765088390        1.0000000000000000        0.0000000000000000        752.71564784022030        0.0000000000000000        0.0000000000000000        0.0000000000000000        0.0000000000000000        1.4049489746568177E-002   0.0000000000000000        0.0000000000000000        0.0000000000000000        1.4049489746568177E-002
 ZTHERM   300.00000000000000        1.0000000000000000        0.0000000000000000        752.71564784022030        0.0000000000000000        0.0000000000000000        0.0000000000000000        0.0000000000000000       0.31137738481890687        0.0000000000000000        0.0000000000000000        0.0000000000000000       0.31137738481890687     
 ZTHERM   1732.6565765088390        1.0000000000000000        0.0000000000000000        753.37080242763761        0.0000000000000000        0.0000000000000000        0.0000000000000000        0.0000000000000000        1.8765660583933353E-002   0.0000000000000000        0.0000000000000000        0.0000000000000000        1.8765660583933353E-002
 ZTHERM   300.00000000000000        1.0000000000000000        0.0000000000000000        753.37080242763761        0.0000000000000000        0.0000000000000000        0.0000000000000000        0.0000000000000000       0.41562352069632152        0.0000000000000000        0.0000000000000000        0.0000000000000000       0.41562352069632152     
 ZTHERM   1732.6565765088390        1.0000000000000000        0.0000000000000000        744.28936608435583        0.0000000000000000        0.0000000000000000        0.0000000000000000        0.0000000000000000        1.6364155810906795E-002   0.0000000000000000        0.0000000000000000        0.0000000000000000        1.6364155810906795E-002
 ZTHERM   300.00000000000000        1.0000000000000000        0.0000000000000000        744.28936608435583        0.0000000000000000        0.0000000000000000        0.0000000000000000        0.0000000000000000       0.36579357228420684        0.0000000000000000        0.0000000000000000        0.0000000000000000       0.36579357228420684     
 ZTHERM   1732.6565765088390        1.0000000000000000        0.0000000000000000        842.05138153765267        0.0000000000000000        0.0000000000000000        0.0000000000000000        0.0000000000000000        2.2824895082202777E-002   0.0000000000000000        0.0000000000000000        0.0000000000000000        2.2824895082202777E-002
 ZTHERM   300.00000000000000        1.0000000000000000        0.0000000000000000        842.05138153765267        0.0000000000000000        0.0000000000000000        0.0000000000000000        0.0000000000000000       0.45998063627858338        0.0000000000000000        0.0000000000000000        0.0000000000000000       0.45998063627858338     
 ZTHERM   1732.6565765088390        1.0000000000000000        0.0000000000000000        757.68137079353755        0.0000000000000000        0.0000000000000000        0.0000000000000000        0.0000000000000000        1.9517980876396609E-002   0.0000000000000000        0.0000000000000000        0.0000000000000000        1.9517980876396609E-002
 ZTHERM   300.00000000000000        1.0000000000000000        0.0000000000000000        757.68137079353755        0.0000000000000000        0.0000000000000000        0.0000000000000000        0.0000000000000000       0.43038452043808217        0.0000000000000000        0.0000000000000000        0.0000000000000000       0.43038452043808217     
 ZTHERM   1732.6565765088390        1.0000000000000000        0.0000000000000000        844.62534446651080        0.0000000000000000        0.0000000000000000        0.0000000000000000        0.0000000000000000        2.3495313851207917E-002   0.0000000000000000        0.0000000000000000        0.0000000000000000        2.3495313851207917E-002
 ZTHERM   300.00000000000000        1.0000000000000000        0.0000000000000000        844.62534446651080        0.0000000000000000        0.0000000000000000        0.0000000000000000        0.0000000000000000       0.47214197870093161        0.0000000000000000        0.0000000000000000        0.0000000000000000       0.47214197870093161     
 ZTHERM   1732.6565765088390        1.0000000000000000        0.0000000000000000        842.38705876247798        0.0000000000000000        0.0000000000000000        0.0000000000000000        0.0000000000000000        2.1868652542177260E-002   0.0000000000000000        0.0000000000000000        0.0000000000000000        2.1868652542177260E-002
 ZTHERM   300.00000000000000        1.0000000000000000        0.0000000000000000        842.38705876247798        0.0000000000000000        0.0000000000000000        0.0000000000000000        0.0000000000000000       0.44054604177866918        0.0000000000000000        0.0000000000000000        0.0000000000000000       0.44054604177866918     
 ZTHERM   1732.6565765088390        1.0000000000000000        0.0000000000000000        859.35602770735250        0.0000000000000000        0.0000000000000000        0.0000000000000000        0.0000000000000000        3.0188151589945388E-002   0.0000000000000000        0.0000000000000000        0.0000000000000000        3.0188151589945388E-002
 ZTHERM   300.00000000000000        1.0000000000000000        0.0000000000000000        859.35602770735250        0.0000000000000000        0.0000000000000000        0.0000000000000000        0.0000000000000000       0.59673789425882706        0.0000000000000000        0.0000000000000000        0.0000000000000000       0.59673789425882706     
 ZTHERM   1732.6565765088390        1.0000000000000000        0.0000000000000000        773.28672874554252        0.0000000000000000        0.0000000000000000        0.0000000000000000        0.0000000000000000        1.9695583262405836E-002   0.0000000000000000        0.0000000000000000        0.0000000000000000        1.9695583262405836E-002
 ZTHERM   300.00000000000000        1.0000000000000000        0.0000000000000000        773.28672874554252        0.0000000000000000        0.0000000000000000        0.0000000000000000        0.0000000000000000       0.42735686073222839        0.0000000000000000        0.0000000000000000        0.0000000000000000       0.42735686073222839     
 ZTHERM   1732.6565765088390        1.0000000000000000        0.0000000000000000        793.88380661609381        0.0000000000000000        0.0000000000000000        0.0000000000000000        0.0000000000000000        2.5144444433365377E-002   0.0000000000000000        0.0000000000000000        0.0000000000000000        2.5144444433365377E-002
 ZTHERM   300.00000000000000        1.0000000000000000        0.0000000000000000        793.88380661609381        0.0000000000000000        0.0000000000000000        0.0000000000000000        0.0000000000000000       0.53390242452068459        0.0000000000000000        0.0000000000000000        0.0000000000000000       0.53390242452068459     
 ZTHERM   1732.6565765088390        1.0000000000000000        0.0000000000000000        789.79891219525030        0.0000000000000000        0.0000000000000000        0.0000000000000000        0.0000000000000000        3.8934940580384811E-002   0.0000000000000000        0.0000000000000000        0.0000000000000000        3.8934940580384811E-002
 ZTHERM   300.00000000000000        1.0000000000000000        0.0000000000000000        789.79891219525030        0.0000000000000000        0.0000000000000000        0.0000000000000000        0.0000000000000000       0.83030676527635083        0.0000000000000000        0.0000000000000000        0.0000000000000000       0.83030676527635083     
 ZTHERM   1732.6565765088390        1.0000000000000000        0.0000000000000000        836.90474997546357        0.0000000000000000        0.0000000000000000        0.0000000000000000        0.0000000000000000        2.1191470714994307E-002   0.0000000000000000        0.0000000000000000        0.0000000000000000        2.1191470714994307E-002
 ZTHERM   300.00000000000000        1.0000000000000000        0.0000000000000000        836.90474997546357        0.0000000000000000        0.0000000000000000        0.0000000000000000        0.0000000000000000       0.42949880803200524        0.0000000000000000        0.0000000000000000        0.0000000000000000       0.42949880803200524     
 ZTHERM   1732.6565765088390        1.0000000000000000        0.0000000000000000        639.64583885104241        0.0000000000000000        0.0000000000000000        0.0000000000000000        0.0000000000000000        1.3372194761733045E-002   0.0000000000000000        0.0000000000000000        0.0000000000000000        1.3372194761733045E-002
 ZTHERM   300.00000000000000        1.0000000000000000        0.0000000000000000        639.64583885104241        0.0000000000000000        0.0000000000000000        0.0000000000000000        0.0000000000000000       0.33031838155745580        0.0000000000000000        0.0000000000000000        0.0000000000000000       0.33031838155745580     
 ZTHERM   1732.6565765088390        1.0000000000000000        0.0000000000000000        867.58730100113451        0.0000000000000000        0.0000000000000000        0.0000000000000000        0.0000000000000000        2.8529716332325608E-002   0.0000000000000000        0.0000000000000000        0.0000000000000000        2.8529716332325608E-002
 ZTHERM   300.00000000000000        1.0000000000000000        0.0000000000000000        867.58730100113451        0.0000000000000000        0.0000000000000000        0.0000000000000000        0.0000000000000000       0.55874649960032396        0.0000000000000000        0.0000000000000000        0.0000000000000000       0.55874649960032396     
 ZTHERM   1732.6565765088390        1.0000000000000000        0.0000000000000000        651.46584662562645        0.0000000000000000        0.0000000000000000        0.0000000000000000        0.0000000000000000        1.6175853855132687E-002   0.0000000000000000        0.0000000000000000        0.0000000000000000        1.6175853855132687E-002
 ZTHERM   300.00000000000000        1.0000000000000000        0.0000000000000000        651.46584662562645        0.0000000000000000        0.0000000000000000        0.0000000000000000        0.0000000000000000       0.39533098574225700        0.0000000000000000        0.0000000000000000        0.0000000000000000       0.39533098574225700     
 ZTHERM   1732.6565765088390        1.0000000000000000        0.0000000000000000        898.01983507970283        0.0000000000000000        0.0000000000000000        0.0000000000000000        0.0000000000000000        2.7941680195138457E-002   0.0000000000000000        0.0000000000000000        0.0000000000000000        2.7941680195138457E-002
 ZTHERM   300.00000000000000        1.0000000000000000        0.0000000000000000        898.01983507970283        0.0000000000000000        0.0000000000000000        0.0000000000000000        0.0000000000000000       0.52849627148727585        0.0000000000000000        0.0000000000000000        0.0000000000000000       0.52849627148727585     
 ZTHERM   1732.6565765088390        1.0000000000000000        0.0000000000000000        662.22890015744986        0.0000000000000000        0.0000000000000000        0.0000000000000000        0.0000000000000000        1.7680860981671858E-002   0.0000000000000000        0.0000000000000000        0.0000000000000000        1.7680860981671858E-002
 ZTHERM   300.00000000000000        1.0000000000000000        0.0000000000000000        662.22890015744986        0.0000000000000000        0.0000000000000000        0.0000000000000000        0.0000000000000000       0.42787324946706140        0.0000000000000000        0.0000000000000000        0.0000000000000000       0.42787324946706140     
 ZTHERM   1732.6565765088390        1.0000000000000000        0.0000000000000000        942.25808380772071        0.0000000000000000        0.0000000000000000        0.0000000000000000        0.0000000000000000        3.3650501102945367E-002   0.0000000000000000        0.0000000000000000        0.0000000000000000        3.3650501102945367E-002
 ZTHERM   300.00000000000000        1.0000000000000000        0.0000000000000000        942.25808380772071        0.0000000000000000        0.0000000000000000        0.0000000000000000        0.0000000000000000       0.60418249656249801        0.0000000000000000        0.0000000000000000        0.0000000000000000       0.60418249656249801     
 ZTHERM   1732.6565765088390        1.0000000000000000        0.0000000000000000        771.64187597391867        0.0000000000000000        0.0000000000000000        0.0000000000000000        0.0000000000000000        2.2733546989253825E-002   0.0000000000000000        0.0000000000000000        0.0000000000000000        2.2733546989253825E-002
 ZTHERM   300.00000000000000        1.0000000000000000        0.0000000000000000        771.64187597391867        0.0000000000000000        0.0000000000000000        0.0000000000000000        0.0000000000000000       0.49411940297786755        0.0000000000000000        0.0000000000000000        0.0000000000000000       0.49411940297786755     
 ZTHERM   1732.6565765088390        1.0000000000000000        0.0000000000000000        939.75323116717277        0.0000000000000000        0.0000000000000000        0.0000000000000000        0.0000000000000000        3.7289070311112178E-002   0.0000000000000000        0.0000000000000000        0.0000000000000000        3.7289070311112178E-002
 ZTHERM   300.00000000000000        1.0000000000000000        0.0000000000000000        939.75323116717277        0.0000000000000000        0.0000000000000000        0.0000000000000000        0.0000000000000000       0.67151795615589571        0.0000000000000000        0.0000000000000000        0.0000000000000000       0.67151795615589571     
 ZTHERM   1732.6565765088390        1.0000000000000000        0.0000000000000000        659.06095014407390        0.0000000000000000        0.0000000000000000        0.0000000000000000        0.0000000000000000        2.2507958283327977E-002   0.0000000000000000        0.0000000000000000        0.0000000000000000        2.2507958283327977E-002
 ZTHERM   300.00000000000000        1.0000000000000000        0.0000000000000000        659.06095014407390        0.0000000000000000        0.0000000000000000        0.0000000000000000        0.0000000000000000       0.54627844222276267        0.0000000000000000        0.0000000000000000        0.0000000000000000       0.54627844222276267     
 ZTHERM   1732.6565765088390        1.0000000000000000        0.0000000000000000        779.04984441223132        0.0000000000000000        0.0000000000000000        0.0000000000000000        0.0000000000000000        2.2257569278268323E-002   0.0000000000000000        0.0000000000000000        0.0000000000000000        2.2257569278268323E-002
 ZTHERM   300.00000000000000        1.0000000000000000        0.0000000000000000        779.04984441223132        0.0000000000000000        0.0000000000000000        0.0000000000000000        0.0000000000000000       0.48005103567584906        0.0000000000000000        0.0000000000000000        0.0000000000000000       0.48005103567584906     
 ZTHERM   1732.6565765088390        1.0000000000000000        0.0000000000000000        890.07997342594149        0.0000000000000000        0.0000000000000000        0.0000000000000000        0.0000000000000000        4.0073538228380529E-002   0.0000000000000000        0.0000000000000000        0.0000000000000000        4.0073538228380529E-002
 ZTHERM   300.00000000000000        1.0000000000000000        0.0000000000000000        890.07997342594149        0.0000000000000000        0.0000000000000000        0.0000000000000000        0.0000000000000000       0.76494173232191753        0.0000000000000000        0.0000000000000000        0.0000000000000000       0.76494173232191753     
 ZTHERM   1732.6565765088390        1.0000000000000000        0.0000000000000000        738.82540258143820        0.0000000000000000        0.0000000000000000        0.0000000000000000        0.0000000000000000        2.7756109000320661E-002   0.0000000000000000        0.0000000000000000        0.0000000000000000        2.7756109000320661E-002
 ZTHERM   300.00000000000000        1.0000000000000000        0.0000000000000000        738.82540258143820        0.0000000000000000        0.0000000000000000        0.0000000000000000        0.0000000000000000       0.62386914812135763        0.0000000000000000        0.0000000000000000        0.0000000000000000       0.62386914812135763     
 ZTHERM   1732.6565765088390        1.0000000000000000        0.0000000000000000        854.19157413833170        0.0000000000000000        0.0000000000000000        0.0000000000000000        0.0000000000000000        3.6944008261992650E-002   0.0000000000000000        0.0000000000000000        0.0000000000000000        3.6944008261992650E-002
 ZTHERM   300.00000000000000        1.0000000000000000        0.0000000000000000        854.19157413833170        0.0000000000000000        0.0000000000000000        0.0000000000000000        0.0000000000000000       0.73452353737440890        0.0000000000000000        0.0000000000000000        0.0000000000000000       0.73452353737440890     
 ZTHERM   1732.6565765088390        1.0000000000000000        0.0000000000000000        651.73953789838868        0.0000000000000000        0.0000000000000000        0.0000000000000000        0.0000000000000000        2.1547270498564888E-002   0.0000000000000000        0.0000000000000000        0.0000000000000000        2.1547270498564888E-002
 ZTHERM   300.00000000000000        1.0000000000000000        0.0000000000000000        651.73953789838868        0.0000000000000000        0.0000000000000000        0.0000000000000000        0.0000000000000000       0.52647496927425907        0.0000000000000000        0.0000000000000000        0.0000000000000000       0.52647496927425907     
 ZTHERM   1732.6565765088390        1.0000000000000000        0.0000000000000000        762.39690114767768        0.0000000000000000        0.0000000000000000        0.0000000000000000        0.0000000000000000        2.9439296755533990E-002   0.0000000000000000        0.0000000000000000        0.0000000000000000        2.9439296755533990E-002
 ZTHERM   300.00000000000000        1.0000000000000000        0.0000000000000000        762.39690114767768        0.0000000000000000        0.0000000000000000        0.0000000000000000        0.0000000000000000       0.64601908050886359        0.0000000000000000        0.0000000000000000        0.0000000000000000       0.64601908050886359     
 ZTHERM   1732.6565765088390        1.0000000000000000        0.0000000000000000        757.31895033267335        0.0000000000000000        0.0000000000000000        0.0000000000000000        0.0000000000000000        2.9075370676321759E-002   0.0000000000000000        0.0000000000000000        0.0000000000000000        2.9075370676321759E-002
 ZTHERM   300.00000000000000        1.0000000000000000        0.0000000000000000        757.31895033267335        0.0000000000000000        0.0000000000000000        0.0000000000000000        0.0000000000000000       0.64136949506037289        0.0000000000000000        0.0000000000000000        0.0000000000000000       0.64136949506037289     
 ZTHERM   1732.6565765088390        1.0000000000000000        0.0000000000000000        761.40113215776398        0.0000000000000000        0.0000000000000000        0.0000000000000000        0.0000000000000000        2.9352490795374112E-002   0.0000000000000000        0.0000000000000000        0.0000000000000000        2.9352490795374112E-002
 ZTHERM   300.00000000000000        1.0000000000000000        0.0000000000000000        761.40113215776398        0.0000000000000000        0.0000000000000000        0.0000000000000000        0.0000000000000000       0.64477465898535502        0.0000000000000000        0.0000000000000000        0.0000000000000000       0.64477465898535502     
 ZTHERM   1732.6565765088390        1.0000000000000000        0.0000000000000000        922.78891967494928        0.0000000000000000        0.0000000000000000        0.0000000000000000        0.0000000000000000        4.6031860204676395E-002   0.0000000000000000        0.0000000000000000        0.0000000000000000        4.6031860204676395E-002
 ZTHERM   300.00000000000000        1.0000000000000000        0.0000000000000000        922.78891967494928        0.0000000000000000        0.0000000000000000        0.0000000000000000        0.0000000000000000       0.84581560299639513        0.0000000000000000        0.0000000000000000        0.0000000000000000       0.84581560299639513     
 ZTHERM   1732.6565765088390        1.0000000000000000        0.0000000000000000        764.05059361392830        0.0000000000000000        0.0000000000000000        0.0000000000000000        0.0000000000000000        3.1688266543848029E-002   0.0000000000000000        0.0000000000000000        0.0000000000000000        3.1688266543848029E-002
 ZTHERM   300.00000000000000        1.0000000000000000        0.0000000000000000        764.05059361392830        0.0000000000000000        0.0000000000000000        0.0000000000000000        0.0000000000000000       0.69418665838597127        0.0000000000000000        0.0000000000000000        0.0000000000000000       0.69418665838597127     
 ZTHERM   1732.6565765088390        1.0000000000000000        0.0000000000000000        734.11536604593550        0.0000000000000000        0.0000000000000000        0.0000000000000000        0.0000000000000000        3.3828413627870299E-002   0.0000000000000000        0.0000000000000000        0.0000000000000000        3.3828413627870299E-002
 ZTHERM   300.00000000000000        1.0000000000000000        0.0000000000000000        734.11536604593550        0.0000000000000000        0.0000000000000000        0.0000000000000000        0.0000000000000000       0.76395543440308766        0.0000000000000000        0.0000000000000000        0.0000000000000000       0.76395543440308766     
 ZTHERM   1732.6565765088390        1.0000000000000000        0.0000000000000000        679.96200548480090        0.0000000000000000        0.0000000000000000        0.0000000000000000        0.0000000000000000        2.5021818769066537E-002   0.0000000000000000        0.0000000000000000        0.0000000000000000        2.5021818769066537E-002
 ZTHERM   300.00000000000000        1.0000000000000000        0.0000000000000000        679.96200548480090        0.0000000000000000        0.0000000000000000        0.0000000000000000        0.0000000000000000       0.59559679047268410        0.0000000000000000        0.0000000000000000        0.0000000000000000       0.59559679047268410     
 ZTHERM   1732.6565765088390        1.0000000000000000        0.0000000000000000        753.31507790765465        0.0000000000000000        0.0000000000000000        0.0000000000000000        0.0000000000000000        3.0663109045869448E-002   0.0000000000000000        0.0000000000000000        0.0000000000000000        3.0663109045869448E-002
 ZTHERM   300.00000000000000        1.0000000000000000        0.0000000000000000        753.31507790765465        0.0000000000000000        0.0000000000000000        0.0000000000000000        0.0000000000000000       0.67916788647754878        0.0000000000000000        0.0000000000000000        0.0000000000000000       0.67916788647754878     
 ZTHERM   1732.6565765088390        1.0000000000000000        0.0000000000000000        829.51593559541095        0.0000000000000000        0.0000000000000000        0.0000000000000000        0.0000000000000000        3.5357277772397375E-002   0.0000000000000000        0.0000000000000000        0.0000000000000000        3.5357277772397375E-002
 ZTHERM   300.00000000000000        1.0000000000000000        0.0000000000000000        829.51593559541095        0.0000000000000000        0.0000000000000000        0.0000000000000000        0.0000000000000000       0.72244869999866890        0.0000000000000000        0.0000000000000000        0.0000000000000000       0.72244869999866890     
 ZTHERM   1732.6565765088390        1.0000000000000000        0.0000000000000000        715.62868449643724        0.0000000000000000        0.0000000000000000        0.0000000000000000        0.0000000000000000        2.6406789257464789E-002   0.0000000000000000        0.0000000000000000        0.0000000000000000        2.6406789257464789E-002
 ZTHERM   300.00000000000000        1.0000000000000000        0.0000000000000000        715.62868449643724        0.0000000000000000        0.0000000000000000        0.0000000000000000        0.0000000000000000       0.60737317171324112        0.0000000000000000        0.0000000000000000        0.0000000000000000       0.60737317171324112     
 ZTHERM   1732.6565765088390        1.0000000000000000        0.0000000000000000        707.70389804284321        0.0000000000000000        0.0000000000000000        0.0000000000000000        0.0000000000000000        2.5864040315694479E-002   0.0000000000000000        0.0000000000000000        0.0000000000000000        2.5864040315694479E-002
 ZTHERM   300.00000000000000        1.0000000000000000        0.0000000000000000        707.70389804284321        0.0000000000000000        0.0000000000000000        0.0000000000000000        0.0000000000000000       0.59951134473156320        0.0000000000000000        0.0000000000000000        0.0000000000000000       0.59951134473156320     
 ZTHERM   1732.6565765088390        1.0000000000000000        0.0000000000000000        547.03674956364318        0.0000000000000000        0.0000000000000000        0.0000000000000000        0.0000000000000000        1.5473311379641688E-002   0.0000000000000000        0.0000000000000000        0.0000000000000000        1.5473311379641688E-002
 ZTHERM   300.00000000000000        1.0000000000000000        0.0000000000000000        547.03674956364318        0.0000000000000000        0.0000000000000000        0.0000000000000000        0.0000000000000000       0.41320506508458815        0.0000000000000000        0.0000000000000000        0.0000000000000000       0.41320506508458815     
 ZTHERM   1732.6565765088390        1.0000000000000000        0.0000000000000000        687.72289993058132        0.0000000000000000        0.0000000000000000        0.0000000000000000        0.0000000000000000        2.4341820919589256E-002   0.0000000000000000        0.0000000000000000        0.0000000000000000        2.4341820919589256E-002
 ZTHERM   300.00000000000000        1.0000000000000000        0.0000000000000000        687.72289993058132        0.0000000000000000        0.0000000000000000        0.0000000000000000        0.0000000000000000       0.57517129130601263        0.0000000000000000        0.0000000000000000        0.0000000000000000       0.57517129130601263     
 ZTHERM   1732.6565765088390        1.0000000000000000        0.0000000000000000        873.82708907457561        0.0000000000000000        0.0000000000000000        0.0000000000000000        0.0000000000000000        3.5605786183898293E-002   0.0000000000000000        0.0000000000000000        0.0000000000000000        3.5605786183898293E-002
 ZTHERM   300.00000000000000        1.0000000000000000        0.0000000000000000        873.82708907457561        0.0000000000000000        0.0000000000000000        0.0000000000000000        0.0000000000000000       0.69241329489092440        0.0000000000000000        0.0000000000000000        0.0000000000000000       0.69241329489092440     
 ZTHERM   1732.6565765088390        1.0000000000000000        0.0000000000000000        793.19303275426751        0.0000000000000000        0.0000000000000000        0.0000000000000000        0.0000000000000000        2.9420819711088651E-002   0.0000000000000000        0.0000000000000000        0.0000000000000000        2.9420819711088651E-002
 ZTHERM   300.00000000000000        1.0000000000000000        0.0000000000000000        793.19303275426751        0.0000000000000000        0.0000000000000000        0.0000000000000000        0.0000000000000000       0.62516247710008277        0.0000000000000000        0.0000000000000000        0.0000000000000000       0.62516247710008277     
 ZTHERM   1732.6565765088390        1.0000000000000000        0.0000000000000000        850.77243196071879        0.0000000000000000        0.0000000000000000        0.0000000000000000        0.0000000000000000        3.3794916341241169E-002   0.0000000000000000        0.0000000000000000        0.0000000000000000        3.3794916341241169E-002
 ZTHERM   300.00000000000000        1.0000000000000000        0.0000000000000000        850.77243196071879        0.0000000000000000        0.0000000000000000        0.0000000000000000        0.0000000000000000       0.67448457964967301        0.0000000000000000        0.0000000000000000        0.0000000000000000       0.67448457964967301     
 ZTHERM   1732.6565765088390        1.0000000000000000        0.0000000000000000        779.85383665469101        0.0000000000000000        0.0000000000000000        0.0000000000000000        0.0000000000000000        2.8606955460680306E-002   0.0000000000000000        0.0000000000000000        0.0000000000000000        2.8606955460680306E-002
 ZTHERM   300.00000000000000        1.0000000000000000        0.0000000000000000        779.85383665469101        0.0000000000000000        0.0000000000000000        0.0000000000000000        0.0000000000000000       0.61647540277627799        0.0000000000000000        0.0000000000000000        0.0000000000000000       0.61647540277627799     
 ZTHERM   1732.6565765088390        1.0000000000000000        0.0000000000000000        433.55159657127803        0.0000000000000000        0.0000000000000000        0.0000000000000000        0.0000000000000000        8.8955321014054997E-003   0.0000000000000000        0.0000000000000000        0.0000000000000000        8.8955321014054997E-003
 ZTHERM   300.00000000000000        1.0000000000000000        0.0000000000000000        433.55159657127803        0.0000000000000000        0.0000000000000000        0.0000000000000000        0.0000000000000000       0.25756996240669261        0.0000000000000000        0.0000000000000000        0.0000000000000000       0.25756996240669261     
 ZTHERM   1732.6565765088390        1.0000000000000000        0.0000000000000000        495.41399238524360        0.0000000000000000        0.0000000000000000        0.0000000000000000        0.0000000000000000        1.1726777474168627E-002   0.0000000000000000        0.0000000000000000        0.0000000000000000        1.1726777474168627E-002
 ZTHERM   300.00000000000000        1.0000000000000000        0.0000000000000000        495.41399238524360        0.0000000000000000        0.0000000000000000        0.0000000000000000        0.0000000000000000       0.32556934433623841        0.0000000000000000        0.0000000000000000        0.0000000000000000       0.32556934433623841     
 ZTHERM   1732.6565765088390        1.0000000000000000        0.0000000000000000        753.52838973329358        0.0000000000000000        0.0000000000000000        0.0000000000000000        0.0000000000000000        2.6719959762430773E-002   0.0000000000000000        0.0000000000000000        0.0000000000000000        2.6719959762430773E-002
 ZTHERM   300.00000000000000        1.0000000000000000        0.0000000000000000        753.52838973329358        0.0000000000000000        0.0000000000000000        0.0000000000000000        0.0000000000000000       0.59170087936807947        0.0000000000000000        0.0000000000000000        0.0000000000000000       0.59170087936807947     
 ZTHERM   1732.6565765088390        1.0000000000000000        0.0000000000000000        539.03740520047700        0.0000000000000000        0.0000000000000000        0.0000000000000000        0.0000000000000000        1.2982555713459331E-002   0.0000000000000000        0.0000000000000000        0.0000000000000000        1.2982555713459331E-002
 ZTHERM   300.00000000000000        1.0000000000000000        0.0000000000000000        539.03740520047700        0.0000000000000000        0.0000000000000000        0.0000000000000000        0.0000000000000000       0.34886246855965686        0.0000000000000000        0.0000000000000000        0.0000000000000000       0.34886246855965686     
 ZTHERM   1732.6565765088390        1.0000000000000000        0.0000000000000000        880.68618399083232        0.0000000000000000        0.0000000000000000        0.0000000000000000        0.0000000000000000       -9.0772947385029691E-004  -0.0000000000000000       -0.0000000000000000        0.0000000000000000       -9.0772947385029691E-004
 ZTHERM   300.00000000000000        1.0000000000000000        0.0000000000000000        880.68618399083232        0.0000000000000000        0.0000000000000000        0.0000000000000000        0.0000000000000000       -1.7514842295684705E-002  -0.0000000000000000       -0.0000000000000000        0.0000000000000000       -1.7514842295684705E-002
 ZTHERM   1732.6565765088390        1.0000000000000000        0.0000000000000000        893.68431212413850        0.0000000000000000        0.0000000000000000        0.0000000000000000        0.0000000000000000        7.0072557756609647E-003   0.0000000000000000        0.0000000000000000        0.0000000000000000        7.0072557756609647E-003
 ZTHERM   300.00000000000000        1.0000000000000000        0.0000000000000000        893.68431212413850        0.0000000000000000        0.0000000000000000        0.0000000000000000        0.0000000000000000       0.13320309022313095        0.0000000000000000        0.0000000000000000        0.0000000000000000       0.13320309022313095     
 ZTHERM   1732.6565765088390        1.0000000000000000        0.0000000000000000        1091.6385221349403        0.0000000000000000        0.0000000000000000        0.0000000000000000        0.0000000000000000        6.0439286951372115E-002   0.0000000000000000        0.0000000000000000        0.0000000000000000        6.0439286951372115E-002
 ZTHERM   300.00000000000000        1.0000000000000000        0.0000000000000000        1091.6385221349403        0.0000000000000000        0.0000000000000000        0.0000000000000000        0.0000000000000000       0.89990973566542098        0.0000000000000000        0.0000000000000000        0.0000000000000000       0.89990973566542098     
 ZTHERM   1732.6565765088390        1.0000000000000000        0.0000000000000000        1127.5367310762540        0.0000000000000000        0.0000000000000000        0.0000000000000000        0.0000000000000000        6.4428940034722423E-002   0.0000000000000000        0.0000000000000000        0.0000000000000000        6.4428940034722423E-002
 ZTHERM   300.00000000000000        1.0000000000000000        0.0000000000000000        1127.5367310762540        0.0000000000000000        0.0000000000000000        0.0000000000000000        0.0000000000000000       0.91496656163448620        0.0000000000000000        0.0000000000000000        0.0000000000000000       0.91496656163448620     
 ZTHERM   1732.6565765088390        1.0000000000000000        0.0000000000000000        966.37382615925196        0.0000000000000000        0.0000000000000000        0.0000000000000000        0.0000000000000000        2.7438958756387702E-002   0.0000000000000000        0.0000000000000000        0.0000000000000000        2.7438958756387702E-002
 ZTHERM   300.00000000000000        1.0000000000000000        0.0000000000000000        966.37382615925196        0.0000000000000000        0.0000000000000000        0.0000000000000000        0.0000000000000000       0.47854153386825415        0.0000000000000000        0.0000000000000000        0.0000000000000000       0.47854153386825415     
 ZTHERM   1732.6565765088390        1.0000000000000000        0.0000000000000000        797.50532397287691        0.0000000000000000        0.0000000000000000        0.0000000000000000        0.0000000000000000        1.3160270806575914E-002   0.0000000000000000        0.0000000000000000        0.0000000000000000        1.3160270806575914E-002
 ZTHERM   300.00000000000000        1.0000000000000000        0.0000000000000000        797.50532397287691        0.0000000000000000        0.0000000000000000        0.0000000000000000        0.0000000000000000       0.27836373719373531        0.0000000000000000        0.0000000000000000        0.0000000000000000       0.27836373719373531     
 ZTHERM   1732.6565765088390        1.0000000000000000        0.0000000000000000        400.20676242094845        0.0000000000000000        0.0000000000000000        0.0000000000000000        0.0000000000000000        8.8348415139362091E-003   0.0000000000000000        0.0000000000000000        0.0000000000000000        8.8348415139362091E-003
 ZTHERM   300.00000000000000        1.0000000000000000        0.0000000000000000        400.20676242094845        0.0000000000000000        0.0000000000000000        0.0000000000000000        0.0000000000000000       0.26112116103754246        0.0000000000000000        0.0000000000000000        0.0000000000000000       0.26112116103754246     
 ZTHERM   1732.6565765088390        1.0000000000000000        0.0000000000000000        283.44372938157954        0.0000000000000000        0.0000000000000000        0.0000000000000000        0.0000000000000000        4.9561980795685186E-003   0.0000000000000000        0.0000000000000000        0.0000000000000000        4.9561980795685186E-003
 ZTHERM   300.00000000000000        1.0000000000000000        0.0000000000000000        283.44372938157954        0.0000000000000000        0.0000000000000000        0.0000000000000000        0.0000000000000000       0.15549898781684790        0.0000000000000000        0.0000000000000000        0.0000000000000000       0.15549898781684790     
 ZTHERM   1732.6565765088390        1.0000000000000000        0.0000000000000000        366.41727374977921        0.0000000000000000        0.0000000000000000        0.0000000000000000        0.0000000000000000        9.6616014127205163E-003   0.0000000000000000        0.0000000000000000        0.0000000000000000        9.6616014127205163E-003
 ZTHERM   300.00000000000000        1.0000000000000000        0.0000000000000000        366.41727374977921        0.0000000000000000        0.0000000000000000        0.0000000000000000        0.0000000000000000       0.29110896467183106        0.0000000000000000        0.0000000000000000        0.0000000000000000       0.29110896467183106     
 ZTHERM   1870.0286655907216        1.0000000000000000        0.0000000000000000        792.55954010048606        0.0000000000000000        0.0000000000000000        0.0000000000000000        0.0000000000000000        5.9084056090733510E-003   0.0000000000000000        0.0000000000000000        0.0000000000000000        5.9084056090733510E-003
 ZTHERM   300.00000000000000        1.0000000000000000        0.0000000000000000        792.55954010048606        0.0000000000000000        0.0000000000000000        0.0000000000000000        0.0000000000000000       0.14603496930594070        0.0000000000000000        0.0000000000000000        0.0000000000000000       0.14603496930594070     
 ZTHERM   1870.0286655907216        1.0000000000000000        0.0000000000000000        805.39805776647302        0.0000000000000000        0.0000000000000000        0.0000000000000000        0.0000000000000000        8.5998678812528439E-003   0.0000000000000000        0.0000000000000000        0.0000000000000000        8.5998678812528439E-003
 ZTHERM   300.00000000000000        1.0000000000000000        0.0000000000000000        805.39805776647302        0.0000000000000000        0.0000000000000000        0.0000000000000000        0.0000000000000000       0.20965403854321168        0.0000000000000000        0.0000000000000000        0.0000000000000000       0.20965403854321168     
 ZTHERM   1870.0286655907216        1.0000000000000000        0.0000000000000000        847.98819944896070        0.0000000000000000        0.0000000000000000        0.0000000000000000        0.0000000000000000        1.5125022183570119E-002   0.0000000000000000        0.0000000000000000        0.0000000000000000        1.5125022183570119E-002
 ZTHERM   300.00000000000000        1.0000000000000000        0.0000000000000000        847.98819944896070        0.0000000000000000        0.0000000000000000        0.0000000000000000        0.0000000000000000       0.35187547393247892        0.0000000000000000        0.0000000000000000        0.0000000000000000       0.35187547393247892     
 ZTHERM   1870.0286655907216        1.0000000000000000        0.0000000000000000        793.87579163754197        0.0000000000000000        0.0000000000000000        0.0000000000000000        0.0000000000000000        1.6889476744174601E-002   0.0000000000000000        0.0000000000000000        0.0000000000000000        1.6889476744174601E-002
 ZTHERM   300.00000000000000        1.0000000000000000        0.0000000000000000        793.87579163754197        0.0000000000000000        0.0000000000000000        0.0000000000000000        0.0000000000000000       0.41686307078722806        0.0000000000000000        0.0000000000000000        0.0000000000000000       0.41686307078722806     
 ZTHERM   1870.0286655907216        1.0000000000000000        0.0000000000000000        569.83073510590077        0.0000000000000000        0.0000000000000000        0.0000000000000000        0.0000000000000000        1.2237785983479252E-002   0.0000000000000000        0.0000000000000000        0.0000000000000000        1.2237785983479252E-002
 ZTHERM   300.00000000000000        1.0000000000000000        0.0000000000000000        569.83073510590077        0.0000000000000000        0.0000000000000000        0.0000000000000000        0.0000000000000000       0.37339398250547656        0.0000000000000000        0.0000000000000000        0.0000000000000000       0.37339398250547656     
 ZTHERM   1870.0286655907216        1.0000000000000000        0.0000000000000000        796.29942268346372        0.0000000000000000        0.0000000000000000        0.0000000000000000        0.0000000000000000        1.3463472213816517E-002   0.0000000000000000        0.0000000000000000        0.0000000000000000        1.3463472213816517E-002
 ZTHERM   300.00000000000000        1.0000000000000000        0.0000000000000000        796.29942268346372        0.0000000000000000        0.0000000000000000        0.0000000000000000        0.0000000000000000       0.33144416728942128        0.0000000000000000        0.0000000000000000        0.0000000000000000       0.33144416728942128     
 ZTHERM   1870.0286655907216        1.0000000000000000        0.0000000000000000        870.80402731528841        0.0000000000000000        0.0000000000000000        0.0000000000000000        0.0000000000000000        1.1255931770538243E-002   0.0000000000000000        0.0000000000000000        0.0000000000000000        1.1255931770538243E-002
 ZTHERM   300.00000000000000        1.0000000000000000        0.0000000000000000        870.80402731528841        0.0000000000000000        0.0000000000000000        0.0000000000000000        0.0000000000000000       0.25520246727388007        0.0000000000000000        0.0000000000000000        0.0000000000000000       0.25520246727388007     
 ZTHERM   1870.0286655907216        1.0000000000000000        0.0000000000000000        723.55139487345002        0.0000000000000000        0.0000000000000000        0.0000000000000000        0.0000000000000000        6.9199677848971169E-003   0.0000000000000000        0.0000000000000000        0.0000000000000000        6.9199677848971169E-003
 ZTHERM   300.00000000000000        1.0000000000000000        0.0000000000000000        723.55139487345002        0.0000000000000000        0.0000000000000000        0.0000000000000000        0.0000000000000000       0.18363831765837640        0.0000000000000000        0.0000000000000000        0.0000000000000000       0.18363831765837640     
 ZTHERM   1870.0286655907216        1.0000000000000000        0.0000000000000000        844.36902540401559        0.0000000000000000        0.0000000000000000        0.0000000000000000        0.0000000000000000        1.0641332874462396E-002   0.0000000000000000        0.0000000000000000        0.0000000000000000        1.0641332874462396E-002
 ZTHERM   300.00000000000000        1.0000000000000000        0.0000000000000000        844.36902540401559        0.0000000000000000        0.0000000000000000        0.0000000000000000        0.0000000000000000       0.24856770894394761        0.0000000000000000        0.0000000000000000        0.0000000000000000       0.24856770894394761     
 ZTHERM   1870.0286655907216        1.0000000000000000        0.0000000000000000        798.70012552606840        0.0000000000000000        0.0000000000000000        0.0000000000000000        0.0000000000000000        9.4447048011946956E-003   0.0000000000000000        0.0000000000000000        0.0000000000000000        9.4447048011946956E-003
 ZTHERM   300.00000000000000        1.0000000000000000        0.0000000000000000        798.70012552606840        0.0000000000000000        0.0000000000000000        0.0000000000000000        0.0000000000000000       0.23191343457735566        0.0000000000000000        0.0000000000000000        0.0000000000000000       0.23191343457735566     
 ZTHERM   1870.0286655907216        1.0000000000000000        0.0000000000000000        905.97301324732337        0.0000000000000000        0.0000000000000000        0.0000000000000000        0.0000000000000000        2.5477183116608508E-002   0.0000000000000000        0.0000000000000000        0.0000000000000000        2.5477183116608508E-002
 ZTHERM   300.00000000000000        1.0000000000000000        0.0000000000000000        905.97301324732337        0.0000000000000000        0.0000000000000000        0.0000000000000000        0.0000000000000000       0.55463414916713538        0.0000000000000000        0.0000000000000000        0.0000000000000000       0.55463414916713538     
 ZTHERM   1870.0286655907216        1.0000000000000000        0.0000000000000000        761.21149000297373        0.0000000000000000        0.0000000000000000        0.0000000000000000        0.0000000000000000        1.8069525327603621E-002   0.0000000000000000        0.0000000000000000        0.0000000000000000        1.8069525327603621E-002
 ZTHERM   300.00000000000000        1.0000000000000000        0.0000000000000000        761.21149000297373        0.0000000000000000        0.0000000000000000        0.0000000000000000        0.0000000000000000       0.46155328171356413        0.0000000000000000        0.0000000000000000        0.0000000000000000       0.46155328171356413     
 ZTHERM   1870.0286655907216        1.0000000000000000        0.0000000000000000        861.59750590154988        0.0000000000000000        0.0000000000000000        0.0000000000000000        0.0000000000000000        1.9995890370721626E-002   0.0000000000000000        0.0000000000000000        0.0000000000000000        1.9995890370721626E-002
 ZTHERM   300.00000000000000        1.0000000000000000        0.0000000000000000        861.59750590154988        0.0000000000000000        0.0000000000000000        0.0000000000000000        0.0000000000000000       0.45812537884842436        0.0000000000000000        0.0000000000000000        0.0000000000000000       0.45812537884842436     
 ZTHERM   1870.0286655907216        1.0000000000000000        0.0000000000000000        768.54176050112528        0.0000000000000000        0.0000000000000000        0.0000000000000000        0.0000000000000000        1.5301280140100527E-002   0.0000000000000000        0.0000000000000000        0.0000000000000000        1.5301280140100527E-002
 ZTHERM   300.00000000000000        1.0000000000000000        0.0000000000000000        768.54176050112528        0.0000000000000000        0.0000000000000000        0.0000000000000000        0.0000000000000000       0.38788275794372462        0.0000000000000000        0.0000000000000000        0.0000000000000000       0.38788275794372462     
 ZTHERM   1870.0286655907216        1.0000000000000000        0.0000000000000000        885.47093695144349        0.0000000000000000        0.0000000000000000        0.0000000000000000        0.0000000000000000        2.1119842785843876E-002   0.0000000000000000        0.0000000000000000        0.0000000000000000        2.1119842785843876E-002
 ZTHERM   300.00000000000000        1.0000000000000000        0.0000000000000000        885.47093695144349        0.0000000000000000        0.0000000000000000        0.0000000000000000        0.0000000000000000       0.47086043776621994        0.0000000000000000        0.0000000000000000        0.0000000000000000       0.47086043776621994     
 ZTHERM   1870.0286655907216        1.0000000000000000        0.0000000000000000        873.36822225622848        0.0000000000000000        0.0000000000000000        0.0000000000000000        0.0000000000000000        1.6701013379029787E-002   0.0000000000000000        0.0000000000000000        0.0000000000000000        1.6701013379029787E-002
 ZTHERM   300.00000000000000        1.0000000000000000        0.0000000000000000        873.36822225622848        0.0000000000000000        0.0000000000000000        0.0000000000000000        0.0000000000000000       0.37755110069167030        0.0000000000000000        0.0000000000000000        0.0000000000000000       0.37755110069167030     
 ZTHERM   1870.0286655907216        1.0000000000000000        0.0000000000000000        882.64827043017260        0.0000000000000000        0.0000000000000000        0.0000000000000000        0.0000000000000000        1.5601246729636529E-002   0.0000000000000000        0.0000000000000000        0.0000000000000000        1.5601246729636529E-002
 ZTHERM   300.00000000000000        1.0000000000000000        0.0000000000000000        882.64827043017260        0.0000000000000000        0.0000000000000000        0.0000000000000000        0.0000000000000000       0.34895755981116944        0.0000000000000000        0.0000000000000000        0.0000000000000000       0.34895755981116944     
 ZTHERM   1870.0286655907216        1.0000000000000000        0.0000000000000000        786.53332811408757        0.0000000000000000        0.0000000000000000        0.0000000000000000        0.0000000000000000        1.2774002989052076E-002   0.0000000000000000        0.0000000000000000        0.0000000000000000        1.2774002989052076E-002
 ZTHERM   300.00000000000000        1.0000000000000000        0.0000000000000000        786.53332811408757        0.0000000000000000        0.0000000000000000        0.0000000000000000        0.0000000000000000       0.31775597671291228        0.0000000000000000        0.0000000000000000        0.0000000000000000       0.31775597671291228     
 ZTHERM   1870.0286655907216        1.0000000000000000        0.0000000000000000        808.17104769623404        0.0000000000000000        0.0000000000000000        0.0000000000000000        0.0000000000000000        1.7468710122115962E-002   0.0000000000000000        0.0000000000000000        0.0000000000000000        1.7468710122115962E-002
 ZTHERM   300.00000000000000        1.0000000000000000        0.0000000000000000        808.17104769623404        0.0000000000000000        0.0000000000000000        0.0000000000000000        0.0000000000000000       0.42459265899491905        0.0000000000000000        0.0000000000000000        0.0000000000000000       0.42459265899491905     
 ZTHERM   1870.0286655907216        1.0000000000000000        0.0000000000000000        795.90913441168516        0.0000000000000000        0.0000000000000000        0.0000000000000000        0.0000000000000000        1.5078422587134295E-002   0.0000000000000000        0.0000000000000000        0.0000000000000000        1.5078422587134295E-002
 ZTHERM   300.00000000000000        1.0000000000000000        0.0000000000000000        795.90913441168516        0.0000000000000000        0.0000000000000000        0.0000000000000000        0.0000000000000000       0.37135593973800135        0.0000000000000000        0.0000000000000000        0.0000000000000000       0.37135593973800135     
 ZTHERM   1870.0286655907216        1.0000000000000000        0.0000000000000000        880.17664859128240        0.0000000000000000        0.0000000000000000        0.0000000000000000        0.0000000000000000        2.0173867413839669E-002   0.0000000000000000        0.0000000000000000        0.0000000000000000        2.0173867413839669E-002
 ZTHERM   300.00000000000000        1.0000000000000000        0.0000000000000000        880.17664859128240        0.0000000000000000        0.0000000000000000        0.0000000000000000        0.0000000000000000       0.45251828319229059        0.0000000000000000        0.0000000000000000        0.0000000000000000       0.45251828319229059     
 ZTHERM   1870.0286655907216        1.0000000000000000        0.0000000000000000        792.24204498264658        0.0000000000000000        0.0000000000000000        0.0000000000000000        0.0000000000000000        1.7306077274564503E-002   0.0000000000000000        0.0000000000000000        0.0000000000000000        1.7306077274564503E-002
 ZTHERM   300.00000000000000        1.0000000000000000        0.0000000000000000        792.24204498264658        0.0000000000000000        0.0000000000000000        0.0000000000000000        0.0000000000000000       0.42788993100577299        0.0000000000000000        0.0000000000000000        0.0000000000000000       0.42788993100577299     
 ZTHERM   1870.0286655907216        1.0000000000000000        0.0000000000000000        884.57728632326791        0.0000000000000000        0.0000000000000000        0.0000000000000000        0.0000000000000000        2.0378138930829837E-002   0.0000000000000000        0.0000000000000000        0.0000000000000000        2.0378138930829837E-002
 ZTHERM   300.00000000000000        1.0000000000000000        0.0000000000000000        884.57728632326791        0.0000000000000000        0.0000000000000000        0.0000000000000000        0.0000000000000000       0.45479255093751436        0.0000000000000000        0.0000000000000000        0.0000000000000000       0.45479255093751436     
 ZTHERM   1870.0286655907216        1.0000000000000000        0.0000000000000000        879.52238872608018        0.0000000000000000        0.0000000000000000        0.0000000000000000        0.0000000000000000        1.9159685293364804E-002   0.0000000000000000        0.0000000000000000        0.0000000000000000        1.9159685293364804E-002
 ZTHERM   300.00000000000000        1.0000000000000000        0.0000000000000000        879.52238872608018        0.0000000000000000        0.0000000000000000        0.0000000000000000        0.0000000000000000       0.43009213667377233        0.0000000000000000        0.0000000000000000        0.0000000000000000       0.43009213667377233     
 ZTHERM   1870.0286655907216        1.0000000000000000        0.0000000000000000        907.22711081585066        0.0000000000000000        0.0000000000000000        0.0000000000000000        0.0000000000000000        2.8707455887658707E-002   0.0000000000000000        0.0000000000000000        0.0000000000000000        2.8707455887658707E-002
 ZTHERM   300.00000000000000        1.0000000000000000        0.0000000000000000        907.22711081585066        0.0000000000000000        0.0000000000000000        0.0000000000000000        0.0000000000000000       0.62403913996035387        0.0000000000000000        0.0000000000000000        0.0000000000000000       0.62403913996035387     
 ZTHERM   1870.0286655907216        1.0000000000000000        0.0000000000000000        810.72531244880759        0.0000000000000000        0.0000000000000000        0.0000000000000000        0.0000000000000000        1.7478044473613136E-002   0.0000000000000000        0.0000000000000000        0.0000000000000000        1.7478044473613136E-002
 ZTHERM   300.00000000000000        1.0000000000000000        0.0000000000000000        810.72531244880759        0.0000000000000000        0.0000000000000000        0.0000000000000000        0.0000000000000000       0.42364717143911806        0.0000000000000000        0.0000000000000000        0.0000000000000000       0.42364717143911806     
 ZTHERM   1870.0286655907216        1.0000000000000000        0.0000000000000000        841.72803955103723        0.0000000000000000        0.0000000000000000        0.0000000000000000        0.0000000000000000        2.2784171615471208E-002   0.0000000000000000        0.0000000000000000        0.0000000000000000        2.2784171615471208E-002
 ZTHERM   300.00000000000000        1.0000000000000000        0.0000000000000000        841.72803955103723        0.0000000000000000        0.0000000000000000        0.0000000000000000        0.0000000000000000       0.53377684856540486        0.0000000000000000        0.0000000000000000        0.0000000000000000       0.53377684856540486     
 ZTHERM   1870.0286655907216        1.0000000000000000        0.0000000000000000        844.84766404012771        0.0000000000000000        0.0000000000000000        0.0000000000000000        0.0000000000000000        3.7042666507098358E-002   0.0000000000000000        0.0000000000000000        0.0000000000000000        3.7042666507098358E-002
 ZTHERM   300.00000000000000        1.0000000000000000        0.0000000000000000        844.84766404012771        0.0000000000000000        0.0000000000000000        0.0000000000000000        0.0000000000000000       0.86480667827919222        0.0000000000000000        0.0000000000000000        0.0000000000000000       0.86480667827919222     
 ZTHERM   1870.0286655907216        1.0000000000000000        0.0000000000000000        880.93849480480026        0.0000000000000000        0.0000000000000000        0.0000000000000000        0.0000000000000000        1.7992898785270026E-002   0.0000000000000000        0.0000000000000000        0.0000000000000000        1.7992898785270026E-002
 ZTHERM   300.00000000000000        1.0000000000000000        0.0000000000000000        880.93849480480026        0.0000000000000000        0.0000000000000000        0.0000000000000000        0.0000000000000000       0.40324417109238059        0.0000000000000000        0.0000000000000000        0.0000000000000000       0.40324417109238059     
 ZTHERM   1870.0286655907216        1.0000000000000000        0.0000000000000000        673.02828556464692        0.0000000000000000        0.0000000000000000        0.0000000000000000        0.0000000000000000        1.0926357412923075E-002   0.0000000000000000        0.0000000000000000        0.0000000000000000        1.0926357412923075E-002
 ZTHERM   300.00000000000000        1.0000000000000000        0.0000000000000000        673.02828556464692        0.0000000000000000        0.0000000000000000        0.0000000000000000        0.0000000000000000       0.30447025053920418        0.0000000000000000        0.0000000000000000        0.0000000000000000       0.30447025053920418     
 ZTHERM   1870.0286655907216        1.0000000000000000        0.0000000000000000        915.21202667639466        0.0000000000000000        0.0000000000000000        0.0000000000000000        0.0000000000000000        2.4724535512533646E-002   0.0000000000000000        0.0000000000000000        0.0000000000000000        2.4724535512533646E-002
 ZTHERM   300.00000000000000        1.0000000000000000        0.0000000000000000        915.21202667639466        0.0000000000000000        0.0000000000000000        0.0000000000000000        0.0000000000000000       0.53243762030790176        0.0000000000000000        0.0000000000000000        0.0000000000000000       0.53243762030790176     
 ZTHERM   1870.0286655907216        1.0000000000000000        0.0000000000000000        687.04954033927311        0.0000000000000000        0.0000000000000000        0.0000000000000000        0.0000000000000000        1.4012879611819526E-002   0.0000000000000000        0.0000000000000000        0.0000000000000000        1.4012879611819526E-002
 ZTHERM   300.00000000000000        1.0000000000000000        0.0000000000000000        687.04954033927311        0.0000000000000000        0.0000000000000000        0.0000000000000000        0.0000000000000000       0.38532994887734040        0.0000000000000000        0.0000000000000000        0.0000000000000000       0.38532994887734040     
 ZTHERM   1870.0286655907216        1.0000000000000000        0.0000000000000000        939.25193711504460        0.0000000000000000        0.0000000000000000        0.0000000000000000        0.0000000000000000        2.3770066728454962E-002   0.0000000000000000        0.0000000000000000        0.0000000000000000        2.3770066728454962E-002
 ZTHERM   300.00000000000000        1.0000000000000000        0.0000000000000000        939.25193711504460        0.0000000000000000        0.0000000000000000        0.0000000000000000        0.0000000000000000       0.49745651156103171        0.0000000000000000        0.0000000000000000        0.0000000000000000       0.49745651156103171     
 ZTHERM   1870.0286655907216        1.0000000000000000        0.0000000000000000        693.60758348057641        0.0000000000000000        0.0000000000000000        0.0000000000000000        0.0000000000000000        1.5253490422757490E-002   0.0000000000000000        0.0000000000000000        0.0000000000000000        1.5253490422757490E-002
 ZTHERM   300.00000000000000        1.0000000000000000        0.0000000000000000        693.60758348057641        0.0000000000000000        0.0000000000000000        0.0000000000000000        0.0000000000000000       0.41681763377522724        0.0000000000000000        0.0000000000000000        0.0000000000000000       0.41681763377522724     
 ZTHERM   1870.0286655907216        1.0000000000000000        0.0000000000000000        983.99349607467389        0.0000000000000000        0.0000000000000000        0.0000000000000000        0.0000000000000000        2.9087523393941009E-002   0.0000000000000000        0.0000000000000000        0.0000000000000000        2.9087523393941009E-002
 ZTHERM   300.00000000000000        1.0000000000000000        0.0000000000000000        983.99349607467389        0.0000000000000000        0.0000000000000000        0.0000000000000000        0.0000000000000000       0.57646318429893273        0.0000000000000000        0.0000000000000000        0.0000000000000000       0.57646318429893273     
 ZTHERM   1870.0286655907216        1.0000000000000000        0.0000000000000000        805.85959215278547        0.0000000000000000        0.0000000000000000        0.0000000000000000        0.0000000000000000        1.9642406922256023E-002   0.0000000000000000        0.0000000000000000        0.0000000000000000        1.9642406922256023E-002
 ZTHERM   300.00000000000000        1.0000000000000000        0.0000000000000000        805.85959215278547        0.0000000000000000        0.0000000000000000        0.0000000000000000        0.0000000000000000       0.47861912057799400        0.0000000000000000        0.0000000000000000        0.0000000000000000       0.47861912057799400     
 ZTHERM   1870.0286655907216        1.0000000000000000        0.0000000000000000        980.81527353441140        0.0000000000000000        0.0000000000000000        0.0000000000000000        0.0000000000000000        3.3057088679056143E-002   0.0000000000000000        0.0000000000000000        0.0000000000000000        3.3057088679056143E-002
 ZTHERM   300.00000000000000        1.0000000000000000        0.0000000000000000        980.81527353441140        0.0000000000000000        0.0000000000000000        0.0000000000000000        0.0000000000000000       0.65770802992300870        0.0000000000000000        0.0000000000000000        0.0000000000000000       0.65770802992300870     
 ZTHERM   1870.0286655907216        1.0000000000000000        0.0000000000000000        702.22465514351268        0.0000000000000000        0.0000000000000000        0.0000000000000000        0.0000000000000000        2.0123511001513820E-002   0.0000000000000000        0.0000000000000000        0.0000000000000000        2.0123511001513820E-002
 ZTHERM   300.00000000000000        1.0000000000000000        0.0000000000000000        702.22465514351268        0.0000000000000000        0.0000000000000000        0.0000000000000000        0.0000000000000000       0.54533600611559274        0.0000000000000000        0.0000000000000000        0.0000000000000000       0.54533600611559274     
 ZTHERM   1870.0286655907216        1.0000000000000000        0.0000000000000000        810.11100733259855        0.0000000000000000        0.0000000000000000        0.0000000000000000        0.0000000000000000        1.9165226658364173E-002   0.0000000000000000        0.0000000000000000        0.0000000000000000        1.9165226658364173E-002
 ZTHERM   300.00000000000000        1.0000000000000000        0.0000000000000000        810.11100733259855        0.0000000000000000        0.0000000000000000        0.0000000000000000        0.0000000000000000       0.46485159632070439        0.0000000000000000        0.0000000000000000        0.0000000000000000       0.46485159632070439     
 ZTHERM   1870.0286655907216        1.0000000000000000        0.0000000000000000        936.84316238895769        0.0000000000000000        0.0000000000000000        0.0000000000000000        0.0000000000000000        3.7114904065113682E-002   0.0000000000000000        0.0000000000000000        0.0000000000000000        3.7114904065113682E-002
 ZTHERM   300.00000000000000        1.0000000000000000        0.0000000000000000        936.84316238895769        0.0000000000000000        0.0000000000000000        0.0000000000000000        0.0000000000000000       0.77898063707757048        0.0000000000000000        0.0000000000000000        0.0000000000000000       0.77898063707757048     
 ZTHERM   1870.0286655907216        1.0000000000000000        0.0000000000000000        774.90698920195541        0.0000000000000000        0.0000000000000000        0.0000000000000000        0.0000000000000000        2.5569382305823753E-002   0.0000000000000000        0.0000000000000000        0.0000000000000000        2.5569382305823753E-002
 ZTHERM   300.00000000000000        1.0000000000000000        0.0000000000000000        774.90698920195541        0.0000000000000000        0.0000000000000000        0.0000000000000000        0.0000000000000000       0.64388158001358387        0.0000000000000000        0.0000000000000000        0.0000000000000000       0.64388158001358387     
 ZTHERM   1870.0286655907216        1.0000000000000000        0.0000000000000000        900.46769978844463        0.0000000000000000        0.0000000000000000        0.0000000000000000        0.0000000000000000        3.4290700571193176E-002   0.0000000000000000        0.0000000000000000        0.0000000000000000        3.4290700571193176E-002
 ZTHERM   300.00000000000000        1.0000000000000000        0.0000000000000000        900.46769978844463        0.0000000000000000        0.0000000000000000        0.0000000000000000        0.0000000000000000       0.75132106797953335        0.0000000000000000        0.0000000000000000        0.0000000000000000       0.75132106797953335     
 ZTHERM   1870.0286655907216        1.0000000000000000        0.0000000000000000        692.54896853304501        0.0000000000000000        0.0000000000000000        0.0000000000000000        0.0000000000000000        2.0227976915627388E-002   0.0000000000000000        0.0000000000000000        0.0000000000000000        2.0227976915627388E-002
 ZTHERM   300.00000000000000        1.0000000000000000        0.0000000000000000        692.54896853304501        0.0000000000000000        0.0000000000000000        0.0000000000000000        0.0000000000000000       0.55331333813072914        0.0000000000000000        0.0000000000000000        0.0000000000000000       0.55331333813072914     
 ZTHERM   1870.0286655907216        1.0000000000000000        0.0000000000000000        810.45958471029189        0.0000000000000000        0.0000000000000000        0.0000000000000000        0.0000000000000000        2.7654713109576554E-002   0.0000000000000000        0.0000000000000000        0.0000000000000000        2.7654713109576554E-002
 ZTHERM   300.00000000000000        1.0000000000000000        0.0000000000000000        810.45958471029189        0.0000000000000000        0.0000000000000000        0.0000000000000000        0.0000000000000000       0.67051054867160775        0.0000000000000000        0.0000000000000000        0.0000000000000000       0.67051054867160775     
 ZTHERM   1870.0286655907216        1.0000000000000000        0.0000000000000000        801.33959472538015        0.0000000000000000        0.0000000000000000        0.0000000000000000        0.0000000000000000        2.7130009446055637E-002   0.0000000000000000        0.0000000000000000        0.0000000000000000        2.7130009446055637E-002
 ZTHERM   300.00000000000000        1.0000000000000000        0.0000000000000000        801.33959472538015        0.0000000000000000        0.0000000000000000        0.0000000000000000        0.0000000000000000       0.66429021794333787        0.0000000000000000        0.0000000000000000        0.0000000000000000       0.66429021794333787     
 ZTHERM   1870.0286655907216        1.0000000000000000        0.0000000000000000        800.99613940400536        0.0000000000000000        0.0000000000000000        0.0000000000000000        0.0000000000000000        2.7160634477451834E-002   0.0000000000000000        0.0000000000000000        0.0000000000000000        2.7160634477451834E-002
 ZTHERM   300.00000000000000        1.0000000000000000        0.0000000000000000        800.99613940400536        0.0000000000000000        0.0000000000000000        0.0000000000000000        0.0000000000000000       0.66528539880079551        0.0000000000000000        0.0000000000000000        0.0000000000000000       0.66528539880079551     
 ZTHERM   1870.0286655907216        1.0000000000000000        0.0000000000000000        976.93363038164659        0.0000000000000000        0.0000000000000000        0.0000000000000000        0.0000000000000000        4.1730918994461796E-002   0.0000000000000000        0.0000000000000000        0.0000000000000000        4.1730918994461796E-002
 ZTHERM   300.00000000000000        1.0000000000000000        0.0000000000000000        976.93363038164659        0.0000000000000000        0.0000000000000000        0.0000000000000000        0.0000000000000000       0.83426222303556918        0.0000000000000000        0.0000000000000000        0.0000000000000000       0.83426222303556918     
 ZTHERM   1870.0286655907216        1.0000000000000000        0.0000000000000000        808.63118960573036        0.0000000000000000        0.0000000000000000        0.0000000000000000        0.0000000000000000        2.8715369826513983E-002   0.0000000000000000        0.0000000000000000        0.0000000000000000        2.8715369826513983E-002
 ZTHERM   300.00000000000000        1.0000000000000000        0.0000000000000000        808.63118960573036        0.0000000000000000        0.0000000000000000        0.0000000000000000        0.0000000000000000       0.69760575437014416        0.0000000000000000        0.0000000000000000        0.0000000000000000       0.69760575437014416     
 ZTHERM   1870.0286655907216        1.0000000000000000        0.0000000000000000        784.87655085529593        0.0000000000000000        0.0000000000000000        0.0000000000000000        0.0000000000000000        3.1183329950850137E-002   0.0000000000000000        0.0000000000000000        0.0000000000000000        3.1183329950850137E-002
 ZTHERM   300.00000000000000        1.0000000000000000        0.0000000000000000        784.87655085529593        0.0000000000000000        0.0000000000000000        0.0000000000000000        0.0000000000000000       0.77705325918061885        0.0000000000000000        0.0000000000000000        0.0000000000000000       0.77705325918061885     
 ZTHERM   1870.0286655907216        1.0000000000000000        0.0000000000000000        734.01891251192762        0.0000000000000000        0.0000000000000000        0.0000000000000000        0.0000000000000000        2.3115077013894550E-002   0.0000000000000000        0.0000000000000000        0.0000000000000000        2.3115077013894550E-002
 ZTHERM   300.00000000000000        1.0000000000000000        0.0000000000000000        734.01891251192762        0.0000000000000000        0.0000000000000000        0.0000000000000000        0.0000000000000000       0.60702985645872543        0.0000000000000000        0.0000000000000000        0.0000000000000000       0.60702985645872543     
 ZTHERM   1870.0286655907216        1.0000000000000000        0.0000000000000000        796.77609067883884        0.0000000000000000        0.0000000000000000        0.0000000000000000        0.0000000000000000        2.7776460042889355E-002   0.0000000000000000        0.0000000000000000        0.0000000000000000        2.7776460042889355E-002
 ZTHERM   300.00000000000000        1.0000000000000000        0.0000000000000000        796.77609067883884        0.0000000000000000        0.0000000000000000        0.0000000000000000        0.0000000000000000       0.68345331313110413        0.0000000000000000        0.0000000000000000        0.0000000000000000       0.68345331313110413     
 ZTHERM   1870.0286655907216        1.0000000000000000        0.0000000000000000        881.16619581458917        0.0000000000000000        0.0000000000000000        0.0000000000000000        0.0000000000000000        3.2994492285007775E-002   0.0000000000000000        0.0000000000000000        0.0000000000000000        3.2994492285007775E-002
 ZTHERM   300.00000000000000        1.0000000000000000        0.0000000000000000        881.16619581458917        0.0000000000000000        0.0000000000000000        0.0000000000000000        0.0000000000000000       0.73925588525722452        0.0000000000000000        0.0000000000000000        0.0000000000000000       0.73925588525722452     
 ZTHERM   1870.0286655907216        1.0000000000000000        0.0000000000000000        760.08033308362769        0.0000000000000000        0.0000000000000000        0.0000000000000000        0.0000000000000000        2.4634811515183510E-002   0.0000000000000000        0.0000000000000000        0.0000000000000000        2.4634811515183510E-002
 ZTHERM   300.00000000000000        1.0000000000000000        0.0000000000000000        760.08033308362769        0.0000000000000000        0.0000000000000000        0.0000000000000000        0.0000000000000000       0.62998732673050650        0.0000000000000000        0.0000000000000000        0.0000000000000000       0.62998732673050650     
 ZTHERM   1870.0286655907216        1.0000000000000000        0.0000000000000000        750.48743331742969        0.0000000000000000        0.0000000000000000        0.0000000000000000        0.0000000000000000        2.4075850416121529E-002   0.0000000000000000        0.0000000000000000        0.0000000000000000        2.4075850416121529E-002
 ZTHERM   300.00000000000000        1.0000000000000000        0.0000000000000000        750.48743331742969        0.0000000000000000        0.0000000000000000        0.0000000000000000        0.0000000000000000       0.62179152840846186        0.0000000000000000        0.0000000000000000        0.0000000000000000       0.62179152840846186     
 ZTHERM   1870.0286655907216        1.0000000000000000        0.0000000000000000        587.58438592399830        0.0000000000000000        0.0000000000000000        0.0000000000000000        0.0000000000000000        1.5007844044800725E-002   0.0000000000000000        0.0000000000000000        0.0000000000000000        1.5007844044800725E-002
 ZTHERM   300.00000000000000        1.0000000000000000        0.0000000000000000        587.58438592399830        0.0000000000000000        0.0000000000000000        0.0000000000000000        0.0000000000000000       0.45122845439703724        0.0000000000000000        0.0000000000000000        0.0000000000000000       0.45122845439703724     
 ZTHERM   1870.0286655907216        1.0000000000000000        0.0000000000000000        736.05839427435171        0.0000000000000000        0.0000000000000000        0.0000000000000000        0.0000000000000000        2.2948954946319350E-002   0.0000000000000000        0.0000000000000000        0.0000000000000000        2.2948954946319350E-002
 ZTHERM   300.00000000000000        1.0000000000000000        0.0000000000000000        736.05839427435171        0.0000000000000000        0.0000000000000000        0.0000000000000000        0.0000000000000000       0.60143167286699040        0.0000000000000000        0.0000000000000000        0.0000000000000000       0.60143167286699040     
 ZTHERM   1870.0286655907216        1.0000000000000000        0.0000000000000000        924.43495972617404        0.0000000000000000        0.0000000000000000        0.0000000000000000        0.0000000000000000        3.2951202864160180E-002   0.0000000000000000        0.0000000000000000        0.0000000000000000        3.2951202864160180E-002
 ZTHERM   300.00000000000000        1.0000000000000000        0.0000000000000000        924.43495972617404        0.0000000000000000        0.0000000000000000        0.0000000000000000        0.0000000000000000       0.70189745275407112        0.0000000000000000        0.0000000000000000        0.0000000000000000       0.70189745275407112     
 ZTHERM   1870.0286655907216        1.0000000000000000        0.0000000000000000        839.07166823468913        0.0000000000000000        0.0000000000000000        0.0000000000000000        0.0000000000000000        2.7221915066514727E-002   0.0000000000000000        0.0000000000000000        0.0000000000000000        2.7221915066514727E-002
 ZTHERM   300.00000000000000        1.0000000000000000        0.0000000000000000        839.07166823468913        0.0000000000000000        0.0000000000000000        0.0000000000000000        0.0000000000000000       0.63962811397841846        0.0000000000000000        0.0000000000000000        0.0000000000000000       0.63962811397841846     
 ZTHERM   1870.0286655907216        1.0000000000000000        0.0000000000000000        900.09142626029359        0.0000000000000000        0.0000000000000000        0.0000000000000000        0.0000000000000000        3.1275795184011829E-002   0.0000000000000000        0.0000000000000000        0.0000000000000000        3.1275795184011829E-002
 ZTHERM   300.00000000000000        1.0000000000000000        0.0000000000000000        900.09142626029359        0.0000000000000000        0.0000000000000000        0.0000000000000000        0.0000000000000000       0.68556417159703353        0.0000000000000000        0.0000000000000000        0.0000000000000000       0.68556417159703353     
 ZTHERM   1870.0286655907216        1.0000000000000000        0.0000000000000000        836.95299527659529        0.0000000000000000        0.0000000000000000        0.0000000000000000        0.0000000000000000        2.6321050854009959E-002   0.0000000000000000        0.0000000000000000        0.0000000000000000        2.6321050854009959E-002
 ZTHERM   300.00000000000000        1.0000000000000000        0.0000000000000000        836.95299527659529        0.0000000000000000        0.0000000000000000        0.0000000000000000        0.0000000000000000       0.61991597023924128        0.0000000000000000        0.0000000000000000        0.0000000000000000       0.61991597023924128     
 ZTHERM   1870.0286655907216        1.0000000000000000        0.0000000000000000        464.90000329646273        0.0000000000000000        0.0000000000000000        0.0000000000000000        0.0000000000000000        8.1789031746299576E-003   0.0000000000000000        0.0000000000000000        0.0000000000000000        8.1789031746299576E-003
 ZTHERM   300.00000000000000        1.0000000000000000        0.0000000000000000        464.90000329646273        0.0000000000000000        0.0000000000000000        0.0000000000000000        0.0000000000000000       0.27001990693370709        0.0000000000000000        0.0000000000000000        0.0000000000000000       0.27001990693370709     
 ZTHERM   1870.0286655907216        1.0000000000000000        0.0000000000000000        525.58014239693625        0.0000000000000000        0.0000000000000000        0.0000000000000000        0.0000000000000000        1.0661024879573149E-002   0.0000000000000000        0.0000000000000000        0.0000000000000000        1.0661024879573149E-002
 ZTHERM   300.00000000000000        1.0000000000000000        0.0000000000000000        525.58014239693625        0.0000000000000000        0.0000000000000000        0.0000000000000000        0.0000000000000000       0.33685628347358931        0.0000000000000000        0.0000000000000000        0.0000000000000000       0.33685628347358931     
 ZTHERM   1870.0286655907216        1.0000000000000000        0.0000000000000000        808.61606116153848        0.0000000000000000        0.0000000000000000        0.0000000000000000        0.0000000000000000        2.4582897759758384E-002   0.0000000000000000        0.0000000000000000        0.0000000000000000        2.4582897759758384E-002
 ZTHERM   300.00000000000000        1.0000000000000000        0.0000000000000000        808.61606116153848        0.0000000000000000        0.0000000000000000        0.0000000000000000        0.0000000000000000       0.59722202868708096        0.0000000000000000        0.0000000000000000        0.0000000000000000       0.59722202868708096     
 ZTHERM   1870.0286655907216        1.0000000000000000        0.0000000000000000        569.83073510590077        0.0000000000000000        0.0000000000000000        0.0000000000000000        0.0000000000000000        1.2237785983479252E-002   0.0000000000000000        0.0000000000000000        0.0000000000000000        1.2237785983479252E-002
 ZTHERM   300.00000000000000        1.0000000000000000        0.0000000000000000        569.83073510590077        0.0000000000000000        0.0000000000000000        0.0000000000000000        0.0000000000000000       0.37339398250547656        0.0000000000000000        0.0000000000000000        0.0000000000000000       0.37339398250547656     
 ZTHERM   1870.0286655907216        1.0000000000000000        0.0000000000000000        879.40155772791320        0.0000000000000000        0.0000000000000000        0.0000000000000000        0.0000000000000000       -7.2905220837802653E-004  -0.0000000000000000       -0.0000000000000000        0.0000000000000000       -7.2905220837802653E-004
 ZTHERM   300.00000000000000        1.0000000000000000        0.0000000000000000        879.40155772791320        0.0000000000000000        0.0000000000000000        0.0000000000000000        0.0000000000000000       -1.6367862933713378E-002  -0.0000000000000000       -0.0000000000000000        0.0000000000000000       -1.6367862933713378E-002
 ZTHERM   1870.0286655907216        1.0000000000000000        0.0000000000000000        910.16516334264827        0.0000000000000000        0.0000000000000000        0.0000000000000000        0.0000000000000000        5.7486212166291441E-003   0.0000000000000000        0.0000000000000000        0.0000000000000000        5.7486212166291441E-003
 ZTHERM   300.00000000000000        1.0000000000000000        0.0000000000000000        910.16516334264827        0.0000000000000000        0.0000000000000000        0.0000000000000000        0.0000000000000000       0.12453276764463331        0.0000000000000000        0.0000000000000000        0.0000000000000000       0.12453276764463331     
 ZTHERM   1870.0286655907216        1.0000000000000000        0.0000000000000000        1140.9876406875844        0.0000000000000000        0.0000000000000000        0.0000000000000000        0.0000000000000000        5.3363777219943967E-002   0.0000000000000000        0.0000000000000000        0.0000000000000000        5.3363777219943967E-002
 ZTHERM   300.00000000000000        1.0000000000000000        0.0000000000000000        1140.9876406875844        0.0000000000000000        0.0000000000000000        0.0000000000000000        0.0000000000000000       0.86329830253617301        0.0000000000000000        0.0000000000000000        0.0000000000000000       0.86329830253617301     
 ZTHERM   1870.0286655907216        1.0000000000000000        0.0000000000000000        1175.3329613111400        0.0000000000000000        0.0000000000000000        0.0000000000000000        0.0000000000000000        5.6805768311193980E-002   0.0000000000000000        0.0000000000000000        0.0000000000000000        5.6805768311193980E-002
 ZTHERM   300.00000000000000        1.0000000000000000        0.0000000000000000        1175.3329613111400        0.0000000000000000        0.0000000000000000        0.0000000000000000        0.0000000000000000       0.87715281883010654        0.0000000000000000        0.0000000000000000        0.0000000000000000       0.87715281883010654     
 ZTHERM   1870.0286655907216        1.0000000000000000        0.0000000000000000        1008.4817207907340        0.0000000000000000        0.0000000000000000        0.0000000000000000        0.0000000000000000        2.4585944944186183E-002   0.0000000000000000        0.0000000000000000        0.0000000000000000        2.4585944944186183E-002
 ZTHERM   300.00000000000000        1.0000000000000000        0.0000000000000000        1008.4817207907340        0.0000000000000000        0.0000000000000000        0.0000000000000000        0.0000000000000000       0.47261791922465474        0.0000000000000000        0.0000000000000000        0.0000000000000000       0.47261791922465474     
 ZTHERM   1870.0286655907216        1.0000000000000000        0.0000000000000000        847.65021920774018        0.0000000000000000        0.0000000000000000        0.0000000000000000        0.0000000000000000        1.1709005945416410E-002   0.0000000000000000        0.0000000000000000        0.0000000000000000        1.1709005945416410E-002
 ZTHERM   300.00000000000000        1.0000000000000000        0.0000000000000000        847.65021920774018        0.0000000000000000        0.0000000000000000        0.0000000000000000        0.0000000000000000       0.27250670133212085        0.0000000000000000        0.0000000000000000        0.0000000000000000       0.27250670133212085     
 ZTHERM   1870.0286655907216        1.0000000000000000        0.0000000000000000        431.97068615178267        0.0000000000000000        0.0000000000000000        0.0000000000000000        0.0000000000000000        8.4798119604797880E-003   0.0000000000000000        0.0000000000000000        0.0000000000000000        8.4798119604797880E-003
 ZTHERM   300.00000000000000        1.0000000000000000        0.0000000000000000        431.97068615178267        0.0000000000000000        0.0000000000000000        0.0000000000000000        0.0000000000000000       0.28611866002384523        0.0000000000000000        0.0000000000000000        0.0000000000000000       0.28611866002384523     
 ZTHERM   1870.0286655907216        1.0000000000000000        0.0000000000000000        309.13351389296770        0.0000000000000000        0.0000000000000000        0.0000000000000000        0.0000000000000000        4.8242884988370805E-003   0.0000000000000000        0.0000000000000000        0.0000000000000000        4.8242884988370805E-003
 ZTHERM   300.00000000000000        1.0000000000000000        0.0000000000000000        309.13351389296770        0.0000000000000000        0.0000000000000000        0.0000000000000000        0.0000000000000000       0.17424499748143896        0.0000000000000000        0.0000000000000000        0.0000000000000000       0.17424499748143896     
 ZTHERM   1870.0286655907216        1.0000000000000000        0.0000000000000000        407.93373640754675        0.0000000000000000        0.0000000000000000        0.0000000000000000        0.0000000000000000        9.7566530828887502E-003   0.0000000000000000        0.0000000000000000        0.0000000000000000        9.7566530828887502E-003
 ZTHERM   300.00000000000000        1.0000000000000000        0.0000000000000000        407.93373640754675        0.0000000000000000        0.0000000000000000        0.0000000000000000        0.0000000000000000       0.33416741371238923        0.0000000000000000        0.0000000000000000        0.0000000000000000       0.33416741371238923     
 ZTHERM   1954.1672608251179        1.0000000000000000        0.0000000000000000        804.39915386673647        0.0000000000000000        0.0000000000000000        0.0000000000000000        0.0000000000000000        5.2900100353802390E-003   0.0000000000000000        0.0000000000000000        0.0000000000000000        5.2900100353802390E-003
 ZTHERM   300.00000000000000        1.0000000000000000        0.0000000000000000        804.39915386673647        0.0000000000000000        0.0000000000000000        0.0000000000000000        0.0000000000000000       0.14082523568050404        0.0000000000000000        0.0000000000000000        0.0000000000000000       0.14082523568050404     
 ZTHERM   1954.1672608251179        1.0000000000000000        0.0000000000000000        839.08943616764759        0.0000000000000000        0.0000000000000000        0.0000000000000000        0.0000000000000000        7.8440420615958090E-003   0.0000000000000000        0.0000000000000000        0.0000000000000000        7.8440420615958090E-003
 ZTHERM   300.00000000000000        1.0000000000000000        0.0000000000000000        839.08943616764759        0.0000000000000000        0.0000000000000000        0.0000000000000000        0.0000000000000000       0.20102174896865524        0.0000000000000000        0.0000000000000000        0.0000000000000000       0.20102174896865524     
 ZTHERM   1954.1672608251179        1.0000000000000000        0.0000000000000000        869.67701959902467        0.0000000000000000        0.0000000000000000        0.0000000000000000        0.0000000000000000        1.2398860480040935E-002   0.0000000000000000        0.0000000000000000        0.0000000000000000        1.2398860480040935E-002
 ZTHERM   300.00000000000000        1.0000000000000000        0.0000000000000000        869.67701959902467        0.0000000000000000        0.0000000000000000        0.0000000000000000        0.0000000000000000       0.30697773003864343        0.0000000000000000        0.0000000000000000        0.0000000000000000       0.30697773003864343     
 ZTHERM   1954.1672608251179        1.0000000000000000        0.0000000000000000        819.17120627439965        0.0000000000000000        0.0000000000000000        0.0000000000000000        0.0000000000000000        1.4305394635657017E-002   0.0000000000000000        0.0000000000000000        0.0000000000000000        1.4305394635657017E-002
 ZTHERM   300.00000000000000        1.0000000000000000        0.0000000000000000        819.17120627439965        0.0000000000000000        0.0000000000000000        0.0000000000000000        0.0000000000000000       0.37475769366984157        0.0000000000000000        0.0000000000000000        0.0000000000000000       0.37475769366984157     
 ZTHERM   1954.1672608251179        1.0000000000000000        0.0000000000000000        597.05923825446712        0.0000000000000000        0.0000000000000000        0.0000000000000000        0.0000000000000000        1.2112674676075748E-002   0.0000000000000000        0.0000000000000000        0.0000000000000000        1.2112674676075748E-002
 ZTHERM   300.00000000000000        1.0000000000000000        0.0000000000000000        597.05923825446712        0.0000000000000000        0.0000000000000000        0.0000000000000000        0.0000000000000000       0.39427846984220588        0.0000000000000000        0.0000000000000000        0.0000000000000000       0.39427846984220588     
 ZTHERM   1954.1672608251179        1.0000000000000000        0.0000000000000000        816.11499931190053        0.0000000000000000        0.0000000000000000        0.0000000000000000        0.0000000000000000        1.1094963662913893E-002   0.0000000000000000        0.0000000000000000        0.0000000000000000        1.1094963662913893E-002
 ZTHERM   300.00000000000000        1.0000000000000000        0.0000000000000000        816.11499931190053        0.0000000000000000        0.0000000000000000        0.0000000000000000        0.0000000000000000       0.29162643374917446        0.0000000000000000        0.0000000000000000        0.0000000000000000       0.29162643374917446     
 ZTHERM   1954.1672608251179        1.0000000000000000        0.0000000000000000        889.03607952995810        0.0000000000000000        0.0000000000000000        0.0000000000000000        0.0000000000000000        8.8566365902376775E-003   0.0000000000000000        0.0000000000000000        0.0000000000000000        8.8566365902376775E-003
 ZTHERM   300.00000000000000        1.0000000000000000        0.0000000000000000        889.03607952995810        0.0000000000000000        0.0000000000000000        0.0000000000000000        0.0000000000000000       0.21444783429125447        0.0000000000000000        0.0000000000000000        0.0000000000000000       0.21444783429125447     
 ZTHERM   1954.1672608251179        1.0000000000000000        0.0000000000000000        736.48791814279343        0.0000000000000000        0.0000000000000000        0.0000000000000000        0.0000000000000000        5.3694879587141125E-003   0.0000000000000000        0.0000000000000000        0.0000000000000000        5.3694879587141125E-003
 ZTHERM   300.00000000000000        1.0000000000000000        0.0000000000000000        736.48791814279343        0.0000000000000000        0.0000000000000000        0.0000000000000000        0.0000000000000000       0.15345854832469338        0.0000000000000000        0.0000000000000000        0.0000000000000000       0.15345854832469338     
 ZTHERM   1954.1672608251179        1.0000000000000000        0.0000000000000000        862.25835858422261        0.0000000000000000        0.0000000000000000        0.0000000000000000        0.0000000000000000        8.3698729540032345E-003   0.0000000000000000        0.0000000000000000        0.0000000000000000        8.3698729540032345E-003
 ZTHERM   300.00000000000000        1.0000000000000000        0.0000000000000000        862.25835858422261        0.0000000000000000        0.0000000000000000        0.0000000000000000        0.0000000000000000       0.20898316762067445        0.0000000000000000        0.0000000000000000        0.0000000000000000       0.20898316762067445     
 ZTHERM   1954.1672608251179        1.0000000000000000        0.0000000000000000        815.20752327835476        0.0000000000000000        0.0000000000000000        0.0000000000000000        0.0000000000000000        7.4333115779665884E-003   0.0000000000000000        0.0000000000000000        0.0000000000000000        7.4333115779665884E-003
 ZTHERM   300.00000000000000        1.0000000000000000        0.0000000000000000        815.20752327835476        0.0000000000000000        0.0000000000000000        0.0000000000000000        0.0000000000000000       0.19557494379894641        0.0000000000000000        0.0000000000000000        0.0000000000000000       0.19557494379894641     
 ZTHERM   1954.1672608251179        1.0000000000000000        0.0000000000000000        950.53464666401374        0.0000000000000000        0.0000000000000000        0.0000000000000000        0.0000000000000000        2.5405687235382387E-002   0.0000000000000000        0.0000000000000000        0.0000000000000000        2.5405687235382387E-002
 ZTHERM   300.00000000000000        1.0000000000000000        0.0000000000000000        950.53464666401374        0.0000000000000000        0.0000000000000000        0.0000000000000000        0.0000000000000000       0.57188811221187752        0.0000000000000000        0.0000000000000000        0.0000000000000000       0.57188811221187752     
 ZTHERM   1954.1672608251179        1.0000000000000000        0.0000000000000000        798.48744818787884        0.0000000000000000        0.0000000000000000        0.0000000000000000        0.0000000000000000        1.8012724451259000E-002   0.0000000000000000        0.0000000000000000        0.0000000000000000        1.8012724451259000E-002
 ZTHERM   300.00000000000000        1.0000000000000000        0.0000000000000000        798.48744818787884        0.0000000000000000        0.0000000000000000        0.0000000000000000        0.0000000000000000       0.48257855108430930        0.0000000000000000        0.0000000000000000        0.0000000000000000       0.48257855108430930     
 ZTHERM   1954.1672608251179        1.0000000000000000        0.0000000000000000        901.73226163811580        0.0000000000000000        0.0000000000000000        0.0000000000000000        0.0000000000000000        1.9596813589811180E-002   0.0000000000000000        0.0000000000000000        0.0000000000000000        1.9596813589811180E-002
 ZTHERM   300.00000000000000        1.0000000000000000        0.0000000000000000        901.73226163811580        0.0000000000000000        0.0000000000000000        0.0000000000000000        0.0000000000000000       0.46753695479705915        0.0000000000000000        0.0000000000000000        0.0000000000000000       0.46753695479705915     
 ZTHERM   1954.1672608251179        1.0000000000000000        0.0000000000000000        801.68364130243981        0.0000000000000000        0.0000000000000000        0.0000000000000000        0.0000000000000000        1.4909383431812282E-002   0.0000000000000000        0.0000000000000000        0.0000000000000000        1.4909383431812282E-002
 ZTHERM   300.00000000000000        1.0000000000000000        0.0000000000000000        801.68364130243981        0.0000000000000000        0.0000000000000000        0.0000000000000000        0.0000000000000000       0.39806633497013955        0.0000000000000000        0.0000000000000000        0.0000000000000000       0.39806633497013955     
 ZTHERM   1954.1672608251179        1.0000000000000000        0.0000000000000000        926.94290741725808        0.0000000000000000        0.0000000000000000        0.0000000000000000        0.0000000000000000        2.0704606534258336E-002   0.0000000000000000        0.0000000000000000        0.0000000000000000        2.0704606534258336E-002
 ZTHERM   300.00000000000000        1.0000000000000000        0.0000000000000000        926.94290741725808        0.0000000000000000        0.0000000000000000        0.0000000000000000        0.0000000000000000       0.47947216857448172        0.0000000000000000        0.0000000000000000        0.0000000000000000       0.47947216857448172     
 ZTHERM   1954.1672608251179        1.0000000000000000        0.0000000000000000        905.87852821108288        0.0000000000000000        0.0000000000000000        0.0000000000000000        0.0000000000000000        1.6086523137265142E-002   0.0000000000000000        0.0000000000000000        0.0000000000000000        1.6086523137265142E-002
 ZTHERM   300.00000000000000        1.0000000000000000        0.0000000000000000        905.87852821108288        0.0000000000000000        0.0000000000000000        0.0000000000000000        0.0000000000000000       0.38192837141064129        0.0000000000000000        0.0000000000000000        0.0000000000000000       0.38192837141064129     
 ZTHERM   1954.1672608251179        1.0000000000000000        0.0000000000000000        912.11562523620955        0.0000000000000000        0.0000000000000000        0.0000000000000000        0.0000000000000000        1.3898990913915381E-002   0.0000000000000000        0.0000000000000000        0.0000000000000000        1.3898990913915381E-002
 ZTHERM   300.00000000000000        1.0000000000000000        0.0000000000000000        912.11562523620955        0.0000000000000000        0.0000000000000000        0.0000000000000000        0.0000000000000000       0.32757865686345616        0.0000000000000000        0.0000000000000000        0.0000000000000000       0.32757865686345616     
 ZTHERM   1954.1672608251179        1.0000000000000000        0.0000000000000000        814.56060487856007        0.0000000000000000        0.0000000000000000        0.0000000000000000        0.0000000000000000        1.2258584413486961E-002   0.0000000000000000        0.0000000000000000        0.0000000000000000        1.2258584413486961E-002
 ZTHERM   300.00000000000000        1.0000000000000000        0.0000000000000000        814.56060487856007        0.0000000000000000        0.0000000000000000        0.0000000000000000        0.0000000000000000       0.32275831065245236        0.0000000000000000        0.0000000000000000        0.0000000000000000       0.32275831065245236     
 ZTHERM   1954.1672608251179        1.0000000000000000        0.0000000000000000        852.69338147589326        0.0000000000000000        0.0000000000000000        0.0000000000000000        0.0000000000000000        1.7071494045057263E-002   0.0000000000000000        0.0000000000000000        0.0000000000000000        1.7071494045057263E-002
 ZTHERM   300.00000000000000        1.0000000000000000        0.0000000000000000        852.69338147589326        0.0000000000000000        0.0000000000000000        0.0000000000000000        0.0000000000000000       0.43088344116268218        0.0000000000000000        0.0000000000000000        0.0000000000000000       0.43088344116268218     
 ZTHERM   1954.1672608251179        1.0000000000000000        0.0000000000000000        837.47347199694957        0.0000000000000000        0.0000000000000000        0.0000000000000000        0.0000000000000000        1.4614599950851417E-002   0.0000000000000000        0.0000000000000000        0.0000000000000000        1.4614599950851417E-002
 ZTHERM   300.00000000000000        1.0000000000000000        0.0000000000000000        837.47347199694957        0.0000000000000000        0.0000000000000000        0.0000000000000000        0.0000000000000000       0.37520687612322895        0.0000000000000000        0.0000000000000000        0.0000000000000000       0.37520687612322895     
 ZTHERM   1954.1672608251179        1.0000000000000000        0.0000000000000000        912.63897367703566        0.0000000000000000        0.0000000000000000        0.0000000000000000        0.0000000000000000        1.8930753707963897E-002   0.0000000000000000        0.0000000000000000        0.0000000000000000        1.8930753707963897E-002
 ZTHERM   300.00000000000000        1.0000000000000000        0.0000000000000000        912.63897367703566        0.0000000000000000        0.0000000000000000        0.0000000000000000        0.0000000000000000       0.44589449715474605        0.0000000000000000        0.0000000000000000        0.0000000000000000       0.44589449715474605     
 ZTHERM   1954.1672608251179        1.0000000000000000        0.0000000000000000        821.16616106115350        0.0000000000000000        0.0000000000000000        0.0000000000000000        0.0000000000000000        1.6279808790669890E-002   0.0000000000000000        0.0000000000000000        0.0000000000000000        1.6279808790669890E-002
 ZTHERM   300.00000000000000        1.0000000000000000        0.0000000000000000        821.16616106115350        0.0000000000000000        0.0000000000000000        0.0000000000000000        0.0000000000000000       0.42555060422468943        0.0000000000000000        0.0000000000000000        0.0000000000000000       0.42555060422468943     
 ZTHERM   1954.1672608251179        1.0000000000000000        0.0000000000000000        917.94941493720569        0.0000000000000000        0.0000000000000000        0.0000000000000000        0.0000000000000000        1.8795862863363866E-002   0.0000000000000000        0.0000000000000000        0.0000000000000000        1.8795862863363866E-002
 ZTHERM   300.00000000000000        1.0000000000000000        0.0000000000000000        917.94941493720569        0.0000000000000000        0.0000000000000000        0.0000000000000000        0.0000000000000000       0.43994667474442734        0.0000000000000000        0.0000000000000000        0.0000000000000000       0.43994667474442734     
 ZTHERM   1954.1672608251179        1.0000000000000000        0.0000000000000000        910.66642084208479        0.0000000000000000        0.0000000000000000        0.0000000000000000        0.0000000000000000        1.7834617119816765E-002   0.0000000000000000        0.0000000000000000        0.0000000000000000        1.7834617119816765E-002
 ZTHERM   300.00000000000000        1.0000000000000000        0.0000000000000000        910.66642084208479        0.0000000000000000        0.0000000000000000        0.0000000000000000        0.0000000000000000       0.42105422398361725        0.0000000000000000        0.0000000000000000        0.0000000000000000       0.42105422398361725     
 ZTHERM   1954.1672608251179        1.0000000000000000        0.0000000000000000        949.73525477308488        0.0000000000000000        0.0000000000000000        0.0000000000000000        0.0000000000000000        2.8591821773950771E-002   0.0000000000000000        0.0000000000000000        0.0000000000000000        2.8591821773950771E-002
 ZTHERM   300.00000000000000        1.0000000000000000        0.0000000000000000        949.73525477308488        0.0000000000000000        0.0000000000000000        0.0000000000000000        0.0000000000000000       0.64423242408153836        0.0000000000000000        0.0000000000000000        0.0000000000000000       0.64423242408153836     
 ZTHERM   1954.1672608251179        1.0000000000000000        0.0000000000000000        841.59529283805171        0.0000000000000000        0.0000000000000000        0.0000000000000000        0.0000000000000000        1.6446432621391741E-002   0.0000000000000000        0.0000000000000000        0.0000000000000000        1.6446432621391741E-002
 ZTHERM   300.00000000000000        1.0000000000000000        0.0000000000000000        841.59529283805171        0.0000000000000000        0.0000000000000000        0.0000000000000000        0.0000000000000000       0.42030258606980830        0.0000000000000000        0.0000000000000000        0.0000000000000000       0.42030258606980830     
 ZTHERM   1954.1672608251179        1.0000000000000000        0.0000000000000000        881.93588877317040        0.0000000000000000        0.0000000000000000        0.0000000000000000        0.0000000000000000        2.1829704365241471E-002   0.0000000000000000        0.0000000000000000        0.0000000000000000        2.1829704365241471E-002
 ZTHERM   300.00000000000000        1.0000000000000000        0.0000000000000000        881.93588877317040        0.0000000000000000        0.0000000000000000        0.0000000000000000        0.0000000000000000       0.53292385679131515        0.0000000000000000        0.0000000000000000        0.0000000000000000       0.53292385679131515     
 ZTHERM   1954.1672608251179        1.0000000000000000        0.0000000000000000        897.25982479076413        0.0000000000000000        0.0000000000000000        0.0000000000000000        0.0000000000000000        3.7131189429659921E-002   0.0000000000000000        0.0000000000000000        0.0000000000000000        3.7131189429659921E-002
 ZTHERM   300.00000000000000        1.0000000000000000        0.0000000000000000        897.25982479076413        0.0000000000000000        0.0000000000000000        0.0000000000000000        0.0000000000000000       0.89050997066064330        0.0000000000000000        0.0000000000000000        0.0000000000000000       0.89050997066064330     
 ZTHERM   1954.1672608251179        1.0000000000000000        0.0000000000000000        915.15533747189386        0.0000000000000000        0.0000000000000000        0.0000000000000000        0.0000000000000000        1.6260189488720350E-002   0.0000000000000000        0.0000000000000000        0.0000000000000000        1.6260189488720350E-002
 ZTHERM   300.00000000000000        1.0000000000000000        0.0000000000000000        915.15533747189386        0.0000000000000000        0.0000000000000000        0.0000000000000000        0.0000000000000000       0.38185563210245438        0.0000000000000000        0.0000000000000000        0.0000000000000000       0.38185563210245438     
 ZTHERM   1954.1672608251179        1.0000000000000000        0.0000000000000000        697.58808144627005        0.0000000000000000        0.0000000000000000        0.0000000000000000        0.0000000000000000        9.5296798757959003E-003   0.0000000000000000        0.0000000000000000        0.0000000000000000        9.5296798757959003E-003
 ZTHERM   300.00000000000000        1.0000000000000000        0.0000000000000000        697.58808144627005        0.0000000000000000        0.0000000000000000        0.0000000000000000        0.0000000000000000       0.28304354140477872        0.0000000000000000        0.0000000000000000        0.0000000000000000       0.28304354140477872     
 ZTHERM   1954.1672608251179        1.0000000000000000        0.0000000000000000        954.34553121701776        0.0000000000000000        0.0000000000000000        0.0000000000000000        0.0000000000000000        2.2786211079459218E-002   0.0000000000000000        0.0000000000000000        0.0000000000000000        2.2786211079459218E-002
 ZTHERM   300.00000000000000        1.0000000000000000        0.0000000000000000        954.34553121701776        0.0000000000000000        0.0000000000000000        0.0000000000000000        0.0000000000000000       0.51055655751238438        0.0000000000000000        0.0000000000000000        0.0000000000000000       0.51055655751238438     
 ZTHERM   1954.1672608251179        1.0000000000000000        0.0000000000000000        716.29238058102055        0.0000000000000000        0.0000000000000000        0.0000000000000000        0.0000000000000000        1.2913440233002111E-002   0.0000000000000000        0.0000000000000000        0.0000000000000000        1.2913440233002111E-002
 ZTHERM   300.00000000000000        1.0000000000000000        0.0000000000000000        716.29238058102055        0.0000000000000000        0.0000000000000000        0.0000000000000000        0.0000000000000000       0.37658887359212057        0.0000000000000000        0.0000000000000000        0.0000000000000000       0.37658887359212057     
 ZTHERM   1954.1672608251179        1.0000000000000000        0.0000000000000000        973.09261833179664        0.0000000000000000        0.0000000000000000        0.0000000000000000        0.0000000000000000        2.1531131785988887E-002   0.0000000000000000        0.0000000000000000        0.0000000000000000        2.1531131785988887E-002
 ZTHERM   300.00000000000000        1.0000000000000000        0.0000000000000000        973.09261833179664        0.0000000000000000        0.0000000000000000        0.0000000000000000        0.0000000000000000       0.47150226868677525        0.0000000000000000        0.0000000000000000        0.0000000000000000       0.47150226868677525     
 ZTHERM   1954.1672608251179        1.0000000000000000        0.0000000000000000        720.16651872180148        0.0000000000000000        0.0000000000000000        0.0000000000000000        0.0000000000000000        1.4010331505370451E-002   0.0000000000000000        0.0000000000000000        0.0000000000000000        1.4010331505370451E-002
 ZTHERM   300.00000000000000        1.0000000000000000        0.0000000000000000        720.16651872180148        0.0000000000000000        0.0000000000000000        0.0000000000000000        0.0000000000000000       0.40701161438862876        0.0000000000000000        0.0000000000000000        0.0000000000000000       0.40701161438862876     
 ZTHERM   1954.1672608251179        1.0000000000000000        0.0000000000000000        1018.5549544545052        0.0000000000000000        0.0000000000000000        0.0000000000000000        0.0000000000000000        2.6752571730770197E-002   0.0000000000000000        0.0000000000000000        0.0000000000000000        2.6752571730770197E-002
 ZTHERM   300.00000000000000        1.0000000000000000        0.0000000000000000        1018.5549544545052        0.0000000000000000        0.0000000000000000        0.0000000000000000        0.0000000000000000       0.55352883847193624        0.0000000000000000        0.0000000000000000        0.0000000000000000       0.55352883847193624     
 ZTHERM   1954.1672608251179        1.0000000000000000        0.0000000000000000        834.18454640633479        0.0000000000000000        0.0000000000000000        0.0000000000000000        0.0000000000000000        1.8063534093909147E-002   0.0000000000000000        0.0000000000000000        0.0000000000000000        1.8063534093909147E-002
 ZTHERM   300.00000000000000        1.0000000000000000        0.0000000000000000        834.18454640633479        0.0000000000000000        0.0000000000000000        0.0000000000000000        0.0000000000000000       0.46544914881174460        0.0000000000000000        0.0000000000000000        0.0000000000000000       0.46544914881174460     
 ZTHERM   1954.1672608251179        1.0000000000000000        0.0000000000000000        1017.9146205198778        0.0000000000000000        0.0000000000000000        0.0000000000000000        0.0000000000000000        3.1145922495498773E-002   0.0000000000000000        0.0000000000000000        0.0000000000000000        3.1145922495498773E-002
 ZTHERM   300.00000000000000        1.0000000000000000        0.0000000000000000        1017.9146205198778        0.0000000000000000        0.0000000000000000        0.0000000000000000        0.0000000000000000       0.64495258273086864        0.0000000000000000        0.0000000000000000        0.0000000000000000       0.64495258273086864     
 ZTHERM   1954.1672608251179        1.0000000000000000        0.0000000000000000        739.34618759019020        0.0000000000000000        0.0000000000000000        0.0000000000000000        0.0000000000000000        1.9091825564325173E-002   0.0000000000000000        0.0000000000000000        0.0000000000000000        1.9091825564325173E-002
 ZTHERM   300.00000000000000        1.0000000000000000        0.0000000000000000        739.34618759019020        0.0000000000000000        0.0000000000000000        0.0000000000000000        0.0000000000000000       0.54406351737942826        0.0000000000000000        0.0000000000000000        0.0000000000000000       0.54406351737942826     
 ZTHERM   1954.1672608251179        1.0000000000000000        0.0000000000000000        836.99208649696379        0.0000000000000000        0.0000000000000000        0.0000000000000000        0.0000000000000000        1.7570865208926506E-002   0.0000000000000000        0.0000000000000000        0.0000000000000000        1.7570865208926506E-002
 ZTHERM   300.00000000000000        1.0000000000000000        0.0000000000000000        836.99208649696379        0.0000000000000000        0.0000000000000000        0.0000000000000000        0.0000000000000000       0.45134576199839055        0.0000000000000000        0.0000000000000000        0.0000000000000000       0.45134576199839055     
 ZTHERM   1954.1672608251179        1.0000000000000000        0.0000000000000000        980.75715377610584        0.0000000000000000        0.0000000000000000        0.0000000000000000        0.0000000000000000        3.6358065826164521E-002   0.0000000000000000        0.0000000000000000        0.0000000000000000        3.6358065826164521E-002
 ZTHERM   300.00000000000000        1.0000000000000000        0.0000000000000000        980.75715377610584        0.0000000000000000        0.0000000000000000        0.0000000000000000        0.0000000000000000       0.78870104529682472        0.0000000000000000        0.0000000000000000        0.0000000000000000       0.78870104529682472     
 ZTHERM   1954.1672608251179        1.0000000000000000        0.0000000000000000        809.10063423908969        0.0000000000000000        0.0000000000000000        0.0000000000000000        0.0000000000000000        2.4952533011130304E-002   0.0000000000000000        0.0000000000000000        0.0000000000000000        2.4952533011130304E-002
 ZTHERM   300.00000000000000        1.0000000000000000        0.0000000000000000        809.10063423908969        0.0000000000000000        0.0000000000000000        0.0000000000000000        0.0000000000000000       0.66089018600440197        0.0000000000000000        0.0000000000000000        0.0000000000000000       0.66089018600440197     
 ZTHERM   1954.1672608251179        1.0000000000000000        0.0000000000000000        943.80263843276430        0.0000000000000000        0.0000000000000000        0.0000000000000000        0.0000000000000000        3.3650305668317934E-002   0.0000000000000000        0.0000000000000000        0.0000000000000000        3.3650305668317934E-002
 ZTHERM   300.00000000000000        1.0000000000000000        0.0000000000000000        943.80263843276430        0.0000000000000000        0.0000000000000000        0.0000000000000000        0.0000000000000000       0.76366739621807000        0.0000000000000000        0.0000000000000000        0.0000000000000000       0.76366739621807000     
 ZTHERM   1954.1672608251179        1.0000000000000000        0.0000000000000000        729.95540938530564        0.0000000000000000        0.0000000000000000        0.0000000000000000        0.0000000000000000        2.0017429759576301E-002   0.0000000000000000        0.0000000000000000        0.0000000000000000        2.0017429759576301E-002
 ZTHERM   300.00000000000000        1.0000000000000000        0.0000000000000000        729.95540938530564        0.0000000000000000        0.0000000000000000        0.0000000000000000        0.0000000000000000       0.57586823336489013        0.0000000000000000        0.0000000000000000        0.0000000000000000       0.57586823336489013     
 ZTHERM   1954.1672608251179        1.0000000000000000        0.0000000000000000        854.58880299928296        0.0000000000000000        0.0000000000000000        0.0000000000000000        0.0000000000000000        2.7380688699945047E-002   0.0000000000000000        0.0000000000000000        0.0000000000000000        2.7380688699945047E-002
 ZTHERM   300.00000000000000        1.0000000000000000        0.0000000000000000        854.58880299928296        0.0000000000000000        0.0000000000000000        0.0000000000000000        0.0000000000000000       0.68961234976955044        0.0000000000000000        0.0000000000000000        0.0000000000000000       0.68961234976955044     
 ZTHERM   1954.1672608251179        1.0000000000000000        0.0000000000000000        842.13750453379032        0.0000000000000000        0.0000000000000000        0.0000000000000000        0.0000000000000000        2.6728806499682924E-002   0.0000000000000000        0.0000000000000000        0.0000000000000000        2.6728806499682924E-002
 ZTHERM   300.00000000000000        1.0000000000000000        0.0000000000000000        842.13750453379032        0.0000000000000000        0.0000000000000000        0.0000000000000000        0.0000000000000000       0.68266425139585596        0.0000000000000000        0.0000000000000000        0.0000000000000000       0.68266425139585596     
 ZTHERM   1954.1672608251179        1.0000000000000000        0.0000000000000000        838.00854640948558        0.0000000000000000        0.0000000000000000        0.0000000000000000        0.0000000000000000        2.6584229692349408E-002   0.0000000000000000        0.0000000000000000        0.0000000000000000        2.6584229692349408E-002
 ZTHERM   300.00000000000000        1.0000000000000000        0.0000000000000000        838.00854640948558        0.0000000000000000        0.0000000000000000        0.0000000000000000        0.0000000000000000       0.68210234907310885        0.0000000000000000        0.0000000000000000        0.0000000000000000       0.68210234907310885     
 ZTHERM   1954.1672608251179        1.0000000000000000        0.0000000000000000        1026.2022466289768        0.0000000000000000        0.0000000000000000        0.0000000000000000        0.0000000000000000        4.0118692243945313E-002   0.0000000000000000        0.0000000000000000        0.0000000000000000        4.0118692243945313E-002
 ZTHERM   300.00000000000000        1.0000000000000000        0.0000000000000000        1026.2022466289768        0.0000000000000000        0.0000000000000000        0.0000000000000000        0.0000000000000000       0.82207013790436989        0.0000000000000000        0.0000000000000000        0.0000000000000000       0.82207013790436989     
 ZTHERM   1954.1672608251179        1.0000000000000000        0.0000000000000000        849.16311063321166        0.0000000000000000        0.0000000000000000        0.0000000000000000        0.0000000000000000        2.7601907656465724E-002   0.0000000000000000        0.0000000000000000        0.0000000000000000        2.7601907656465724E-002
 ZTHERM   300.00000000000000        1.0000000000000000        0.0000000000000000        849.16311063321166        0.0000000000000000        0.0000000000000000        0.0000000000000000        0.0000000000000000       0.69944117306625564        0.0000000000000000        0.0000000000000000        0.0000000000000000       0.69944117306625564     
 ZTHERM   1954.1672608251179        1.0000000000000000        0.0000000000000000        831.45920898907502        0.0000000000000000        0.0000000000000000        0.0000000000000000        0.0000000000000000        3.0428420098790845E-002   0.0000000000000000        0.0000000000000000        0.0000000000000000        3.0428420098790845E-002
 ZTHERM   300.00000000000000        1.0000000000000000        0.0000000000000000        831.45920898907502        0.0000000000000000        0.0000000000000000        0.0000000000000000        0.0000000000000000       0.78642892090052485        0.0000000000000000        0.0000000000000000        0.0000000000000000       0.78642892090052485     
 ZTHERM   1954.1672608251179        1.0000000000000000        0.0000000000000000        780.73897966586412        0.0000000000000000        0.0000000000000000        0.0000000000000000        0.0000000000000000        2.2538270461889817E-002   0.0000000000000000        0.0000000000000000        0.0000000000000000        2.2538270461889817E-002
 ZTHERM   300.00000000000000        1.0000000000000000        0.0000000000000000        780.73897966586412        0.0000000000000000        0.0000000000000000        0.0000000000000000        0.0000000000000000       0.61534481627550153        0.0000000000000000        0.0000000000000000        0.0000000000000000       0.61534481627550153     
 ZTHERM   1954.1672608251179        1.0000000000000000        0.0000000000000000        836.25445977211848        0.0000000000000000        0.0000000000000000        0.0000000000000000        0.0000000000000000        2.6689801478497265E-002   0.0000000000000000        0.0000000000000000        0.0000000000000000        2.6689801478497265E-002
 ZTHERM   300.00000000000000        1.0000000000000000        0.0000000000000000        836.25445977211848        0.0000000000000000        0.0000000000000000        0.0000000000000000        0.0000000000000000       0.68614741636203969        0.0000000000000000        0.0000000000000000        0.0000000000000000       0.68614741636203969     
 ZTHERM   1954.1672608251179        1.0000000000000000        0.0000000000000000        928.56757871859361        0.0000000000000000        0.0000000000000000        0.0000000000000000        0.0000000000000000        3.2495676648510281E-002   0.0000000000000000        0.0000000000000000        0.0000000000000000        3.2495676648510281E-002
 ZTHERM   300.00000000000000        1.0000000000000000        0.0000000000000000        928.56757871859361        0.0000000000000000        0.0000000000000000        0.0000000000000000        0.0000000000000000       0.75106988976428102        0.0000000000000000        0.0000000000000000        0.0000000000000000       0.75106988976428102     
 ZTHERM   1954.1672608251179        1.0000000000000000        0.0000000000000000        800.84823733870053        0.0000000000000000        0.0000000000000000        0.0000000000000000        0.0000000000000000        2.4259469167453369E-002   0.0000000000000000        0.0000000000000000        0.0000000000000000        2.4259469167453369E-002
 ZTHERM   300.00000000000000        1.0000000000000000        0.0000000000000000        800.84823733870053        0.0000000000000000        0.0000000000000000        0.0000000000000000        0.0000000000000000       0.64828754072990580        0.0000000000000000        0.0000000000000000        0.0000000000000000       0.64828754072990580     
 ZTHERM   1954.1672608251179        1.0000000000000000        0.0000000000000000        789.88807809586933        0.0000000000000000        0.0000000000000000        0.0000000000000000        0.0000000000000000        2.3672252454477717E-002   0.0000000000000000        0.0000000000000000        0.0000000000000000        2.3672252454477717E-002
 ZTHERM   300.00000000000000        1.0000000000000000        0.0000000000000000        789.88807809586933        0.0000000000000000        0.0000000000000000        0.0000000000000000        0.0000000000000000       0.64006315123914626        0.0000000000000000        0.0000000000000000        0.0000000000000000       0.64006315123914626     
 ZTHERM   1954.1672608251179        1.0000000000000000        0.0000000000000000        625.02238513066902        0.0000000000000000        0.0000000000000000        0.0000000000000000        0.0000000000000000        1.5235200137040990E-002   0.0000000000000000        0.0000000000000000        0.0000000000000000        1.5235200137040990E-002
 ZTHERM   300.00000000000000        1.0000000000000000        0.0000000000000000        625.02238513066902        0.0000000000000000        0.0000000000000000        0.0000000000000000        0.0000000000000000       0.48401064613844191        0.0000000000000000        0.0000000000000000        0.0000000000000000       0.48401064613844191     
 ZTHERM   1954.1672608251179        1.0000000000000000        0.0000000000000000        779.80213830332013        0.0000000000000000        0.0000000000000000        0.0000000000000000        0.0000000000000000        2.2777494433320958E-002   0.0000000000000000        0.0000000000000000        0.0000000000000000        2.2777494433320958E-002
 ZTHERM   300.00000000000000        1.0000000000000000        0.0000000000000000        779.80213830332013        0.0000000000000000        0.0000000000000000        0.0000000000000000        0.0000000000000000       0.62249148844607449        0.0000000000000000        0.0000000000000000        0.0000000000000000       0.62249148844607449     
 ZTHERM   1954.1672608251179        1.0000000000000000        0.0000000000000000        970.02703643378049        0.0000000000000000        0.0000000000000000        0.0000000000000000        0.0000000000000000        3.2198894671697467E-002   0.0000000000000000        0.0000000000000000        0.0000000000000000        3.2198894671697467E-002
 ZTHERM   300.00000000000000        1.0000000000000000        0.0000000000000000        970.02703643378049        0.0000000000000000        0.0000000000000000        0.0000000000000000        0.0000000000000000       0.70777329553585400        0.0000000000000000        0.0000000000000000        0.0000000000000000       0.70777329553585400     
 ZTHERM   1954.1672608251179        1.0000000000000000        0.0000000000000000        880.38878155226928        0.0000000000000000        0.0000000000000000        0.0000000000000000        0.0000000000000000        2.6598781078629823E-002   0.0000000000000000        0.0000000000000000        0.0000000000000000        2.6598781078629823E-002
 ZTHERM   300.00000000000000        1.0000000000000000        0.0000000000000000        880.38878155226928        0.0000000000000000        0.0000000000000000        0.0000000000000000        0.0000000000000000       0.65050871734986748        0.0000000000000000        0.0000000000000000        0.0000000000000000       0.65050871734986748     
 ZTHERM   1954.1672608251179        1.0000000000000000        0.0000000000000000        944.52550087841337        0.0000000000000000        0.0000000000000000        0.0000000000000000        0.0000000000000000        3.0563442122340728E-002   0.0000000000000000        0.0000000000000000        0.0000000000000000        3.0563442122340728E-002
 ZTHERM   300.00000000000000        1.0000000000000000        0.0000000000000000        944.52550087841337        0.0000000000000000        0.0000000000000000        0.0000000000000000        0.0000000000000000       0.69300870900477607        0.0000000000000000        0.0000000000000000        0.0000000000000000       0.69300870900477607     
 ZTHERM   1954.1672608251179        1.0000000000000000        0.0000000000000000        886.11114559792179        0.0000000000000000        0.0000000000000000        0.0000000000000000        0.0000000000000000        2.5570648201039506E-002   0.0000000000000000        0.0000000000000000        0.0000000000000000        2.5570648201039506E-002
 ZTHERM   300.00000000000000        1.0000000000000000        0.0000000000000000        886.11114559792179        0.0000000000000000        0.0000000000000000        0.0000000000000000        0.0000000000000000       0.62124848086687745        0.0000000000000000        0.0000000000000000        0.0000000000000000       0.62124848086687745     
 ZTHERM   1954.1672608251179        1.0000000000000000        0.0000000000000000        491.79681923465114        0.0000000000000000        0.0000000000000000        0.0000000000000000        0.0000000000000000        7.9420425846614354E-003   0.0000000000000000        0.0000000000000000        0.0000000000000000        7.9420425846614354E-003
 ZTHERM   300.00000000000000        1.0000000000000000        0.0000000000000000        491.79681923465114        0.0000000000000000        0.0000000000000000        0.0000000000000000        0.0000000000000000       0.28085968949031614        0.0000000000000000        0.0000000000000000        0.0000000000000000       0.28085968949031614     
 ZTHERM   1954.1672608251179        1.0000000000000000        0.0000000000000000        552.26089546686910        0.0000000000000000        0.0000000000000000        0.0000000000000000        0.0000000000000000        1.0267996344593758E-002   0.0000000000000000        0.0000000000000000        0.0000000000000000        1.0267996344593758E-002
 ZTHERM   300.00000000000000        1.0000000000000000        0.0000000000000000        552.26089546686910        0.0000000000000000        0.0000000000000000        0.0000000000000000        0.0000000000000000       0.34682012818693109        0.0000000000000000        0.0000000000000000        0.0000000000000000       0.34682012818693109     
 ZTHERM   1954.1672608251179        1.0000000000000000        0.0000000000000000        856.04508963302919        0.0000000000000000        0.0000000000000000        0.0000000000000000        0.0000000000000000        2.3881280790455324E-002   0.0000000000000000        0.0000000000000000        0.0000000000000000        2.3881280790455324E-002
 ZTHERM   300.00000000000000        1.0000000000000000        0.0000000000000000        856.04508963302919        0.0000000000000000        0.0000000000000000        0.0000000000000000        0.0000000000000000       0.60048835822359614        0.0000000000000000        0.0000000000000000        0.0000000000000000       0.60048835822359614     
 ZTHERM   1954.1672608251179        1.0000000000000000        0.0000000000000000        597.05923825446712        0.0000000000000000        0.0000000000000000        0.0000000000000000        0.0000000000000000        1.2112674676075748E-002   0.0000000000000000        0.0000000000000000        0.0000000000000000        1.2112674676075748E-002
 ZTHERM   300.00000000000000        1.0000000000000000        0.0000000000000000        597.05923825446712        0.0000000000000000        0.0000000000000000        0.0000000000000000        0.0000000000000000       0.39427846984220588        0.0000000000000000        0.0000000000000000        0.0000000000000000       0.39427846984220588     
 ZTHERM   1954.1672608251179        1.0000000000000000        0.0000000000000000        878.52380005824307        0.0000000000000000        0.0000000000000000        0.0000000000000000        0.0000000000000000       -6.3031723907844847E-004  -0.0000000000000000       -0.0000000000000000        0.0000000000000000       -6.3031723907844847E-004
 ZTHERM   300.00000000000000        1.0000000000000000        0.0000000000000000        878.52380005824307        0.0000000000000000        0.0000000000000000        0.0000000000000000        0.0000000000000000       -1.5448362359323838E-002  -0.0000000000000000       -0.0000000000000000        0.0000000000000000       -1.5448362359323838E-002
 ZTHERM   1954.1672608251179        1.0000000000000000        0.0000000000000000        923.44303179439953        0.0000000000000000        0.0000000000000000        0.0000000000000000        0.0000000000000000        4.9975299440878267E-003   0.0000000000000000        0.0000000000000000        0.0000000000000000        4.9975299440878267E-003
 ZTHERM   300.00000000000000        1.0000000000000000        0.0000000000000000        923.44303179439953        0.0000000000000000        0.0000000000000000        0.0000000000000000        0.0000000000000000       0.11621484518785151        0.0000000000000000        0.0000000000000000        0.0000000000000000       0.11621484518785151     
 ZTHERM   1954.1672608251179        1.0000000000000000        0.0000000000000000        1186.2144597851677        0.0000000000000000        0.0000000000000000        0.0000000000000000        0.0000000000000000        5.0098410074353610E-002   0.0000000000000000        0.0000000000000000        0.0000000000000000        5.0098410074353610E-002
 ZTHERM   300.00000000000000        1.0000000000000000        0.0000000000000000        1186.2144597851677        0.0000000000000000        0.0000000000000000        0.0000000000000000        0.0000000000000000       0.83026561541352129        0.0000000000000000        0.0000000000000000        0.0000000000000000       0.83026561541352129     
 ZTHERM   1954.1672608251179        1.0000000000000000        0.0000000000000000        1219.5632391911440        0.0000000000000000        0.0000000000000000        0.0000000000000000        0.0000000000000000        5.3263200531105490E-002   0.0000000000000000        0.0000000000000000        0.0000000000000000        5.3263200531105490E-002
 ZTHERM   300.00000000000000        1.0000000000000000        0.0000000000000000        1219.5632391911440        0.0000000000000000        0.0000000000000000        0.0000000000000000        0.0000000000000000       0.84282973277026829        0.0000000000000000        0.0000000000000000        0.0000000000000000       0.84282973277026829     
 ZTHERM   1954.1672608251179        1.0000000000000000        0.0000000000000000        1044.7831957071601        0.0000000000000000        0.0000000000000000        0.0000000000000000        0.0000000000000000        2.3344378033114642E-002   0.0000000000000000        0.0000000000000000        0.0000000000000000        2.3344378033114642E-002
 ZTHERM   300.00000000000000        1.0000000000000000        0.0000000000000000        1044.7831957071601        0.0000000000000000        0.0000000000000000        0.0000000000000000        0.0000000000000000       0.46712224177057460        0.0000000000000000        0.0000000000000000        0.0000000000000000       0.46712224177057460     
 ZTHERM   1954.1672608251179        1.0000000000000000        0.0000000000000000        884.32236644456975        0.0000000000000000        0.0000000000000000        0.0000000000000000        0.0000000000000000        1.0985423302710570E-002   0.0000000000000000        0.0000000000000000        0.0000000000000000        1.0985423302710570E-002
 ZTHERM   300.00000000000000        1.0000000000000000        0.0000000000000000        884.32236644456975        0.0000000000000000        0.0000000000000000        0.0000000000000000        0.0000000000000000       0.26744730358489649        0.0000000000000000        0.0000000000000000        0.0000000000000000       0.26744730358489649     
 ZTHERM   1954.1672608251179        1.0000000000000000        0.0000000000000000        458.85838279556850        0.0000000000000000        0.0000000000000000        0.0000000000000000        0.0000000000000000        8.4846836258135605E-003   0.0000000000000000        0.0000000000000000        0.0000000000000000        8.4846836258135605E-003
 ZTHERM   300.00000000000000        1.0000000000000000        0.0000000000000000        458.85838279556850        0.0000000000000000        0.0000000000000000        0.0000000000000000        0.0000000000000000       0.30703562592413702        0.0000000000000000        0.0000000000000000        0.0000000000000000       0.30703562592413702     
 ZTHERM   1954.1672608251179        1.0000000000000000        0.0000000000000000        330.91342043454785        0.0000000000000000        0.0000000000000000        0.0000000000000000        0.0000000000000000        4.8763891894587508E-003   0.0000000000000000        0.0000000000000000        0.0000000000000000        4.8763891894587508E-003
 ZTHERM   300.00000000000000        1.0000000000000000        0.0000000000000000        330.91342043454785        0.0000000000000000        0.0000000000000000        0.0000000000000000        0.0000000000000000       0.19028395878839530        0.0000000000000000        0.0000000000000000        0.0000000000000000       0.19028395878839530     
 ZTHERM   1954.1672608251179        1.0000000000000000        0.0000000000000000        444.76494768577231        0.0000000000000000        0.0000000000000000        0.0000000000000000        0.0000000000000000        1.0159312673788341E-002   0.0000000000000000        0.0000000000000000        0.0000000000000000        1.0159312673788341E-002
 ZTHERM   300.00000000000000        1.0000000000000000        0.0000000000000000        444.76494768577231        0.0000000000000000        0.0000000000000000        0.0000000000000000        0.0000000000000000       0.37111050287169756        0.0000000000000000        0.0000000000000000        0.0000000000000000       0.37111050287169756     
 ZTHERM   2036.0737725631477        1.0000000000000000        0.0000000000000000        813.62680454333974        0.0000000000000000        0.0000000000000000        0.0000000000000000        0.0000000000000000        4.7687753017163839E-003   0.0000000000000000        0.0000000000000000        0.0000000000000000        4.7687753017163839E-003
 ZTHERM   300.00000000000000        1.0000000000000000        0.0000000000000000        813.62680454333974        0.0000000000000000        0.0000000000000000        0.0000000000000000        0.0000000000000000       0.13630970872030965        0.0000000000000000        0.0000000000000000        0.0000000000000000       0.13630970872030965     
 ZTHERM   2036.0737725631477        1.0000000000000000        0.0000000000000000        867.40730893053365        0.0000000000000000        0.0000000000000000        0.0000000000000000        0.0000000000000000        7.1487191113386488E-003   0.0000000000000000        0.0000000000000000        0.0000000000000000        7.1487191113386488E-003
 ZTHERM   300.00000000000000        1.0000000000000000        0.0000000000000000        867.40730893053365        0.0000000000000000        0.0000000000000000        0.0000000000000000        0.0000000000000000       0.19242491064718112        0.0000000000000000        0.0000000000000000        0.0000000000000000       0.19242491064718112     
 ZTHERM   2036.0737725631477        1.0000000000000000        0.0000000000000000        886.03539173824436        0.0000000000000000        0.0000000000000000        0.0000000000000000        0.0000000000000000        1.0173242828632502E-002   0.0000000000000000        0.0000000000000000        0.0000000000000000        1.0173242828632502E-002
 ZTHERM   300.00000000000000        1.0000000000000000        0.0000000000000000        886.03539173824436        0.0000000000000000        0.0000000000000000        0.0000000000000000        0.0000000000000000       0.26803032956868583        0.0000000000000000        0.0000000000000000        0.0000000000000000       0.26803032956868583     
 ZTHERM   2036.0737725631477        1.0000000000000000        0.0000000000000000        838.83203959841092        0.0000000000000000        0.0000000000000000        0.0000000000000000        0.0000000000000000        1.2178710904176481E-002   0.0000000000000000        0.0000000000000000        0.0000000000000000        1.2178710904176481E-002
 ZTHERM   300.00000000000000        1.0000000000000000        0.0000000000000000        838.83203959841092        0.0000000000000000        0.0000000000000000        0.0000000000000000        0.0000000000000000       0.33856611818454901        0.0000000000000000        0.0000000000000000        0.0000000000000000       0.33856611818454901     
 ZTHERM   2036.0737725631477        1.0000000000000000        0.0000000000000000        621.07099268308241        0.0000000000000000        0.0000000000000000        0.0000000000000000        0.0000000000000000        1.1912091074790137E-002   0.0000000000000000        0.0000000000000000        0.0000000000000000        1.1912091074790137E-002
 ZTHERM   300.00000000000000        1.0000000000000000        0.0000000000000000        621.07099268308241        0.0000000000000000        0.0000000000000000        0.0000000000000000        0.0000000000000000       0.41202911420959004        0.0000000000000000        0.0000000000000000        0.0000000000000000       0.41202911420959004     
 ZTHERM   2036.0737725631477        1.0000000000000000        0.0000000000000000        830.87293052377424        0.0000000000000000        0.0000000000000000        0.0000000000000000        0.0000000000000000        9.1843233052372551E-003   0.0000000000000000        0.0000000000000000        0.0000000000000000        9.1843233052372551E-003
 ZTHERM   300.00000000000000        1.0000000000000000        0.0000000000000000        830.87293052377424        0.0000000000000000        0.0000000000000000        0.0000000000000000        0.0000000000000000       0.25759167430772478        0.0000000000000000        0.0000000000000000        0.0000000000000000       0.25759167430772478     
 ZTHERM   2036.0737725631477        1.0000000000000000        0.0000000000000000        901.40398660767551        0.0000000000000000        0.0000000000000000        0.0000000000000000        0.0000000000000000        6.9843410943030235E-003   0.0000000000000000        0.0000000000000000        0.0000000000000000        6.9843410943030235E-003
 ZTHERM   300.00000000000000        1.0000000000000000        0.0000000000000000        901.40398660767551        0.0000000000000000        0.0000000000000000        0.0000000000000000        0.0000000000000000       0.18074579171085794        0.0000000000000000        0.0000000000000000        0.0000000000000000       0.18074579171085794     
 ZTHERM   2036.0737725631477        1.0000000000000000        0.0000000000000000        745.12016025383821        0.0000000000000000        0.0000000000000000        0.0000000000000000        0.0000000000000000        4.1698990564107471E-003   0.0000000000000000        0.0000000000000000        0.0000000000000000        4.1698990564107471E-003
 ZTHERM   300.00000000000000        1.0000000000000000        0.0000000000000000        745.12016025383821        0.0000000000000000        0.0000000000000000        0.0000000000000000        0.0000000000000000       0.12814095239745302        0.0000000000000000        0.0000000000000000        0.0000000000000000       0.12814095239745302     
 ZTHERM   2036.0737725631477        1.0000000000000000        0.0000000000000000        874.36533660438363        0.0000000000000000        0.0000000000000000        0.0000000000000000        0.0000000000000000        6.5989676300663748E-003   0.0000000000000000        0.0000000000000000        0.0000000000000000        6.5989676300663748E-003
 ZTHERM   300.00000000000000        1.0000000000000000        0.0000000000000000        874.36533660438363        0.0000000000000000        0.0000000000000000        0.0000000000000000        0.0000000000000000       0.17621713388615623        0.0000000000000000        0.0000000000000000        0.0000000000000000       0.17621713388615623     
 ZTHERM   2036.0737725631477        1.0000000000000000        0.0000000000000000        826.43396747818406        0.0000000000000000        0.0000000000000000        0.0000000000000000        0.0000000000000000        5.8622799972908131E-003   0.0000000000000000        0.0000000000000000        0.0000000000000000        5.8622799972908131E-003
 ZTHERM   300.00000000000000        1.0000000000000000        0.0000000000000000        826.43396747818406        0.0000000000000000        0.0000000000000000        0.0000000000000000        0.0000000000000000       0.16522768313721509        0.0000000000000000        0.0000000000000000        0.0000000000000000       0.16522768313721509     
 ZTHERM   2036.0737725631477        1.0000000000000000        0.0000000000000000        988.08962603013015        0.0000000000000000        0.0000000000000000        0.0000000000000000        0.0000000000000000        2.5063335960592702E-002   0.0000000000000000        0.0000000000000000        0.0000000000000000        2.5063335960592702E-002
 ZTHERM   300.00000000000000        1.0000000000000000        0.0000000000000000        988.08962603013015        0.0000000000000000        0.0000000000000000        0.0000000000000000        0.0000000000000000       0.58404418582711048        0.0000000000000000        0.0000000000000000        0.0000000000000000       0.58404418582711048     
 ZTHERM   2036.0737725631477        1.0000000000000000        0.0000000000000000        829.92842000877499        0.0000000000000000        0.0000000000000000        0.0000000000000000        0.0000000000000000        1.7765467283112214E-002   0.0000000000000000        0.0000000000000000        0.0000000000000000        1.7765467283112214E-002
 ZTHERM   300.00000000000000        1.0000000000000000        0.0000000000000000        829.92842000877499        0.0000000000000000        0.0000000000000000        0.0000000000000000        0.0000000000000000       0.49878747279275176        0.0000000000000000        0.0000000000000000        0.0000000000000000       0.49878747279275176     
 ZTHERM   2036.0737725631477        1.0000000000000000        0.0000000000000000        935.76603632317369        0.0000000000000000        0.0000000000000000        0.0000000000000000        0.0000000000000000        1.9099610383447985E-002   0.0000000000000000        0.0000000000000000        0.0000000000000000        1.9099610383447985E-002
 ZTHERM   300.00000000000000        1.0000000000000000        0.0000000000000000        935.76603632317369        0.0000000000000000        0.0000000000000000        0.0000000000000000        0.0000000000000000       0.47450832001819959        0.0000000000000000        0.0000000000000000        0.0000000000000000       0.47450832001819959     
 ZTHERM   2036.0737725631477        1.0000000000000000        0.0000000000000000        829.86107281187742        0.0000000000000000        0.0000000000000000        0.0000000000000000        0.0000000000000000        1.4465983292152755E-002   0.0000000000000000        0.0000000000000000        0.0000000000000000        1.4465983292152755E-002
 ZTHERM   300.00000000000000        1.0000000000000000        0.0000000000000000        829.86107281187742        0.0000000000000000        0.0000000000000000        0.0000000000000000        0.0000000000000000       0.40618065593620373        0.0000000000000000        0.0000000000000000        0.0000000000000000       0.40618065593620373     
 ZTHERM   2036.0737725631477        1.0000000000000000        0.0000000000000000        962.07929146395486        0.0000000000000000        0.0000000000000000        0.0000000000000000        0.0000000000000000        2.0183480598680179E-002   0.0000000000000000        0.0000000000000000        0.0000000000000000        2.0183480598680179E-002
 ZTHERM   300.00000000000000        1.0000000000000000        0.0000000000000000        962.07929146395486        0.0000000000000000        0.0000000000000000        0.0000000000000000        0.0000000000000000       0.48567956065429679        0.0000000000000000        0.0000000000000000        0.0000000000000000       0.48567956065429679     
 ZTHERM   2036.0737725631477        1.0000000000000000        0.0000000000000000        933.30554641264268        0.0000000000000000        0.0000000000000000        0.0000000000000000        0.0000000000000000        1.5460322138077522E-002   0.0000000000000000        0.0000000000000000        0.0000000000000000        1.5460322138077522E-002
 ZTHERM   300.00000000000000        1.0000000000000000        0.0000000000000000        933.30554641264268        0.0000000000000000        0.0000000000000000        0.0000000000000000        0.0000000000000000       0.38523129172412901        0.0000000000000000        0.0000000000000000        0.0000000000000000       0.38523129172412901     
 ZTHERM   2036.0737725631477        1.0000000000000000        0.0000000000000000        936.14836360809682        0.0000000000000000        0.0000000000000000        0.0000000000000000        0.0000000000000000        1.2444474091487754E-002   0.0000000000000000        0.0000000000000000        0.0000000000000000        1.2444474091487754E-002
 ZTHERM   300.00000000000000        1.0000000000000000        0.0000000000000000        936.14836360809682        0.0000000000000000        0.0000000000000000        0.0000000000000000        0.0000000000000000       0.30902684159459709        0.0000000000000000        0.0000000000000000        0.0000000000000000       0.30902684159459709     
 ZTHERM   2036.0737725631477        1.0000000000000000        0.0000000000000000        838.39629841473106        0.0000000000000000        0.0000000000000000        0.0000000000000000        0.0000000000000000        1.1749470698600589E-002   0.0000000000000000        0.0000000000000000        0.0000000000000000        1.1749470698600589E-002
 ZTHERM   300.00000000000000        1.0000000000000000        0.0000000000000000        838.39629841473106        0.0000000000000000        0.0000000000000000        0.0000000000000000        0.0000000000000000       0.32679207805359028        0.0000000000000000        0.0000000000000000        0.0000000000000000       0.32679207805359028     
 ZTHERM   2036.0737725631477        1.0000000000000000        0.0000000000000000        890.12962673251070        0.0000000000000000        0.0000000000000000        0.0000000000000000        0.0000000000000000        1.6605424496681623E-002   0.0000000000000000        0.0000000000000000        0.0000000000000000        1.6605424496681623E-002
 ZTHERM   300.00000000000000        1.0000000000000000        0.0000000000000000        890.12962673251070        0.0000000000000000        0.0000000000000000        0.0000000000000000        0.0000000000000000       0.43542198814599103        0.0000000000000000        0.0000000000000000        0.0000000000000000       0.43542198814599103     
 ZTHERM   2036.0737725631477        1.0000000000000000        0.0000000000000000        872.25417412040622        0.0000000000000000        0.0000000000000000        0.0000000000000000        0.0000000000000000        1.4119625085139908E-002   0.0000000000000000        0.0000000000000000        0.0000000000000000        1.4119625085139908E-002
 ZTHERM   300.00000000000000        1.0000000000000000        0.0000000000000000        872.25417412040622        0.0000000000000000        0.0000000000000000        0.0000000000000000        0.0000000000000000       0.37796137864086710        0.0000000000000000        0.0000000000000000        0.0000000000000000       0.37796137864086710     
 ZTHERM   2036.0737725631477        1.0000000000000000        0.0000000000000000        940.50654032687646        0.0000000000000000        0.0000000000000000        0.0000000000000000        0.0000000000000000        1.7812842888480077E-002   0.0000000000000000        0.0000000000000000        0.0000000000000000        1.7812842888480077E-002
 ZTHERM   300.00000000000000        1.0000000000000000        0.0000000000000000        940.50654032687646        0.0000000000000000        0.0000000000000000        0.0000000000000000        0.0000000000000000       0.44002067260797040        0.0000000000000000        0.0000000000000000        0.0000000000000000       0.44002067260797040     
 ZTHERM   2036.0737725631477        1.0000000000000000        0.0000000000000000        845.70749965276195        0.0000000000000000        0.0000000000000000        0.0000000000000000        0.0000000000000000        1.5347365327400751E-002   0.0000000000000000        0.0000000000000000        0.0000000000000000        1.5347365327400751E-002
 ZTHERM   300.00000000000000        1.0000000000000000        0.0000000000000000        845.70749965276195        0.0000000000000000        0.0000000000000000        0.0000000000000000        0.0000000000000000       0.42338516581198404        0.0000000000000000        0.0000000000000000        0.0000000000000000       0.42338516581198404     
 ZTHERM   2036.0737725631477        1.0000000000000000        0.0000000000000000        946.17697581327138        0.0000000000000000        0.0000000000000000        0.0000000000000000        0.0000000000000000        1.7410657421782744E-002   0.0000000000000000        0.0000000000000000        0.0000000000000000        1.7410657421782744E-002
 ZTHERM   300.00000000000000        1.0000000000000000        0.0000000000000000        946.17697581327138        0.0000000000000000        0.0000000000000000        0.0000000000000000        0.0000000000000000       0.42714801534613162        0.0000000000000000        0.0000000000000000        0.0000000000000000       0.42714801534613162     
 ZTHERM   2036.0737725631477        1.0000000000000000        0.0000000000000000        937.11232082472361        0.0000000000000000        0.0000000000000000        0.0000000000000000        0.0000000000000000        1.6658687844675585E-002   0.0000000000000000        0.0000000000000000        0.0000000000000000        1.6658687844675585E-002
 ZTHERM   300.00000000000000        1.0000000000000000        0.0000000000000000        937.11232082472361        0.0000000000000000        0.0000000000000000        0.0000000000000000        0.0000000000000000       0.41319664500218484        0.0000000000000000        0.0000000000000000        0.0000000000000000       0.41319664500218484     
 ZTHERM   2036.0737725631477        1.0000000000000000        0.0000000000000000        987.29240227144453        0.0000000000000000        0.0000000000000000        0.0000000000000000        0.0000000000000000        2.8254109343354605E-002   0.0000000000000000        0.0000000000000000        0.0000000000000000        2.8254109343354605E-002
 ZTHERM   300.00000000000000        1.0000000000000000        0.0000000000000000        987.29240227144453        0.0000000000000000        0.0000000000000000        0.0000000000000000        0.0000000000000000       0.65905158180342338        0.0000000000000000        0.0000000000000000        0.0000000000000000       0.65905158180342338     
 ZTHERM   2036.0737725631477        1.0000000000000000        0.0000000000000000        867.59577256462774        0.0000000000000000        0.0000000000000000        0.0000000000000000        0.0000000000000000        1.5505832911021407E-002   0.0000000000000000        0.0000000000000000        0.0000000000000000        1.5505832911021407E-002
 ZTHERM   300.00000000000000        1.0000000000000000        0.0000000000000000        867.59577256462774        0.0000000000000000        0.0000000000000000        0.0000000000000000        0.0000000000000000       0.41728682421021485        0.0000000000000000        0.0000000000000000        0.0000000000000000       0.41728682421021485     
 ZTHERM   2036.0737725631477        1.0000000000000000        0.0000000000000000        916.14606061283769        0.0000000000000000        0.0000000000000000        0.0000000000000000        0.0000000000000000        2.0903997662205888E-002   0.0000000000000000        0.0000000000000000        0.0000000000000000        2.0903997662205888E-002
 ZTHERM   300.00000000000000        1.0000000000000000        0.0000000000000000        916.14606061283769        0.0000000000000000        0.0000000000000000        0.0000000000000000        0.0000000000000000       0.53164605031653167        0.0000000000000000        0.0000000000000000        0.0000000000000000       0.53164605031653167     
 ZTHERM   2036.0737725631477        1.0000000000000000        0.0000000000000000        945.34825957491933        0.0000000000000000        0.0000000000000000        0.0000000000000000        0.0000000000000000        3.6983855001969386E-002   0.0000000000000000        0.0000000000000000        0.0000000000000000        3.6983855001969386E-002
 ZTHERM   300.00000000000000        1.0000000000000000        0.0000000000000000        945.34825957491933        0.0000000000000000        0.0000000000000000        0.0000000000000000        0.0000000000000000       0.90826201456441502        0.0000000000000000        0.0000000000000000        0.0000000000000000       0.90826201456441502     
 ZTHERM   2036.0737725631477        1.0000000000000000        0.0000000000000000        942.65727489717870        0.0000000000000000        0.0000000000000000        0.0000000000000000        0.0000000000000000        1.4771688819191570E-002   0.0000000000000000        0.0000000000000000        0.0000000000000000        1.4771688819191570E-002
 ZTHERM   300.00000000000000        1.0000000000000000        0.0000000000000000        942.65727489717870        0.0000000000000000        0.0000000000000000        0.0000000000000000        0.0000000000000000       0.36395053952346634        0.0000000000000000        0.0000000000000000        0.0000000000000000       0.36395053952346634     
 ZTHERM   2036.0737725631477        1.0000000000000000        0.0000000000000000        716.49670736673556        0.0000000000000000        0.0000000000000000        0.0000000000000000        0.0000000000000000        8.3700300073315248E-003   0.0000000000000000        0.0000000000000000        0.0000000000000000        8.3700300073315248E-003
 ZTHERM   300.00000000000000        1.0000000000000000        0.0000000000000000        716.49670736673556        0.0000000000000000        0.0000000000000000        0.0000000000000000        0.0000000000000000       0.26472836115471765        0.0000000000000000        0.0000000000000000        0.0000000000000000       0.26472836115471765     
 ZTHERM   2036.0737725631477        1.0000000000000000        0.0000000000000000        986.96484565078958        0.0000000000000000        0.0000000000000000        0.0000000000000000        0.0000000000000000        2.1091150365888666E-002   0.0000000000000000        0.0000000000000000        0.0000000000000000        2.1091150365888666E-002
 ZTHERM   300.00000000000000        1.0000000000000000        0.0000000000000000        986.96484565078958        0.0000000000000000        0.0000000000000000        0.0000000000000000        0.0000000000000000       0.49216990897544666        0.0000000000000000        0.0000000000000000        0.0000000000000000       0.49216990897544666     
 ZTHERM   2036.0737725631477        1.0000000000000000        0.0000000000000000        740.69101808637026        0.0000000000000000        0.0000000000000000        0.0000000000000000        0.0000000000000000        1.1951213037131345E-002   0.0000000000000000        0.0000000000000000        0.0000000000000000        1.1951213037131345E-002
 ZTHERM   300.00000000000000        1.0000000000000000        0.0000000000000000        740.69101808637026        0.0000000000000000        0.0000000000000000        0.0000000000000000        0.0000000000000000       0.36892244785407036        0.0000000000000000        0.0000000000000000        0.0000000000000000       0.36892244785407036     
 ZTHERM   2036.0737725631477        1.0000000000000000        0.0000000000000000        1001.1958979989581        0.0000000000000000        0.0000000000000000        0.0000000000000000        0.0000000000000000        1.9612037020448274E-002   0.0000000000000000        0.0000000000000000        0.0000000000000000        1.9612037020448274E-002
 ZTHERM   300.00000000000000        1.0000000000000000        0.0000000000000000        1001.1958979989581        0.0000000000000000        0.0000000000000000        0.0000000000000000        0.0000000000000000       0.44958693697949842        0.0000000000000000        0.0000000000000000        0.0000000000000000       0.44958693697949842     
 ZTHERM   2036.0737725631477        1.0000000000000000        0.0000000000000000        742.72400250335261        0.0000000000000000        0.0000000000000000        0.0000000000000000        0.0000000000000000        1.2931290066082943E-002   0.0000000000000000        0.0000000000000000        0.0000000000000000        1.2931290066082943E-002
 ZTHERM   300.00000000000000        1.0000000000000000        0.0000000000000000        742.72400250335261        0.0000000000000000        0.0000000000000000        0.0000000000000000        0.0000000000000000       0.39835117536377079        0.0000000000000000        0.0000000000000000        0.0000000000000000       0.39835117536377079     
 ZTHERM   2036.0737725631477        1.0000000000000000        0.0000000000000000        1047.4582628175058        0.0000000000000000        0.0000000000000000        0.0000000000000000        0.0000000000000000        2.4725159374663797E-002   0.0000000000000000        0.0000000000000000        0.0000000000000000        2.4725159374663797E-002
 ZTHERM   300.00000000000000        1.0000000000000000        0.0000000000000000        1047.4582628175058        0.0000000000000000        0.0000000000000000        0.0000000000000000        0.0000000000000000       0.53439014868310541        0.0000000000000000        0.0000000000000000        0.0000000000000000       0.53439014868310541     
 ZTHERM   2036.0737725631477        1.0000000000000000        0.0000000000000000        857.87312841644268        0.0000000000000000        0.0000000000000000        0.0000000000000000        0.0000000000000000        1.6691942266963373E-002   0.0000000000000000        0.0000000000000000        0.0000000000000000        1.6691942266963373E-002
 ZTHERM   300.00000000000000        1.0000000000000000        0.0000000000000000        857.87312841644268        0.0000000000000000        0.0000000000000000        0.0000000000000000        0.0000000000000000       0.45420388980582699        0.0000000000000000        0.0000000000000000        0.0000000000000000       0.45420388980582699     
 ZTHERM   2036.0737725631477        1.0000000000000000        0.0000000000000000        1050.9100982199861        0.0000000000000000        0.0000000000000000        0.0000000000000000        0.0000000000000000        2.9437642185699022E-002   0.0000000000000000        0.0000000000000000        0.0000000000000000        2.9437642185699022E-002
 ZTHERM   300.00000000000000        1.0000000000000000        0.0000000000000000        1050.9100982199861        0.0000000000000000        0.0000000000000000        0.0000000000000000        0.0000000000000000       0.63341275727048596        0.0000000000000000        0.0000000000000000        0.0000000000000000       0.63341275727048596     
 ZTHERM   2036.0737725631477        1.0000000000000000        0.0000000000000000        771.24358979442536        0.0000000000000000        0.0000000000000000        0.0000000000000000        0.0000000000000000        1.8141389061657177E-002   0.0000000000000000        0.0000000000000000        0.0000000000000000        1.8141389061657177E-002
 ZTHERM   300.00000000000000        1.0000000000000000        0.0000000000000000        771.24358979442536        0.0000000000000000        0.0000000000000000        0.0000000000000000        0.0000000000000000       0.54260991330372588        0.0000000000000000        0.0000000000000000        0.0000000000000000       0.54260991330372588     
 ZTHERM   2036.0737725631477        1.0000000000000000        0.0000000000000000        860.20319658187975        0.0000000000000000        0.0000000000000000        0.0000000000000000        0.0000000000000000        1.6191362091118468E-002   0.0000000000000000        0.0000000000000000        0.0000000000000000        1.6191362091118468E-002
 ZTHERM   300.00000000000000        1.0000000000000000        0.0000000000000000        860.20319658187975        0.0000000000000000        0.0000000000000000        0.0000000000000000        0.0000000000000000       0.43941960051115359        0.0000000000000000        0.0000000000000000        0.0000000000000000       0.43941960051115359     
 ZTHERM   2036.0737725631477        1.0000000000000000        0.0000000000000000        1020.7665433410339        0.0000000000000000        0.0000000000000000        0.0000000000000000        0.0000000000000000        3.5536513590973047E-002   0.0000000000000000        0.0000000000000000        0.0000000000000000        3.5536513590973047E-002
 ZTHERM   300.00000000000000        1.0000000000000000        0.0000000000000000        1020.7665433410339        0.0000000000000000        0.0000000000000000        0.0000000000000000        0.0000000000000000       0.79475477242081416        0.0000000000000000        0.0000000000000000        0.0000000000000000       0.79475477242081416     
 ZTHERM   2036.0737725631477        1.0000000000000000        0.0000000000000000        840.51280182644018        0.0000000000000000        0.0000000000000000        0.0000000000000000        0.0000000000000000        2.4320090715783234E-002   0.0000000000000000        0.0000000000000000        0.0000000000000000        2.4320090715783234E-002
 ZTHERM   300.00000000000000        1.0000000000000000        0.0000000000000000        840.51280182644018        0.0000000000000000        0.0000000000000000        0.0000000000000000        0.0000000000000000       0.67482719829403326        0.0000000000000000        0.0000000000000000        0.0000000000000000       0.67482719829403326     
 ZTHERM   2036.0737725631477        1.0000000000000000        0.0000000000000000        983.23132953623508        0.0000000000000000        0.0000000000000000        0.0000000000000000        0.0000000000000000        3.2935854581061352E-002   0.0000000000000000        0.0000000000000000        0.0000000000000000        3.2935854581061352E-002
 ZTHERM   300.00000000000000        1.0000000000000000        0.0000000000000000        983.23132953623508        0.0000000000000000        0.0000000000000000        0.0000000000000000        0.0000000000000000       0.77214459789345746        0.0000000000000000        0.0000000000000000        0.0000000000000000       0.77214459789345746     
 ZTHERM   2036.0737725631477        1.0000000000000000        0.0000000000000000        763.64039127627404        0.0000000000000000        0.0000000000000000        0.0000000000000000        0.0000000000000000        1.9717078008145900E-002   0.0000000000000000        0.0000000000000000        0.0000000000000000        1.9717078008145900E-002
 ZTHERM   300.00000000000000        1.0000000000000000        0.0000000000000000        763.64039127627404        0.0000000000000000        0.0000000000000000        0.0000000000000000        0.0000000000000000       0.59444248720518134        0.0000000000000000        0.0000000000000000        0.0000000000000000       0.59444248720518134     
 ZTHERM   2036.0737725631477        1.0000000000000000        0.0000000000000000        894.29289432395649        0.0000000000000000        0.0000000000000000        0.0000000000000000        0.0000000000000000        2.6980115329225767E-002   0.0000000000000000        0.0000000000000000        0.0000000000000000        2.6980115329225767E-002
 ZTHERM   300.00000000000000        1.0000000000000000        0.0000000000000000        894.29289432395649        0.0000000000000000        0.0000000000000000        0.0000000000000000        0.0000000000000000       0.70404196580179179        0.0000000000000000        0.0000000000000000        0.0000000000000000       0.70404196580179179     
 ZTHERM   2036.0737725631477        1.0000000000000000        0.0000000000000000        879.07548856262088        0.0000000000000000        0.0000000000000000        0.0000000000000000        0.0000000000000000        2.6240154772911521E-002   0.0000000000000000        0.0000000000000000        0.0000000000000000        2.6240154772911521E-002
 ZTHERM   300.00000000000000        1.0000000000000000        0.0000000000000000        879.07548856262088        0.0000000000000000        0.0000000000000000        0.0000000000000000        0.0000000000000000       0.69692302997050570        0.0000000000000000        0.0000000000000000        0.0000000000000000       0.69692302997050570     
 ZTHERM   2036.0737725631477        1.0000000000000000        0.0000000000000000        871.77506766072622        0.0000000000000000        0.0000000000000000        0.0000000000000000        0.0000000000000000        2.5966285548886931E-002   0.0000000000000000        0.0000000000000000        0.0000000000000000        2.5966285548886931E-002
 ZTHERM   300.00000000000000        1.0000000000000000        0.0000000000000000        871.77506766072622        0.0000000000000000        0.0000000000000000        0.0000000000000000        0.0000000000000000       0.69546072779425439        0.0000000000000000        0.0000000000000000        0.0000000000000000       0.69546072779425439     
 ZTHERM   2036.0737725631477        1.0000000000000000        0.0000000000000000        1069.9163669765464        0.0000000000000000        0.0000000000000000        0.0000000000000000        0.0000000000000000        3.8585008692026301E-002   0.0000000000000000        0.0000000000000000        0.0000000000000000        3.8585008692026301E-002
 ZTHERM   300.00000000000000        1.0000000000000000        0.0000000000000000        1069.9163669765464        0.0000000000000000        0.0000000000000000        0.0000000000000000        0.0000000000000000       0.80998811762439393        0.0000000000000000        0.0000000000000000        0.0000000000000000       0.80998811762439393     
 ZTHERM   2036.0737725631477        1.0000000000000000        0.0000000000000000        885.16279743441407        0.0000000000000000        0.0000000000000000        0.0000000000000000        0.0000000000000000        2.6543071300861608E-002   0.0000000000000000        0.0000000000000000        0.0000000000000000        2.6543071300861608E-002
 ZTHERM   300.00000000000000        1.0000000000000000        0.0000000000000000        885.16279743441407        0.0000000000000000        0.0000000000000000        0.0000000000000000        0.0000000000000000       0.70002699417834646        0.0000000000000000        0.0000000000000000        0.0000000000000000       0.70002699417834646     
 ZTHERM   2036.0737725631477        1.0000000000000000        0.0000000000000000        872.88653626497546        0.0000000000000000        0.0000000000000000        0.0000000000000000        0.0000000000000000        2.9630477126827759E-002   0.0000000000000000        0.0000000000000000        0.0000000000000000        2.9630477126827759E-002
 ZTHERM   300.00000000000000        1.0000000000000000        0.0000000000000000        872.88653626497546        0.0000000000000000        0.0000000000000000        0.0000000000000000        0.0000000000000000       0.79258882322076629        0.0000000000000000        0.0000000000000000        0.0000000000000000       0.79258882322076629     
 ZTHERM   2036.0737725631477        1.0000000000000000        0.0000000000000000        821.01521713730938        0.0000000000000000        0.0000000000000000        0.0000000000000000        0.0000000000000000        2.1910663106169147E-002   0.0000000000000000        0.0000000000000000        0.0000000000000000        2.1910663106169147E-002
 ZTHERM   300.00000000000000        1.0000000000000000        0.0000000000000000        821.01521713730938        0.0000000000000000        0.0000000000000000        0.0000000000000000        0.0000000000000000       0.62124469375373403        0.0000000000000000        0.0000000000000000        0.0000000000000000       0.62124469375373403     
 ZTHERM   2036.0737725631477        1.0000000000000000        0.0000000000000000        871.37432513276576        0.0000000000000000        0.0000000000000000        0.0000000000000000        0.0000000000000000        2.5659261084946490E-002   0.0000000000000000        0.0000000000000000        0.0000000000000000        2.5659261084946490E-002
 ZTHERM   300.00000000000000        1.0000000000000000        0.0000000000000000        871.37432513276576        0.0000000000000000        0.0000000000000000        0.0000000000000000        0.0000000000000000       0.68755329410585242        0.0000000000000000        0.0000000000000000        0.0000000000000000       0.68755329410585242     
 ZTHERM   2036.0737725631477        1.0000000000000000        0.0000000000000000        971.09303718657736        0.0000000000000000        0.0000000000000000        0.0000000000000000        0.0000000000000000        3.1884111724252762E-002   0.0000000000000000        0.0000000000000000        0.0000000000000000        3.1884111724252762E-002
 ZTHERM   300.00000000000000        1.0000000000000000        0.0000000000000000        971.09303718657736        0.0000000000000000        0.0000000000000000        0.0000000000000000        0.0000000000000000       0.75878992581812343        0.0000000000000000        0.0000000000000000        0.0000000000000000       0.75878992581812343     
 ZTHERM   2036.0737725631477        1.0000000000000000        0.0000000000000000        837.43788304547707        0.0000000000000000        0.0000000000000000        0.0000000000000000        0.0000000000000000        2.3800505025221581E-002   0.0000000000000000        0.0000000000000000        0.0000000000000000        2.3800505025221581E-002
 ZTHERM   300.00000000000000        1.0000000000000000        0.0000000000000000        837.43788304547707        0.0000000000000000        0.0000000000000000        0.0000000000000000        0.0000000000000000       0.66267915282162160        0.0000000000000000        0.0000000000000000        0.0000000000000000       0.66267915282162160     
 ZTHERM   2036.0737725631477        1.0000000000000000        0.0000000000000000        825.32413869775121        0.0000000000000000        0.0000000000000000        0.0000000000000000        0.0000000000000000        2.3197103859515414E-002   0.0000000000000000        0.0000000000000000        0.0000000000000000        2.3197103859515414E-002
 ZTHERM   300.00000000000000        1.0000000000000000        0.0000000000000000        825.32413869775121        0.0000000000000000        0.0000000000000000        0.0000000000000000        0.0000000000000000       0.65460855618344715        0.0000000000000000        0.0000000000000000        0.0000000000000000       0.65460855618344715     
 ZTHERM   2036.0737725631477        1.0000000000000000        0.0000000000000000        658.89365264075627        0.0000000000000000        0.0000000000000000        0.0000000000000000        0.0000000000000000        1.5308975827610490E-002   0.0000000000000000        0.0000000000000000        0.0000000000000000        1.5308975827610490E-002
 ZTHERM   300.00000000000000        1.0000000000000000        0.0000000000000000        658.89365264075627        0.0000000000000000        0.0000000000000000        0.0000000000000000        0.0000000000000000       0.51170389281353390        0.0000000000000000        0.0000000000000000        0.0000000000000000       0.51170389281353390     
 ZTHERM   2036.0737725631477        1.0000000000000000        0.0000000000000000        818.77863613283000        0.0000000000000000        0.0000000000000000        0.0000000000000000        0.0000000000000000        2.2482095612404659E-002   0.0000000000000000        0.0000000000000000        0.0000000000000000        2.2482095612404659E-002
 ZTHERM   300.00000000000000        1.0000000000000000        0.0000000000000000        818.77863613283000        0.0000000000000000        0.0000000000000000        0.0000000000000000        0.0000000000000000       0.63901309647376503        0.0000000000000000        0.0000000000000000        0.0000000000000000       0.63901309647376503     
 ZTHERM   2036.0737725631477        1.0000000000000000        0.0000000000000000        1010.5035292595056        0.0000000000000000        0.0000000000000000        0.0000000000000000        0.0000000000000000        3.1377273826776832E-002   0.0000000000000000        0.0000000000000000        0.0000000000000000        3.1377273826776832E-002
 ZTHERM   300.00000000000000        1.0000000000000000        0.0000000000000000        1010.5035292595056        0.0000000000000000        0.0000000000000000        0.0000000000000000        0.0000000000000000       0.71091496631532025        0.0000000000000000        0.0000000000000000        0.0000000000000000       0.71091496631532025     
 ZTHERM   2036.0737725631477        1.0000000000000000        0.0000000000000000        917.07955301143829        0.0000000000000000        0.0000000000000000        0.0000000000000000        0.0000000000000000        2.5918500610728912E-002   0.0000000000000000        0.0000000000000000        0.0000000000000000        2.5918500610728912E-002
 ZTHERM   300.00000000000000        1.0000000000000000        0.0000000000000000        917.07955301143829        0.0000000000000000        0.0000000000000000        0.0000000000000000        0.0000000000000000       0.65844924628781465        0.0000000000000000        0.0000000000000000        0.0000000000000000       0.65844924628781465     
 ZTHERM   2036.0737725631477        1.0000000000000000        0.0000000000000000        983.97002164594585        0.0000000000000000        0.0000000000000000        0.0000000000000000        0.0000000000000000        2.9784603129283244E-002   0.0000000000000000        0.0000000000000000        0.0000000000000000        2.9784603129283244E-002
 ZTHERM   300.00000000000000        1.0000000000000000        0.0000000000000000        983.97002164594585        0.0000000000000000        0.0000000000000000        0.0000000000000000        0.0000000000000000       0.69762693430862321        0.0000000000000000        0.0000000000000000        0.0000000000000000       0.69762693430862321     
 ZTHERM   2036.0737725631477        1.0000000000000000        0.0000000000000000        928.51775401955672        0.0000000000000000        0.0000000000000000        0.0000000000000000        0.0000000000000000        2.4785745647519043E-002   0.0000000000000000        0.0000000000000000        0.0000000000000000        2.4785745647519043E-002
 ZTHERM   300.00000000000000        1.0000000000000000        0.0000000000000000        928.51775401955672        0.0000000000000000        0.0000000000000000        0.0000000000000000        0.0000000000000000       0.62115004817540365        0.0000000000000000        0.0000000000000000        0.0000000000000000       0.62115004817540365     
 ZTHERM   2036.0737725631477        1.0000000000000000        0.0000000000000000        514.98455979498772        0.0000000000000000        0.0000000000000000        0.0000000000000000        0.0000000000000000        7.6940871763519457E-003   0.0000000000000000        0.0000000000000000        0.0000000000000000        7.6940871763519457E-003
 ZTHERM   300.00000000000000        1.0000000000000000        0.0000000000000000        514.98455979498772        0.0000000000000000        0.0000000000000000        0.0000000000000000        0.0000000000000000       0.29026983788618732        0.0000000000000000        0.0000000000000000        0.0000000000000000       0.29026983788618732     
 ZTHERM   2036.0737725631477        1.0000000000000000        0.0000000000000000        575.64421400207755        0.0000000000000000        0.0000000000000000        0.0000000000000000        0.0000000000000000        9.8856755983989103E-003   0.0000000000000000        0.0000000000000000        0.0000000000000000        9.8856755983989103E-003
 ZTHERM   300.00000000000000        1.0000000000000000        0.0000000000000000        575.64421400207755        0.0000000000000000        0.0000000000000000        0.0000000000000000        0.0000000000000000       0.35549168588312685        0.0000000000000000        0.0000000000000000        0.0000000000000000       0.35549168588312685     
 ZTHERM   2036.0737725631477        1.0000000000000000        0.0000000000000000        896.97049970711862        0.0000000000000000        0.0000000000000000        0.0000000000000000        0.0000000000000000        2.3147630701338427E-002   0.0000000000000000        0.0000000000000000        0.0000000000000000        2.3147630701338427E-002
 ZTHERM   300.00000000000000        1.0000000000000000        0.0000000000000000        896.97049970711862        0.0000000000000000        0.0000000000000000        0.0000000000000000        0.0000000000000000       0.60214837170418967        0.0000000000000000        0.0000000000000000        0.0000000000000000       0.60214837170418967     
 ZTHERM   2036.0737725631477        1.0000000000000000        0.0000000000000000        621.07099268308241        0.0000000000000000        0.0000000000000000        0.0000000000000000        0.0000000000000000        1.1912091074790137E-002   0.0000000000000000        0.0000000000000000        0.0000000000000000        1.1912091074790137E-002
 ZTHERM   300.00000000000000        1.0000000000000000        0.0000000000000000        621.07099268308241        0.0000000000000000        0.0000000000000000        0.0000000000000000        0.0000000000000000       0.41202911420959004        0.0000000000000000        0.0000000000000000        0.0000000000000000       0.41202911420959004     
 ZTHERM   2036.0737725631477        1.0000000000000000        0.0000000000000000        877.85635514321336        0.0000000000000000        0.0000000000000000        0.0000000000000000        0.0000000000000000       -5.5099891827495241E-004  -0.0000000000000000       -0.0000000000000000        0.0000000000000000       -5.5099891827495241E-004
 ZTHERM   300.00000000000000        1.0000000000000000        0.0000000000000000        877.85635514321336        0.0000000000000000        0.0000000000000000        0.0000000000000000        0.0000000000000000       -1.4654777283675150E-002  -0.0000000000000000       -0.0000000000000000        0.0000000000000000       -1.4654777283675150E-002
 ZTHERM   2036.0737725631477        1.0000000000000000        0.0000000000000000        934.40955956158416        0.0000000000000000        0.0000000000000000        0.0000000000000000        0.0000000000000000        4.3454198838126842E-003   0.0000000000000000        0.0000000000000000        0.0000000000000000        4.3454198838126842E-003
 ZTHERM   300.00000000000000        1.0000000000000000        0.0000000000000000        934.40955956158416        0.0000000000000000        0.0000000000000000        0.0000000000000000        0.0000000000000000       0.10813319894075164        0.0000000000000000        0.0000000000000000        0.0000000000000000       0.10813319894075164     
 ZTHERM   2036.0737725631477        1.0000000000000000        0.0000000000000000        1226.4954209706591        0.0000000000000000        0.0000000000000000        0.0000000000000000        0.0000000000000000        4.7206389453285771E-002   0.0000000000000000        0.0000000000000000        0.0000000000000000        4.7206389453285771E-002
 ZTHERM   300.00000000000000        1.0000000000000000        0.0000000000000000        1226.4954209706591        0.0000000000000000        0.0000000000000000        0.0000000000000000        0.0000000000000000       0.80133367789765830        0.0000000000000000        0.0000000000000000        0.0000000000000000       0.80133367789765830     
 ZTHERM   2036.0737725631477        1.0000000000000000        0.0000000000000000        1259.2010833290108        0.0000000000000000        0.0000000000000000        0.0000000000000000        0.0000000000000000        5.0137108808519515E-002   0.0000000000000000        0.0000000000000000        0.0000000000000000        5.0137108808519515E-002
 ZTHERM   300.00000000000000        1.0000000000000000        0.0000000000000000        1259.2010833290108        0.0000000000000000        0.0000000000000000        0.0000000000000000        0.0000000000000000       0.81267838541846027        0.0000000000000000        0.0000000000000000        0.0000000000000000       0.81267838541846027     
 ZTHERM   2036.0737725631477        1.0000000000000000        0.0000000000000000        1076.3090365353394        0.0000000000000000        0.0000000000000000        0.0000000000000000        0.0000000000000000        2.2196221444405934E-002   0.0000000000000000        0.0000000000000000        0.0000000000000000        2.2196221444405934E-002
 ZTHERM   300.00000000000000        1.0000000000000000        0.0000000000000000        1076.3090365353394        0.0000000000000000        0.0000000000000000        0.0000000000000000        0.0000000000000000       0.46206955686662537        0.0000000000000000        0.0000000000000000        0.0000000000000000       0.46206955686662537     
 ZTHERM   2036.0737725631477        1.0000000000000000        0.0000000000000000        913.17099294391164        0.0000000000000000        0.0000000000000000        0.0000000000000000        0.0000000000000000        1.0304066957486759E-002   0.0000000000000000        0.0000000000000000        0.0000000000000000        1.0304066957486759E-002
 ZTHERM   300.00000000000000        1.0000000000000000        0.0000000000000000        913.17099294391164        0.0000000000000000        0.0000000000000000        0.0000000000000000        0.0000000000000000       0.26298567490679653        0.0000000000000000        0.0000000000000000        0.0000000000000000       0.26298567490679653     
 ZTHERM   2036.0737725631477        1.0000000000000000        0.0000000000000000        481.74160027915315        0.0000000000000000        0.0000000000000000        0.0000000000000000        0.0000000000000000        8.3976987919763789E-003   0.0000000000000000        0.0000000000000000        0.0000000000000000        8.3976987919763789E-003
 ZTHERM   300.00000000000000        1.0000000000000000        0.0000000000000000        481.74160027915315        0.0000000000000000        0.0000000000000000        0.0000000000000000        0.0000000000000000       0.32460104392981498        0.0000000000000000        0.0000000000000000        0.0000000000000000       0.32460104392981498     
 ZTHERM   2036.0737725631477        1.0000000000000000        0.0000000000000000        349.41917503574825        0.0000000000000000        0.0000000000000000        0.0000000000000000        0.0000000000000000        4.8622465102702425E-003   0.0000000000000000        0.0000000000000000        0.0000000000000000        4.8622465102702425E-003
 ZTHERM   300.00000000000000        1.0000000000000000        0.0000000000000000        349.41917503574825        0.0000000000000000        0.0000000000000000        0.0000000000000000        0.0000000000000000       0.20398755900677643        0.0000000000000000        0.0000000000000000        0.0000000000000000       0.20398755900677643     
 ZTHERM   2036.0737725631477        1.0000000000000000        0.0000000000000000        476.68422616994496        0.0000000000000000        0.0000000000000000        0.0000000000000000        0.0000000000000000        1.0365083582987199E-002   0.0000000000000000        0.0000000000000000        0.0000000000000000        1.0365083582987199E-002
 ZTHERM   300.00000000000000        1.0000000000000000        0.0000000000000000        476.68422616994496        0.0000000000000000        0.0000000000000000        0.0000000000000000        0.0000000000000000       0.40207921997595525        0.0000000000000000        0.0000000000000000        0.0000000000000000       0.40207921997595525     
 ZTHERM   2111.2860012962306        1.0000000000000000        0.0000000000000000        821.17003026176405        0.0000000000000000        0.0000000000000000        0.0000000000000000        0.0000000000000000        4.3429217621837029E-003   0.0000000000000000        0.0000000000000000        0.0000000000000000        4.3429217621837029E-003
 ZTHERM   300.00000000000000        1.0000000000000000        0.0000000000000000        821.17003026176405        0.0000000000000000        0.0000000000000000        0.0000000000000000        0.0000000000000000       0.13227278841100329        0.0000000000000000        0.0000000000000000        0.0000000000000000       0.13227278841100329     
 ZTHERM   2111.2860012962306        1.0000000000000000        0.0000000000000000        892.37914821716424        0.0000000000000000        0.0000000000000000        0.0000000000000000        0.0000000000000000        6.5351683860507461E-003   0.0000000000000000        0.0000000000000000        0.0000000000000000        6.5351683860507461E-003
 ZTHERM   300.00000000000000        1.0000000000000000        0.0000000000000000        892.37914821716424        0.0000000000000000        0.0000000000000000        0.0000000000000000        0.0000000000000000       0.18359971858645951        0.0000000000000000        0.0000000000000000        0.0000000000000000       0.18359971858645951     
 ZTHERM   2111.2860012962306        1.0000000000000000        0.0000000000000000        898.66834414257767        0.0000000000000000        0.0000000000000000        0.0000000000000000        0.0000000000000000        8.3622784031766595E-003   0.0000000000000000        0.0000000000000000        0.0000000000000000        8.3622784031766595E-003
 ZTHERM   300.00000000000000        1.0000000000000000        0.0000000000000000        898.66834414257767        0.0000000000000000        0.0000000000000000        0.0000000000000000        0.0000000000000000       0.23320889279783105        0.0000000000000000        0.0000000000000000        0.0000000000000000       0.23320889279783105     
 ZTHERM   2111.2860012962306        1.0000000000000000        0.0000000000000000        854.57547473001807        0.0000000000000000        0.0000000000000000        0.0000000000000000        0.0000000000000000        1.0445555576071575E-002   0.0000000000000000        0.0000000000000000        0.0000000000000000        1.0445555576071575E-002
 ZTHERM   300.00000000000000        1.0000000000000000        0.0000000000000000        854.57547473001807        0.0000000000000000        0.0000000000000000        0.0000000000000000        0.0000000000000000       0.30649435009292314        0.0000000000000000        0.0000000000000000        0.0000000000000000       0.30649435009292314     
 ZTHERM   2111.2860012962306        1.0000000000000000        0.0000000000000000        642.72163452242819        0.0000000000000000        0.0000000000000000        0.0000000000000000        0.0000000000000000        1.1724638331820612E-002   0.0000000000000000        0.0000000000000000        0.0000000000000000        1.1724638331820612E-002
 ZTHERM   300.00000000000000        1.0000000000000000        0.0000000000000000        642.72163452242819        0.0000000000000000        0.0000000000000000        0.0000000000000000        0.0000000000000000       0.42747284679340258        0.0000000000000000        0.0000000000000000        0.0000000000000000       0.42747284679340258     
 ZTHERM   2111.2860012962306        1.0000000000000000        0.0000000000000000        842.23670563817825        0.0000000000000000        0.0000000000000000        0.0000000000000000        0.0000000000000000        7.6460437409523558E-003   0.0000000000000000        0.0000000000000000        0.0000000000000000        7.6460437409523558E-003
 ZTHERM   300.00000000000000        1.0000000000000000        0.0000000000000000        842.23670563817825        0.0000000000000000        0.0000000000000000        0.0000000000000000        0.0000000000000000       0.22749099839059767        0.0000000000000000        0.0000000000000000        0.0000000000000000       0.22749099839059767     
 ZTHERM   2111.2860012962306        1.0000000000000000        0.0000000000000000        910.19314668245488        0.0000000000000000        0.0000000000000000        0.0000000000000000        0.0000000000000000        5.5054823393933024E-003   0.0000000000000000        0.0000000000000000        0.0000000000000000        5.5054823393933024E-003
 ZTHERM   300.00000000000000        1.0000000000000000        0.0000000000000000        910.19314668245488        0.0000000000000000        0.0000000000000000        0.0000000000000000        0.0000000000000000       0.15146843033844867        0.0000000000000000        0.0000000000000000        0.0000000000000000       0.15146843033844867     
 ZTHERM   2111.2860012962306        1.0000000000000000        0.0000000000000000        751.15016646442518        0.0000000000000000        0.0000000000000000        0.0000000000000000        0.0000000000000000        3.2275489604445262E-003   0.0000000000000000        0.0000000000000000        0.0000000000000000        3.2275489604445262E-003
 ZTHERM   300.00000000000000        1.0000000000000000        0.0000000000000000        751.15016646442518        0.0000000000000000        0.0000000000000000        0.0000000000000000        0.0000000000000000       0.10591658616775379        0.0000000000000000        0.0000000000000000        0.0000000000000000       0.10591658616775379     
 ZTHERM   2111.2860012962306        1.0000000000000000        0.0000000000000000        882.95829358449316        0.0000000000000000        0.0000000000000000        0.0000000000000000        0.0000000000000000        5.2008875205455515E-003   0.0000000000000000        0.0000000000000000        0.0000000000000000        5.2008875205455515E-003
 ZTHERM   300.00000000000000        1.0000000000000000        0.0000000000000000        882.95829358449316        0.0000000000000000        0.0000000000000000        0.0000000000000000        0.0000000000000000       0.14772346376361026        0.0000000000000000        0.0000000000000000        0.0000000000000000       0.14772346376361026     
 ZTHERM   2111.2860012962306        1.0000000000000000        0.0000000000000000        834.42260582331437        0.0000000000000000        0.0000000000000000        0.0000000000000000        0.0000000000000000        4.6210038080981555E-003   0.0000000000000000        0.0000000000000000        0.0000000000000000        4.6210038080981555E-003
 ZTHERM   300.00000000000000        1.0000000000000000        0.0000000000000000        834.42260582331437        0.0000000000000000        0.0000000000000000        0.0000000000000000        0.0000000000000000       0.13869292009840803        0.0000000000000000        0.0000000000000000        0.0000000000000000       0.13869292009840803     
 ZTHERM   2111.2860012962306        1.0000000000000000        0.0000000000000000        1020.9163888490399        0.0000000000000000        0.0000000000000000        0.0000000000000000        0.0000000000000000        2.4692646186243946E-002   0.0000000000000000        0.0000000000000000        0.0000000000000000        2.4692646186243946E-002
 ZTHERM   300.00000000000000        1.0000000000000000        0.0000000000000000        1020.9163888490399        0.0000000000000000        0.0000000000000000        0.0000000000000000        0.0000000000000000       0.59293545896839506        0.0000000000000000        0.0000000000000000        0.0000000000000000       0.59293545896839506     
 ZTHERM   2111.2860012962306        1.0000000000000000        0.0000000000000000        857.42236405577751        0.0000000000000000        0.0000000000000000        0.0000000000000000        0.0000000000000000        1.7499236384889844E-002   0.0000000000000000        0.0000000000000000        0.0000000000000000        1.7499236384889844E-002
 ZTHERM   300.00000000000000        1.0000000000000000        0.0000000000000000        857.42236405577751        0.0000000000000000        0.0000000000000000        0.0000000000000000        0.0000000000000000       0.51180960491029892        0.0000000000000000        0.0000000000000000        0.0000000000000000       0.51180960491029892     
 ZTHERM   2111.2860012962306        1.0000000000000000        0.0000000000000000        965.57476775680641        0.0000000000000000        0.0000000000000000        0.0000000000000000        0.0000000000000000        1.8645804135002712E-002   0.0000000000000000        0.0000000000000000        0.0000000000000000        1.8645804135002712E-002
 ZTHERM   300.00000000000000        1.0000000000000000        0.0000000000000000        965.57476775680641        0.0000000000000000        0.0000000000000000        0.0000000000000000        0.0000000000000000       0.47983892299094999        0.0000000000000000        0.0000000000000000        0.0000000000000000       0.47983892299094999     
 ZTHERM   2111.2860012962306        1.0000000000000000        0.0000000000000000        854.57430016767228        0.0000000000000000        0.0000000000000000        0.0000000000000000        0.0000000000000000        1.4070627733989757E-002   0.0000000000000000        0.0000000000000000        0.0000000000000000        1.4070627733989757E-002
 ZTHERM   300.00000000000000        1.0000000000000000        0.0000000000000000        854.57430016767228        0.0000000000000000        0.0000000000000000        0.0000000000000000        0.0000000000000000       0.41286206433039152        0.0000000000000000        0.0000000000000000        0.0000000000000000       0.41286206433039152     
 ZTHERM   2111.2860012962306        1.0000000000000000        0.0000000000000000        992.83924782788097        0.0000000000000000        0.0000000000000000        0.0000000000000000        0.0000000000000000        1.9706995007391800E-002   0.0000000000000000        0.0000000000000000        0.0000000000000000        1.9706995007391800E-002
 ZTHERM   300.00000000000000        1.0000000000000000        0.0000000000000000        992.83924782788097        0.0000000000000000        0.0000000000000000        0.0000000000000000        0.0000000000000000       0.49028507527891135        0.0000000000000000        0.0000000000000000        0.0000000000000000       0.49028507527891135     
 ZTHERM   2111.2860012962306        1.0000000000000000        0.0000000000000000        957.20798271195713        0.0000000000000000        0.0000000000000000        0.0000000000000000        0.0000000000000000        1.4915924171871809E-002   0.0000000000000000        0.0000000000000000        0.0000000000000000        1.4915924171871809E-002
 ZTHERM   300.00000000000000        1.0000000000000000        0.0000000000000000        957.20798271195713        0.0000000000000000        0.0000000000000000        0.0000000000000000        0.0000000000000000       0.38781005348591974        0.0000000000000000        0.0000000000000000        0.0000000000000000       0.38781005348591974     
 ZTHERM   2111.2860012962306        1.0000000000000000        0.0000000000000000        956.32757583246996        0.0000000000000000        0.0000000000000000        0.0000000000000000        0.0000000000000000        1.1238151163874182E-002   0.0000000000000000        0.0000000000000000        0.0000000000000000        1.1238151163874182E-002
 ZTHERM   300.00000000000000        1.0000000000000000        0.0000000000000000        956.32757583246996        0.0000000000000000        0.0000000000000000        0.0000000000000000        0.0000000000000000       0.29250348940221099        0.0000000000000000        0.0000000000000000        0.0000000000000000       0.29250348940221099     
 ZTHERM   2111.2860012962306        1.0000000000000000        0.0000000000000000        859.27690232221244        0.0000000000000000        0.0000000000000000        0.0000000000000000        0.0000000000000000        1.1311896251985473E-002   0.0000000000000000        0.0000000000000000        0.0000000000000000        1.1311896251985473E-002
 ZTHERM   300.00000000000000        1.0000000000000000        0.0000000000000000        859.27690232221244        0.0000000000000000        0.0000000000000000        0.0000000000000000        0.0000000000000000       0.33014897028314932        0.0000000000000000        0.0000000000000000        0.0000000000000000       0.33014897028314932     
 ZTHERM   2111.2860012962306        1.0000000000000000        0.0000000000000000        922.71624326801884        0.0000000000000000        0.0000000000000000        0.0000000000000000        0.0000000000000000        1.6187772252303355E-002   0.0000000000000000        0.0000000000000000        0.0000000000000000        1.6187772252303355E-002
 ZTHERM   300.00000000000000        1.0000000000000000        0.0000000000000000        922.71624326801884        0.0000000000000000        0.0000000000000000        0.0000000000000000        0.0000000000000000       0.43878567868920193        0.0000000000000000        0.0000000000000000        0.0000000000000000       0.43878567868920193     
 ZTHERM   2111.2860012962306        1.0000000000000000        0.0000000000000000        902.41382575129626        0.0000000000000000        0.0000000000000000        0.0000000000000000        0.0000000000000000        1.3685394933591218E-002   0.0000000000000000        0.0000000000000000        0.0000000000000000        1.3685394933591218E-002
 ZTHERM   300.00000000000000        1.0000000000000000        0.0000000000000000        902.41382575129626        0.0000000000000000        0.0000000000000000        0.0000000000000000        0.0000000000000000       0.37998632829488338        0.0000000000000000        0.0000000000000000        0.0000000000000000       0.37998632829488338     
 ZTHERM   2111.2860012962306        1.0000000000000000        0.0000000000000000        965.04195182273884        0.0000000000000000        0.0000000000000000        0.0000000000000000        0.0000000000000000        1.6881229018451370E-002   0.0000000000000000        0.0000000000000000        0.0000000000000000        1.6881229018451370E-002
 ZTHERM   300.00000000000000        1.0000000000000000        0.0000000000000000        965.04195182273884        0.0000000000000000        0.0000000000000000        0.0000000000000000        0.0000000000000000       0.43471320577111716        0.0000000000000000        0.0000000000000000        0.0000000000000000       0.43471320577111716     
 ZTHERM   2111.2860012962306        1.0000000000000000        0.0000000000000000        867.14241423039130        0.0000000000000000        0.0000000000000000        0.0000000000000000        0.0000000000000000        1.4567074957327278E-002   0.0000000000000000        0.0000000000000000        0.0000000000000000        1.4567074957327278E-002
 ZTHERM   300.00000000000000        1.0000000000000000        0.0000000000000000        867.14241423039130        0.0000000000000000        0.0000000000000000        0.0000000000000000        0.0000000000000000       0.42135836301659774        0.0000000000000000        0.0000000000000000        0.0000000000000000       0.42135836301659774     
 ZTHERM   2111.2860012962306        1.0000000000000000        0.0000000000000000        970.69752878982138        0.0000000000000000        0.0000000000000000        0.0000000000000000        0.0000000000000000        1.6261757075153871E-002   0.0000000000000000        0.0000000000000000        0.0000000000000000        1.6261757075153871E-002
 ZTHERM   300.00000000000000        1.0000000000000000        0.0000000000000000        970.69752878982138        0.0000000000000000        0.0000000000000000        0.0000000000000000        0.0000000000000000       0.41585525765928594        0.0000000000000000        0.0000000000000000        0.0000000000000000       0.41585525765928594     
 ZTHERM   2111.2860012962306        1.0000000000000000        0.0000000000000000        960.18278045748082        0.0000000000000000        0.0000000000000000        0.0000000000000000        0.0000000000000000        1.5680665364416781E-002   0.0000000000000000        0.0000000000000000        0.0000000000000000        1.5680665364416781E-002
 ZTHERM   300.00000000000000        1.0000000000000000        0.0000000000000000        960.18278045748082        0.0000000000000000        0.0000000000000000        0.0000000000000000        0.0000000000000000       0.40621170200771051        0.0000000000000000        0.0000000000000000        0.0000000000000000       0.40621170200771051     
 ZTHERM   2111.2860012962306        1.0000000000000000        0.0000000000000000        1021.2168481449071        0.0000000000000000        0.0000000000000000        0.0000000000000000        0.0000000000000000        2.7917223600946381E-002   0.0000000000000000        0.0000000000000000        0.0000000000000000        2.7917223600946381E-002
 ZTHERM   300.00000000000000        1.0000000000000000        0.0000000000000000        1021.2168481449071        0.0000000000000000        0.0000000000000000        0.0000000000000000        0.0000000000000000       0.67010972962080162        0.0000000000000000        0.0000000000000000        0.0000000000000000       0.67010972962080162     
 ZTHERM   2111.2860012962306        1.0000000000000000        0.0000000000000000        890.17561218441460        0.0000000000000000        0.0000000000000000        0.0000000000000000        0.0000000000000000        1.4716916531304143E-002   0.0000000000000000        0.0000000000000000        0.0000000000000000        1.4716916531304143E-002
 ZTHERM   300.00000000000000        1.0000000000000000        0.0000000000000000        890.17561218441460        0.0000000000000000        0.0000000000000000        0.0000000000000000        0.0000000000000000       0.41452217556782384        0.0000000000000000        0.0000000000000000        0.0000000000000000       0.41452217556782384     
 ZTHERM   2111.2860012962306        1.0000000000000000        0.0000000000000000        946.14753450829596        0.0000000000000000        0.0000000000000000        0.0000000000000000        0.0000000000000000        2.0115966281518221E-002   0.0000000000000000        0.0000000000000000        0.0000000000000000        2.0115966281518221E-002
 ZTHERM   300.00000000000000        1.0000000000000000        0.0000000000000000        946.14753450829596        0.0000000000000000        0.0000000000000000        0.0000000000000000        0.0000000000000000       0.53010270294224937        0.0000000000000000        0.0000000000000000        0.0000000000000000       0.53010270294224937     
 ZTHERM   2111.2860012962306        1.0000000000000000        0.0000000000000000        990.10607793285442        0.0000000000000000        0.0000000000000000        0.0000000000000000        0.0000000000000000        3.6854950757523368E-002   0.0000000000000000        0.0000000000000000        0.0000000000000000        3.6854950757523368E-002
 ZTHERM   300.00000000000000        1.0000000000000000        0.0000000000000000        990.10607793285442        0.0000000000000000        0.0000000000000000        0.0000000000000000        0.0000000000000000       0.92004254606833058        0.0000000000000000        0.0000000000000000        0.0000000000000000       0.92004254606833058     
 ZTHERM   2111.2860012962306        1.0000000000000000        0.0000000000000000        965.60158522913866        0.0000000000000000        0.0000000000000000        0.0000000000000000        0.0000000000000000        1.3540916594287420E-002   0.0000000000000000        0.0000000000000000        0.0000000000000000        1.3540916594287420E-002
 ZTHERM   300.00000000000000        1.0000000000000000        0.0000000000000000        965.60158522913866        0.0000000000000000        0.0000000000000000        0.0000000000000000        0.0000000000000000       0.34845612364662765        0.0000000000000000        0.0000000000000000        0.0000000000000000       0.34845612364662765     
 ZTHERM   2111.2860012962306        1.0000000000000000        0.0000000000000000        731.69187926060681        0.0000000000000000        0.0000000000000000        0.0000000000000000        0.0000000000000000        7.4249254832957686E-003   0.0000000000000000        0.0000000000000000        0.0000000000000000        7.4249254832957686E-003
 ZTHERM   300.00000000000000        1.0000000000000000        0.0000000000000000        731.69187926060681        0.0000000000000000        0.0000000000000000        0.0000000000000000        0.0000000000000000       0.24854135662497329        0.0000000000000000        0.0000000000000000        0.0000000000000000       0.24854135662497329     
 ZTHERM   2111.2860012962306        1.0000000000000000        0.0000000000000000        1015.0164909311264        0.0000000000000000        0.0000000000000000        0.0000000000000000        0.0000000000000000        1.9685919730275260E-002   0.0000000000000000        0.0000000000000000        0.0000000000000000        1.9685919730275260E-002
 ZTHERM   300.00000000000000        1.0000000000000000        0.0000000000000000        1015.0164909311264        0.0000000000000000        0.0000000000000000        0.0000000000000000        0.0000000000000000       0.47626743852397208        0.0000000000000000        0.0000000000000000        0.0000000000000000       0.47626743852397208     
 ZTHERM   2111.2860012962306        1.0000000000000000        0.0000000000000000        761.68355429240160        0.0000000000000000        0.0000000000000000        0.0000000000000000        0.0000000000000000        1.1153405980877664E-002   0.0000000000000000        0.0000000000000000        0.0000000000000000        1.1153405980877664E-002
 ZTHERM   300.00000000000000        1.0000000000000000        0.0000000000000000        761.68355429240160        0.0000000000000000        0.0000000000000000        0.0000000000000000        0.0000000000000000       0.36204516774291406        0.0000000000000000        0.0000000000000000        0.0000000000000000       0.36204516774291406     
 ZTHERM   2111.2860012962306        1.0000000000000000        0.0000000000000000        1025.2171190546294        0.0000000000000000        0.0000000000000000        0.0000000000000000        0.0000000000000000        1.8029192253351024E-002   0.0000000000000000        0.0000000000000000        0.0000000000000000        1.8029192253351024E-002
 ZTHERM   300.00000000000000        1.0000000000000000        0.0000000000000000        1025.2171190546294        0.0000000000000000        0.0000000000000000        0.0000000000000000        0.0000000000000000       0.43056214881906302        0.0000000000000000        0.0000000000000000        0.0000000000000000       0.43056214881906302     
 ZTHERM   2111.2860012962306        1.0000000000000000        0.0000000000000000        762.37844331333588        0.0000000000000000        0.0000000000000000        0.0000000000000000        0.0000000000000000        1.2040242127584398E-002   0.0000000000000000        0.0000000000000000        0.0000000000000000        1.2040242127584398E-002
 ZTHERM   300.00000000000000        1.0000000000000000        0.0000000000000000        762.37844331333588        0.0000000000000000        0.0000000000000000        0.0000000000000000        0.0000000000000000       0.39054967075686181        0.0000000000000000        0.0000000000000000        0.0000000000000000       0.39054967075686181     
 ZTHERM   2111.2860012962306        1.0000000000000000        0.0000000000000000        1072.3843847893731        0.0000000000000000        0.0000000000000000        0.0000000000000000        0.0000000000000000        2.3051681676070423E-002   0.0000000000000000        0.0000000000000000        0.0000000000000000        2.3051681676070423E-002
 ZTHERM   300.00000000000000        1.0000000000000000        0.0000000000000000        1072.3843847893731        0.0000000000000000        0.0000000000000000        0.0000000000000000        0.0000000000000000       0.51792912747047692        0.0000000000000000        0.0000000000000000        0.0000000000000000       0.51792912747047692     
 ZTHERM   2111.2860012962306        1.0000000000000000        0.0000000000000000        878.30149132278927        0.0000000000000000        0.0000000000000000        0.0000000000000000        0.0000000000000000        1.5559805670966211E-002   0.0000000000000000        0.0000000000000000        0.0000000000000000        1.5559805670966211E-002
 ZTHERM   300.00000000000000        1.0000000000000000        0.0000000000000000        878.30149132278927        0.0000000000000000        0.0000000000000000        0.0000000000000000        0.0000000000000000       0.44433923967838340        0.0000000000000000        0.0000000000000000        0.0000000000000000       0.44433923967838340     
 ZTHERM   2111.2860012962306        1.0000000000000000        0.0000000000000000        1080.7941928604639        0.0000000000000000        0.0000000000000000        0.0000000000000000        0.0000000000000000        2.8028003206381838E-002   0.0000000000000000        0.0000000000000000        0.0000000000000000        2.8028003206381838E-002
 ZTHERM   300.00000000000000        1.0000000000000000        0.0000000000000000        1080.7941928604639        0.0000000000000000        0.0000000000000000        0.0000000000000000        0.0000000000000000       0.62282205646934419        0.0000000000000000        0.0000000000000000        0.0000000000000000       0.62282205646934419     
 ZTHERM   2111.2860012962306        1.0000000000000000        0.0000000000000000        799.42173497723377        0.0000000000000000        0.0000000000000000        0.0000000000000000        0.0000000000000000        1.7347884009608870E-002   0.0000000000000000        0.0000000000000000        0.0000000000000000        1.7347884009608870E-002
 ZTHERM   300.00000000000000        1.0000000000000000        0.0000000000000000        799.42173497723377        0.0000000000000000        0.0000000000000000        0.0000000000000000        0.0000000000000000       0.54103876372424897        0.0000000000000000        0.0000000000000000        0.0000000000000000       0.54103876372424897     
 ZTHERM   2111.2860012962306        1.0000000000000000        0.0000000000000000        880.66796948606702        0.0000000000000000        0.0000000000000000        0.0000000000000000        0.0000000000000000        1.5053199365738634E-002   0.0000000000000000        0.0000000000000000        0.0000000000000000        1.5053199365738634E-002
 ZTHERM   300.00000000000000        1.0000000000000000        0.0000000000000000        880.66796948606702        0.0000000000000000        0.0000000000000000        0.0000000000000000        0.0000000000000000       0.42869855443004629        0.0000000000000000        0.0000000000000000        0.0000000000000000       0.42869855443004629     
 ZTHERM   2111.2860012962306        1.0000000000000000        0.0000000000000000        1057.7859708572869        0.0000000000000000        0.0000000000000000        0.0000000000000000        0.0000000000000000        3.4850349756788732E-002   0.0000000000000000        0.0000000000000000        0.0000000000000000        3.4850349756788732E-002
 ZTHERM   300.00000000000000        1.0000000000000000        0.0000000000000000        1057.7859708572869        0.0000000000000000        0.0000000000000000        0.0000000000000000        0.0000000000000000       0.79808420808197944        0.0000000000000000        0.0000000000000000        0.0000000000000000       0.79808420808197944     
 ZTHERM   2111.2860012962306        1.0000000000000000        0.0000000000000000        869.76438168167590        0.0000000000000000        0.0000000000000000        0.0000000000000000        0.0000000000000000        2.3799773530030092E-002   0.0000000000000000        0.0000000000000000        0.0000000000000000        2.3799773530030092E-002
 ZTHERM   300.00000000000000        1.0000000000000000        0.0000000000000000        869.76438168167590        0.0000000000000000        0.0000000000000000        0.0000000000000000        0.0000000000000000       0.68635387170209383        0.0000000000000000        0.0000000000000000        0.0000000000000000       0.68635387170209383     
 ZTHERM   2111.2860012962306        1.0000000000000000        0.0000000000000000        1019.6744128228714        0.0000000000000000        0.0000000000000000        0.0000000000000000        0.0000000000000000        3.2337220690665809E-002   0.0000000000000000        0.0000000000000000        0.0000000000000000        3.2337220690665809E-002
 ZTHERM   300.00000000000000        1.0000000000000000        0.0000000000000000        1019.6744128228714        0.0000000000000000        0.0000000000000000        0.0000000000000000        0.0000000000000000       0.77772975920019716        0.0000000000000000        0.0000000000000000        0.0000000000000000       0.77772975920019716     
 ZTHERM   2111.2860012962306        1.0000000000000000        0.0000000000000000        794.51395815267028        0.0000000000000000        0.0000000000000000        0.0000000000000000        0.0000000000000000        1.9455582451809589E-002   0.0000000000000000        0.0000000000000000        0.0000000000000000        1.9455582451809589E-002
 ZTHERM   300.00000000000000        1.0000000000000000        0.0000000000000000        794.51395815267028        0.0000000000000000        0.0000000000000000        0.0000000000000000        0.0000000000000000       0.60998736838256851        0.0000000000000000        0.0000000000000000        0.0000000000000000       0.60998736838256851     
 ZTHERM   2111.2860012962306        1.0000000000000000        0.0000000000000000        930.66879693304054        0.0000000000000000        0.0000000000000000        0.0000000000000000        0.0000000000000000        2.6630289672711843E-002   0.0000000000000000        0.0000000000000000        0.0000000000000000        2.6630289672711843E-002
 ZTHERM   300.00000000000000        1.0000000000000000        0.0000000000000000        930.66879693304054        0.0000000000000000        0.0000000000000000        0.0000000000000000        0.0000000000000000       0.71500253979302408        0.0000000000000000        0.0000000000000000        0.0000000000000000       0.71500253979302408     
 ZTHERM   2111.2860012962306        1.0000000000000000        0.0000000000000000        913.07835297291558        0.0000000000000000        0.0000000000000000        0.0000000000000000        0.0000000000000000        2.5824638298502962E-002   0.0000000000000000        0.0000000000000000        0.0000000000000000        2.5824638298502962E-002
 ZTHERM   300.00000000000000        1.0000000000000000        0.0000000000000000        913.07835297291558        0.0000000000000000        0.0000000000000000        0.0000000000000000        0.0000000000000000       0.70807228676378720        0.0000000000000000        0.0000000000000000        0.0000000000000000       0.70807228676378720     
 ZTHERM   2111.2860012962306        1.0000000000000000        0.0000000000000000        903.03308949828590        0.0000000000000000        0.0000000000000000        0.0000000000000000        0.0000000000000000        2.5450998813850340E-002   0.0000000000000000        0.0000000000000000        0.0000000000000000        2.5450998813850340E-002
 ZTHERM   300.00000000000000        1.0000000000000000        0.0000000000000000        903.03308949828590        0.0000000000000000        0.0000000000000000        0.0000000000000000        0.0000000000000000       0.70615360632666713        0.0000000000000000        0.0000000000000000        0.0000000000000000       0.70615360632666713     
 ZTHERM   2111.2860012962306        1.0000000000000000        0.0000000000000000        1109.5465882066264        0.0000000000000000        0.0000000000000000        0.0000000000000000        0.0000000000000000        3.7310121925940853E-002   0.0000000000000000        0.0000000000000000        0.0000000000000000        3.7310121925940853E-002
 ZTHERM   300.00000000000000        1.0000000000000000        0.0000000000000000        1109.5465882066264        0.0000000000000000        0.0000000000000000        0.0000000000000000        0.0000000000000000       0.79807350088106888        0.0000000000000000        0.0000000000000000        0.0000000000000000       0.79807350088106888     
 ZTHERM   2111.2860012962306        1.0000000000000000        0.0000000000000000        917.81662636828321        0.0000000000000000        0.0000000000000000        0.0000000000000000        0.0000000000000000        2.5663200782285699E-002   0.0000000000000000        0.0000000000000000        0.0000000000000000        2.5663200782285699E-002
 ZTHERM   300.00000000000000        1.0000000000000000        0.0000000000000000        917.81662636828321        0.0000000000000000        0.0000000000000000        0.0000000000000000        0.0000000000000000       0.69969892538159972        0.0000000000000000        0.0000000000000000        0.0000000000000000       0.69969892538159972     
 ZTHERM   2111.2860012962306        1.0000000000000000        0.0000000000000000        910.56702192606247        0.0000000000000000        0.0000000000000000        0.0000000000000000        0.0000000000000000        2.8959913916883177E-002   0.0000000000000000        0.0000000000000000        0.0000000000000000        2.8959913916883177E-002
 ZTHERM   300.00000000000000        1.0000000000000000        0.0000000000000000        910.56702192606247        0.0000000000000000        0.0000000000000000        0.0000000000000000        0.0000000000000000       0.79640131992136642        0.0000000000000000        0.0000000000000000        0.0000000000000000       0.79640131992136642     
 ZTHERM   2111.2860012962306        1.0000000000000000        0.0000000000000000        856.78666246645287        0.0000000000000000        0.0000000000000000        0.0000000000000000        0.0000000000000000        2.1369278860745598E-002   0.0000000000000000        0.0000000000000000        0.0000000000000000        2.1369278860745598E-002
 ZTHERM   300.00000000000000        1.0000000000000000        0.0000000000000000        856.78666246645287        0.0000000000000000        0.0000000000000000        0.0000000000000000        0.0000000000000000       0.62544979878506213        0.0000000000000000        0.0000000000000000        0.0000000000000000       0.62544979878506213     
 ZTHERM   2111.2860012962306        1.0000000000000000        0.0000000000000000        903.25757450258050        0.0000000000000000        0.0000000000000000        0.0000000000000000        0.0000000000000000        2.4803557806069767E-002   0.0000000000000000        0.0000000000000000        0.0000000000000000        2.4803557806069767E-002
 ZTHERM   300.00000000000000        1.0000000000000000        0.0000000000000000        903.25757450258050        0.0000000000000000        0.0000000000000000        0.0000000000000000        0.0000000000000000       0.68800824068290445        0.0000000000000000        0.0000000000000000        0.0000000000000000       0.68800824068290445     
 ZTHERM   2111.2860012962306        1.0000000000000000        0.0000000000000000        1009.9780969244912        0.0000000000000000        0.0000000000000000        0.0000000000000000        0.0000000000000000        3.1359198747418056E-002   0.0000000000000000        0.0000000000000000        0.0000000000000000        3.1359198747418056E-002
 ZTHERM   300.00000000000000        1.0000000000000000        0.0000000000000000        1009.9780969244912        0.0000000000000000        0.0000000000000000        0.0000000000000000        0.0000000000000000       0.76353873474508016        0.0000000000000000        0.0000000000000000        0.0000000000000000       0.76353873474508016     
 ZTHERM   2111.2860012962306        1.0000000000000000        0.0000000000000000        870.90189200305906        0.0000000000000000        0.0000000000000000        0.0000000000000000        0.0000000000000000        2.3406857783162940E-002   0.0000000000000000        0.0000000000000000        0.0000000000000000        2.3406857783162940E-002
 ZTHERM   300.00000000000000        1.0000000000000000        0.0000000000000000        870.90189200305906        0.0000000000000000        0.0000000000000000        0.0000000000000000        0.0000000000000000       0.67414264615896369        0.0000000000000000        0.0000000000000000        0.0000000000000000       0.67414264615896369     
 ZTHERM   2111.2860012962306        1.0000000000000000        0.0000000000000000        857.78628802994808        0.0000000000000000        0.0000000000000000        0.0000000000000000        0.0000000000000000        2.2792369772358011E-002   0.0000000000000000        0.0000000000000000        0.0000000000000000        2.2792369772358011E-002
 ZTHERM   300.00000000000000        1.0000000000000000        0.0000000000000000        857.78628802994808        0.0000000000000000        0.0000000000000000        0.0000000000000000        0.0000000000000000       0.66634541019271454        0.0000000000000000        0.0000000000000000        0.0000000000000000       0.66634541019271454     
 ZTHERM   2111.2860012962306        1.0000000000000000        0.0000000000000000        690.04995160174974        0.0000000000000000        0.0000000000000000        0.0000000000000000        0.0000000000000000        1.5353459716102313E-002   0.0000000000000000        0.0000000000000000        0.0000000000000000        1.5353459716102313E-002
 ZTHERM   300.00000000000000        1.0000000000000000        0.0000000000000000        690.04995160174974        0.0000000000000000        0.0000000000000000        0.0000000000000000        0.0000000000000000       0.53549521154269375        0.0000000000000000        0.0000000000000000        0.0000000000000000       0.53549521154269375     
 ZTHERM   2111.2860012962306        1.0000000000000000        0.0000000000000000        854.23632339532116        0.0000000000000000        0.0000000000000000        0.0000000000000000        0.0000000000000000        2.2218084956295243E-002   0.0000000000000000        0.0000000000000000        0.0000000000000000        2.2218084956295243E-002
 ZTHERM   300.00000000000000        1.0000000000000000        0.0000000000000000        854.23632339532116        0.0000000000000000        0.0000000000000000        0.0000000000000000        0.0000000000000000       0.65217523853265591        0.0000000000000000        0.0000000000000000        0.0000000000000000       0.65217523853265591     
 ZTHERM   2111.2860012962306        1.0000000000000000        0.0000000000000000        1047.1975513596130        0.0000000000000000        0.0000000000000000        0.0000000000000000        0.0000000000000000        3.0672982499547110E-002   0.0000000000000000        0.0000000000000000        0.0000000000000000        3.0672982499547110E-002
 ZTHERM   300.00000000000000        1.0000000000000000        0.0000000000000000        1047.1975513596130        0.0000000000000000        0.0000000000000000        0.0000000000000000        0.0000000000000000       0.71212683387896425        0.0000000000000000        0.0000000000000000        0.0000000000000000       0.71212683387896425     
 ZTHERM   2111.2860012962306        1.0000000000000000        0.0000000000000000        950.34573533111939        0.0000000000000000        0.0000000000000000        0.0000000000000000        0.0000000000000000        2.5335495678609331E-002   0.0000000000000000        0.0000000000000000        0.0000000000000000        2.5335495678609331E-002
 ZTHERM   300.00000000000000        1.0000000000000000        0.0000000000000000        950.34573533111939        0.0000000000000000        0.0000000000000000        0.0000000000000000        0.0000000000000000       0.66425243095823494        0.0000000000000000        0.0000000000000000        0.0000000000000000       0.66425243095823494     
 ZTHERM   2111.2860012962306        1.0000000000000000        0.0000000000000000        1019.7266391585014        0.0000000000000000        0.0000000000000000        0.0000000000000000        0.0000000000000000        2.9116856681032220E-002   0.0000000000000000        0.0000000000000000        0.0000000000000000        2.9116856681032220E-002
 ZTHERM   300.00000000000000        1.0000000000000000        0.0000000000000000        1019.7266391585014        0.0000000000000000        0.0000000000000000        0.0000000000000000        0.0000000000000000       0.70023154028562551        0.0000000000000000        0.0000000000000000        0.0000000000000000       0.70023154028562551     
 ZTHERM   2111.2860012962306        1.0000000000000000        0.0000000000000000        966.16523711153513        0.0000000000000000        0.0000000000000000        0.0000000000000000        0.0000000000000000        2.4113080795240098E-002   0.0000000000000000        0.0000000000000000        0.0000000000000000        2.4113080795240098E-002
 ZTHERM   300.00000000000000        1.0000000000000000        0.0000000000000000        966.16523711153513        0.0000000000000000        0.0000000000000000        0.0000000000000000        0.0000000000000000       0.62008574661117166        0.0000000000000000        0.0000000000000000        0.0000000000000000       0.62008574661117166     
 ZTHERM   2111.2860012962306        1.0000000000000000        0.0000000000000000        535.54941149122305        0.0000000000000000        0.0000000000000000        0.0000000000000000        0.0000000000000000        7.4811360461635081E-003   0.0000000000000000        0.0000000000000000        0.0000000000000000        7.4811360461635081E-003
 ZTHERM   300.00000000000000        1.0000000000000000        0.0000000000000000        535.54941149122305        0.0000000000000000        0.0000000000000000        0.0000000000000000        0.0000000000000000       0.29863193053265891        0.0000000000000000        0.0000000000000000        0.0000000000000000       0.29863193053265891     
 ZTHERM   2111.2860012962306        1.0000000000000000        0.0000000000000000        596.62904527612056        0.0000000000000000        0.0000000000000000        0.0000000000000000        0.0000000000000000        9.5644370612718403E-003   0.0000000000000000        0.0000000000000000        0.0000000000000000        9.5644370612718403E-003
 ZTHERM   300.00000000000000        1.0000000000000000        0.0000000000000000        596.62904527612056        0.0000000000000000        0.0000000000000000        0.0000000000000000        0.0000000000000000       0.36319404262648364        0.0000000000000000        0.0000000000000000        0.0000000000000000       0.36319404262648364     
 ZTHERM   2111.2860012962306        1.0000000000000000        0.0000000000000000        933.30793817375957        0.0000000000000000        0.0000000000000000        0.0000000000000000        0.0000000000000000        2.2518963851766046E-002   0.0000000000000000        0.0000000000000000        0.0000000000000000        2.2518963851766046E-002
 ZTHERM   300.00000000000000        1.0000000000000000        0.0000000000000000        933.30793817375957        0.0000000000000000        0.0000000000000000        0.0000000000000000        0.0000000000000000       0.60270266803416073        0.0000000000000000        0.0000000000000000        0.0000000000000000       0.60270266803416073     
 ZTHERM   2111.2860012962306        1.0000000000000000        0.0000000000000000        642.72163452242819        0.0000000000000000        0.0000000000000000        0.0000000000000000        0.0000000000000000        1.1724638331820612E-002   0.0000000000000000        0.0000000000000000        0.0000000000000000        1.1724638331820612E-002
 ZTHERM   300.00000000000000        1.0000000000000000        0.0000000000000000        642.72163452242819        0.0000000000000000        0.0000000000000000        0.0000000000000000        0.0000000000000000       0.42747284679340258        0.0000000000000000        0.0000000000000000        0.0000000000000000       0.42747284679340258     
 ZTHERM   2111.2860012962306        1.0000000000000000        0.0000000000000000        877.32056911533027        0.0000000000000000        0.0000000000000000        0.0000000000000000        0.0000000000000000       -4.8776239938691746E-004  -0.0000000000000000       -0.0000000000000000        0.0000000000000000       -4.8776239938691746E-004
 ZTHERM   300.00000000000000        1.0000000000000000        0.0000000000000000        877.32056911533027        0.0000000000000000        0.0000000000000000        0.0000000000000000        0.0000000000000000       -1.3944736465716381E-002  -0.0000000000000000       -0.0000000000000000        0.0000000000000000       -1.3944736465716381E-002
 ZTHERM   2111.2860012962306        1.0000000000000000        0.0000000000000000        943.65033599571677        0.0000000000000000        0.0000000000000000        0.0000000000000000        0.0000000000000000        3.7897414821816298E-003   0.0000000000000000        0.0000000000000000        0.0000000000000000        3.7897414821816298E-003
 ZTHERM   300.00000000000000        1.0000000000000000        0.0000000000000000        943.65033599571677        0.0000000000000000        0.0000000000000000        0.0000000000000000        0.0000000000000000       0.10017132931362108        0.0000000000000000        0.0000000000000000        0.0000000000000000       0.10017132931362108     
 ZTHERM   2111.2860012962306        1.0000000000000000        0.0000000000000000        1263.0430397052505        0.0000000000000000        0.0000000000000000        0.0000000000000000        0.0000000000000000        4.4826046964062401E-002   0.0000000000000000        0.0000000000000000        0.0000000000000000        4.4826046964062401E-002
 ZTHERM   300.00000000000000        1.0000000000000000        0.0000000000000000        1263.0430397052505        0.0000000000000000        0.0000000000000000        0.0000000000000000        0.0000000000000000       0.77552640464040346        0.0000000000000000        0.0000000000000000        0.0000000000000000       0.77552640464040346     
 ZTHERM   2111.2860012962306        1.0000000000000000        0.0000000000000000        1295.3382331642365        0.0000000000000000        0.0000000000000000        0.0000000000000000        0.0000000000000000        4.7567632367416367E-002   0.0000000000000000        0.0000000000000000        0.0000000000000000        4.7567632367416367E-002
 ZTHERM   300.00000000000000        1.0000000000000000        0.0000000000000000        1295.3382331642365        0.0000000000000000        0.0000000000000000        0.0000000000000000        0.0000000000000000       0.78573036052321710        0.0000000000000000        0.0000000000000000        0.0000000000000000       0.78573036052321710     
 ZTHERM   2111.2860012962306        1.0000000000000000        0.0000000000000000        1104.3397887976951        0.0000000000000000        0.0000000000000000        0.0000000000000000        0.0000000000000000        2.1234080149648726E-002   0.0000000000000000        0.0000000000000000        0.0000000000000000        2.1234080149648726E-002
 ZTHERM   300.00000000000000        1.0000000000000000        0.0000000000000000        1104.3397887976951        0.0000000000000000        0.0000000000000000        0.0000000000000000        0.0000000000000000       0.45736789754629870        0.0000000000000000        0.0000000000000000        0.0000000000000000       0.45736789754629870     
 ZTHERM   2111.2860012962306        1.0000000000000000        0.0000000000000000        937.03420622059127        0.0000000000000000        0.0000000000000000        0.0000000000000000        0.0000000000000000        9.7192272493772953E-003   0.0000000000000000        0.0000000000000000        0.0000000000000000        9.7192272493772953E-003
 ZTHERM   300.00000000000000        1.0000000000000000        0.0000000000000000        937.03420622059127        0.0000000000000000        0.0000000000000000        0.0000000000000000        0.0000000000000000       0.25896309674715917        0.0000000000000000        0.0000000000000000        0.0000000000000000       0.25896309674715917     
 ZTHERM   2111.2860012962306        1.0000000000000000        0.0000000000000000        501.89591576300501        0.0000000000000000        0.0000000000000000        0.0000000000000000        0.0000000000000000        8.2993611319281679E-003   0.0000000000000000        0.0000000000000000        0.0000000000000000        8.2993611319281679E-003
 ZTHERM   300.00000000000000        1.0000000000000000        0.0000000000000000        501.89591576300501        0.0000000000000000        0.0000000000000000        0.0000000000000000        0.0000000000000000       0.33985300462887602        0.0000000000000000        0.0000000000000000        0.0000000000000000       0.33985300462887602     
 ZTHERM   2111.2860012962306        1.0000000000000000        0.0000000000000000        365.70891466915560        0.0000000000000000        0.0000000000000000        0.0000000000000000        0.0000000000000000        4.8332210093016414E-003   0.0000000000000000        0.0000000000000000        0.0000000000000000        4.8332210093016414E-003
 ZTHERM   300.00000000000000        1.0000000000000000        0.0000000000000000        365.70891466915560        0.0000000000000000        0.0000000000000000        0.0000000000000000        0.0000000000000000       0.21608735009656144        0.0000000000000000        0.0000000000000000        0.0000000000000000       0.21608735009656144     
 ZTHERM   2111.2860012962306        1.0000000000000000        0.0000000000000000        505.17069240566758        0.0000000000000000        0.0000000000000000        0.0000000000000000        0.0000000000000000        1.0497299296897678E-002   0.0000000000000000        0.0000000000000000        0.0000000000000000        1.0497299296897678E-002
 ZTHERM   300.00000000000000        1.0000000000000000        0.0000000000000000        505.17069240566758        0.0000000000000000        0.0000000000000000        0.0000000000000000        0.0000000000000000       0.42881890554154434        0.0000000000000000        0.0000000000000000        0.0000000000000000       0.42881890554154434     
 ZTHERM   2181.2941887256684        1.0000000000000000        0.0000000000000000        827.52830281893728        0.0000000000000000        0.0000000000000000        0.0000000000000000        0.0000000000000000        3.9860317591555085E-003   0.0000000000000000        0.0000000000000000        0.0000000000000000        3.9860317591555085E-003
 ZTHERM   300.00000000000000        1.0000000000000000        0.0000000000000000        827.52830281893728        0.0000000000000000        0.0000000000000000        0.0000000000000000        0.0000000000000000       0.12859269440809851        0.0000000000000000        0.0000000000000000        0.0000000000000000       0.12859269440809851     
 ZTHERM   2181.2941887256684        1.0000000000000000        0.0000000000000000        915.32135899047523        0.0000000000000000        0.0000000000000000        0.0000000000000000        0.0000000000000000        5.9737209864759114E-003   0.0000000000000000        0.0000000000000000        0.0000000000000000        5.9737209864759114E-003
 ZTHERM   300.00000000000000        1.0000000000000000        0.0000000000000000        915.32135899047523        0.0000000000000000        0.0000000000000000        0.0000000000000000        0.0000000000000000       0.17422095684152056        0.0000000000000000        0.0000000000000000        0.0000000000000000       0.17422095684152056     
 ZTHERM   2181.2941887256684        1.0000000000000000        0.0000000000000000        908.52938620129737        0.0000000000000000        0.0000000000000000        0.0000000000000000        0.0000000000000000        6.8517540533210184E-003   0.0000000000000000        0.0000000000000000        0.0000000000000000        6.8517540533210184E-003
 ZTHERM   300.00000000000000        1.0000000000000000        0.0000000000000000        908.52938620129737        0.0000000000000000        0.0000000000000000        0.0000000000000000        0.0000000000000000       0.20144449183783134        0.0000000000000000        0.0000000000000000        0.0000000000000000       0.20144449183783134     
 ZTHERM   2181.2941887256684        1.0000000000000000        0.0000000000000000        867.40453003198013        0.0000000000000000        0.0000000000000000        0.0000000000000000        0.0000000000000000        8.9973977694602601E-003   0.0000000000000000        0.0000000000000000        0.0000000000000000        8.9973977694602601E-003
 ZTHERM   300.00000000000000        1.0000000000000000        0.0000000000000000        867.40453003198013        0.0000000000000000        0.0000000000000000        0.0000000000000000        0.0000000000000000       0.27750494590961011        0.0000000000000000        0.0000000000000000        0.0000000000000000       0.27750494590961011     
 ZTHERM   2181.2941887256684        1.0000000000000000        0.0000000000000000        662.50420529333348        0.0000000000000000        0.0000000000000000        0.0000000000000000        0.0000000000000000        1.1547876988208030E-002   0.0000000000000000        0.0000000000000000        0.0000000000000000        1.1547876988208030E-002
 ZTHERM   300.00000000000000        1.0000000000000000        0.0000000000000000        662.50420529333348        0.0000000000000000        0.0000000000000000        0.0000000000000000        0.0000000000000000       0.44110051359225366        0.0000000000000000        0.0000000000000000        0.0000000000000000       0.44110051359225366     
 ZTHERM   2181.2941887256684        1.0000000000000000        0.0000000000000000        851.14978485505526        0.0000000000000000        0.0000000000000000        0.0000000000000000        0.0000000000000000        6.3744159201003618E-003   0.0000000000000000        0.0000000000000000        0.0000000000000000        6.3744159201003618E-003
 ZTHERM   300.00000000000000        1.0000000000000000        0.0000000000000000        851.14978485505526        0.0000000000000000        0.0000000000000000        0.0000000000000000        0.0000000000000000       0.20027673059777357        0.0000000000000000        0.0000000000000000        0.0000000000000000       0.20027673059777357     
 ZTHERM   2181.2941887256684        1.0000000000000000        0.0000000000000000        916.56431614642361        0.0000000000000000        0.0000000000000000        0.0000000000000000        0.0000000000000000        4.3013261888901989E-003   0.0000000000000000        0.0000000000000000        0.0000000000000000        4.3013261888901989E-003
 ZTHERM   300.00000000000000        1.0000000000000000        0.0000000000000000        916.56431614642361        0.0000000000000000        0.0000000000000000        0.0000000000000000        0.0000000000000000       0.12526096922168387        0.0000000000000000        0.0000000000000000        0.0000000000000000       0.12526096922168387     
 ZTHERM   2181.2941887256684        1.0000000000000000        0.0000000000000000        755.43334180694592        0.0000000000000000        0.0000000000000000        0.0000000000000000        0.0000000000000000        2.4636595414687552E-003   0.0000000000000000        0.0000000000000000        0.0000000000000000        2.4636595414687552E-003
 ZTHERM   300.00000000000000        1.0000000000000000        0.0000000000000000        755.43334180694592        0.0000000000000000        0.0000000000000000        0.0000000000000000        0.0000000000000000        8.5868980015424271E-002   0.0000000000000000        0.0000000000000000        0.0000000000000000        8.5868980015424271E-002
 ZTHERM   2181.2941887256684        1.0000000000000000        0.0000000000000000        889.18229603145278        0.0000000000000000        0.0000000000000000        0.0000000000000000        0.0000000000000000        4.0628849546848643E-003   0.0000000000000000        0.0000000000000000        0.0000000000000000        4.0628849546848643E-003
 ZTHERM   300.00000000000000        1.0000000000000000        0.0000000000000000        889.18229603145278        0.0000000000000000        0.0000000000000000        0.0000000000000000        0.0000000000000000       0.12219568721665637        0.0000000000000000        0.0000000000000000        0.0000000000000000       0.12219568721665637     
 ZTHERM   2181.2941887256684        1.0000000000000000        0.0000000000000000        840.21832764975022        0.0000000000000000        0.0000000000000000        0.0000000000000000        0.0000000000000000        3.6101814980372309E-003   0.0000000000000000        0.0000000000000000        0.0000000000000000        3.6101814980372309E-003
 ZTHERM   300.00000000000000        1.0000000000000000        0.0000000000000000        840.21832764975022        0.0000000000000000        0.0000000000000000        0.0000000000000000        0.0000000000000000       0.11483202754342613        0.0000000000000000        0.0000000000000000        0.0000000000000000       0.11483202754342613     
 ZTHERM   2181.2941887256684        1.0000000000000000        0.0000000000000000        1050.2406011765383        0.0000000000000000        0.0000000000000000        0.0000000000000000        0.0000000000000000        2.4315461660786422E-002   0.0000000000000000        0.0000000000000000        0.0000000000000000        2.4315461660786422E-002
 ZTHERM   300.00000000000000        1.0000000000000000        0.0000000000000000        1050.2406011765383        0.0000000000000000        0.0000000000000000        0.0000000000000000        0.0000000000000000       0.59955169837971090        0.0000000000000000        0.0000000000000000        0.0000000000000000       0.59955169837971090     
 ZTHERM   2181.2941887256684        1.0000000000000000        0.0000000000000000        881.98989018343570        0.0000000000000000        0.0000000000000000        0.0000000000000000        0.0000000000000000        1.7229106493767968E-002   0.0000000000000000        0.0000000000000000        0.0000000000000000        1.7229106493767968E-002
 ZTHERM   300.00000000000000        1.0000000000000000        0.0000000000000000        881.98989018343570        0.0000000000000000        0.0000000000000000        0.0000000000000000        0.0000000000000000       0.52253504117418792        0.0000000000000000        0.0000000000000000        0.0000000000000000       0.52253504117418792     
 ZTHERM   2181.2941887256684        1.0000000000000000        0.0000000000000000        992.21479686816997        0.0000000000000000        0.0000000000000000        0.0000000000000000        0.0000000000000000        1.8228930819520792E-002   0.0000000000000000        0.0000000000000000        0.0000000000000000        1.8228930819520792E-002
 ZTHERM   300.00000000000000        1.0000000000000000        0.0000000000000000        992.21479686816997        0.0000000000000000        0.0000000000000000        0.0000000000000000        0.0000000000000000       0.48398540751388125        0.0000000000000000        0.0000000000000000        0.0000000000000000       0.48398540751388125     
 ZTHERM   2181.2941887256684        1.0000000000000000        0.0000000000000000        876.67869252465459        0.0000000000000000        0.0000000000000000        0.0000000000000000        0.0000000000000000        1.3713651189152789E-002   0.0000000000000000        0.0000000000000000        0.0000000000000000        1.3713651189152789E-002
 ZTHERM   300.00000000000000        1.0000000000000000        0.0000000000000000        876.67869252465459        0.0000000000000000        0.0000000000000000        0.0000000000000000        0.0000000000000000       0.41847953141544014        0.0000000000000000        0.0000000000000000        0.0000000000000000       0.41847953141544014     
 ZTHERM   2181.2941887256684        1.0000000000000000        0.0000000000000000        1020.3201558275541        0.0000000000000000        0.0000000000000000        0.0000000000000000        0.0000000000000000        1.9268771464693666E-002   0.0000000000000000        0.0000000000000000        0.0000000000000000        1.9268771464693666E-002
 ZTHERM   300.00000000000000        1.0000000000000000        0.0000000000000000        1020.3201558275541        0.0000000000000000        0.0000000000000000        0.0000000000000000        0.0000000000000000       0.49374448687460443        0.0000000000000000        0.0000000000000000        0.0000000000000000       0.49374448687460443     
 ZTHERM   2181.2941887256684        1.0000000000000000        0.0000000000000000        978.47458547205451        0.0000000000000000        0.0000000000000000        0.0000000000000000        0.0000000000000000        1.4434478452666462E-002   0.0000000000000000        0.0000000000000000        0.0000000000000000        1.4434478452666462E-002
 ZTHERM   300.00000000000000        1.0000000000000000        0.0000000000000000        978.47458547205451        0.0000000000000000        0.0000000000000000        0.0000000000000000        0.0000000000000000       0.38986519756384214        0.0000000000000000        0.0000000000000000        0.0000000000000000       0.38986519756384214     
 ZTHERM   2181.2941887256684        1.0000000000000000        0.0000000000000000        973.59759624919832        0.0000000000000000        0.0000000000000000        0.0000000000000000        0.0000000000000000        1.0213380153794591E-002   0.0000000000000000        0.0000000000000000        0.0000000000000000        1.0213380153794591E-002
 ZTHERM   300.00000000000000        1.0000000000000000        0.0000000000000000        973.59759624919832        0.0000000000000000        0.0000000000000000        0.0000000000000000        0.0000000000000000       0.27752921664292818        0.0000000000000000        0.0000000000000000        0.0000000000000000       0.27752921664292818     
 ZTHERM   2181.2941887256684        1.0000000000000000        0.0000000000000000        877.92324189835358        0.0000000000000000        0.0000000000000000        0.0000000000000000        0.0000000000000000        1.0928194012486896E-002   0.0000000000000000        0.0000000000000000        0.0000000000000000        1.0928194012486896E-002
 ZTHERM   300.00000000000000        1.0000000000000000        0.0000000000000000        877.92324189835358        0.0000000000000000        0.0000000000000000        0.0000000000000000        0.0000000000000000       0.33300076478557966        0.0000000000000000        0.0000000000000000        0.0000000000000000       0.33300076478557966     
 ZTHERM   2181.2941887256684        1.0000000000000000        0.0000000000000000        951.70723292221817        0.0000000000000000        0.0000000000000000        0.0000000000000000        0.0000000000000000        1.5809453992391368E-002   0.0000000000000000        0.0000000000000000        0.0000000000000000        1.5809453992391368E-002
 ZTHERM   300.00000000000000        1.0000000000000000        0.0000000000000000        951.70723292221817        0.0000000000000000        0.0000000000000000        0.0000000000000000        0.0000000000000000       0.44130482803710425        0.0000000000000000        0.0000000000000000        0.0000000000000000       0.44130482803710425     
 ZTHERM   2181.2941887256684        1.0000000000000000        0.0000000000000000        929.16551405820474        0.0000000000000000        0.0000000000000000        0.0000000000000000        0.0000000000000000        1.3298785338199698E-002   0.0000000000000000        0.0000000000000000        0.0000000000000000        1.3298785338199698E-002
 ZTHERM   300.00000000000000        1.0000000000000000        0.0000000000000000        929.16551405820474        0.0000000000000000        0.0000000000000000        0.0000000000000000        0.0000000000000000       0.38149006509608502        0.0000000000000000        0.0000000000000000        0.0000000000000000       0.38149006509608502     
 ZTHERM   2181.2941887256684        1.0000000000000000        0.0000000000000000        986.99745937753687        0.0000000000000000        0.0000000000000000        0.0000000000000000        0.0000000000000000        1.6085099525130740E-002   0.0000000000000000        0.0000000000000000        0.0000000000000000        1.6085099525130740E-002
 ZTHERM   300.00000000000000        1.0000000000000000        0.0000000000000000        986.99745937753687        0.0000000000000000        0.0000000000000000        0.0000000000000000        0.0000000000000000       0.42986138049583456        0.0000000000000000        0.0000000000000000        0.0000000000000000       0.42986138049583456     
 ZTHERM   2181.2941887256684        1.0000000000000000        0.0000000000000000        886.21219019819193        0.0000000000000000        0.0000000000000000        0.0000000000000000        0.0000000000000000        1.3898129200452856E-002   0.0000000000000000        0.0000000000000000        0.0000000000000000        1.3898129200452856E-002
 ZTHERM   300.00000000000000        1.0000000000000000        0.0000000000000000        886.21219019819193        0.0000000000000000        0.0000000000000000        0.0000000000000000        0.0000000000000000       0.41944952472784830        0.0000000000000000        0.0000000000000000        0.0000000000000000       0.41944952472784830     
 ZTHERM   2181.2941887256684        1.0000000000000000        0.0000000000000000        992.37239391822675        0.0000000000000000        0.0000000000000000        0.0000000000000000        0.0000000000000000        1.5284882248913632E-002   0.0000000000000000        0.0000000000000000        0.0000000000000000        1.5284882248913632E-002
 ZTHERM   300.00000000000000        1.0000000000000000        0.0000000000000000        992.37239391822675        0.0000000000000000        0.0000000000000000        0.0000000000000000        0.0000000000000000       0.40573963108858502        0.0000000000000000        0.0000000000000000        0.0000000000000000       0.40573963108858502     
 ZTHERM   2181.2941887256684        1.0000000000000000        0.0000000000000000        980.66408814073554        0.0000000000000000        0.0000000000000000        0.0000000000000000        0.0000000000000000        1.4846857156172394E-002   0.0000000000000000        0.0000000000000000        0.0000000000000000        1.4846857156172394E-002
 ZTHERM   300.00000000000000        1.0000000000000000        0.0000000000000000        980.66408814073554        0.0000000000000000        0.0000000000000000        0.0000000000000000        0.0000000000000000       0.39991375754148512        0.0000000000000000        0.0000000000000000        0.0000000000000000       0.39991375754148512     
 ZTHERM   2181.2941887256684        1.0000000000000000        0.0000000000000000        1052.2601280265128        0.0000000000000000        0.0000000000000000        0.0000000000000000        0.0000000000000000        2.7584510081427777E-002   0.0000000000000000        0.0000000000000000        0.0000000000000000        2.7584510081427777E-002
 ZTHERM   300.00000000000000        1.0000000000000000        0.0000000000000000        1052.2601280265128        0.0000000000000000        0.0000000000000000        0.0000000000000000        0.0000000000000000       0.67837779188280312        0.0000000000000000        0.0000000000000000        0.0000000000000000       0.67837779188280312     
 ZTHERM   2181.2941887256684        1.0000000000000000        0.0000000000000000        910.17559736729356        0.0000000000000000        0.0000000000000000        0.0000000000000000        0.0000000000000000        1.4039439228048935E-002   0.0000000000000000        0.0000000000000000        0.0000000000000000        1.4039439228048935E-002
 ZTHERM   300.00000000000000        1.0000000000000000        0.0000000000000000        910.17559736729356        0.0000000000000000        0.0000000000000000        0.0000000000000000        0.0000000000000000       0.41196197265587703        0.0000000000000000        0.0000000000000000        0.0000000000000000       0.41196197265587703     
 ZTHERM   2181.2941887256684        1.0000000000000000        0.0000000000000000        972.95416739150335        0.0000000000000000        0.0000000000000000        0.0000000000000000        0.0000000000000000        1.9429803743293204E-002   0.0000000000000000        0.0000000000000000        0.0000000000000000        1.9429803743293204E-002
 ZTHERM   300.00000000000000        1.0000000000000000        0.0000000000000000        972.95416739150335        0.0000000000000000        0.0000000000000000        0.0000000000000000        0.0000000000000000       0.52838859673869742        0.0000000000000000        0.0000000000000000        0.0000000000000000       0.52838859673869742     
 ZTHERM   2181.2941887256684        1.0000000000000000        0.0000000000000000        1032.0396658987402        0.0000000000000000        0.0000000000000000        0.0000000000000000        0.0000000000000000        3.6729989802809657E-002   0.0000000000000000        0.0000000000000000        0.0000000000000000        3.6729989802809657E-002
 ZTHERM   300.00000000000000        1.0000000000000000        0.0000000000000000        1032.0396658987402        0.0000000000000000        0.0000000000000000        0.0000000000000000        0.0000000000000000       0.92717265660112946        0.0000000000000000        0.0000000000000000        0.0000000000000000       0.92717265660112946     
 ZTHERM   2181.2941887256684        1.0000000000000000        0.0000000000000000        985.20889951056142        0.0000000000000000        0.0000000000000000        0.0000000000000000        0.0000000000000000        1.2498456017059704E-002   0.0000000000000000        0.0000000000000000        0.0000000000000000        1.2498456017059704E-002
 ZTHERM   300.00000000000000        1.0000000000000000        0.0000000000000000        985.20889951056142        0.0000000000000000        0.0000000000000000        0.0000000000000000        0.0000000000000000       0.33475747223486596        0.0000000000000000        0.0000000000000000        0.0000000000000000       0.33475747223486596     
 ZTHERM   2181.2941887256684        1.0000000000000000        0.0000000000000000        744.23635327366674        0.0000000000000000        0.0000000000000000        0.0000000000000000        0.0000000000000000        6.6348065712655774E-003   0.0000000000000000        0.0000000000000000        0.0000000000000000        6.6348065712655774E-003
 ZTHERM   300.00000000000000        1.0000000000000000        0.0000000000000000        744.23635327366674        0.0000000000000000        0.0000000000000000        0.0000000000000000        0.0000000000000000       0.23393327899066235        0.0000000000000000        0.0000000000000000        0.0000000000000000       0.23393327899066235     
 ZTHERM   2181.2941887256684        1.0000000000000000        0.0000000000000000        1039.6218348944594        0.0000000000000000        0.0000000000000000        0.0000000000000000        0.0000000000000000        1.8491831366441589E-002   0.0000000000000000        0.0000000000000000        0.0000000000000000        1.8491831366441589E-002
 ZTHERM   300.00000000000000        1.0000000000000000        0.0000000000000000        1039.6218348944594        0.0000000000000000        0.0000000000000000        0.0000000000000000        0.0000000000000000       0.46225887818109085        0.0000000000000000        0.0000000000000000        0.0000000000000000       0.46225887818109085     
 ZTHERM   2181.2941887256684        1.0000000000000000        0.0000000000000000        780.10336369125002        0.0000000000000000        0.0000000000000000        0.0000000000000000        0.0000000000000000        1.0475423620775135E-002   0.0000000000000000        0.0000000000000000        0.0000000000000000        1.0475423620775135E-002
 ZTHERM   300.00000000000000        1.0000000000000000        0.0000000000000000        780.10336369125002        0.0000000000000000        0.0000000000000000        0.0000000000000000        0.0000000000000000       0.35578946791311711        0.0000000000000000        0.0000000000000000        0.0000000000000000       0.35578946791311711     
 ZTHERM   2181.2941887256684        1.0000000000000000        0.0000000000000000        1046.1345496364811        0.0000000000000000        0.0000000000000000        0.0000000000000000        0.0000000000000000        1.6690919143906326E-002   0.0000000000000000        0.0000000000000000        0.0000000000000000        1.6690919143906326E-002
 ZTHERM   300.00000000000000        1.0000000000000000        0.0000000000000000        1046.1345496364811        0.0000000000000000        0.0000000000000000        0.0000000000000000        0.0000000000000000       0.41374588910734122        0.0000000000000000        0.0000000000000000        0.0000000000000000       0.41374588910734122     
 ZTHERM   2181.2941887256684        1.0000000000000000        0.0000000000000000        779.78486028799864        0.0000000000000000        0.0000000000000000        0.0000000000000000        0.0000000000000000        1.1285594314745361E-002   0.0000000000000000        0.0000000000000000        0.0000000000000000        1.1285594314745361E-002
 ZTHERM   300.00000000000000        1.0000000000000000        0.0000000000000000        779.78486028799864        0.0000000000000000        0.0000000000000000        0.0000000000000000        0.0000000000000000       0.38343583317031060        0.0000000000000000        0.0000000000000000        0.0000000000000000       0.38343583317031060     
 ZTHERM   2181.2941887256684        1.0000000000000000        0.0000000000000000        1094.2994737723584        0.0000000000000000        0.0000000000000000        0.0000000000000000        0.0000000000000000        2.1635215797820403E-002   0.0000000000000000        0.0000000000000000        0.0000000000000000        2.1635215797820403E-002
 ZTHERM   300.00000000000000        1.0000000000000000        0.0000000000000000        1094.2994737723584        0.0000000000000000        0.0000000000000000        0.0000000000000000        0.0000000000000000       0.50349815668896614        0.0000000000000000        0.0000000000000000        0.0000000000000000       0.50349815668896614     
 ZTHERM   2181.2941887256684        1.0000000000000000        0.0000000000000000        896.26164406850387        0.0000000000000000        0.0000000000000000        0.0000000000000000        0.0000000000000000        1.4601580855284763E-002   0.0000000000000000        0.0000000000000000        0.0000000000000000        1.4601580855284763E-002
 ZTHERM   300.00000000000000        1.0000000000000000        0.0000000000000000        896.26164406850387        0.0000000000000000        0.0000000000000000        0.0000000000000000        0.0000000000000000       0.43553922834298980        0.0000000000000000        0.0000000000000000        0.0000000000000000       0.43553922834298980     
 ZTHERM   2181.2941887256684        1.0000000000000000        0.0000000000000000        1108.1516524358076        0.0000000000000000        0.0000000000000000        0.0000000000000000        0.0000000000000000        2.6832190318046959E-002   0.0000000000000000        0.0000000000000000        0.0000000000000000        2.6832190318046959E-002
 ZTHERM   300.00000000000000        1.0000000000000000        0.0000000000000000        1108.1516524358076        0.0000000000000000        0.0000000000000000        0.0000000000000000        0.0000000000000000       0.61302578443143463        0.0000000000000000        0.0000000000000000        0.0000000000000000       0.61302578443143463     
 ZTHERM   2181.2941887256684        1.0000000000000000        0.0000000000000000        824.73096147564058        0.0000000000000000        0.0000000000000000        0.0000000000000000        0.0000000000000000        1.6668044016268480E-002   0.0000000000000000        0.0000000000000000        0.0000000000000000        1.6668044016268480E-002
 ZTHERM   300.00000000000000        1.0000000000000000        0.0000000000000000        824.73096147564058        0.0000000000000000        0.0000000000000000        0.0000000000000000        0.0000000000000000       0.53939254647443358        0.0000000000000000        0.0000000000000000        0.0000000000000000       0.53939254647443358     
 ZTHERM   2181.2941887256684        1.0000000000000000        0.0000000000000000        898.95548533860813        0.0000000000000000        0.0000000000000000        0.0000000000000000        0.0000000000000000        1.4089935000617549E-002   0.0000000000000000        0.0000000000000000        0.0000000000000000        1.4089935000617549E-002
 ZTHERM   300.00000000000000        1.0000000000000000        0.0000000000000000        898.95548533860813        0.0000000000000000        0.0000000000000000        0.0000000000000000        0.0000000000000000       0.41895146122382781        0.0000000000000000        0.0000000000000000        0.0000000000000000       0.41895146122382781     
 ZTHERM   2181.2941887256684        1.0000000000000000        0.0000000000000000        1092.3037495277481        0.0000000000000000        0.0000000000000000        0.0000000000000000        0.0000000000000000        3.4255666750950757E-002   0.0000000000000000        0.0000000000000000        0.0000000000000000        3.4255666750950757E-002
 ZTHERM   300.00000000000000        1.0000000000000000        0.0000000000000000        1092.3037495277481        0.0000000000000000        0.0000000000000000        0.0000000000000000        0.0000000000000000       0.79931699148868574        0.0000000000000000        0.0000000000000000        0.0000000000000000       0.79931699148868574     
 ZTHERM   2181.2941887256684        1.0000000000000000        0.0000000000000000        897.18290672774026        0.0000000000000000        0.0000000000000000        0.0000000000000000        0.0000000000000000        2.3355315859570888E-002   0.0000000000000000        0.0000000000000000        0.0000000000000000        2.3355315859570888E-002
 ZTHERM   300.00000000000000        1.0000000000000000        0.0000000000000000        897.18290672774026        0.0000000000000000        0.0000000000000000        0.0000000000000000        0.0000000000000000       0.69589548641497545        0.0000000000000000        0.0000000000000000        0.0000000000000000       0.69589548641497545     
 ZTHERM   2181.2941887256684        1.0000000000000000        0.0000000000000000        1053.6272795316731        0.0000000000000000        0.0000000000000000        0.0000000000000000        0.0000000000000000        3.1816526602061745E-002   0.0000000000000000        0.0000000000000000        0.0000000000000000        3.1816526602061745E-002
 ZTHERM   300.00000000000000        1.0000000000000000        0.0000000000000000        1053.6272795316731        0.0000000000000000        0.0000000000000000        0.0000000000000000        0.0000000000000000       0.78106675471909759        0.0000000000000000        0.0000000000000000        0.0000000000000000       0.78106675471909759     
 ZTHERM   2181.2941887256684        1.0000000000000000        0.0000000000000000        823.09021883163030        0.0000000000000000        0.0000000000000000        0.0000000000000000        0.0000000000000000        1.9219804109592901E-002   0.0000000000000000        0.0000000000000000        0.0000000000000000        1.9219804109592901E-002
 ZTHERM   300.00000000000000        1.0000000000000000        0.0000000000000000        823.09021883163030        0.0000000000000000        0.0000000000000000        0.0000000000000000        0.0000000000000000       0.62309817345955321        0.0000000000000000        0.0000000000000000        0.0000000000000000       0.62309817345955321     
 ZTHERM   2181.2941887256684        1.0000000000000000        0.0000000000000000        964.32710353148707        0.0000000000000000        0.0000000000000000        0.0000000000000000        0.0000000000000000        2.6313988928526402E-002   0.0000000000000000        0.0000000000000000        0.0000000000000000        2.6313988928526402E-002
 ZTHERM   300.00000000000000        1.0000000000000000        0.0000000000000000        964.32710353148707        0.0000000000000000        0.0000000000000000        0.0000000000000000        0.0000000000000000       0.72325964143040022        0.0000000000000000        0.0000000000000000        0.0000000000000000       0.72325964143040022     
 ZTHERM   2181.2941887256684        1.0000000000000000        0.0000000000000000        944.65755566052519        0.0000000000000000        0.0000000000000000        0.0000000000000000        0.0000000000000000        2.5458021804040311E-002   0.0000000000000000        0.0000000000000000        0.0000000000000000        2.5458021804040311E-002
 ZTHERM   300.00000000000000        1.0000000000000000        0.0000000000000000        944.65755566052519        0.0000000000000000        0.0000000000000000        0.0000000000000000        0.0000000000000000       0.71675743560048921        0.0000000000000000        0.0000000000000000        0.0000000000000000       0.71675743560048921     
 ZTHERM   2181.2941887256684        1.0000000000000000        0.0000000000000000        932.19132868048678        0.0000000000000000        0.0000000000000000        0.0000000000000000        0.0000000000000000        2.5005230570851650E-002   0.0000000000000000        0.0000000000000000        0.0000000000000000        2.5005230570851650E-002
 ZTHERM   300.00000000000000        1.0000000000000000        0.0000000000000000        932.19132868048678        0.0000000000000000        0.0000000000000000        0.0000000000000000        0.0000000000000000       0.71469772104917795        0.0000000000000000        0.0000000000000000        0.0000000000000000       0.71469772104917795     
 ZTHERM   2181.2941887256684        1.0000000000000000        0.0000000000000000        1145.8943104819296        0.0000000000000000        0.0000000000000000        0.0000000000000000        0.0000000000000000        3.6218739117900259E-002   0.0000000000000000        0.0000000000000000        0.0000000000000000        3.6218739117900259E-002
 ZTHERM   300.00000000000000        1.0000000000000000        0.0000000000000000        1145.8943104819296        0.0000000000000000        0.0000000000000000        0.0000000000000000        0.0000000000000000       0.78639799909636621        0.0000000000000000        0.0000000000000000        0.0000000000000000       0.78639799909636621     
 ZTHERM   2181.2941887256684        1.0000000000000000        0.0000000000000000        947.77780350533385        0.0000000000000000        0.0000000000000000        0.0000000000000000        0.0000000000000000        2.4910155923308249E-002   0.0000000000000000        0.0000000000000000        0.0000000000000000        2.4910155923308249E-002
 ZTHERM   300.00000000000000        1.0000000000000000        0.0000000000000000        947.77780350533385        0.0000000000000000        0.0000000000000000        0.0000000000000000        0.0000000000000000       0.69867817096250051        0.0000000000000000        0.0000000000000000        0.0000000000000000       0.69867817096250051     
 ZTHERM   2181.2941887256684        1.0000000000000000        0.0000000000000000        945.23608119214191        0.0000000000000000        0.0000000000000000        0.0000000000000000        0.0000000000000000        2.8378237126699603E-002   0.0000000000000000        0.0000000000000000        0.0000000000000000        2.8378237126699603E-002
 ZTHERM   300.00000000000000        1.0000000000000000        0.0000000000000000        945.23608119214191        0.0000000000000000        0.0000000000000000        0.0000000000000000        0.0000000000000000       0.79841354415181076        0.0000000000000000        0.0000000000000000        0.0000000000000000       0.79841354415181076     
 ZTHERM   2181.2941887256684        1.0000000000000000        0.0000000000000000        889.10322474761278        0.0000000000000000        0.0000000000000000        0.0000000000000000        0.0000000000000000        2.0891327390397070E-002   0.0000000000000000        0.0000000000000000        0.0000000000000000        2.0891327390397070E-002
 ZTHERM   300.00000000000000        1.0000000000000000        0.0000000000000000        889.10322474761278        0.0000000000000000        0.0000000000000000        0.0000000000000000        0.0000000000000000       0.62838733005744107        0.0000000000000000        0.0000000000000000        0.0000000000000000       0.62838733005744107     
 ZTHERM   2181.2941887256684        1.0000000000000000        0.0000000000000000        932.53090214404938        0.0000000000000000        0.0000000000000000        0.0000000000000000        0.0000000000000000        2.4071676730878174E-002   0.0000000000000000        0.0000000000000000        0.0000000000000000        2.4071676730878174E-002
 ZTHERM   300.00000000000000        1.0000000000000000        0.0000000000000000        932.53090214404938        0.0000000000000000        0.0000000000000000        0.0000000000000000        0.0000000000000000       0.68773381635047559        0.0000000000000000        0.0000000000000000        0.0000000000000000       0.68773381635047559     
 ZTHERM   2181.2941887256684        1.0000000000000000        0.0000000000000000        1045.9012078343712        0.0000000000000000        0.0000000000000000        0.0000000000000000        0.0000000000000000        3.0893335321973123E-002   0.0000000000000000        0.0000000000000000        0.0000000000000000        3.0893335321973123E-002
 ZTHERM   300.00000000000000        1.0000000000000000        0.0000000000000000        1045.9012078343712        0.0000000000000000        0.0000000000000000        0.0000000000000000        0.0000000000000000       0.76603623378493646        0.0000000000000000        0.0000000000000000        0.0000000000000000       0.76603623378493646     
 ZTHERM   2181.2941887256684        1.0000000000000000        0.0000000000000000        901.82176779393546        0.0000000000000000        0.0000000000000000        0.0000000000000000        0.0000000000000000        2.3057695250085525E-002   0.0000000000000000        0.0000000000000000        0.0000000000000000        2.3057695250085525E-002
 ZTHERM   300.00000000000000        1.0000000000000000        0.0000000000000000        901.82176779393546        0.0000000000000000        0.0000000000000000        0.0000000000000000        0.0000000000000000       0.68329303163181920        0.0000000000000000        0.0000000000000000        0.0000000000000000       0.68329303163181920     
 ZTHERM   2181.2941887256684        1.0000000000000000        0.0000000000000000        887.81829345365304        0.0000000000000000        0.0000000000000000        0.0000000000000000        0.0000000000000000        2.2435595415066296E-002   0.0000000000000000        0.0000000000000000        0.0000000000000000        2.2435595415066296E-002
 ZTHERM   300.00000000000000        1.0000000000000000        0.0000000000000000        887.81829345365304        0.0000000000000000        0.0000000000000000        0.0000000000000000        0.0000000000000000       0.67584821243582893        0.0000000000000000        0.0000000000000000        0.0000000000000000       0.67584821243582893     
 ZTHERM   2181.2941887256684        1.0000000000000000        0.0000000000000000        718.96953719564431        0.0000000000000000        0.0000000000000000        0.0000000000000000        0.0000000000000000        1.5374841607648517E-002   0.0000000000000000        0.0000000000000000        0.0000000000000000        1.5374841607648517E-002
 ZTHERM   300.00000000000000        1.0000000000000000        0.0000000000000000        718.96953719564431        0.0000000000000000        0.0000000000000000        0.0000000000000000        0.0000000000000000       0.55611307350879913        0.0000000000000000        0.0000000000000000        0.0000000000000000       0.55611307350879913     
 ZTHERM   2181.2941887256684        1.0000000000000000        0.0000000000000000        886.87024535596584        0.0000000000000000        0.0000000000000000        0.0000000000000000        0.0000000000000000        2.1975141562865497E-002   0.0000000000000000        0.0000000000000000        0.0000000000000000        2.1975141562865497E-002
 ZTHERM   300.00000000000000        1.0000000000000000        0.0000000000000000        886.87024535596584        0.0000000000000000        0.0000000000000000        0.0000000000000000        0.0000000000000000       0.66270852409507952        0.0000000000000000        0.0000000000000000        0.0000000000000000       0.66270852409507952     
 ZTHERM   2181.2941887256684        1.0000000000000000        0.0000000000000000        1080.8603161551766        0.0000000000000000        0.0000000000000000        0.0000000000000000        0.0000000000000000        3.0051943249035609E-002   0.0000000000000000        0.0000000000000000        0.0000000000000000        3.0051943249035609E-002
 ZTHERM   300.00000000000000        1.0000000000000000        0.0000000000000000        1080.8603161551766        0.0000000000000000        0.0000000000000000        0.0000000000000000        0.0000000000000000       0.71191834431311307        0.0000000000000000        0.0000000000000000        0.0000000000000000       0.71191834431311307     
 ZTHERM   2181.2941887256684        1.0000000000000000        0.0000000000000000        980.86675879906352        0.0000000000000000        0.0000000000000000        0.0000000000000000        0.0000000000000000        2.4821488418146111E-002   0.0000000000000000        0.0000000000000000        0.0000000000000000        2.4821488418146111E-002
 ZTHERM   300.00000000000000        1.0000000000000000        0.0000000000000000        980.86675879906352        0.0000000000000000        0.0000000000000000        0.0000000000000000        0.0000000000000000       0.66842114520518281        0.0000000000000000        0.0000000000000000        0.0000000000000000       0.66842114520518281     
 ZTHERM   2181.2941887256684        1.0000000000000000        0.0000000000000000        1052.5281191766883        0.0000000000000000        0.0000000000000000        0.0000000000000000        0.0000000000000000        2.8527940960317140E-002   0.0000000000000000        0.0000000000000000        0.0000000000000000        2.8527940960317140E-002
 ZTHERM   300.00000000000000        1.0000000000000000        0.0000000000000000        1052.5281191766883        0.0000000000000000        0.0000000000000000        0.0000000000000000        0.0000000000000000       0.70133529484866308        0.0000000000000000        0.0000000000000000        0.0000000000000000       0.70133529484866308     
 ZTHERM   2181.2941887256684        1.0000000000000000        0.0000000000000000        1000.1590320542085        0.0000000000000000        0.0000000000000000        0.0000000000000000        0.0000000000000000        2.3522742038858627E-002   0.0000000000000000        0.0000000000000000        0.0000000000000000        2.3522742038858627E-002
 ZTHERM   300.00000000000000        1.0000000000000000        0.0000000000000000        1000.1590320542085        0.0000000000000000        0.0000000000000000        0.0000000000000000        0.0000000000000000       0.61833886551216488        0.0000000000000000        0.0000000000000000        0.0000000000000000       0.61833886551216488     
 ZTHERM   2181.2941887256684        1.0000000000000000        0.0000000000000000        554.10088403237603        0.0000000000000000        0.0000000000000000        0.0000000000000000        0.0000000000000000        7.2939301455216803E-003   0.0000000000000000        0.0000000000000000        0.0000000000000000        7.2939301455216803E-003
 ZTHERM   300.00000000000000        1.0000000000000000        0.0000000000000000        554.10088403237603        0.0000000000000000        0.0000000000000000        0.0000000000000000        0.0000000000000000       0.30616484703766694        0.0000000000000000        0.0000000000000000        0.0000000000000000       0.30616484703766694     
 ZTHERM   2181.2941887256684        1.0000000000000000        0.0000000000000000        615.72444853887703        0.0000000000000000        0.0000000000000000        0.0000000000000000        0.0000000000000000        9.2870378293675639E-003   0.0000000000000000        0.0000000000000000        0.0000000000000000        9.2870378293675639E-003
 ZTHERM   300.00000000000000        1.0000000000000000        0.0000000000000000        615.72444853887703        0.0000000000000000        0.0000000000000000        0.0000000000000000        0.0000000000000000       0.37011525576485971        0.0000000000000000        0.0000000000000000        0.0000000000000000       0.37011525576485971     
 ZTHERM   2181.2941887256684        1.0000000000000000        0.0000000000000000        966.12196245522432        0.0000000000000000        0.0000000000000000        0.0000000000000000        0.0000000000000000        2.1967279291321400E-002   0.0000000000000000        0.0000000000000000        0.0000000000000000        2.1967279291321400E-002
 ZTHERM   300.00000000000000        1.0000000000000000        0.0000000000000000        966.12196245522432        0.0000000000000000        0.0000000000000000        0.0000000000000000        0.0000000000000000       0.60245452024704715        0.0000000000000000        0.0000000000000000        0.0000000000000000       0.60245452024704715     
 ZTHERM   2181.2941887256684        1.0000000000000000        0.0000000000000000        662.50420529333348        0.0000000000000000        0.0000000000000000        0.0000000000000000        0.0000000000000000        1.1547876988208030E-002   0.0000000000000000        0.0000000000000000        0.0000000000000000        1.1547876988208030E-002
 ZTHERM   300.00000000000000        1.0000000000000000        0.0000000000000000        662.50420529333348        0.0000000000000000        0.0000000000000000        0.0000000000000000        0.0000000000000000       0.44110051359225366        0.0000000000000000        0.0000000000000000        0.0000000000000000       0.44110051359225366     
 ZTHERM   2181.2941887256684        1.0000000000000000        0.0000000000000000        876.87588247956660        0.0000000000000000        0.0000000000000000        0.0000000000000000        0.0000000000000000       -4.3579532617999507E-004  -0.0000000000000000       -0.0000000000000000        0.0000000000000000       -4.3579532617999507E-004
 ZTHERM   300.00000000000000        1.0000000000000000        0.0000000000000000        876.87588247956660        0.0000000000000000        0.0000000000000000        0.0000000000000000        0.0000000000000000       -1.3295504369225525E-002  -0.0000000000000000       -0.0000000000000000        0.0000000000000000       -1.3295504369225525E-002
 ZTHERM   2181.2941887256684        1.0000000000000000        0.0000000000000000        951.53341430492651        0.0000000000000000        0.0000000000000000        0.0000000000000000        0.0000000000000000        3.3038429743804960E-003   0.0000000000000000        0.0000000000000000        0.0000000000000000        3.3038429743804960E-003
 ZTHERM   300.00000000000000        1.0000000000000000        0.0000000000000000        951.53341430492651        0.0000000000000000        0.0000000000000000        0.0000000000000000        0.0000000000000000        9.2242971518565767E-002   0.0000000000000000        0.0000000000000000        0.0000000000000000        9.2242971518565767E-002
 ZTHERM   2181.2941887256684        1.0000000000000000        0.0000000000000000        1296.5376929642796        0.0000000000000000        0.0000000000000000        0.0000000000000000        0.0000000000000000        4.2811902988882836E-002   0.0000000000000000        0.0000000000000000        0.0000000000000000        4.2811902988882836E-002
 ZTHERM   300.00000000000000        1.0000000000000000        0.0000000000000000        1296.5376929642796        0.0000000000000000        0.0000000000000000        0.0000000000000000        0.0000000000000000       0.75227514967279341        0.0000000000000000        0.0000000000000000        0.0000000000000000       0.75227514967279341     
 ZTHERM   2181.2941887256684        1.0000000000000000        0.0000000000000000        1328.5815870786257        0.0000000000000000        0.0000000000000000        0.0000000000000000        0.0000000000000000        4.5396252614350568E-002   0.0000000000000000        0.0000000000000000        0.0000000000000000        4.5396252614350568E-002
 ZTHERM   300.00000000000000        1.0000000000000000        0.0000000000000000        1328.5815870786257        0.0000000000000000        0.0000000000000000        0.0000000000000000        0.0000000000000000       0.76142165179617571        0.0000000000000000        0.0000000000000000        0.0000000000000000       0.76142165179617571     
 ZTHERM   2181.2941887256684        1.0000000000000000        0.0000000000000000        1129.6424333035307        0.0000000000000000        0.0000000000000000        0.0000000000000000        0.0000000000000000        2.0407129448263180E-002   0.0000000000000000        0.0000000000000000        0.0000000000000000        2.0407129448263180E-002
 ZTHERM   300.00000000000000        1.0000000000000000        0.0000000000000000        1129.6424333035307        0.0000000000000000        0.0000000000000000        0.0000000000000000        0.0000000000000000       0.45296218888815509        0.0000000000000000        0.0000000000000000        0.0000000000000000       0.45296218888815509     
 ZTHERM   2181.2941887256684        1.0000000000000000        0.0000000000000000        957.40414369009591        0.0000000000000000        0.0000000000000000        0.0000000000000000        0.0000000000000000        9.2092864539552819E-003   0.0000000000000000        0.0000000000000000        0.0000000000000000        9.2092864539552819E-003
 ZTHERM   300.00000000000000        1.0000000000000000        0.0000000000000000        957.40414369009591        0.0000000000000000        0.0000000000000000        0.0000000000000000        0.0000000000000000       0.25528416132491399        0.0000000000000000        0.0000000000000000        0.0000000000000000       0.25528416132491399     
 ZTHERM   2181.2941887256684        1.0000000000000000        0.0000000000000000        519.99453896731188        0.0000000000000000        0.0000000000000000        0.0000000000000000        0.0000000000000000        8.1963436593128682E-003   0.0000000000000000        0.0000000000000000        0.0000000000000000        8.1963436593128682E-003
 ZTHERM   300.00000000000000        1.0000000000000000        0.0000000000000000        519.99453896731188        0.0000000000000000        0.0000000000000000        0.0000000000000000        0.0000000000000000       0.35334850029928033        0.0000000000000000        0.0000000000000000        0.0000000000000000       0.35334850029928033     
 ZTHERM   2181.2941887256684        1.0000000000000000        0.0000000000000000        380.33237793103871        0.0000000000000000        0.0000000000000000        0.0000000000000000        0.0000000000000000        4.7957862863909316E-003   0.0000000000000000        0.0000000000000000        0.0000000000000000        4.7957862863909316E-003
 ZTHERM   300.00000000000000        1.0000000000000000        0.0000000000000000        380.33237793103871        0.0000000000000000        0.0000000000000000        0.0000000000000000        0.0000000000000000       0.22696440056718575        0.0000000000000000        0.0000000000000000        0.0000000000000000       0.22696440056718575     
 ZTHERM   2181.2941887256684        1.0000000000000000        0.0000000000000000        530.99369090719745        0.0000000000000000        0.0000000000000000        0.0000000000000000        0.0000000000000000        1.0579861435165141E-002   0.0000000000000000        0.0000000000000000        0.0000000000000000        1.0579861435165141E-002
 ZTHERM   300.00000000000000        1.0000000000000000        0.0000000000000000        530.99369090719745        0.0000000000000000        0.0000000000000000        0.0000000000000000        0.0000000000000000       0.45226787740723401        0.0000000000000000        0.0000000000000000        0.0000000000000000       0.45226787740723401     
 ZTHERM   2248.0830227994429        1.0000000000000000        0.0000000000000000        833.00508107672817        0.0000000000000000        0.0000000000000000        0.0000000000000000        0.0000000000000000        3.6779936339535807E-003   0.0000000000000000        0.0000000000000000        0.0000000000000000        3.6779936339535807E-003
 ZTHERM   300.00000000000000        1.0000000000000000        0.0000000000000000        833.00508107672817        0.0000000000000000        0.0000000000000000        0.0000000000000000        0.0000000000000000       0.12519193555199681        0.0000000000000000        0.0000000000000000        0.0000000000000000       0.12519193555199681     
 ZTHERM   2248.0830227994429        1.0000000000000000        0.0000000000000000        937.43345411268410        0.0000000000000000        0.0000000000000000        0.0000000000000000        0.0000000000000000        5.4313386970516846E-003   0.0000000000000000        0.0000000000000000        0.0000000000000000        5.4313386970516846E-003
 ZTHERM   300.00000000000000        1.0000000000000000        0.0000000000000000        937.43345411268410        0.0000000000000000        0.0000000000000000        0.0000000000000000        0.0000000000000000       0.16372526016321531        0.0000000000000000        0.0000000000000000        0.0000000000000000       0.16372526016321531     
 ZTHERM   2248.0830227994429        1.0000000000000000        0.0000000000000000        916.24771084875181        0.0000000000000000        0.0000000000000000        0.0000000000000000        0.0000000000000000        5.5634168610785425E-003   0.0000000000000000        0.0000000000000000        0.0000000000000000        5.5634168610785425E-003
 ZTHERM   300.00000000000000        1.0000000000000000        0.0000000000000000        916.24771084875181        0.0000000000000000        0.0000000000000000        0.0000000000000000        0.0000000000000000       0.17202658623558734        0.0000000000000000        0.0000000000000000        0.0000000000000000       0.17202658623558734     
 ZTHERM   2248.0830227994429        1.0000000000000000        0.0000000000000000        877.97912410534309        0.0000000000000000        0.0000000000000000        0.0000000000000000        0.0000000000000000        7.7579134255654362E-003   0.0000000000000000        0.0000000000000000        0.0000000000000000        7.7579134255654362E-003
 ZTHERM   300.00000000000000        1.0000000000000000        0.0000000000000000        877.97912410534309        0.0000000000000000        0.0000000000000000        0.0000000000000000        0.0000000000000000       0.25090927596559798        0.0000000000000000        0.0000000000000000        0.0000000000000000       0.25090927596559798     
 ZTHERM   2248.0830227994429        1.0000000000000000        0.0000000000000000        680.75472540226201        0.0000000000000000        0.0000000000000000        0.0000000000000000        0.0000000000000000        1.1370210375553507E-002   0.0000000000000000        0.0000000000000000        0.0000000000000000        1.1370210375553507E-002
 ZTHERM   300.00000000000000        1.0000000000000000        0.0000000000000000        680.75472540226201        0.0000000000000000        0.0000000000000000        0.0000000000000000        0.0000000000000000       0.45325039354382679        0.0000000000000000        0.0000000000000000        0.0000000000000000       0.45325039354382679     
 ZTHERM   2248.0830227994429        1.0000000000000000        0.0000000000000000        858.21174153897311        0.0000000000000000        0.0000000000000000        0.0000000000000000        0.0000000000000000        5.2977050254478216E-003   0.0000000000000000        0.0000000000000000        0.0000000000000000        5.2977050254478216E-003
 ZTHERM   300.00000000000000        1.0000000000000000        0.0000000000000000        858.21174153897311        0.0000000000000000        0.0000000000000000        0.0000000000000000        0.0000000000000000       0.17527323969523037        0.0000000000000000        0.0000000000000000        0.0000000000000000       0.17527323969523037     
 ZTHERM   2248.0830227994429        1.0000000000000000        0.0000000000000000        921.19591094113252        0.0000000000000000        0.0000000000000000        0.0000000000000000        0.0000000000000000        3.2959343791045493E-003   0.0000000000000000        0.0000000000000000        0.0000000000000000        3.2959343791045493E-003
 ZTHERM   300.00000000000000        1.0000000000000000        0.0000000000000000        921.19591094113252        0.0000000000000000        0.0000000000000000        0.0000000000000000        0.0000000000000000       0.10131361694714594        0.0000000000000000        0.0000000000000000        0.0000000000000000       0.10131361694714594     
 ZTHERM   2248.0830227994429        1.0000000000000000        0.0000000000000000        758.46554148504538        0.0000000000000000        0.0000000000000000        0.0000000000000000        0.0000000000000000        1.8285037517943930E-003   0.0000000000000000        0.0000000000000000        0.0000000000000000        1.8285037517943930E-003
 ZTHERM   300.00000000000000        1.0000000000000000        0.0000000000000000        758.46554148504538        0.0000000000000000        0.0000000000000000        0.0000000000000000        0.0000000000000000        6.7446999159037568E-002   0.0000000000000000        0.0000000000000000        0.0000000000000000        6.7446999159037568E-002
 ZTHERM   2248.0830227994429        1.0000000000000000        0.0000000000000000        893.70445428072026        0.0000000000000000        0.0000000000000000        0.0000000000000000        0.0000000000000000        3.1129584561201511E-003   0.0000000000000000        0.0000000000000000        0.0000000000000000        3.1129584561201511E-003
 ZTHERM   300.00000000000000        1.0000000000000000        0.0000000000000000        893.70445428072026        0.0000000000000000        0.0000000000000000        0.0000000000000000        0.0000000000000000        9.8853855255260706E-002   0.0000000000000000        0.0000000000000000        0.0000000000000000        9.8853855255260706E-002
 ZTHERM   2248.0830227994429        1.0000000000000000        0.0000000000000000        844.43397195361115        0.0000000000000000        0.0000000000000000        0.0000000000000000        0.0000000000000000        2.7661879480271306E-003   0.0000000000000000        0.0000000000000000        0.0000000000000000        2.7661879480271306E-003
 ZTHERM   300.00000000000000        1.0000000000000000        0.0000000000000000        844.43397195361115        0.0000000000000000        0.0000000000000000        0.0000000000000000        0.0000000000000000        9.2957743413683055E-002   0.0000000000000000        0.0000000000000000        0.0000000000000000        9.2957743413683055E-002
 ZTHERM   2248.0830227994429        1.0000000000000000        0.0000000000000000        1076.8325109447294        0.0000000000000000        0.0000000000000000        0.0000000000000000        0.0000000000000000        2.3921118672137993E-002   0.0000000000000000        0.0000000000000000        0.0000000000000000        2.3921118672137993E-002
 ZTHERM   300.00000000000000        1.0000000000000000        0.0000000000000000        1076.8325109447294        0.0000000000000000        0.0000000000000000        0.0000000000000000        0.0000000000000000       0.60450301001723572        0.0000000000000000        0.0000000000000000        0.0000000000000000       0.60450301001723572     
 ZTHERM   2248.0830227994429        1.0000000000000000        0.0000000000000000        904.27366127937898        0.0000000000000000        0.0000000000000000        0.0000000000000000        0.0000000000000000        1.6947252224526643E-002   0.0000000000000000        0.0000000000000000        0.0000000000000000        1.6947252224526643E-002
 ZTHERM   300.00000000000000        1.0000000000000000        0.0000000000000000        904.27366127937898        0.0000000000000000        0.0000000000000000        0.0000000000000000        0.0000000000000000       0.53152182076171173        0.0000000000000000        0.0000000000000000        0.0000000000000000       0.53152182076171173     
 ZTHERM   2248.0830227994429        1.0000000000000000        0.0000000000000000        1016.3670471168184        0.0000000000000000        0.0000000000000000        0.0000000000000000        0.0000000000000000        1.7828144541800900E-002   0.0000000000000000        0.0000000000000000        0.0000000000000000        1.7828144541800900E-002
 ZTHERM   300.00000000000000        1.0000000000000000        0.0000000000000000        1016.3670471168184        0.0000000000000000        0.0000000000000000        0.0000000000000000        0.0000000000000000       0.48724042466377693        0.0000000000000000        0.0000000000000000        0.0000000000000000       0.48724042466377693     
 ZTHERM   2248.0830227994429        1.0000000000000000        0.0000000000000000        896.72961988177201        0.0000000000000000        0.0000000000000000        0.0000000000000000        0.0000000000000000        1.3376476119500994E-002   0.0000000000000000        0.0000000000000000        0.0000000000000000        1.3376476119500994E-002
 ZTHERM   300.00000000000000        1.0000000000000000        0.0000000000000000        896.72961988177201        0.0000000000000000        0.0000000000000000        0.0000000000000000        0.0000000000000000       0.42327365901978781        0.0000000000000000        0.0000000000000000        0.0000000000000000       0.42327365901978781     
 ZTHERM   2248.0830227994429        1.0000000000000000        0.0000000000000000        1045.2278861519196        0.0000000000000000        0.0000000000000000        0.0000000000000000        0.0000000000000000        1.8847022201162664E-002   0.0000000000000000        0.0000000000000000        0.0000000000000000        1.8847022201162664E-002
 ZTHERM   300.00000000000000        1.0000000000000000        0.0000000000000000        1045.2278861519196        0.0000000000000000        0.0000000000000000        0.0000000000000000        0.0000000000000000       0.49634838268055392        0.0000000000000000        0.0000000000000000        0.0000000000000000       0.49634838268055392     
 ZTHERM   2248.0830227994429        1.0000000000000000        0.0000000000000000        997.67947300631931        0.0000000000000000        0.0000000000000000        0.0000000000000000        0.0000000000000000        1.3990988641989425E-002   0.0000000000000000        0.0000000000000000        0.0000000000000000        1.3990988641989425E-002
 ZTHERM   300.00000000000000        1.0000000000000000        0.0000000000000000        997.67947300631931        0.0000000000000000        0.0000000000000000        0.0000000000000000        0.0000000000000000       0.39152502276731438        0.0000000000000000        0.0000000000000000        0.0000000000000000       0.39152502276731438     
 ZTHERM   2248.0830227994429        1.0000000000000000        0.0000000000000000        988.58688275058387        0.0000000000000000        0.0000000000000000        0.0000000000000000        0.0000000000000000        9.3191182580134972E-003   0.0000000000000000        0.0000000000000000        0.0000000000000000        9.3191182580134972E-003
 ZTHERM   300.00000000000000        1.0000000000000000        0.0000000000000000        988.58688275058387        0.0000000000000000        0.0000000000000000        0.0000000000000000        0.0000000000000000       0.26378011416785035        0.0000000000000000        0.0000000000000000        0.0000000000000000       0.26378011416785035     
 ZTHERM   2248.0830227994429        1.0000000000000000        0.0000000000000000        894.80826574342325        0.0000000000000000        0.0000000000000000        0.0000000000000000        0.0000000000000000        1.0577488529689320E-002   0.0000000000000000        0.0000000000000000        0.0000000000000000        1.0577488529689320E-002
 ZTHERM   300.00000000000000        1.0000000000000000        0.0000000000000000        894.80826574342325        0.0000000000000000        0.0000000000000000        0.0000000000000000        0.0000000000000000       0.33546025550871461        0.0000000000000000        0.0000000000000000        0.0000000000000000       0.33546025550871461     
 ZTHERM   2248.0830227994429        1.0000000000000000        0.0000000000000000        977.90248811833476        0.0000000000000000        0.0000000000000000        0.0000000000000000        0.0000000000000000        1.5450263958665182E-002   0.0000000000000000        0.0000000000000000        0.0000000000000000        1.5450263958665182E-002
 ZTHERM   300.00000000000000        1.0000000000000000        0.0000000000000000        977.90248811833476        0.0000000000000000        0.0000000000000000        0.0000000000000000        0.0000000000000000       0.44319053973497868        0.0000000000000000        0.0000000000000000        0.0000000000000000       0.44319053973497868     
 ZTHERM   2248.0830227994429        1.0000000000000000        0.0000000000000000        953.28005585641563        0.0000000000000000        0.0000000000000000        0.0000000000000000        0.0000000000000000        1.2939315648544268E-002   0.0000000000000000        0.0000000000000000        0.0000000000000000        1.2939315648544268E-002
 ZTHERM   300.00000000000000        1.0000000000000000        0.0000000000000000        953.28005585641563        0.0000000000000000        0.0000000000000000        0.0000000000000000        0.0000000000000000       0.38260459408861358        0.0000000000000000        0.0000000000000000        0.0000000000000000       0.38260459408861358     
 ZTHERM   2248.0830227994429        1.0000000000000000        0.0000000000000000        1006.8838699473853        0.0000000000000000        0.0000000000000000        0.0000000000000000        0.0000000000000000        1.5378687564493490E-002   0.0000000000000000        0.0000000000000000        0.0000000000000000        1.5378687564493490E-002
 ZTHERM   300.00000000000000        1.0000000000000000        0.0000000000000000        1006.8838699473853        0.0000000000000000        0.0000000000000000        0.0000000000000000        0.0000000000000000       0.42538748124528919        0.0000000000000000        0.0000000000000000        0.0000000000000000       0.42538748124528919     
 ZTHERM   2248.0830227994429        1.0000000000000000        0.0000000000000000        903.40887859767702        0.0000000000000000        0.0000000000000000        0.0000000000000000        0.0000000000000000        1.3302722708201370E-002   0.0000000000000000        0.0000000000000000        0.0000000000000000        1.3302722708201370E-002
 ZTHERM   300.00000000000000        1.0000000000000000        0.0000000000000000        903.40887859767702        0.0000000000000000        0.0000000000000000        0.0000000000000000        0.0000000000000000       0.41764344719611063        0.0000000000000000        0.0000000000000000        0.0000000000000000       0.41764344719611063     
 ZTHERM   2248.0830227994429        1.0000000000000000        0.0000000000000000        1011.7840032141457        0.0000000000000000        0.0000000000000000        0.0000000000000000        0.0000000000000000        1.4426373276052222E-002   0.0000000000000000        0.0000000000000000        0.0000000000000000        1.4426373276052222E-002
 ZTHERM   300.00000000000000        1.0000000000000000        0.0000000000000000        1011.7840032141457        0.0000000000000000        0.0000000000000000        0.0000000000000000        0.0000000000000000       0.39657451481671657        0.0000000000000000        0.0000000000000000        0.0000000000000000       0.39657451481671657     
 ZTHERM   2248.0830227994429        1.0000000000000000        0.0000000000000000        999.08577196130750        0.0000000000000000        0.0000000000000000        0.0000000000000000        0.0000000000000000        1.4110639405431849E-002   0.0000000000000000        0.0000000000000000        0.0000000000000000        1.4110639405431849E-002
 ZTHERM   300.00000000000000        1.0000000000000000        0.0000000000000000        999.08577196130750        0.0000000000000000        0.0000000000000000        0.0000000000000000        0.0000000000000000       0.39417471346085942        0.0000000000000000        0.0000000000000000        0.0000000000000000       0.39417471346085942     
 ZTHERM   2248.0830227994429        1.0000000000000000        0.0000000000000000        1080.9334132741667        0.0000000000000000        0.0000000000000000        0.0000000000000000        0.0000000000000000        2.7234046876632674E-002   0.0000000000000000        0.0000000000000000        0.0000000000000000        2.7234046876632674E-002
 ZTHERM   300.00000000000000        1.0000000000000000        0.0000000000000000        1080.9334132741667        0.0000000000000000        0.0000000000000000        0.0000000000000000        0.0000000000000000       0.68451109197281423        0.0000000000000000        0.0000000000000000        0.0000000000000000       0.68451109197281423     
 ZTHERM   2248.0830227994429        1.0000000000000000        0.0000000000000000        928.14847196282528        0.0000000000000000        0.0000000000000000        0.0000000000000000        0.0000000000000000        1.3435739647076146E-002   0.0000000000000000        0.0000000000000000        0.0000000000000000        1.3435739647076146E-002
 ZTHERM   300.00000000000000        1.0000000000000000        0.0000000000000000        928.14847196282528        0.0000000000000000        0.0000000000000000        0.0000000000000000        0.0000000000000000       0.40957337157219892        0.0000000000000000        0.0000000000000000        0.0000000000000000       0.40957337157219892     
 ZTHERM   2248.0830227994429        1.0000000000000000        0.0000000000000000        997.23154107775065        0.0000000000000000        0.0000000000000000        0.0000000000000000        0.0000000000000000        1.8805953567875226E-002   0.0000000000000000        0.0000000000000000        0.0000000000000000        1.8805953567875226E-002
 ZTHERM   300.00000000000000        1.0000000000000000        0.0000000000000000        997.23154107775065        0.0000000000000000        0.0000000000000000        0.0000000000000000        0.0000000000000000       0.52656415889099650        0.0000000000000000        0.0000000000000000        0.0000000000000000       0.52656415889099650     
 ZTHERM   2248.0830227994429        1.0000000000000000        0.0000000000000000        1071.5132770998698        0.0000000000000000        0.0000000000000000        0.0000000000000000        0.0000000000000000        3.6570209337107903E-002   0.0000000000000000        0.0000000000000000        0.0000000000000000        3.6570209337107903E-002
 ZTHERM   300.00000000000000        1.0000000000000000        0.0000000000000000        1071.5132770998698        0.0000000000000000        0.0000000000000000        0.0000000000000000        0.0000000000000000       0.93064328841999489        0.0000000000000000        0.0000000000000000        0.0000000000000000       0.93064328841999489     
 ZTHERM   2248.0830227994429        1.0000000000000000        0.0000000000000000        1002.2599674496290        0.0000000000000000        0.0000000000000000        0.0000000000000000        0.0000000000000000        1.1589507872571434E-002   0.0000000000000000        0.0000000000000000        0.0000000000000000        1.1589507872571434E-002
 ZTHERM   300.00000000000000        1.0000000000000000        0.0000000000000000        1002.2599674496290        0.0000000000000000        0.0000000000000000        0.0000000000000000        0.0000000000000000       0.32245472618098880        0.0000000000000000        0.0000000000000000        0.0000000000000000       0.32245472618098880     
 ZTHERM   2248.0830227994429        1.0000000000000000        0.0000000000000000        754.79202005992420        0.0000000000000000        0.0000000000000000        0.0000000000000000        0.0000000000000000        5.9564398608080837E-003   0.0000000000000000        0.0000000000000000        0.0000000000000000        5.9564398608080837E-003
 ZTHERM   300.00000000000000        1.0000000000000000        0.0000000000000000        754.79202005992420        0.0000000000000000        0.0000000000000000        0.0000000000000000        0.0000000000000000       0.22055153324768839        0.0000000000000000        0.0000000000000000        0.0000000000000000       0.22055153324768839     
 ZTHERM   2248.0830227994429        1.0000000000000000        0.0000000000000000        1061.5208501537729        0.0000000000000000        0.0000000000000000        0.0000000000000000        0.0000000000000000        1.7443327548337689E-002   0.0000000000000000        0.0000000000000000        0.0000000000000000        1.7443327548337689E-002
 ZTHERM   300.00000000000000        1.0000000000000000        0.0000000000000000        1061.5208501537729        0.0000000000000000        0.0000000000000000        0.0000000000000000        0.0000000000000000       0.44974902376603759        0.0000000000000000        0.0000000000000000        0.0000000000000000       0.44974902376603759     
 ZTHERM   2248.0830227994429        1.0000000000000000        0.0000000000000000        796.50160800225729        0.0000000000000000        0.0000000000000000        0.0000000000000000        0.0000000000000000        9.8800451581894152E-003   0.0000000000000000        0.0000000000000000        0.0000000000000000        9.8800451581894152E-003
 ZTHERM   300.00000000000000        1.0000000000000000        0.0000000000000000        796.50160800225729        0.0000000000000000        0.0000000000000000        0.0000000000000000        0.0000000000000000       0.35004065239177473        0.0000000000000000        0.0000000000000000        0.0000000000000000       0.35004065239177473     
 ZTHERM   2248.0830227994429        1.0000000000000000        0.0000000000000000        1064.6041183868592        0.0000000000000000        0.0000000000000000        0.0000000000000000        0.0000000000000000        1.5525004652176546E-002   0.0000000000000000        0.0000000000000000        0.0000000000000000        1.5525004652176546E-002
 ZTHERM   300.00000000000000        1.0000000000000000        0.0000000000000000        1064.6041183868592        0.0000000000000000        0.0000000000000000        0.0000000000000000        0.0000000000000000       0.39867750021614978        0.0000000000000000        0.0000000000000000        0.0000000000000000       0.39867750021614978     
 ZTHERM   2248.0830227994429        1.0000000000000000        0.0000000000000000        795.39088451754185        0.0000000000000000        0.0000000000000000        0.0000000000000000        0.0000000000000000        1.0625125707458931E-002   0.0000000000000000        0.0000000000000000        0.0000000000000000        1.0625125707458931E-002
 ZTHERM   300.00000000000000        1.0000000000000000        0.0000000000000000        795.39088451754185        0.0000000000000000        0.0000000000000000        0.0000000000000000        0.0000000000000000       0.37688940261384990        0.0000000000000000        0.0000000000000000        0.0000000000000000       0.37688940261384990     
 ZTHERM   2248.0830227994429        1.0000000000000000        0.0000000000000000        1113.8433539805694        0.0000000000000000        0.0000000000000000        0.0000000000000000        0.0000000000000000        2.0396096928430665E-002   0.0000000000000000        0.0000000000000000        0.0000000000000000        2.0396096928430665E-002
 ZTHERM   300.00000000000000        1.0000000000000000        0.0000000000000000        1113.8433539805694        0.0000000000000000        0.0000000000000000        0.0000000000000000        0.0000000000000000       0.49066594932695201        0.0000000000000000        0.0000000000000000        0.0000000000000000       0.49066594932695201     
 ZTHERM   2248.0830227994429        1.0000000000000000        0.0000000000000000        912.27820897994707        0.0000000000000000        0.0000000000000000        0.0000000000000000        0.0000000000000000        1.3763340419444490E-002   0.0000000000000000        0.0000000000000000        0.0000000000000000        1.3763340419444490E-002
 ZTHERM   300.00000000000000        1.0000000000000000        0.0000000000000000        912.27820897994707        0.0000000000000000        0.0000000000000000        0.0000000000000000        0.0000000000000000       0.42759100679292550        0.0000000000000000        0.0000000000000000        0.0000000000000000       0.42759100679292550     
 ZTHERM   2248.0830227994429        1.0000000000000000        0.0000000000000000        1133.3997695416258        0.0000000000000000        0.0000000000000000        0.0000000000000000        0.0000000000000000        2.5774503278236247E-002   0.0000000000000000        0.0000000000000000        0.0000000000000000        2.5774503278236247E-002
 ZTHERM   300.00000000000000        1.0000000000000000        0.0000000000000000        1133.3997695416258        0.0000000000000000        0.0000000000000000        0.0000000000000000        0.0000000000000000       0.60391072095176179        0.0000000000000000        0.0000000000000000        0.0000000000000000       0.60391072095176179     
 ZTHERM   2248.0830227994429        1.0000000000000000        0.0000000000000000        847.73978817523061        0.0000000000000000        0.0000000000000000        0.0000000000000000        0.0000000000000000        1.6060343618952446E-002   0.0000000000000000        0.0000000000000000        0.0000000000000000        1.6060343618952446E-002
 ZTHERM   300.00000000000000        1.0000000000000000        0.0000000000000000        847.73978817523061        0.0000000000000000        0.0000000000000000        0.0000000000000000        0.0000000000000000       0.53769992840408731        0.0000000000000000        0.0000000000000000        0.0000000000000000       0.53769992840408731     
 ZTHERM   2248.0830227994429        1.0000000000000000        0.0000000000000000        915.46720284952573        0.0000000000000000        0.0000000000000000        0.0000000000000000        0.0000000000000000        1.3247660640243070E-002   0.0000000000000000        0.0000000000000000        0.0000000000000000        1.3247660640243070E-002
 ZTHERM   300.00000000000000        1.0000000000000000        0.0000000000000000        915.46720284952573        0.0000000000000000        0.0000000000000000        0.0000000000000000        0.0000000000000000       0.41001228029406406        0.0000000000000000        0.0000000000000000        0.0000000000000000       0.41001228029406406     
 ZTHERM   2248.0830227994429        1.0000000000000000        0.0000000000000000        1124.6682935305278        0.0000000000000000        0.0000000000000000        0.0000000000000000        0.0000000000000000        3.3696925197680354E-002   0.0000000000000000        0.0000000000000000        0.0000000000000000        3.3696925197680354E-002
 ZTHERM   300.00000000000000        1.0000000000000000        0.0000000000000000        1124.6682935305278        0.0000000000000000        0.0000000000000000        0.0000000000000000        0.0000000000000000       0.79891594184743187        0.0000000000000000        0.0000000000000000        0.0000000000000000       0.79891594184743187     
 ZTHERM   2248.0830227994429        1.0000000000000000        0.0000000000000000        923.00524632992983        0.0000000000000000        0.0000000000000000        0.0000000000000000        0.0000000000000000        2.2944865960172010E-002   0.0000000000000000        0.0000000000000000        0.0000000000000000        2.2944865960172010E-002
 ZTHERM   300.00000000000000        1.0000000000000000        0.0000000000000000        923.00524632992983        0.0000000000000000        0.0000000000000000        0.0000000000000000        0.0000000000000000       0.70377638294984601        0.0000000000000000        0.0000000000000000        0.0000000000000000       0.70377638294984601     
 ZTHERM   2248.0830227994429        1.0000000000000000        0.0000000000000000        1085.4426333166041        0.0000000000000000        0.0000000000000000        0.0000000000000000        0.0000000000000000        3.1323967171719348E-002   0.0000000000000000        0.0000000000000000        0.0000000000000000        3.1323967171719348E-002
 ZTHERM   300.00000000000000        1.0000000000000000        0.0000000000000000        1085.4426333166041        0.0000000000000000        0.0000000000000000        0.0000000000000000        0.0000000000000000       0.78263034762004680        0.0000000000000000        0.0000000000000000        0.0000000000000000       0.78263034762004680     
 ZTHERM   2248.0830227994429        1.0000000000000000        0.0000000000000000        849.73046868852646        0.0000000000000000        0.0000000000000000        0.0000000000000000        0.0000000000000000        1.8985566951386125E-002   0.0000000000000000        0.0000000000000000        0.0000000000000000        1.8985566951386125E-002
 ZTHERM   300.00000000000000        1.0000000000000000        0.0000000000000000        849.73046868852646        0.0000000000000000        0.0000000000000000        0.0000000000000000        0.0000000000000000       0.63420809802905775        0.0000000000000000        0.0000000000000000        0.0000000000000000       0.63420809802905775     
 ZTHERM   2248.0830227994429        1.0000000000000000        0.0000000000000000        995.69514659083359        0.0000000000000000        0.0000000000000000        0.0000000000000000        0.0000000000000000        2.5998609469888294E-002   0.0000000000000000        0.0000000000000000        0.0000000000000000        2.5998609469888294E-002
 ZTHERM   300.00000000000000        1.0000000000000000        0.0000000000000000        995.69514659083359        0.0000000000000000        0.0000000000000000        0.0000000000000000        0.0000000000000000       0.72936555559538208        0.0000000000000000        0.0000000000000000        0.0000000000000000       0.72936555559538208     
 ZTHERM   2248.0830227994429        1.0000000000000000        0.0000000000000000        974.17518453747039        0.0000000000000000        0.0000000000000000        0.0000000000000000        0.0000000000000000        2.5104150807801415E-002   0.0000000000000000        0.0000000000000000        0.0000000000000000        2.5104150807801415E-002
 ZTHERM   300.00000000000000        1.0000000000000000        0.0000000000000000        974.17518453747039        0.0000000000000000        0.0000000000000000        0.0000000000000000        0.0000000000000000       0.72345197322558297        0.0000000000000000        0.0000000000000000        0.0000000000000000       0.72345197322558297     
 ZTHERM   2248.0830227994429        1.0000000000000000        0.0000000000000000        959.54404430307136        0.0000000000000000        0.0000000000000000        0.0000000000000000        0.0000000000000000        2.4587750488593966E-002   0.0000000000000000        0.0000000000000000        0.0000000000000000        2.4587750488593966E-002
 ZTHERM   300.00000000000000        1.0000000000000000        0.0000000000000000        959.54404430307136        0.0000000000000000        0.0000000000000000        0.0000000000000000        0.0000000000000000       0.72147956496073107        0.0000000000000000        0.0000000000000000        0.0000000000000000       0.72147956496073107     
 ZTHERM   2248.0830227994429        1.0000000000000000        0.0000000000000000        1179.5130747872865        0.0000000000000000        0.0000000000000000        0.0000000000000000        0.0000000000000000        3.5233361734676297E-002   0.0000000000000000        0.0000000000000000        0.0000000000000000        3.5233361734676297E-002
 ZTHERM   300.00000000000000        1.0000000000000000        0.0000000000000000        1179.5130747872865        0.0000000000000000        0.0000000000000000        0.0000000000000000        0.0000000000000000       0.77500925153417666        0.0000000000000000        0.0000000000000000        0.0000000000000000       0.77500925153417666     
 ZTHERM   2248.0830227994429        1.0000000000000000        0.0000000000000000        975.49913621901146        0.0000000000000000        0.0000000000000000        0.0000000000000000        0.0000000000000000        2.4230329215260058E-002   0.0000000000000000        0.0000000000000000        0.0000000000000000        2.4230329215260058E-002
 ZTHERM   300.00000000000000        1.0000000000000000        0.0000000000000000        975.49913621901146        0.0000000000000000        0.0000000000000000        0.0000000000000000        0.0000000000000000       0.69712431061239910        0.0000000000000000        0.0000000000000000        0.0000000000000000       0.69712431061239910     
 ZTHERM   2248.0830227994429        1.0000000000000000        0.0000000000000000        977.39494078296150        0.0000000000000000        0.0000000000000000        0.0000000000000000        0.0000000000000000        2.7837390120439925E-002   0.0000000000000000        0.0000000000000000        0.0000000000000000        2.7837390120439925E-002
 ZTHERM   300.00000000000000        1.0000000000000000        0.0000000000000000        977.39494078296150        0.0000000000000000        0.0000000000000000        0.0000000000000000        0.0000000000000000       0.79901885194337841        0.0000000000000000        0.0000000000000000        0.0000000000000000       0.79901885194337841     
 ZTHERM   2248.0830227994429        1.0000000000000000        0.0000000000000000        918.65192797065947        0.0000000000000000        0.0000000000000000        0.0000000000000000        0.0000000000000000        2.0444216439701821E-002   0.0000000000000000        0.0000000000000000        0.0000000000000000        2.0444216439701821E-002
 ZTHERM   300.00000000000000        1.0000000000000000        0.0000000000000000        918.65192797065947        0.0000000000000000        0.0000000000000000        0.0000000000000000        0.0000000000000000       0.63034666699062170        0.0000000000000000        0.0000000000000000        0.0000000000000000       0.63034666699062170     
 ZTHERM   2248.0830227994429        1.0000000000000000        0.0000000000000000        959.63102766378699        0.0000000000000000        0.0000000000000000        0.0000000000000000        0.0000000000000000        2.3411466287355690E-002   0.0000000000000000        0.0000000000000000        0.0000000000000000        2.3411466287355690E-002
 ZTHERM   300.00000000000000        1.0000000000000000        0.0000000000000000        959.63102766378699        0.0000000000000000        0.0000000000000000        0.0000000000000000        0.0000000000000000       0.68689042333714612        0.0000000000000000        0.0000000000000000        0.0000000000000000       0.68689042333714612     
 ZTHERM   2248.0830227994429        1.0000000000000000        0.0000000000000000        1079.3345183923661        0.0000000000000000        0.0000000000000000        0.0000000000000000        0.0000000000000000        3.0443571767051609E-002   0.0000000000000000        0.0000000000000000        0.0000000000000000        3.0443571767051609E-002
 ZTHERM   300.00000000000000        1.0000000000000000        0.0000000000000000        1079.3345183923661        0.0000000000000000        0.0000000000000000        0.0000000000000000        0.0000000000000000       0.76679670861931770        0.0000000000000000        0.0000000000000000        0.0000000000000000       0.76679670861931770     
 ZTHERM   2248.0830227994429        1.0000000000000000        0.0000000000000000        930.60291824509238        0.0000000000000000        0.0000000000000000        0.0000000000000000        0.0000000000000000        2.2720763024723298E-002   0.0000000000000000        0.0000000000000000        0.0000000000000000        2.2720763024723298E-002
 ZTHERM   300.00000000000000        1.0000000000000000        0.0000000000000000        930.60291824509238        0.0000000000000000        0.0000000000000000        0.0000000000000000        0.0000000000000000       0.69057536532355701        0.0000000000000000        0.0000000000000000        0.0000000000000000       0.69057536532355701     
 ZTHERM   2248.0830227994429        1.0000000000000000        0.0000000000000000        915.80042985584998        0.0000000000000000        0.0000000000000000        0.0000000000000000        0.0000000000000000        2.2094055367992995E-002   0.0000000000000000        0.0000000000000000        0.0000000000000000        2.2094055367992995E-002
 ZTHERM   300.00000000000000        1.0000000000000000        0.0000000000000000        915.80042985584998        0.0000000000000000        0.0000000000000000        0.0000000000000000        0.0000000000000000       0.68353503833414386        0.0000000000000000        0.0000000000000000        0.0000000000000000       0.68353503833414386     
 ZTHERM   2248.0830227994429        1.0000000000000000        0.0000000000000000        745.99069453730567        0.0000000000000000        0.0000000000000000        0.0000000000000000        0.0000000000000000        1.5364242833903348E-002   0.0000000000000000        0.0000000000000000        0.0000000000000000        1.5364242833903348E-002
 ZTHERM   300.00000000000000        1.0000000000000000        0.0000000000000000        745.99069453730567        0.0000000000000000        0.0000000000000000        0.0000000000000000        0.0000000000000000       0.57408784610960262        0.0000000000000000        0.0000000000000000        0.0000000000000000       0.57408784610960262     
 ZTHERM   2248.0830227994429        1.0000000000000000        0.0000000000000000        917.15778668278256        0.0000000000000000        0.0000000000000000        0.0000000000000000        0.0000000000000000        2.1728302678851178E-002   0.0000000000000000        0.0000000000000000        0.0000000000000000        2.1728302678851178E-002
 ZTHERM   300.00000000000000        1.0000000000000000        0.0000000000000000        917.15778668278256        0.0000000000000000        0.0000000000000000        0.0000000000000000        0.0000000000000000       0.67113326074884239        0.0000000000000000        0.0000000000000000        0.0000000000000000       0.67113326074884239     
 ZTHERM   2248.0830227994429        1.0000000000000000        0.0000000000000000        1112.0098089462388        0.0000000000000000        0.0000000000000000        0.0000000000000000        0.0000000000000000        2.9467589524617924E-002   0.0000000000000000        0.0000000000000000        0.0000000000000000        2.9467589524617924E-002
 ZTHERM   300.00000000000000        1.0000000000000000        0.0000000000000000        1112.0098089462388        0.0000000000000000        0.0000000000000000        0.0000000000000000        0.0000000000000000       0.71064384836450112        0.0000000000000000        0.0000000000000000        0.0000000000000000       0.71064384836450112     
 ZTHERM   2248.0830227994429        1.0000000000000000        0.0000000000000000        1009.1115822205322        0.0000000000000000        0.0000000000000000        0.0000000000000000        0.0000000000000000        2.4337888254166006E-002   0.0000000000000000        0.0000000000000000        0.0000000000000000        2.4337888254166006E-002
 ZTHERM   300.00000000000000        1.0000000000000000        0.0000000000000000        1009.1115822205322        0.0000000000000000        0.0000000000000000        0.0000000000000000        0.0000000000000000       0.67130957431867078        0.0000000000000000        0.0000000000000000        0.0000000000000000       0.67130957431867078     
 ZTHERM   2248.0830227994429        1.0000000000000000        0.0000000000000000        1082.8795561558395        0.0000000000000000        0.0000000000000000        0.0000000000000000        0.0000000000000000        2.7973679024494397E-002   0.0000000000000000        0.0000000000000000        0.0000000000000000        2.7973679024494397E-002
 ZTHERM   300.00000000000000        1.0000000000000000        0.0000000000000000        1082.8795561558395        0.0000000000000000        0.0000000000000000        0.0000000000000000        0.0000000000000000       0.70129625731576006        0.0000000000000000        0.0000000000000000        0.0000000000000000       0.70129625731576006     
 ZTHERM   2248.0830227994429        1.0000000000000000        0.0000000000000000        1031.2274352967374        0.0000000000000000        0.0000000000000000        0.0000000000000000        0.0000000000000000        2.2975531662760701E-002   0.0000000000000000        0.0000000000000000        0.0000000000000000        2.2975531662760701E-002
 ZTHERM   300.00000000000000        1.0000000000000000        0.0000000000000000        1031.2274352967374        0.0000000000000000        0.0000000000000000        0.0000000000000000        0.0000000000000000       0.61609843981677181        0.0000000000000000        0.0000000000000000        0.0000000000000000       0.61609843981677181     
 ZTHERM   2248.0830227994429        1.0000000000000000        0.0000000000000000        571.04160707830238        0.0000000000000000        0.0000000000000000        0.0000000000000000        0.0000000000000000        7.1202667491711731E-003   0.0000000000000000        0.0000000000000000        0.0000000000000000        7.1202667491711731E-003
 ZTHERM   300.00000000000000        1.0000000000000000        0.0000000000000000        571.04160707830238        0.0000000000000000        0.0000000000000000        0.0000000000000000        0.0000000000000000       0.31301779048914069        0.0000000000000000        0.0000000000000000        0.0000000000000000       0.31301779048914069     
 ZTHERM   2248.0830227994429        1.0000000000000000        0.0000000000000000        633.27695075475253        0.0000000000000000        0.0000000000000000        0.0000000000000000        0.0000000000000000        9.0347181080662718E-003   0.0000000000000000        0.0000000000000000        0.0000000000000000        9.0347181080662718E-003
 ZTHERM   300.00000000000000        1.0000000000000000        0.0000000000000000        633.27695075475253        0.0000000000000000        0.0000000000000000        0.0000000000000000        0.0000000000000000       0.37638739476645267        0.0000000000000000        0.0000000000000000        0.0000000000000000       0.37638739476645267     
 ZTHERM   2248.0830227994429        1.0000000000000000        0.0000000000000000        996.11441558148363        0.0000000000000000        0.0000000000000000        0.0000000000000000        0.0000000000000000        2.1455921778652361E-002   0.0000000000000000        0.0000000000000000        0.0000000000000000        2.1455921778652361E-002
 ZTHERM   300.00000000000000        1.0000000000000000        0.0000000000000000        996.11441558148363        0.0000000000000000        0.0000000000000000        0.0000000000000000        0.0000000000000000       0.60160768805801268        0.0000000000000000        0.0000000000000000        0.0000000000000000       0.60160768805801268     
 ZTHERM   2248.0830227994429        1.0000000000000000        0.0000000000000000        680.75472540226201        0.0000000000000000        0.0000000000000000        0.0000000000000000        0.0000000000000000        1.1370210375553507E-002   0.0000000000000000        0.0000000000000000        0.0000000000000000        1.1370210375553507E-002
 ZTHERM   300.00000000000000        1.0000000000000000        0.0000000000000000        680.75472540226201        0.0000000000000000        0.0000000000000000        0.0000000000000000        0.0000000000000000       0.45325039354382679        0.0000000000000000        0.0000000000000000        0.0000000000000000       0.45325039354382679     
 ZTHERM   2248.0830227994429        1.0000000000000000        0.0000000000000000        876.49835378856551        0.0000000000000000        0.0000000000000000        0.0000000000000000        0.0000000000000000       -3.9179149733139883E-004  -0.0000000000000000       -0.0000000000000000        0.0000000000000000       -3.9179149733139883E-004
 ZTHERM   300.00000000000000        1.0000000000000000        0.0000000000000000        876.49835378856551        0.0000000000000000        0.0000000000000000        0.0000000000000000        0.0000000000000000       -1.2693182479995044E-002  -0.0000000000000000       -0.0000000000000000        0.0000000000000000       -1.2693182479995044E-002
 ZTHERM   2248.0830227994429        1.0000000000000000        0.0000000000000000        958.30670919154124        0.0000000000000000        0.0000000000000000        0.0000000000000000        0.0000000000000000        2.8676796472513061E-003   0.0000000000000000        0.0000000000000000        0.0000000000000000        2.8676796472513061E-003
 ZTHERM   300.00000000000000        1.0000000000000000        0.0000000000000000        958.30670919154124        0.0000000000000000        0.0000000000000000        0.0000000000000000        0.0000000000000000        8.4274364486171732E-002   0.0000000000000000        0.0000000000000000        0.0000000000000000        8.4274364486171732E-002
 ZTHERM   2248.0830227994429        1.0000000000000000        0.0000000000000000        1327.4659942815497        0.0000000000000000        0.0000000000000000        0.0000000000000000        0.0000000000000000        4.1036938219645575E-002   0.0000000000000000        0.0000000000000000        0.0000000000000000        4.1036938219645575E-002
 ZTHERM   300.00000000000000        1.0000000000000000        0.0000000000000000        1327.4659942815497        0.0000000000000000        0.0000000000000000        0.0000000000000000        0.0000000000000000       0.73116585385312394        0.0000000000000000        0.0000000000000000        0.0000000000000000       0.73116585385312394     
 ZTHERM   2248.0830227994429        1.0000000000000000        0.0000000000000000        1359.3704006367307        0.0000000000000000        0.0000000000000000        0.0000000000000000        0.0000000000000000        4.3485666330301910E-002   0.0000000000000000        0.0000000000000000        0.0000000000000000        4.3485666330301910E-002
 ZTHERM   300.00000000000000        1.0000000000000000        0.0000000000000000        1359.3704006367307        0.0000000000000000        0.0000000000000000        0.0000000000000000        0.0000000000000000       0.73933693216767271        0.0000000000000000        0.0000000000000000        0.0000000000000000       0.73933693216767271     
 ZTHERM   2248.0830227994429        1.0000000000000000        0.0000000000000000        1152.7407060579519        0.0000000000000000        0.0000000000000000        0.0000000000000000        0.0000000000000000        1.9666056441487816E-002   0.0000000000000000        0.0000000000000000        0.0000000000000000        1.9666056441487816E-002
 ZTHERM   300.00000000000000        1.0000000000000000        0.0000000000000000        1152.7407060579519        0.0000000000000000        0.0000000000000000        0.0000000000000000        0.0000000000000000       0.44881230405666234        0.0000000000000000        0.0000000000000000        0.0000000000000000       0.44881230405666234     
 ZTHERM   2248.0830227994429        1.0000000000000000        0.0000000000000000        975.17784628163861        0.0000000000000000        0.0000000000000000        0.0000000000000000        0.0000000000000000        8.7513914092997268E-003   0.0000000000000000        0.0000000000000000        0.0000000000000000        8.7513914092997268E-003
 ZTHERM   300.00000000000000        1.0000000000000000        0.0000000000000000        975.17784628163861        0.0000000000000000        0.0000000000000000        0.0000000000000000        0.0000000000000000       0.25188433994828452        0.0000000000000000        0.0000000000000000        0.0000000000000000       0.25188433994828452     
 ZTHERM   2248.0830227994429        1.0000000000000000        0.0000000000000000        536.46618879988023        0.0000000000000000        0.0000000000000000        0.0000000000000000        0.0000000000000000        8.0848462485859258E-003   0.0000000000000000        0.0000000000000000        0.0000000000000000        8.0848462485859258E-003
 ZTHERM   300.00000000000000        1.0000000000000000        0.0000000000000000        536.46618879988023        0.0000000000000000        0.0000000000000000        0.0000000000000000        0.0000000000000000       0.36544699854725349        0.0000000000000000        0.0000000000000000        0.0000000000000000       0.36544699854725349     
 ZTHERM   2248.0830227994429        1.0000000000000000        0.0000000000000000        393.63781814884163        0.0000000000000000        0.0000000000000000        0.0000000000000000        0.0000000000000000        4.7492281183609568E-003   0.0000000000000000        0.0000000000000000        0.0000000000000000        4.7492281183609568E-003
 ZTHERM   300.00000000000000        1.0000000000000000        0.0000000000000000        393.63781814884163        0.0000000000000000        0.0000000000000000        0.0000000000000000        0.0000000000000000       0.23686239623911209        0.0000000000000000        0.0000000000000000        0.0000000000000000       0.23686239623911209     
 ZTHERM   2248.0830227994429        1.0000000000000000        0.0000000000000000        554.65749390425208        0.0000000000000000        0.0000000000000000        0.0000000000000000        0.0000000000000000        1.0617714271822010E-002   0.0000000000000000        0.0000000000000000        0.0000000000000000        1.0617714271822010E-002
 ZTHERM   300.00000000000000        1.0000000000000000        0.0000000000000000        554.65749390425208        0.0000000000000000        0.0000000000000000        0.0000000000000000        0.0000000000000000       0.47305243260782193        0.0000000000000000        0.0000000000000000        0.0000000000000000       0.47305243260782193     
 ZTHERM   2310.7944684244512        1.0000000000000000        0.0000000000000000        837.80092038721796        0.0000000000000000        0.0000000000000000        0.0000000000000000        0.0000000000000000        3.4128126607958663E-003   0.0000000000000000        0.0000000000000000        0.0000000000000000        3.4128126607958663E-003
 ZTHERM   300.00000000000000        1.0000000000000000        0.0000000000000000        837.80092038721796        0.0000000000000000        0.0000000000000000        0.0000000000000000        0.0000000000000000       0.12201651881146890        0.0000000000000000        0.0000000000000000        0.0000000000000000       0.12201651881146890     
 ZTHERM   2310.7944684244512        1.0000000000000000        0.0000000000000000        960.69115291442665        0.0000000000000000        0.0000000000000000        0.0000000000000000        0.0000000000000000        4.8692773685412704E-003   0.0000000000000000        0.0000000000000000        0.0000000000000000        4.8692773685412704E-003
 ZTHERM   300.00000000000000        1.0000000000000000        0.0000000000000000        960.69115291442665        0.0000000000000000        0.0000000000000000        0.0000000000000000        0.0000000000000000       0.15064458410175557        0.0000000000000000        0.0000000000000000        0.0000000000000000       0.15064458410175557     
 ZTHERM   2310.7944684244512        1.0000000000000000        0.0000000000000000        922.26418189555511        0.0000000000000000        0.0000000000000000        0.0000000000000000        0.0000000000000000        4.4559498140734960E-003   0.0000000000000000        0.0000000000000000        0.0000000000000000        4.4559498140734960E-003
 ZTHERM   300.00000000000000        1.0000000000000000        0.0000000000000000        922.26418189555511        0.0000000000000000        0.0000000000000000        0.0000000000000000        0.0000000000000000       0.14444217933201889        0.0000000000000000        0.0000000000000000        0.0000000000000000       0.14444217933201889     
 ZTHERM   2310.7944684244512        1.0000000000000000        0.0000000000000000        886.76495146471018        0.0000000000000000        0.0000000000000000        0.0000000000000000        0.0000000000000000        6.6914648217530201E-003   0.0000000000000000        0.0000000000000000        0.0000000000000000        6.6914648217530201E-003
 ZTHERM   300.00000000000000        1.0000000000000000        0.0000000000000000        886.76495146471018        0.0000000000000000        0.0000000000000000        0.0000000000000000        0.0000000000000000       0.22620529012482840        0.0000000000000000        0.0000000000000000        0.0000000000000000       0.22620529012482840     
 ZTHERM   2310.7944684244512        1.0000000000000000        0.0000000000000000        697.74508341585920        0.0000000000000000        0.0000000000000000        0.0000000000000000        0.0000000000000000        1.1207514546766885E-002   0.0000000000000000        0.0000000000000000        0.0000000000000000        1.1207514546766885E-002
 ZTHERM   300.00000000000000        1.0000000000000000        0.0000000000000000        697.74508341585920        0.0000000000000000        0.0000000000000000        0.0000000000000000        0.0000000000000000       0.46418754167165255        0.0000000000000000        0.0000000000000000        0.0000000000000000       0.46418754167165255     
 ZTHERM   2310.7944684244512        1.0000000000000000        0.0000000000000000        863.83089613997538        0.0000000000000000        0.0000000000000000        0.0000000000000000        0.0000000000000000        4.3788719814131837E-003   0.0000000000000000        0.0000000000000000        0.0000000000000000        4.3788719814131837E-003
 ZTHERM   300.00000000000000        1.0000000000000000        0.0000000000000000        863.83089613997538        0.0000000000000000        0.0000000000000000        0.0000000000000000        0.0000000000000000       0.15200497542989949        0.0000000000000000        0.0000000000000000        0.0000000000000000       0.15200497542989949     
 ZTHERM   2310.7944684244512        1.0000000000000000        0.0000000000000000        924.52012038899193        0.0000000000000000        0.0000000000000000        0.0000000000000000        0.0000000000000000        2.4466032129119579E-003   0.0000000000000000        0.0000000000000000        0.0000000000000000        2.4466032129119579E-003
 ZTHERM   300.00000000000000        1.0000000000000000        0.0000000000000000        924.52012038899193        0.0000000000000000        0.0000000000000000        0.0000000000000000        0.0000000000000000        7.9093844091693247E-002   0.0000000000000000        0.0000000000000000        0.0000000000000000        7.9093844091693247E-002
 ZTHERM   2310.7944684244512        1.0000000000000000        0.0000000000000000        760.56060584370209        0.0000000000000000        0.0000000000000000        0.0000000000000000        0.0000000000000000        1.2936632811892557E-003   0.0000000000000000        0.0000000000000000        0.0000000000000000        1.2936632811892557E-003
 ZTHERM   300.00000000000000        1.0000000000000000        0.0000000000000000        760.56060584370209        0.0000000000000000        0.0000000000000000        0.0000000000000000        0.0000000000000000        5.0286201407271504E-002   0.0000000000000000        0.0000000000000000        0.0000000000000000        5.0286201407271504E-002
 ZTHERM   2310.7944684244512        1.0000000000000000        0.0000000000000000        896.94891534279532        0.0000000000000000        0.0000000000000000        0.0000000000000000        0.0000000000000000        2.3106242012414977E-003   0.0000000000000000        0.0000000000000000        0.0000000000000000        2.3106242012414977E-003
 ZTHERM   300.00000000000000        1.0000000000000000        0.0000000000000000        896.94891534279532        0.0000000000000000        0.0000000000000000        0.0000000000000000        0.0000000000000000        7.7184737415854091E-002   0.0000000000000000        0.0000000000000000        0.0000000000000000        7.7184737415854091E-002
 ZTHERM   2310.7944684244512        1.0000000000000000        0.0000000000000000        847.46078249536686        0.0000000000000000        0.0000000000000000        0.0000000000000000        0.0000000000000000        2.0532403042999013E-003   0.0000000000000000        0.0000000000000000        0.0000000000000000        2.0532403042999013E-003
 ZTHERM   300.00000000000000        1.0000000000000000        0.0000000000000000        847.46078249536686        0.0000000000000000        0.0000000000000000        0.0000000000000000        0.0000000000000000        7.2614664043632066E-002   0.0000000000000000        0.0000000000000000        0.0000000000000000        7.2614664043632066E-002
 ZTHERM   2310.7944684244512        1.0000000000000000        0.0000000000000000        1101.2524856049422        0.0000000000000000        0.0000000000000000        0.0000000000000000        0.0000000000000000        2.3549817779682531E-002   0.0000000000000000        0.0000000000000000        0.0000000000000000        2.3549817779682531E-002
 ZTHERM   300.00000000000000        1.0000000000000000        0.0000000000000000        1101.2524856049422        0.0000000000000000        0.0000000000000000        0.0000000000000000        0.0000000000000000       0.60819906998483819        0.0000000000000000        0.0000000000000000        0.0000000000000000       0.60819906998483819     
 ZTHERM   2310.7944684244512        1.0000000000000000        0.0000000000000000        924.74043028648850        0.0000000000000000        0.0000000000000000        0.0000000000000000        0.0000000000000000        1.6682117608923398E-002   0.0000000000000000        0.0000000000000000        0.0000000000000000        1.6682117608923398E-002
 ZTHERM   300.00000000000000        1.0000000000000000        0.0000000000000000        924.74043028648850        0.0000000000000000        0.0000000000000000        0.0000000000000000        0.0000000000000000       0.53915732407564831        0.0000000000000000        0.0000000000000000        0.0000000000000000       0.53915732407564831     
 ZTHERM   2310.7944684244512        1.0000000000000000        0.0000000000000000        1038.5282020341151        0.0000000000000000        0.0000000000000000        0.0000000000000000        0.0000000000000000        1.7465294612634064E-002   0.0000000000000000        0.0000000000000000        0.0000000000000000        1.7465294612634064E-002
 ZTHERM   300.00000000000000        1.0000000000000000        0.0000000000000000        1038.5282020341151        0.0000000000000000        0.0000000000000000        0.0000000000000000        0.0000000000000000       0.48980669577577829        0.0000000000000000        0.0000000000000000        0.0000000000000000       0.48980669577577829     
 ZTHERM   2310.7944684244512        1.0000000000000000        0.0000000000000000        915.13288864405126        0.0000000000000000        0.0000000000000000        0.0000000000000000        0.0000000000000000        1.3073641758568491E-002   0.0000000000000000        0.0000000000000000        0.0000000000000000        1.3073641758568491E-002
 ZTHERM   300.00000000000000        1.0000000000000000        0.0000000000000000        915.13288864405126        0.0000000000000000        0.0000000000000000        0.0000000000000000        0.0000000000000000       0.42741598263504821        0.0000000000000000        0.0000000000000000        0.0000000000000000       0.42741598263504821     
 ZTHERM   2310.7944684244512        1.0000000000000000        0.0000000000000000        1068.0781190848174        0.0000000000000000        0.0000000000000000        0.0000000000000000        0.0000000000000000        1.8465002818372756E-002   0.0000000000000000        0.0000000000000000        0.0000000000000000        1.8465002818372756E-002
 ZTHERM   300.00000000000000        1.0000000000000000        0.0000000000000000        1068.0781190848174        0.0000000000000000        0.0000000000000000        0.0000000000000000        0.0000000000000000       0.49829649072099341        0.0000000000000000        0.0000000000000000        0.0000000000000000       0.49829649072099341     
 ZTHERM   2310.7944684244512        1.0000000000000000        0.0000000000000000        1015.2366753449803        0.0000000000000000        0.0000000000000000        0.0000000000000000        0.0000000000000000        1.3596759841994753E-002   0.0000000000000000        0.0000000000000000        0.0000000000000000        1.3596759841994753E-002
 ZTHERM   300.00000000000000        1.0000000000000000        0.0000000000000000        1015.2366753449803        0.0000000000000000        0.0000000000000000        0.0000000000000000        0.0000000000000000       0.39287826192406666        0.0000000000000000        0.0000000000000000        0.0000000000000000       0.39287826192406666     
 ZTHERM   2310.7944684244512        1.0000000000000000        0.0000000000000000        1001.7467316594505        0.0000000000000000        0.0000000000000000        0.0000000000000000        0.0000000000000000        8.5397798163396911E-003   0.0000000000000000        0.0000000000000000        0.0000000000000000        8.5397798163396911E-003
 ZTHERM   300.00000000000000        1.0000000000000000        0.0000000000000000        1001.7467316594505        0.0000000000000000        0.0000000000000000        0.0000000000000000        0.0000000000000000       0.25101589910698674        0.0000000000000000        0.0000000000000000        0.0000000000000000       0.25101589910698674     
 ZTHERM   2310.7944684244512        1.0000000000000000        0.0000000000000000        910.27674186853596        0.0000000000000000        0.0000000000000000        0.0000000000000000        0.0000000000000000        1.0267146856203117E-002   0.0000000000000000        0.0000000000000000        0.0000000000000000        1.0267146856203117E-002
 ZTHERM   300.00000000000000        1.0000000000000000        0.0000000000000000        910.27674186853596        0.0000000000000000        0.0000000000000000        0.0000000000000000        0.0000000000000000       0.33760803682177931        0.0000000000000000        0.0000000000000000        0.0000000000000000       0.33760803682177931     
 ZTHERM   2310.7944684244512        1.0000000000000000        0.0000000000000000        1001.8724484857911        0.0000000000000000        0.0000000000000000        0.0000000000000000        0.0000000000000000        1.5127668111146679E-002   0.0000000000000000        0.0000000000000000        0.0000000000000000        1.5127668111146679E-002
 ZTHERM   300.00000000000000        1.0000000000000000        0.0000000000000000        1001.8724484857911        0.0000000000000000        0.0000000000000000        0.0000000000000000        0.0000000000000000       0.44458782634471311        0.0000000000000000        0.0000000000000000        0.0000000000000000       0.44458782634471311     
 ZTHERM   2310.7944684244512        1.0000000000000000        0.0000000000000000        975.30177122767850        0.0000000000000000        0.0000000000000000        0.0000000000000000        0.0000000000000000        1.2619167376418102E-002   0.0000000000000000        0.0000000000000000        0.0000000000000000        1.2619167376418102E-002
 ZTHERM   300.00000000000000        1.0000000000000000        0.0000000000000000        975.30177122767850        0.0000000000000000        0.0000000000000000        0.0000000000000000        0.0000000000000000       0.38341979599477188        0.0000000000000000        0.0000000000000000        0.0000000000000000       0.38341979599477188     
 ZTHERM   2310.7944684244512        1.0000000000000000        0.0000000000000000        1025.0891144171642        0.0000000000000000        0.0000000000000000        0.0000000000000000        0.0000000000000000        1.4762569382059712E-002   0.0000000000000000        0.0000000000000000        0.0000000000000000        1.4762569382059712E-002
 ZTHERM   300.00000000000000        1.0000000000000000        0.0000000000000000        1025.0891144171642        0.0000000000000000        0.0000000000000000        0.0000000000000000        0.0000000000000000       0.42122897001079534        0.0000000000000000        0.0000000000000000        0.0000000000000000       0.42122897001079534     
 ZTHERM   2310.7944684244512        1.0000000000000000        0.0000000000000000        919.09837521268605        0.0000000000000000        0.0000000000000000        0.0000000000000000        0.0000000000000000        1.2782546370314755E-002   0.0000000000000000        0.0000000000000000        0.0000000000000000        1.2782546370314755E-002
 ZTHERM   300.00000000000000        1.0000000000000000        0.0000000000000000        919.09837521268605        0.0000000000000000        0.0000000000000000        0.0000000000000000        0.0000000000000000       0.41592615387304416        0.0000000000000000        0.0000000000000000        0.0000000000000000       0.41592615387304416     
 ZTHERM   2310.7944684244512        1.0000000000000000        0.0000000000000000        1029.3654412967480        0.0000000000000000        0.0000000000000000        0.0000000000000000        0.0000000000000000        1.3679406109815028E-002   0.0000000000000000        0.0000000000000000        0.0000000000000000        1.3679406109815028E-002
 ZTHERM   300.00000000000000        1.0000000000000000        0.0000000000000000        1029.3654412967480        0.0000000000000000        0.0000000000000000        0.0000000000000000        0.0000000000000000       0.38818702213258233        0.0000000000000000        0.0000000000000000        0.0000000000000000       0.38818702213258233     
 ZTHERM   2310.7944684244512        1.0000000000000000        0.0000000000000000        1015.8430155947692        0.0000000000000000        0.0000000000000000        0.0000000000000000        0.0000000000000000        1.3469325018383407E-002   0.0000000000000000        0.0000000000000000        0.0000000000000000        1.3469325018383407E-002
 ZTHERM   300.00000000000000        1.0000000000000000        0.0000000000000000        1015.8430155947692        0.0000000000000000        0.0000000000000000        0.0000000000000000        0.0000000000000000       0.38889550757036484        0.0000000000000000        0.0000000000000000        0.0000000000000000       0.38889550757036484     
 ZTHERM   2310.7944684244512        1.0000000000000000        0.0000000000000000        1107.6566408163765        0.0000000000000000        0.0000000000000000        0.0000000000000000        0.0000000000000000        2.6907371943917145E-002   0.0000000000000000        0.0000000000000000        0.0000000000000000        2.6907371943917145E-002
 ZTHERM   300.00000000000000        1.0000000000000000        0.0000000000000000        1107.6566408163765        0.0000000000000000        0.0000000000000000        0.0000000000000000        0.0000000000000000       0.68898288886870462        0.0000000000000000        0.0000000000000000        0.0000000000000000       0.68898288886870462     
 ZTHERM   2310.7944684244512        1.0000000000000000        0.0000000000000000        944.49734617243814        0.0000000000000000        0.0000000000000000        0.0000000000000000        0.0000000000000000        1.2907763041245645E-002   0.0000000000000000        0.0000000000000000        0.0000000000000000        1.2907763041245645E-002
 ZTHERM   300.00000000000000        1.0000000000000000        0.0000000000000000        944.49734617243814        0.0000000000000000        0.0000000000000000        0.0000000000000000        0.0000000000000000       0.40732953760316121        0.0000000000000000        0.0000000000000000        0.0000000000000000       0.40732953760316121     
 ZTHERM   2310.7944684244512        1.0000000000000000        0.0000000000000000        1019.4770373729242        0.0000000000000000        0.0000000000000000        0.0000000000000000        0.0000000000000000        1.8256178406492109E-002   0.0000000000000000        0.0000000000000000        0.0000000000000000        1.8256178406492109E-002
 ZTHERM   300.00000000000000        1.0000000000000000        0.0000000000000000        1019.4770373729242        0.0000000000000000        0.0000000000000000        0.0000000000000000        0.0000000000000000       0.52466700640814035        0.0000000000000000        0.0000000000000000        0.0000000000000000       0.52466700640814035     
 ZTHERM   2310.7944684244512        1.0000000000000000        0.0000000000000000        1108.9031205706253        0.0000000000000000        0.0000000000000000        0.0000000000000000        0.0000000000000000        3.6428401997130301E-002   0.0000000000000000        0.0000000000000000        0.0000000000000000        3.6428401997130301E-002
 ZTHERM   300.00000000000000        1.0000000000000000        0.0000000000000000        1108.9031205706253        0.0000000000000000        0.0000000000000000        0.0000000000000000        0.0000000000000000       0.93121858634530308        0.0000000000000000        0.0000000000000000        0.0000000000000000       0.93121858634530308     
 ZTHERM   2310.7944684244512        1.0000000000000000        0.0000000000000000        1017.3001922159223        0.0000000000000000        0.0000000000000000        0.0000000000000000        0.0000000000000000        1.0800532284100082E-002   0.0000000000000000        0.0000000000000000        0.0000000000000000        1.0800532284100082E-002
 ZTHERM   300.00000000000000        1.0000000000000000        0.0000000000000000        1017.3001922159223        0.0000000000000000        0.0000000000000000        0.0000000000000000        0.0000000000000000       0.31126158045166419        0.0000000000000000        0.0000000000000000        0.0000000000000000       0.31126158045166419     
 ZTHERM   2310.7944684244512        1.0000000000000000        0.0000000000000000        763.80716204627151        0.0000000000000000        0.0000000000000000        0.0000000000000000        0.0000000000000000        5.3729443691175839E-003   0.0000000000000000        0.0000000000000000        0.0000000000000000        5.3729443691175839E-003
 ZTHERM   300.00000000000000        1.0000000000000000        0.0000000000000000        763.80716204627151        0.0000000000000000        0.0000000000000000        0.0000000000000000        0.0000000000000000       0.20814507141502084        0.0000000000000000        0.0000000000000000        0.0000000000000000       0.20814507141502084     
 ZTHERM   2310.7944684244512        1.0000000000000000        0.0000000000000000        1081.2553348469203        0.0000000000000000        0.0000000000000000        0.0000000000000000        0.0000000000000000        1.6531609410458007E-002   0.0000000000000000        0.0000000000000000        0.0000000000000000        1.6531609410458007E-002
 ZTHERM   300.00000000000000        1.0000000000000000        0.0000000000000000        1081.2553348469203        0.0000000000000000        0.0000000000000000        0.0000000000000000        0.0000000000000000       0.43844428629032628        0.0000000000000000        0.0000000000000000        0.0000000000000000       0.43844428629032628     
 ZTHERM   2310.7944684244512        1.0000000000000000        0.0000000000000000        811.28157512519033        0.0000000000000000        0.0000000000000000        0.0000000000000000        0.0000000000000000        9.3623670694042496E-003   0.0000000000000000        0.0000000000000000        0.0000000000000000        9.3623670694042496E-003
 ZTHERM   300.00000000000000        1.0000000000000000        0.0000000000000000        811.28157512519033        0.0000000000000000        0.0000000000000000        0.0000000000000000        0.0000000000000000       0.34470949203194851        0.0000000000000000        0.0000000000000000        0.0000000000000000       0.34470949203194851     
 ZTHERM   2310.7944684244512        1.0000000000000000        0.0000000000000000        1081.1078745491993        0.0000000000000000        0.0000000000000000        0.0000000000000000        0.0000000000000000        1.4514194485325402E-002   0.0000000000000000        0.0000000000000000        0.0000000000000000        1.4514194485325402E-002
 ZTHERM   300.00000000000000        1.0000000000000000        0.0000000000000000        1081.1078745491993        0.0000000000000000        0.0000000000000000        0.0000000000000000        0.0000000000000000       0.38501431511392270        0.0000000000000000        0.0000000000000000        0.0000000000000000       0.38501431511392270     
 ZTHERM   2310.7944684244512        1.0000000000000000        0.0000000000000000        809.53586999155516        0.0000000000000000        0.0000000000000000        0.0000000000000000        0.0000000000000000        1.0052151660257505E-002   0.0000000000000000        0.0000000000000000        0.0000000000000000        1.0052151660257505E-002
 ZTHERM   300.00000000000000        1.0000000000000000        0.0000000000000000        809.53586999155516        0.0000000000000000        0.0000000000000000        0.0000000000000000        0.0000000000000000       0.37081404919450378        0.0000000000000000        0.0000000000000000        0.0000000000000000       0.37081404919450378     
 ZTHERM   2310.7944684244512        1.0000000000000000        0.0000000000000000        1131.4890703550441        0.0000000000000000        0.0000000000000000        0.0000000000000000        0.0000000000000000        1.9321996557873221E-002   0.0000000000000000        0.0000000000000000        0.0000000000000000        1.9321996557873221E-002
 ZTHERM   300.00000000000000        1.0000000000000000        0.0000000000000000        1131.4890703550441        0.0000000000000000        0.0000000000000000        0.0000000000000000        0.0000000000000000       0.47911292547718054        0.0000000000000000        0.0000000000000000        0.0000000000000000       0.47911292547718054     
 ZTHERM   2310.7944684244512        1.0000000000000000        0.0000000000000000        926.73878221470511        0.0000000000000000        0.0000000000000000        0.0000000000000000        0.0000000000000000        1.3036815616640753E-002   0.0000000000000000        0.0000000000000000        0.0000000000000000        1.3036815616640753E-002
 ZTHERM   300.00000000000000        1.0000000000000000        0.0000000000000000        926.73878221470511        0.0000000000000000        0.0000000000000000        0.0000000000000000        0.0000000000000000       0.42033312026748637        0.0000000000000000        0.0000000000000000        0.0000000000000000       0.42033312026748637     
 ZTHERM   2310.7944684244512        1.0000000000000000        0.0000000000000000        1156.8913335903596        0.0000000000000000        0.0000000000000000        0.0000000000000000        0.0000000000000000        2.4857069594358440E-002   0.0000000000000000        0.0000000000000000        0.0000000000000000        2.4857069594358440E-002
 ZTHERM   300.00000000000000        1.0000000000000000        0.0000000000000000        1156.8913335903596        0.0000000000000000        0.0000000000000000        0.0000000000000000        0.0000000000000000       0.59537505926067225        0.0000000000000000        0.0000000000000000        0.0000000000000000       0.59537505926067225     
 ZTHERM   2310.7944684244512        1.0000000000000000        0.0000000000000000        868.88636920076726        0.0000000000000000        0.0000000000000000        0.0000000000000000        0.0000000000000000        1.5530001814368598E-002   0.0000000000000000        0.0000000000000000        0.0000000000000000        1.5530001814368598E-002
 ZTHERM   300.00000000000000        1.0000000000000000        0.0000000000000000        868.88636920076726        0.0000000000000000        0.0000000000000000        0.0000000000000000        0.0000000000000000       0.53597807142120868        0.0000000000000000        0.0000000000000000        0.0000000000000000       0.53597807142120868     
 ZTHERM   2310.7944684244512        1.0000000000000000        0.0000000000000000        930.51719870198690        0.0000000000000000        0.0000000000000000        0.0000000000000000        0.0000000000000000        1.2517129767169647E-002   0.0000000000000000        0.0000000000000000        0.0000000000000000        1.2517129767169647E-002
 ZTHERM   300.00000000000000        1.0000000000000000        0.0000000000000000        930.51719870198690        0.0000000000000000        0.0000000000000000        0.0000000000000000        0.0000000000000000       0.40174652447655446        0.0000000000000000        0.0000000000000000        0.0000000000000000       0.40174652447655446     
 ZTHERM   2310.7944684244512        1.0000000000000000        0.0000000000000000        1155.2171692626637        0.0000000000000000        0.0000000000000000        0.0000000000000000        0.0000000000000000        3.3208170275745512E-002   0.0000000000000000        0.0000000000000000        0.0000000000000000        3.3208170275745512E-002
 ZTHERM   300.00000000000000        1.0000000000000000        0.0000000000000000        1155.2171692626637        0.0000000000000000        0.0000000000000000        0.0000000000000000        0.0000000000000000       0.79722818480473046        0.0000000000000000        0.0000000000000000        0.0000000000000000       0.79722818480473046     
 ZTHERM   2310.7944684244512        1.0000000000000000        0.0000000000000000        947.47035915550373        0.0000000000000000        0.0000000000000000        0.0000000000000000        0.0000000000000000        2.2589157985610495E-002   0.0000000000000000        0.0000000000000000        0.0000000000000000        2.2589157985610495E-002
 ZTHERM   300.00000000000000        1.0000000000000000        0.0000000000000000        947.47035915550373        0.0000000000000000        0.0000000000000000        0.0000000000000000        0.0000000000000000       0.71026781434700026        0.0000000000000000        0.0000000000000000        0.0000000000000000       0.71026781434700026     
 ZTHERM   2310.7944684244512        1.0000000000000000        0.0000000000000000        1115.4578927403695        0.0000000000000000        0.0000000000000000        0.0000000000000000        0.0000000000000000        3.0892464284269120E-002   0.0000000000000000        0.0000000000000000        0.0000000000000000        3.0892464284269120E-002
 ZTHERM   300.00000000000000        1.0000000000000000        0.0000000000000000        1115.4578927403695        0.0000000000000000        0.0000000000000000        0.0000000000000000        0.0000000000000000       0.78278195852894383        0.0000000000000000        0.0000000000000000        0.0000000000000000       0.78278195852894383     
 ZTHERM   2310.7944684244512        1.0000000000000000        0.0000000000000000        874.75324023138785        0.0000000000000000        0.0000000000000000        0.0000000000000000        0.0000000000000000        1.8776810582425568E-002   0.0000000000000000        0.0000000000000000        0.0000000000000000        1.8776810582425568E-002
 ZTHERM   300.00000000000000        1.0000000000000000        0.0000000000000000        874.75324023138785        0.0000000000000000        0.0000000000000000        0.0000000000000000        0.0000000000000000       0.64366512579087787        0.0000000000000000        0.0000000000000000        0.0000000000000000       0.64366512579087787     
 ZTHERM   2310.7944684244512        1.0000000000000000        0.0000000000000000        1025.1530462453170        0.0000000000000000        0.0000000000000000        0.0000000000000000        0.0000000000000000        2.5717204719943498E-002   0.0000000000000000        0.0000000000000000        0.0000000000000000        2.5717204719943498E-002
 ZTHERM   300.00000000000000        1.0000000000000000        0.0000000000000000        1025.1530462453170        0.0000000000000000        0.0000000000000000        0.0000000000000000        0.0000000000000000       0.73374383884219130        0.0000000000000000        0.0000000000000000        0.0000000000000000       0.73374383884219130     
 ZTHERM   2310.7944684244512        1.0000000000000000        0.0000000000000000        1001.9632112918310        0.0000000000000000        0.0000000000000000        0.0000000000000000        0.0000000000000000        2.4791918289163238E-002   0.0000000000000000        0.0000000000000000        0.0000000000000000        2.4791918289163238E-002
 ZTHERM   300.00000000000000        1.0000000000000000        0.0000000000000000        1001.9632112918310        0.0000000000000000        0.0000000000000000        0.0000000000000000        0.0000000000000000       0.72852742949409410        0.0000000000000000        0.0000000000000000        0.0000000000000000       0.72852742949409410     
 ZTHERM   2310.7944684244512        1.0000000000000000        0.0000000000000000        985.36901916984016        0.0000000000000000        0.0000000000000000        0.0000000000000000        0.0000000000000000        2.4222894654142856E-002   0.0000000000000000        0.0000000000000000        0.0000000000000000        2.4222894654142856E-002
 ZTHERM   300.00000000000000        1.0000000000000000        0.0000000000000000        985.36901916984016        0.0000000000000000        0.0000000000000000        0.0000000000000000        0.0000000000000000       0.72680941868264248        0.0000000000000000        0.0000000000000000        0.0000000000000000       0.72680941868264248     
 ZTHERM   2310.7944684244512        1.0000000000000000        0.0000000000000000        1210.8811101000670        0.0000000000000000        0.0000000000000000        0.0000000000000000        0.0000000000000000        3.4375302154290098E-002   0.0000000000000000        0.0000000000000000        0.0000000000000000        3.4375302154290098E-002
 ZTHERM   300.00000000000000        1.0000000000000000        0.0000000000000000        1210.8811101000670        0.0000000000000000        0.0000000000000000        0.0000000000000000        0.0000000000000000       0.76391136035431018        0.0000000000000000        0.0000000000000000        0.0000000000000000       0.76391136035431018     
 ZTHERM   2310.7944684244512        1.0000000000000000        0.0000000000000000        1001.3703849828432        0.0000000000000000        0.0000000000000000        0.0000000000000000        0.0000000000000000        2.3638438412248025E-002   0.0000000000000000        0.0000000000000000        0.0000000000000000        2.3638438412248025E-002
 ZTHERM   300.00000000000000        1.0000000000000000        0.0000000000000000        1001.3703849828432        0.0000000000000000        0.0000000000000000        0.0000000000000000        0.0000000000000000       0.69515203890923138        0.0000000000000000        0.0000000000000000        0.0000000000000000       0.69515203890923138     
 ZTHERM   2310.7944684244512        1.0000000000000000        0.0000000000000000        1007.4871468370400        0.0000000000000000        0.0000000000000000        0.0000000000000000        0.0000000000000000        2.7364079706674590E-002   0.0000000000000000        0.0000000000000000        0.0000000000000000        2.7364079706674590E-002
 ZTHERM   300.00000000000000        1.0000000000000000        0.0000000000000000        1007.4871468370400        0.0000000000000000        0.0000000000000000        0.0000000000000000        0.0000000000000000       0.79850992848669866        0.0000000000000000        0.0000000000000000        0.0000000000000000       0.79850992848669866     
 ZTHERM   2310.7944684244512        1.0000000000000000        0.0000000000000000        945.96820176766494        0.0000000000000000        0.0000000000000000        0.0000000000000000        0.0000000000000000        2.0048485078727807E-002   0.0000000000000000        0.0000000000000000        0.0000000000000000        2.0048485078727807E-002
 ZTHERM   300.00000000000000        1.0000000000000000        0.0000000000000000        945.96820176766494        0.0000000000000000        0.0000000000000000        0.0000000000000000        0.0000000000000000       0.63153692895889313        0.0000000000000000        0.0000000000000000        0.0000000000000000       0.63153692895889313     
 ZTHERM   2310.7944684244512        1.0000000000000000        0.0000000000000000        984.93214997482244        0.0000000000000000        0.0000000000000000        0.0000000000000000        0.0000000000000000        2.2836854036562826E-002   0.0000000000000000        0.0000000000000000        0.0000000000000000        2.2836854036562826E-002
 ZTHERM   300.00000000000000        1.0000000000000000        0.0000000000000000        984.93214997482244        0.0000000000000000        0.0000000000000000        0.0000000000000000        0.0000000000000000       0.68559554764820962        0.0000000000000000        0.0000000000000000        0.0000000000000000       0.68559554764820962     
 ZTHERM   2310.7944684244512        1.0000000000000000        0.0000000000000000        1110.6979245968353        0.0000000000000000        0.0000000000000000        0.0000000000000000        0.0000000000000000        3.0045266561263342E-002   0.0000000000000000        0.0000000000000000        0.0000000000000000        3.0045266561263342E-002
 ZTHERM   300.00000000000000        1.0000000000000000        0.0000000000000000        1110.6979245968353        0.0000000000000000        0.0000000000000000        0.0000000000000000        0.0000000000000000       0.76619963107238587        0.0000000000000000        0.0000000000000000        0.0000000000000000       0.76619963107238587     
 ZTHERM   2310.7944684244512        1.0000000000000000        0.0000000000000000        957.60468676015307        0.0000000000000000        0.0000000000000000        0.0000000000000000        0.0000000000000000        2.2422475264956648E-002   0.0000000000000000        0.0000000000000000        0.0000000000000000        2.2422475264956648E-002
 ZTHERM   300.00000000000000        1.0000000000000000        0.0000000000000000        957.60468676015307        0.0000000000000000        0.0000000000000000        0.0000000000000000        0.0000000000000000       0.69633802768479991        0.0000000000000000        0.0000000000000000        0.0000000000000000       0.69633802768479991     
 ZTHERM   2310.7944684244512        1.0000000000000000        0.0000000000000000        942.07435373167482        0.0000000000000000        0.0000000000000000        0.0000000000000000        0.0000000000000000        2.1792605540785909E-002   0.0000000000000000        0.0000000000000000        0.0000000000000000        2.1792605540785909E-002
 ZTHERM   300.00000000000000        1.0000000000000000        0.0000000000000000        942.07435373167482        0.0000000000000000        0.0000000000000000        0.0000000000000000        0.0000000000000000       0.68973701960584777        0.0000000000000000        0.0000000000000000        0.0000000000000000       0.68973701960584777     
 ZTHERM   2310.7944684244512        1.0000000000000000        0.0000000000000000        771.42096526331159        0.0000000000000000        0.0000000000000000        0.0000000000000000        0.0000000000000000        1.5348595977340290E-002   0.0000000000000000        0.0000000000000000        0.0000000000000000        1.5348595977340290E-002
 ZTHERM   300.00000000000000        1.0000000000000000        0.0000000000000000        771.42096526331159        0.0000000000000000        0.0000000000000000        0.0000000000000000        0.0000000000000000       0.58985801562526141        0.0000000000000000        0.0000000000000000        0.0000000000000000       0.58985801562526141     
 ZTHERM   2310.7944684244512        1.0000000000000000        0.0000000000000000        945.50623108316472        0.0000000000000000        0.0000000000000000        0.0000000000000000        0.0000000000000000        2.1506645899052702E-002   0.0000000000000000        0.0000000000000000        0.0000000000000000        2.1506645899052702E-002
 ZTHERM   300.00000000000000        1.0000000000000000        0.0000000000000000        945.50623108316472        0.0000000000000000        0.0000000000000000        0.0000000000000000        0.0000000000000000       0.67785098426539947        0.0000000000000000        0.0000000000000000        0.0000000000000000       0.67785098426539947     
 ZTHERM   2310.7944684244512        1.0000000000000000        0.0000000000000000        1141.0837810389221        0.0000000000000000        0.0000000000000000        0.0000000000000000        0.0000000000000000        2.8950074133821217E-002   0.0000000000000000        0.0000000000000000        0.0000000000000000        2.8950074133821217E-002
 ZTHERM   300.00000000000000        1.0000000000000000        0.0000000000000000        1141.0837810389221        0.0000000000000000        0.0000000000000000        0.0000000000000000        0.0000000000000000       0.70855518903167203        0.0000000000000000        0.0000000000000000        0.0000000000000000       0.70855518903167203     
 ZTHERM   2310.7944684244512        1.0000000000000000        0.0000000000000000        1035.4758522916891        0.0000000000000000        0.0000000000000000        0.0000000000000000        0.0000000000000000        2.3909646903260161E-002   0.0000000000000000        0.0000000000000000        0.0000000000000000        2.3909646903260161E-002
 ZTHERM   300.00000000000000        1.0000000000000000        0.0000000000000000        1035.4758522916891        0.0000000000000000        0.0000000000000000        0.0000000000000000        0.0000000000000000       0.67318160600141430        0.0000000000000000        0.0000000000000000        0.0000000000000000       0.67318160600141430     
 ZTHERM   2310.7944684244512        1.0000000000000000        0.0000000000000000        1111.2079838328200        0.0000000000000000        0.0000000000000000        0.0000000000000000        0.0000000000000000        2.7482777620110921E-002   0.0000000000000000        0.0000000000000000        0.0000000000000000        2.7482777620110921E-002
 ZTHERM   300.00000000000000        1.0000000000000000        0.0000000000000000        1111.2079838328200        0.0000000000000000        0.0000000000000000        0.0000000000000000        0.0000000000000000       0.70037264382577991        0.0000000000000000        0.0000000000000000        0.0000000000000000       0.70037264382577991     
 ZTHERM   2310.7944684244512        1.0000000000000000        0.0000000000000000        1059.9331158577049        0.0000000000000000        0.0000000000000000        0.0000000000000000        0.0000000000000000        2.2492469239469813E-002   0.0000000000000000        0.0000000000000000        0.0000000000000000        2.2492469239469813E-002
 ZTHERM   300.00000000000000        1.0000000000000000        0.0000000000000000        1059.9331158577049        0.0000000000000000        0.0000000000000000        0.0000000000000000        0.0000000000000000       0.61349203771075933        0.0000000000000000        0.0000000000000000        0.0000000000000000       0.61349203771075933     
 ZTHERM   2310.7944684244512        1.0000000000000000        0.0000000000000000        586.68039996935192        0.0000000000000000        0.0000000000000000        0.0000000000000000        0.0000000000000000        6.9667422937827765E-003   0.0000000000000000        0.0000000000000000        0.0000000000000000        6.9667422937827765E-003
 ZTHERM   300.00000000000000        1.0000000000000000        0.0000000000000000        586.68039996935192        0.0000000000000000        0.0000000000000000        0.0000000000000000        0.0000000000000000       0.31930914552765993        0.0000000000000000        0.0000000000000000        0.0000000000000000       0.31930914552765993     
 ZTHERM   2310.7944684244512        1.0000000000000000        0.0000000000000000        649.56674994560512        0.0000000000000000        0.0000000000000000        0.0000000000000000        0.0000000000000000        8.8137789121072677E-003   0.0000000000000000        0.0000000000000000        0.0000000000000000        8.8137789121072677E-003
 ZTHERM   300.00000000000000        1.0000000000000000        0.0000000000000000        649.56674994560512        0.0000000000000000        0.0000000000000000        0.0000000000000000        0.0000000000000000       0.38211911364836892        0.0000000000000000        0.0000000000000000        0.0000000000000000       0.38211911364836892     
 ZTHERM   2310.7944684244512        1.0000000000000000        0.0000000000000000        1023.8273749919995        0.0000000000000000        0.0000000000000000        0.0000000000000000        0.0000000000000000        2.1004525657692633E-002   0.0000000000000000        0.0000000000000000        0.0000000000000000        2.1004525657692633E-002
 ZTHERM   300.00000000000000        1.0000000000000000        0.0000000000000000        1023.8273749919995        0.0000000000000000        0.0000000000000000        0.0000000000000000        0.0000000000000000       0.60030364362064270        0.0000000000000000        0.0000000000000000        0.0000000000000000       0.60030364362064270     
 ZTHERM   2310.7944684244512        1.0000000000000000        0.0000000000000000        697.74508341585920        0.0000000000000000        0.0000000000000000        0.0000000000000000        0.0000000000000000        1.1207514546766885E-002   0.0000000000000000        0.0000000000000000        0.0000000000000000        1.1207514546766885E-002
 ZTHERM   300.00000000000000        1.0000000000000000        0.0000000000000000        697.74508341585920        0.0000000000000000        0.0000000000000000        0.0000000000000000        0.0000000000000000       0.46418754167165255        0.0000000000000000        0.0000000000000000        0.0000000000000000       0.46418754167165255     
 ZTHERM   2310.7944684244512        1.0000000000000000        0.0000000000000000        876.17256592881438        0.0000000000000000        0.0000000000000000        0.0000000000000000        0.0000000000000000       -3.5439134471548122E-004  -0.0000000000000000       -0.0000000000000000        0.0000000000000000       -3.5439134471548122E-004
 ZTHERM   300.00000000000000        1.0000000000000000        0.0000000000000000        876.17256592881438        0.0000000000000000        0.0000000000000000        0.0000000000000000        0.0000000000000000       -1.2128541634283500E-002  -0.0000000000000000       -0.0000000000000000        0.0000000000000000       -1.2128541634283500E-002
 ZTHERM   2310.7944684244512        1.0000000000000000        0.0000000000000000        964.14474051939317        0.0000000000000000        0.0000000000000000        0.0000000000000000        0.0000000000000000        2.4733142078405468E-003   0.0000000000000000        0.0000000000000000        0.0000000000000000        2.4733142078405468E-003
 ZTHERM   300.00000000000000        1.0000000000000000        0.0000000000000000        964.14474051939317        0.0000000000000000        0.0000000000000000        0.0000000000000000        0.0000000000000000        7.6193993951188241E-002   0.0000000000000000        0.0000000000000000        0.0000000000000000        7.6193993951188241E-002
 ZTHERM   2310.7944684244512        1.0000000000000000        0.0000000000000000        1356.2561334143302        0.0000000000000000        0.0000000000000000        0.0000000000000000        0.0000000000000000        3.9499774371614844E-002   0.0000000000000000        0.0000000000000000        0.0000000000000000        3.9499774371614844E-002
 ZTHERM   300.00000000000000        1.0000000000000000        0.0000000000000000        1356.2561334143302        0.0000000000000000        0.0000000000000000        0.0000000000000000        0.0000000000000000       0.71184136004748255        0.0000000000000000        0.0000000000000000        0.0000000000000000       0.71184136004748255     
 ZTHERM   2310.7944684244512        1.0000000000000000        0.0000000000000000        1388.1028163000010        0.0000000000000000        0.0000000000000000        0.0000000000000000        0.0000000000000000        4.1832513643448074E-002   0.0000000000000000        0.0000000000000000        0.0000000000000000        4.1832513643448074E-002
 ZTHERM   300.00000000000000        1.0000000000000000        0.0000000000000000        1388.1028163000010        0.0000000000000000        0.0000000000000000        0.0000000000000000        0.0000000000000000       0.71911172197436524        0.0000000000000000        0.0000000000000000        0.0000000000000000       0.71911172197436524     
 ZTHERM   2310.7944684244512        1.0000000000000000        0.0000000000000000        1174.0378721245004        0.0000000000000000        0.0000000000000000        0.0000000000000000        0.0000000000000000        1.9017729418520021E-002   0.0000000000000000        0.0000000000000000        0.0000000000000000        1.9017729418520021E-002
 ZTHERM   300.00000000000000        1.0000000000000000        0.0000000000000000        1174.0378721245004        0.0000000000000000        0.0000000000000000        0.0000000000000000        0.0000000000000000       0.44488254170570085        0.0000000000000000        0.0000000000000000        0.0000000000000000       0.44488254170570085     
 ZTHERM   2310.7944684244512        1.0000000000000000        0.0000000000000000        990.95042469942030        0.0000000000000000        0.0000000000000000        0.0000000000000000        0.0000000000000000        8.3472633173445644E-003   0.0000000000000000        0.0000000000000000        0.0000000000000000        8.3472633173445644E-003
 ZTHERM   300.00000000000000        1.0000000000000000        0.0000000000000000        990.95042469942030        0.0000000000000000        0.0000000000000000        0.0000000000000000        0.0000000000000000       0.24871517663885159        0.0000000000000000        0.0000000000000000        0.0000000000000000       0.24871517663885159     
 ZTHERM   2310.7944684244512        1.0000000000000000        0.0000000000000000        551.63924877645309        0.0000000000000000        0.0000000000000000        0.0000000000000000        0.0000000000000000        7.9789569278997958E-003   0.0000000000000000        0.0000000000000000        0.0000000000000000        7.9789569278997958E-003
 ZTHERM   300.00000000000000        1.0000000000000000        0.0000000000000000        551.63924877645309        0.0000000000000000        0.0000000000000000        0.0000000000000000        0.0000000000000000       0.37642287365095972        0.0000000000000000        0.0000000000000000        0.0000000000000000       0.37642287365095972     
 ZTHERM   2310.7944684244512        1.0000000000000000        0.0000000000000000        405.89334240239151        0.0000000000000000        0.0000000000000000        0.0000000000000000        0.0000000000000000        4.7028807084478711E-003   0.0000000000000000        0.0000000000000000        0.0000000000000000        4.7028807084478711E-003
 ZTHERM   300.00000000000000        1.0000000000000000        0.0000000000000000        405.89334240239151        0.0000000000000000        0.0000000000000000        0.0000000000000000        0.0000000000000000       0.24597196828780146        0.0000000000000000        0.0000000000000000        0.0000000000000000       0.24597196828780146     
 ZTHERM   2310.7944684244512        1.0000000000000000        0.0000000000000000        576.58100475469507        0.0000000000000000        0.0000000000000000        0.0000000000000000        0.0000000000000000        1.0636828239939578E-002   0.0000000000000000        0.0000000000000000        0.0000000000000000        1.0636828239939578E-002
 ZTHERM   300.00000000000000        1.0000000000000000        0.0000000000000000        576.58100475469507        0.0000000000000000        0.0000000000000000        0.0000000000000000        0.0000000000000000       0.49167505454708271        0.0000000000000000        0.0000000000000000        0.0000000000000000       0.49167505454708271     
 ZTHERM   2370.9076361383495        1.0000000000000000        0.0000000000000000        842.05348409502403        0.0000000000000000        0.0000000000000000        0.0000000000000000        0.0000000000000000        3.1791958291419752E-003   0.0000000000000000        0.0000000000000000        0.0000000000000000        3.1791958291419752E-003
 ZTHERM   300.00000000000000        1.0000000000000000        0.0000000000000000        842.05348409502403        0.0000000000000000        0.0000000000000000        0.0000000000000000        0.0000000000000000       0.11902839565017424        0.0000000000000000        0.0000000000000000        0.0000000000000000       0.11902839565017424     
 ZTHERM   2370.9076361383495        1.0000000000000000        0.0000000000000000        719.08309999999994        0.0000000000000000        0.0000000000000000        0.0000000000000000        0.0000000000000000        5.2891288284952842E-003   0.0000000000000000        0.0000000000000000        0.0000000000000000        5.2891288284952842E-003
 ZTHERM   300.00000000000000        1.0000000000000000        0.0000000000000000        719.08309999999994        0.0000000000000000        0.0000000000000000        0.0000000000000000        0.0000000000000000       0.22572083406714480        0.0000000000000000        0.0000000000000000        0.0000000000000000       0.22572083406714480     
 ZTHERM   2370.9076361383495        1.0000000000000000        0.0000000000000000        926.89419704945010        0.0000000000000000        0.0000000000000000        0.0000000000000000        0.0000000000000000        3.4889204713558788E-003   0.0000000000000000        0.0000000000000000        0.0000000000000000        3.4889204713558788E-003
 ZTHERM   300.00000000000000        1.0000000000000000        0.0000000000000000        926.89419704945010        0.0000000000000000        0.0000000000000000        0.0000000000000000        0.0000000000000000       0.11832856950755261        0.0000000000000000        0.0000000000000000        0.0000000000000000       0.11832856950755261     
 ZTHERM   2370.9076361383495        1.0000000000000000        0.0000000000000000        894.09270943926197        0.0000000000000000        0.0000000000000000        0.0000000000000000        0.0000000000000000        5.7577277560988179E-003   0.0000000000000000        0.0000000000000000        0.0000000000000000        5.7577277560988179E-003
 ZTHERM   300.00000000000000        1.0000000000000000        0.0000000000000000        894.09270943926197        0.0000000000000000        0.0000000000000000        0.0000000000000000        0.0000000000000000       0.20304149049835005        0.0000000000000000        0.0000000000000000        0.0000000000000000       0.20304149049835005     
 ZTHERM   2370.9076361383495        1.0000000000000000        0.0000000000000000        713.65734835693297        0.0000000000000000        0.0000000000000000        0.0000000000000000        0.0000000000000000        1.1049160537505456E-002   0.0000000000000000        0.0000000000000000        0.0000000000000000        1.1049160537505456E-002
 ZTHERM   300.00000000000000        1.0000000000000000        0.0000000000000000        713.65734835693297        0.0000000000000000        0.0000000000000000        0.0000000000000000        0.0000000000000000       0.47409682289049565        0.0000000000000000        0.0000000000000000        0.0000000000000000       0.47409682289049565     
 ZTHERM   2370.9076361383495        1.0000000000000000        0.0000000000000000        868.29318173429351        0.0000000000000000        0.0000000000000000        0.0000000000000000        0.0000000000000000        3.5813913347671950E-003   0.0000000000000000        0.0000000000000000        0.0000000000000000        3.5813913347671950E-003
 ZTHERM   300.00000000000000        1.0000000000000000        0.0000000000000000        868.29318173429351        0.0000000000000000        0.0000000000000000        0.0000000000000000        0.0000000000000000       0.13014020908868526        0.0000000000000000        0.0000000000000000        0.0000000000000000       0.13014020908868526     
 ZTHERM   2370.9076361383495        1.0000000000000000        0.0000000000000000        926.82732115634474        0.0000000000000000        0.0000000000000000        0.0000000000000000        0.0000000000000000        1.7170741991816381E-003   0.0000000000000000        0.0000000000000000        0.0000000000000000        1.7170741991816381E-003
 ZTHERM   300.00000000000000        1.0000000000000000        0.0000000000000000        926.82732115634474        0.0000000000000000        0.0000000000000000        0.0000000000000000        0.0000000000000000        5.8240158725527263E-002   0.0000000000000000        0.0000000000000000        0.0000000000000000        5.8240158725527263E-002
 ZTHERM   2370.9076361383495        1.0000000000000000        0.0000000000000000        761.92874548086968        0.0000000000000000        0.0000000000000000        0.0000000000000000        0.0000000000000000        8.3575666608969317E-004   0.0000000000000000        0.0000000000000000        0.0000000000000000        8.3575666608969317E-004
 ZTHERM   300.00000000000000        1.0000000000000000        0.0000000000000000        761.92874548086968        0.0000000000000000        0.0000000000000000        0.0000000000000000        0.0000000000000000        3.4136979619402284E-002   0.0000000000000000        0.0000000000000000        0.0000000000000000        3.4136979619402284E-002
 ZTHERM   2370.9076361383495        1.0000000000000000        0.0000000000000000        899.20015343790919        0.0000000000000000        0.0000000000000000        0.0000000000000000        0.0000000000000000        1.6215574965916676E-003   0.0000000000000000        0.0000000000000000        0.0000000000000000        1.6215574965916676E-003
 ZTHERM   300.00000000000000        1.0000000000000000        0.0000000000000000        899.20015343790919        0.0000000000000000        0.0000000000000000        0.0000000000000000        0.0000000000000000        5.6840285707300021E-002   0.0000000000000000        0.0000000000000000        0.0000000000000000        5.6840285707300021E-002
 ZTHERM   2370.9076361383495        1.0000000000000000        0.0000000000000000        849.56213982157692        0.0000000000000000        0.0000000000000000        0.0000000000000000        0.0000000000000000        1.4409052699679869E-003   0.0000000000000000        0.0000000000000000        0.0000000000000000        1.4409052699679869E-003
 ZTHERM   300.00000000000000        1.0000000000000000        0.0000000000000000        849.56213982157692        0.0000000000000000        0.0000000000000000        0.0000000000000000        0.0000000000000000        5.3491533735875597E-002   0.0000000000000000        0.0000000000000000        0.0000000000000000        5.3491533735875597E-002
 ZTHERM   2370.9076361383495        1.0000000000000000        0.0000000000000000        1123.8715314455162        0.0000000000000000        0.0000000000000000        0.0000000000000000        0.0000000000000000        2.3183533973453224E-002   0.0000000000000000        0.0000000000000000        0.0000000000000000        2.3183533973453224E-002
 ZTHERM   300.00000000000000        1.0000000000000000        0.0000000000000000        1123.8715314455162        0.0000000000000000        0.0000000000000000        0.0000000000000000        0.0000000000000000       0.61091863661329815        0.0000000000000000        0.0000000000000000        0.0000000000000000       0.61091863661329815     
 ZTHERM   2370.9076361383495        1.0000000000000000        0.0000000000000000        943.70049144265136        0.0000000000000000        0.0000000000000000        0.0000000000000000        0.0000000000000000        1.6420796603829689E-002   0.0000000000000000        0.0000000000000000        0.0000000000000000        1.6420796603829689E-002
 ZTHERM   300.00000000000000        1.0000000000000000        0.0000000000000000        943.70049144265136        0.0000000000000000        0.0000000000000000        0.0000000000000000        0.0000000000000000       0.54570590073021386        0.0000000000000000        0.0000000000000000        0.0000000000000000       0.54570590073021386     
 ZTHERM   2370.9076361383495        1.0000000000000000        0.0000000000000000        1059.0358633786791        0.0000000000000000        0.0000000000000000        0.0000000000000000        0.0000000000000000        1.7121753696872032E-002   0.0000000000000000        0.0000000000000000        0.0000000000000000        1.7121753696872032E-002
 ZTHERM   300.00000000000000        1.0000000000000000        0.0000000000000000        1059.0358633786791        0.0000000000000000        0.0000000000000000        0.0000000000000000        0.0000000000000000       0.49182546986793102        0.0000000000000000        0.0000000000000000        0.0000000000000000       0.49182546986793102     
 ZTHERM   2370.9076361383495        1.0000000000000000        0.0000000000000000        932.16632307591340        0.0000000000000000        0.0000000000000000        0.0000000000000000        0.0000000000000000        1.2789849614512992E-002   0.0000000000000000        0.0000000000000000        0.0000000000000000        1.2789849614512992E-002
 ZTHERM   300.00000000000000        1.0000000000000000        0.0000000000000000        932.16632307591340        0.0000000000000000        0.0000000000000000        0.0000000000000000        0.0000000000000000       0.43102653327149903        0.0000000000000000        0.0000000000000000        0.0000000000000000       0.43102653327149903     
 ZTHERM   2370.9076361383495        1.0000000000000000        0.0000000000000000        1089.2199278349069        0.0000000000000000        0.0000000000000000        0.0000000000000000        0.0000000000000000        1.8103116437225137E-002   0.0000000000000000        0.0000000000000000        0.0000000000000000        1.8103116437225137E-002
 ZTHERM   300.00000000000000        1.0000000000000000        0.0000000000000000        1089.2199278349069        0.0000000000000000        0.0000000000000000        0.0000000000000000        0.0000000000000000       0.49972766709770294        0.0000000000000000        0.0000000000000000        0.0000000000000000       0.49972766709770294     
 ZTHERM   2370.9076361383495        1.0000000000000000        0.0000000000000000        1031.4307549453047        0.0000000000000000        0.0000000000000000        0.0000000000000000        0.0000000000000000        1.3233116557218911E-002   0.0000000000000000        0.0000000000000000        0.0000000000000000        1.3233116557218911E-002
 ZTHERM   300.00000000000000        1.0000000000000000        0.0000000000000000        1031.4307549453047        0.0000000000000000        0.0000000000000000        0.0000000000000000        0.0000000000000000       0.39398671048130546        0.0000000000000000        0.0000000000000000        0.0000000000000000       0.39398671048130546     
 ZTHERM   2370.9076361383495        1.0000000000000000        0.0000000000000000        1013.3982851813277        0.0000000000000000        0.0000000000000000        0.0000000000000000        0.0000000000000000        7.8463990659674403E-003   0.0000000000000000        0.0000000000000000        0.0000000000000000        7.8463990659674403E-003
 ZTHERM   300.00000000000000        1.0000000000000000        0.0000000000000000        1013.3982851813277        0.0000000000000000        0.0000000000000000        0.0000000000000000        0.0000000000000000       0.23906636791852917        0.0000000000000000        0.0000000000000000        0.0000000000000000       0.23906636791852917     
 ZTHERM   2370.9076361383495        1.0000000000000000        0.0000000000000000        924.56800732196757        0.0000000000000000        0.0000000000000000        0.0000000000000000        0.0000000000000000        9.9822359206806315E-003   0.0000000000000000        0.0000000000000000        0.0000000000000000        9.9822359206806315E-003
 ZTHERM   300.00000000000000        1.0000000000000000        0.0000000000000000        924.56800732196757        0.0000000000000000        0.0000000000000000        0.0000000000000000        0.0000000000000000       0.33950082748181987        0.0000000000000000        0.0000000000000000        0.0000000000000000       0.33950082748181987     
 ZTHERM   2370.9076361383495        1.0000000000000000        0.0000000000000000        1024.0071182799386        0.0000000000000000        0.0000000000000000        0.0000000000000000        0.0000000000000000        1.4824581213318784E-002   0.0000000000000000        0.0000000000000000        0.0000000000000000        1.4824581213318784E-002
 ZTHERM   300.00000000000000        1.0000000000000000        0.0000000000000000        1024.0071182799386        0.0000000000000000        0.0000000000000000        0.0000000000000000        0.0000000000000000       0.44559823478096638        0.0000000000000000        0.0000000000000000        0.0000000000000000       0.44559823478096638     
 ZTHERM   2370.9076361383495        1.0000000000000000        0.0000000000000000        995.60392725303154        0.0000000000000000        0.0000000000000000        0.0000000000000000        0.0000000000000000        1.2322292560623145E-002   0.0000000000000000        0.0000000000000000        0.0000000000000000        1.2322292560623145E-002
 ZTHERM   300.00000000000000        1.0000000000000000        0.0000000000000000        995.60392725303154        0.0000000000000000        0.0000000000000000        0.0000000000000000        0.0000000000000000       0.38399836779293339        0.0000000000000000        0.0000000000000000        0.0000000000000000       0.38399836779293339     
 ZTHERM   2370.9076361383495        1.0000000000000000        0.0000000000000000        1041.8838926649219        0.0000000000000000        0.0000000000000000        0.0000000000000000        0.0000000000000000        1.4208059296019076E-002   0.0000000000000000        0.0000000000000000        0.0000000000000000        1.4208059296019076E-002
 ZTHERM   300.00000000000000        1.0000000000000000        0.0000000000000000        1041.8838926649219        0.0000000000000000        0.0000000000000000        0.0000000000000000        0.0000000000000000       0.41734198737280270        0.0000000000000000        0.0000000000000000        0.0000000000000000       0.41734198737280270     
 ZTHERM   2370.9076361383495        1.0000000000000000        0.0000000000000000        933.53320098816891        0.0000000000000000        0.0000000000000000        0.0000000000000000        0.0000000000000000        1.2313491536497906E-002   0.0000000000000000        0.0000000000000000        0.0000000000000000        1.2313491536497906E-002
 ZTHERM   300.00000000000000        1.0000000000000000        0.0000000000000000        933.53320098816891        0.0000000000000000        0.0000000000000000        0.0000000000000000        0.0000000000000000       0.41428816546478242        0.0000000000000000        0.0000000000000000        0.0000000000000000       0.41428816546478242     
 ZTHERM   2370.9076361383495        1.0000000000000000        0.0000000000000000        1045.4223054320694        0.0000000000000000        0.0000000000000000        0.0000000000000000        0.0000000000000000        1.3011804809905145E-002   0.0000000000000000        0.0000000000000000        0.0000000000000000        1.3011804809905145E-002
 ZTHERM   300.00000000000000        1.0000000000000000        0.0000000000000000        1045.4223054320694        0.0000000000000000        0.0000000000000000        0.0000000000000000        0.0000000000000000       0.38045434472685197        0.0000000000000000        0.0000000000000000        0.0000000000000000       0.38045434472685197     
 ZTHERM   2370.9076361383495        1.0000000000000000        0.0000000000000000        1031.2125041521972        0.0000000000000000        0.0000000000000000        0.0000000000000000        0.0000000000000000        1.2894272071235658E-002   0.0000000000000000        0.0000000000000000        0.0000000000000000        1.2894272071235658E-002
 ZTHERM   300.00000000000000        1.0000000000000000        0.0000000000000000        1031.2125041521972        0.0000000000000000        0.0000000000000000        0.0000000000000000        0.0000000000000000       0.38400624066539840        0.0000000000000000        0.0000000000000000        0.0000000000000000       0.38400624066539840     
 ZTHERM   2370.9076361383495        1.0000000000000000        0.0000000000000000        1132.7070743788868        0.0000000000000000        0.0000000000000000        0.0000000000000000        0.0000000000000000        2.6581792054338159E-002   0.0000000000000000        0.0000000000000000        0.0000000000000000        2.6581792054338159E-002
 ZTHERM   300.00000000000000        1.0000000000000000        0.0000000000000000        1132.7070743788868        0.0000000000000000        0.0000000000000000        0.0000000000000000        0.0000000000000000       0.69213069569706465        0.0000000000000000        0.0000000000000000        0.0000000000000000       0.69213069569706465     
 ZTHERM   2370.9076361383495        1.0000000000000000        0.0000000000000000        959.50171415308705        0.0000000000000000        0.0000000000000000        0.0000000000000000        0.0000000000000000        1.2431335923278237E-002   0.0000000000000000        0.0000000000000000        0.0000000000000000        1.2431335923278237E-002
 ZTHERM   300.00000000000000        1.0000000000000000        0.0000000000000000        959.50171415308705        0.0000000000000000        0.0000000000000000        0.0000000000000000        0.0000000000000000       0.40521166858867647        0.0000000000000000        0.0000000000000000        0.0000000000000000       0.40521166858867647     
 ZTHERM   2370.9076361383495        1.0000000000000000        0.0000000000000000        1040.0283374807727        0.0000000000000000        0.0000000000000000        0.0000000000000000        0.0000000000000000        1.7753031695527683E-002   0.0000000000000000        0.0000000000000000        0.0000000000000000        1.7753031695527683E-002
 ZTHERM   300.00000000000000        1.0000000000000000        0.0000000000000000        1040.0283374807727        0.0000000000000000        0.0000000000000000        0.0000000000000000        0.0000000000000000       0.52272469355403006        0.0000000000000000        0.0000000000000000        0.0000000000000000       0.52272469355403006     
 ZTHERM   2370.9076361383495        1.0000000000000000        0.0000000000000000        1144.4330674739483        0.0000000000000000        0.0000000000000000        0.0000000000000000        0.0000000000000000        3.6272090643151102E-002   0.0000000000000000        0.0000000000000000        0.0000000000000000        3.6272090643151102E-002
 ZTHERM   300.00000000000000        1.0000000000000000        0.0000000000000000        1144.4330674739483        0.0000000000000000        0.0000000000000000        0.0000000000000000        0.0000000000000000       0.92948368692551631        0.0000000000000000        0.0000000000000000        0.0000000000000000       0.92948368692551631     
 ZTHERM   2370.9076361383495        1.0000000000000000        0.0000000000000000        1030.7077467705071        0.0000000000000000        0.0000000000000000        0.0000000000000000        0.0000000000000000        1.0099797052369084E-002   0.0000000000000000        0.0000000000000000        0.0000000000000000        1.0099797052369084E-002
 ZTHERM   300.00000000000000        1.0000000000000000        0.0000000000000000        1030.7077467705071        0.0000000000000000        0.0000000000000000        0.0000000000000000        0.0000000000000000       0.30097902788013781        0.0000000000000000        0.0000000000000000        0.0000000000000000       0.30097902788013781     
 ZTHERM   2370.9076361383495        1.0000000000000000        0.0000000000000000        771.59028634034985        0.0000000000000000        0.0000000000000000        0.0000000000000000        0.0000000000000000        4.8608993392960055E-003   0.0000000000000000        0.0000000000000000        0.0000000000000000        4.8608993392960055E-003
 ZTHERM   300.00000000000000        1.0000000000000000        0.0000000000000000        771.59028634034985        0.0000000000000000        0.0000000000000000        0.0000000000000000        0.0000000000000000       0.19654036248858839        0.0000000000000000        0.0000000000000000        0.0000000000000000       0.19654036248858839     
 ZTHERM   2370.9076361383495        1.0000000000000000        0.0000000000000000        1099.2008452440796        0.0000000000000000        0.0000000000000000        0.0000000000000000        0.0000000000000000        1.5717409486465970E-002   0.0000000000000000        0.0000000000000000        0.0000000000000000        1.5717409486465970E-002
 ZTHERM   300.00000000000000        1.0000000000000000        0.0000000000000000        1099.2008452440796        0.0000000000000000        0.0000000000000000        0.0000000000000000        0.0000000000000000       0.42813974611294608        0.0000000000000000        0.0000000000000000        0.0000000000000000       0.42813974611294608     
 ZTHERM   2370.9076361383495        1.0000000000000000        0.0000000000000000        824.72374497102919        0.0000000000000000        0.0000000000000000        0.0000000000000000        0.0000000000000000        8.9000647104066702E-003   0.0000000000000000        0.0000000000000000        0.0000000000000000        8.9000647104066702E-003
 ZTHERM   300.00000000000000        1.0000000000000000        0.0000000000000000        824.72374497102919        0.0000000000000000        0.0000000000000000        0.0000000000000000        0.0000000000000000       0.33973373823323744        0.0000000000000000        0.0000000000000000        0.0000000000000000       0.33973373823323744     
 ZTHERM   2370.9076361383495        1.0000000000000000        0.0000000000000000        1095.9851340898526        0.0000000000000000        0.0000000000000000        0.0000000000000000        0.0000000000000000        1.3616822027586682E-002   0.0000000000000000        0.0000000000000000        0.0000000000000000        1.3616822027586682E-002
 ZTHERM   300.00000000000000        1.0000000000000000        0.0000000000000000        1095.9851340898526        0.0000000000000000        0.0000000000000000        0.0000000000000000        0.0000000000000000       0.37251549750649898        0.0000000000000000        0.0000000000000000        0.0000000000000000       0.37251549750649898     
 ZTHERM   2370.9076361383495        1.0000000000000000        0.0000000000000000        822.45840691387832        0.0000000000000000        0.0000000000000000        0.0000000000000000        0.0000000000000000        9.5417097275909378E-003   0.0000000000000000        0.0000000000000000        0.0000000000000000        9.5417097275909378E-003
 ZTHERM   300.00000000000000        1.0000000000000000        0.0000000000000000        822.45840691387832        0.0000000000000000        0.0000000000000000        0.0000000000000000        0.0000000000000000       0.36514219345633869        0.0000000000000000        0.0000000000000000        0.0000000000000000       0.36514219345633869     
 ZTHERM   2370.9076361383495        1.0000000000000000        0.0000000000000000        1147.5629543426701        0.0000000000000000        0.0000000000000000        0.0000000000000000        0.0000000000000000        1.8365676145813355E-002   0.0000000000000000        0.0000000000000000        0.0000000000000000        1.8365676145813355E-002
 ZTHERM   300.00000000000000        1.0000000000000000        0.0000000000000000        1147.5629543426701        0.0000000000000000        0.0000000000000000        0.0000000000000000        0.0000000000000000       0.46861770556586346        0.0000000000000000        0.0000000000000000        0.0000000000000000       0.46861770556586346     
 ZTHERM   2370.9076361383495        1.0000000000000000        0.0000000000000000        939.91099275022884        0.0000000000000000        0.0000000000000000        0.0000000000000000        0.0000000000000000        1.2390004232572978E-002   0.0000000000000000        0.0000000000000000        0.0000000000000000        1.2390004232572978E-002
 ZTHERM   300.00000000000000        1.0000000000000000        0.0000000000000000        939.91099275022884        0.0000000000000000        0.0000000000000000        0.0000000000000000        0.0000000000000000       0.41365371419043723        0.0000000000000000        0.0000000000000000        0.0000000000000000       0.41365371419043723     
 ZTHERM   2370.9076361383495        1.0000000000000000        0.0000000000000000        1178.8669573843679        0.0000000000000000        0.0000000000000000        0.0000000000000000        0.0000000000000000        2.4032968026309307E-002   0.0000000000000000        0.0000000000000000        0.0000000000000000        2.4032968026309307E-002
 ZTHERM   300.00000000000000        1.0000000000000000        0.0000000000000000        1178.8669573843679        0.0000000000000000        0.0000000000000000        0.0000000000000000        0.0000000000000000       0.58734979775691920        0.0000000000000000        0.0000000000000000        0.0000000000000000       0.58734979775691920     
 ZTHERM   2370.9076361383495        1.0000000000000000        0.0000000000000000        888.46729055707215        0.0000000000000000        0.0000000000000000        0.0000000000000000        0.0000000000000000        1.5050151191580994E-002   0.0000000000000000        0.0000000000000000        0.0000000000000000        1.5050151191580994E-002
 ZTHERM   300.00000000000000        1.0000000000000000        0.0000000000000000        888.46729055707215        0.0000000000000000        0.0000000000000000        0.0000000000000000        0.0000000000000000       0.53424097043207275        0.0000000000000000        0.0000000000000000        0.0000000000000000       0.53424097043207275     
 ZTHERM   2370.9076361383495        1.0000000000000000        0.0000000000000000        944.32959075813471        0.0000000000000000        0.0000000000000000        0.0000000000000000        0.0000000000000000        1.1866666708078375E-002   0.0000000000000000        0.0000000000000000        0.0000000000000000        1.1866666708078375E-002
 ZTHERM   300.00000000000000        1.0000000000000000        0.0000000000000000        944.32959075813471        0.0000000000000000        0.0000000000000000        0.0000000000000000        0.0000000000000000       0.39405828846435914        0.0000000000000000        0.0000000000000000        0.0000000000000000       0.39405828846435914     
 ZTHERM   2370.9076361383495        1.0000000000000000        0.0000000000000000        1184.1589658211567        0.0000000000000000        0.0000000000000000        0.0000000000000000        0.0000000000000000        3.2749607378887033E-002   0.0000000000000000        0.0000000000000000        0.0000000000000000        3.2749607378887033E-002
 ZTHERM   300.00000000000000        1.0000000000000000        0.0000000000000000        1184.1589658211567        0.0000000000000000        0.0000000000000000        0.0000000000000000        0.0000000000000000       0.79452017649889650        0.0000000000000000        0.0000000000000000        0.0000000000000000       0.79452017649889650     
 ZTHERM   2370.9076361383495        1.0000000000000000        0.0000000000000000        970.72447001637988        0.0000000000000000        0.0000000000000000        0.0000000000000000        0.0000000000000000        2.2259251252621657E-002   0.0000000000000000        0.0000000000000000        0.0000000000000000        2.2259251252621657E-002
 ZTHERM   300.00000000000000        1.0000000000000000        0.0000000000000000        970.72447001637988        0.0000000000000000        0.0000000000000000        0.0000000000000000        0.0000000000000000       0.71557284444629832        0.0000000000000000        0.0000000000000000        0.0000000000000000       0.71557284444629832     
 ZTHERM   2370.9076361383495        1.0000000000000000        0.0000000000000000        1143.8829236296638        0.0000000000000000        0.0000000000000000        0.0000000000000000        0.0000000000000000        3.0485862503714926E-002   0.0000000000000000        0.0000000000000000        0.0000000000000000        3.0485862503714926E-002
 ZTHERM   300.00000000000000        1.0000000000000000        0.0000000000000000        1143.8829236296638        0.0000000000000000        0.0000000000000000        0.0000000000000000        0.0000000000000000       0.78179677070890308        0.0000000000000000        0.0000000000000000        0.0000000000000000       0.78179677070890308     
 ZTHERM   2370.9076361383495        1.0000000000000000        0.0000000000000000        898.36581054164810        0.0000000000000000        0.0000000000000000        0.0000000000000000        0.0000000000000000        1.8574292921876075E-002   0.0000000000000000        0.0000000000000000        0.0000000000000000        1.8574292921876075E-002
 ZTHERM   300.00000000000000        1.0000000000000000        0.0000000000000000        898.36581054164810        0.0000000000000000        0.0000000000000000        0.0000000000000000        0.0000000000000000       0.65172324248279934        0.0000000000000000        0.0000000000000000        0.0000000000000000       0.65172324248279934     
 ZTHERM   2370.9076361383495        1.0000000000000000        0.0000000000000000        1052.9450042492390        0.0000000000000000        0.0000000000000000        0.0000000000000000        0.0000000000000000        2.5443662107288663E-002   0.0000000000000000        0.0000000000000000        0.0000000000000000        2.5443662107288663E-002
 ZTHERM   300.00000000000000        1.0000000000000000        0.0000000000000000        1052.9450042492390        0.0000000000000000        0.0000000000000000        0.0000000000000000        0.0000000000000000       0.73670852975247891        0.0000000000000000        0.0000000000000000        0.0000000000000000       0.73670852975247891     
 ZTHERM   2370.9076361383495        1.0000000000000000        0.0000000000000000        1028.2332601426403        0.0000000000000000        0.0000000000000000        0.0000000000000000        0.0000000000000000        2.4494028541312583E-002   0.0000000000000000        0.0000000000000000        0.0000000000000000        2.4494028541312583E-002
 ZTHERM   300.00000000000000        1.0000000000000000        0.0000000000000000        1028.2332601426403        0.0000000000000000        0.0000000000000000        0.0000000000000000        0.0000000000000000       0.73226069815815742        0.0000000000000000        0.0000000000000000        0.0000000000000000       0.73226069815815742     
 ZTHERM   2370.9076361383495        1.0000000000000000        0.0000000000000000        1009.8435806148829        0.0000000000000000        0.0000000000000000        0.0000000000000000        0.0000000000000000        2.3881294145663878E-002   0.0000000000000000        0.0000000000000000        0.0000000000000000        2.3881294145663878E-002
 ZTHERM   300.00000000000000        1.0000000000000000        0.0000000000000000        1009.8435806148829        0.0000000000000000        0.0000000000000000        0.0000000000000000        0.0000000000000000       0.73092050799194341        0.0000000000000000        0.0000000000000000        0.0000000000000000       0.73092050799194341     
 ZTHERM   2370.9076361383495        1.0000000000000000        0.0000000000000000        1240.3059346444968        0.0000000000000000        0.0000000000000000        0.0000000000000000        0.0000000000000000        3.3593002231454665E-002   0.0000000000000000        0.0000000000000000        0.0000000000000000        3.3593002231454665E-002
 ZTHERM   300.00000000000000        1.0000000000000000        0.0000000000000000        1240.3059346444968        0.0000000000000000        0.0000000000000000        0.0000000000000000        0.0000000000000000       0.75312049104370171        0.0000000000000000        0.0000000000000000        0.0000000000000000       0.75312049104370171     
 ZTHERM   2370.9076361383495        1.0000000000000000        0.0000000000000000        1025.6441605941961        0.0000000000000000        0.0000000000000000        0.0000000000000000        0.0000000000000000        2.3098843415176276E-002   0.0000000000000000        0.0000000000000000        0.0000000000000000        2.3098843415176276E-002
 ZTHERM   300.00000000000000        1.0000000000000000        0.0000000000000000        1025.6441605941961        0.0000000000000000        0.0000000000000000        0.0000000000000000        0.0000000000000000       0.69285047831692281        0.0000000000000000        0.0000000000000000        0.0000000000000000       0.69285047831692281     
 ZTHERM   2370.9076361383495        1.0000000000000000        0.0000000000000000        1035.7881780756820        0.0000000000000000        0.0000000000000000        0.0000000000000000        0.0000000000000000        2.6923832915194703E-002   0.0000000000000000        0.0000000000000000        0.0000000000000000        2.6923832915194703E-002
 ZTHERM   300.00000000000000        1.0000000000000000        0.0000000000000000        1035.7881780756820        0.0000000000000000        0.0000000000000000        0.0000000000000000        0.0000000000000000       0.79710764717711080        0.0000000000000000        0.0000000000000000        0.0000000000000000       0.79710764717711080     
 ZTHERM   2370.9076361383495        1.0000000000000000        0.0000000000000000        971.40249979397572        0.0000000000000000        0.0000000000000000        0.0000000000000000        0.0000000000000000        1.9679497453582263E-002   0.0000000000000000        0.0000000000000000        0.0000000000000000        1.9679497453582263E-002
 ZTHERM   300.00000000000000        1.0000000000000000        0.0000000000000000        971.40249979397572        0.0000000000000000        0.0000000000000000        0.0000000000000000        0.0000000000000000       0.63210920681292204        0.0000000000000000        0.0000000000000000        0.0000000000000000       0.63210920681292204     
 ZTHERM   2370.9076361383495        1.0000000000000000        0.0000000000000000        1008.6794365239562        0.0000000000000000        0.0000000000000000        0.0000000000000000        0.0000000000000000        2.2313268111668425E-002   0.0000000000000000        0.0000000000000000        0.0000000000000000        2.2313268111668425E-002
 ZTHERM   300.00000000000000        1.0000000000000000        0.0000000000000000        1008.6794365239562        0.0000000000000000        0.0000000000000000        0.0000000000000000        0.0000000000000000       0.68393970314793895        0.0000000000000000        0.0000000000000000        0.0000000000000000       0.68393970314793895     
 ZTHERM   2370.9076361383495        1.0000000000000000        0.0000000000000000        1140.2589204446504        0.0000000000000000        0.0000000000000000        0.0000000000000000        0.0000000000000000        2.9665520668777767E-002   0.0000000000000000        0.0000000000000000        0.0000000000000000        2.9665520668777767E-002
 ZTHERM   300.00000000000000        1.0000000000000000        0.0000000000000000        1140.2589204446504        0.0000000000000000        0.0000000000000000        0.0000000000000000        0.0000000000000000       0.76452922140492918        0.0000000000000000        0.0000000000000000        0.0000000000000000       0.76452922140492918     
 ZTHERM   2370.9076361383495        1.0000000000000000        0.0000000000000000        983.05717559902462        0.0000000000000000        0.0000000000000000        0.0000000000000000        0.0000000000000000        2.2138162075098534E-002   0.0000000000000000        0.0000000000000000        0.0000000000000000        2.2138162075098534E-002
 ZTHERM   300.00000000000000        1.0000000000000000        0.0000000000000000        983.05717559902462        0.0000000000000000        0.0000000000000000        0.0000000000000000        0.0000000000000000       0.70083723842122425        0.0000000000000000        0.0000000000000000        0.0000000000000000       0.70083723842122425     
 ZTHERM   2370.9076361383495        1.0000000000000000        0.0000000000000000        966.85741436206172        0.0000000000000000        0.0000000000000000        0.0000000000000000        0.0000000000000000        2.1506644872184916E-002   0.0000000000000000        0.0000000000000000        0.0000000000000000        2.1506644872184916E-002
 ZTHERM   300.00000000000000        1.0000000000000000        0.0000000000000000        966.85741436206172        0.0000000000000000        0.0000000000000000        0.0000000000000000        0.0000000000000000       0.69469735851338998        0.0000000000000000        0.0000000000000000        0.0000000000000000       0.69469735851338998     
 ZTHERM   2370.9076361383495        1.0000000000000000        0.0000000000000000        795.45736192969844        0.0000000000000000        0.0000000000000000        0.0000000000000000        0.0000000000000000        1.5317445665498065E-002   0.0000000000000000        0.0000000000000000        0.0000000000000000        1.5317445665498065E-002
 ZTHERM   300.00000000000000        1.0000000000000000        0.0000000000000000        795.45736192969844        0.0000000000000000        0.0000000000000000        0.0000000000000000        0.0000000000000000       0.60373819360562697        0.0000000000000000        0.0000000000000000        0.0000000000000000       0.60373819360562697     
 ZTHERM   2370.9076361383495        1.0000000000000000        0.0000000000000000        972.17926571676060        0.0000000000000000        0.0000000000000000        0.0000000000000000        0.0000000000000000        2.1289216599927382E-002   0.0000000000000000        0.0000000000000000        0.0000000000000000        2.1289216599927382E-002
 ZTHERM   300.00000000000000        1.0000000000000000        0.0000000000000000        972.17926571676060        0.0000000000000000        0.0000000000000000        0.0000000000000000        0.0000000000000000       0.68315496070494075        0.0000000000000000        0.0000000000000000        0.0000000000000000       0.68315496070494075     
 ZTHERM   2370.9076361383495        1.0000000000000000        0.0000000000000000        1168.3688663475000        0.0000000000000000        0.0000000000000000        0.0000000000000000        0.0000000000000000        2.8464849851652565E-002   0.0000000000000000        0.0000000000000000        0.0000000000000000        2.8464849851652565E-002
 ZTHERM   300.00000000000000        1.0000000000000000        0.0000000000000000        1168.3688663475000        0.0000000000000000        0.0000000000000000        0.0000000000000000        0.0000000000000000       0.70583968191922897        0.0000000000000000        0.0000000000000000        0.0000000000000000       0.70583968191922897     
 ZTHERM   2370.9076361383495        1.0000000000000000        0.0000000000000000        1060.2193498268093        0.0000000000000000        0.0000000000000000        0.0000000000000000        0.0000000000000000        2.3508148342655251E-002   0.0000000000000000        0.0000000000000000        0.0000000000000000        2.3508148342655251E-002
 ZTHERM   300.00000000000000        1.0000000000000000        0.0000000000000000        1060.2193498268093        0.0000000000000000        0.0000000000000000        0.0000000000000000        0.0000000000000000       0.67423120035311646        0.0000000000000000        0.0000000000000000        0.0000000000000000       0.67423120035311646     
 ZTHERM   2370.9076361383495        1.0000000000000000        0.0000000000000000        1137.7927950557601        0.0000000000000000        0.0000000000000000        0.0000000000000000        0.0000000000000000        2.7022440473824565E-002   0.0000000000000000        0.0000000000000000        0.0000000000000000        2.7022440473824565E-002
 ZTHERM   300.00000000000000        1.0000000000000000        0.0000000000000000        1137.7927950557601        0.0000000000000000        0.0000000000000000        0.0000000000000000        0.0000000000000000       0.69875583933295848        0.0000000000000000        0.0000000000000000        0.0000000000000000       0.69875583933295848     
 ZTHERM   2370.9076361383495        1.0000000000000000        0.0000000000000000        1086.6498676814770        0.0000000000000000        0.0000000000000000        0.0000000000000000        0.0000000000000000        2.2044705208749647E-002   0.0000000000000000        0.0000000000000000        0.0000000000000000        2.2044705208749647E-002
 ZTHERM   300.00000000000000        1.0000000000000000        0.0000000000000000        1086.6498676814770        0.0000000000000000        0.0000000000000000        0.0000000000000000        0.0000000000000000       0.61061392323353447        0.0000000000000000        0.0000000000000000        0.0000000000000000       0.61061392323353447     
 ZTHERM   2370.9076361383495        1.0000000000000000        0.0000000000000000        601.22436549857116        0.0000000000000000        0.0000000000000000        0.0000000000000000        0.0000000000000000        6.8243525223899253E-003   0.0000000000000000        0.0000000000000000        0.0000000000000000        6.8243525223899253E-003
 ZTHERM   300.00000000000000        1.0000000000000000        0.0000000000000000        601.22436549857116        0.0000000000000000        0.0000000000000000        0.0000000000000000        0.0000000000000000       0.32511996036116508        0.0000000000000000        0.0000000000000000        0.0000000000000000       0.32511996036116508     
 ZTHERM   2370.9076361383495        1.0000000000000000        0.0000000000000000        664.78048876911771        0.0000000000000000        0.0000000000000000        0.0000000000000000        0.0000000000000000        8.6113871090371143E-003   0.0000000000000000        0.0000000000000000        0.0000000000000000        8.6113871090371143E-003
 ZTHERM   300.00000000000000        1.0000000000000000        0.0000000000000000        664.78048876911771        0.0000000000000000        0.0000000000000000        0.0000000000000000        0.0000000000000000       0.38738522037862722        0.0000000000000000        0.0000000000000000        0.0000000000000000       0.38738522037862722     
 ZTHERM   2370.9076361383495        1.0000000000000000        0.0000000000000000        1049.6213550259790        0.0000000000000000        0.0000000000000000        0.0000000000000000        0.0000000000000000        2.0586122901864297E-002   0.0000000000000000        0.0000000000000000        0.0000000000000000        2.0586122901864297E-002
 ZTHERM   300.00000000000000        1.0000000000000000        0.0000000000000000        1049.6213550259790        0.0000000000000000        0.0000000000000000        0.0000000000000000        0.0000000000000000       0.59864602160434921        0.0000000000000000        0.0000000000000000        0.0000000000000000       0.59864602160434921     
 ZTHERM   2370.9076361383495        1.0000000000000000        0.0000000000000000        713.65734835693297        0.0000000000000000        0.0000000000000000        0.0000000000000000        0.0000000000000000        1.1049160537505456E-002   0.0000000000000000        0.0000000000000000        0.0000000000000000        1.1049160537505456E-002
 ZTHERM   300.00000000000000        1.0000000000000000        0.0000000000000000        713.65734835693297        0.0000000000000000        0.0000000000000000        0.0000000000000000        0.0000000000000000       0.47409682289049565        0.0000000000000000        0.0000000000000000        0.0000000000000000       0.47409682289049565     
 ZTHERM   2370.9076361383495        1.0000000000000000        0.0000000000000000        875.88794349210036        0.0000000000000000        0.0000000000000000        0.0000000000000000        0.0000000000000000       -3.2189938909111605E-004  -0.0000000000000000       -0.0000000000000000        0.0000000000000000       -3.2189938909111605E-004
 ZTHERM   300.00000000000000        1.0000000000000000        0.0000000000000000        875.88794349210036        0.0000000000000000        0.0000000000000000        0.0000000000000000        0.0000000000000000       -1.1595053650890327E-002  -0.0000000000000000       -0.0000000000000000        0.0000000000000000       -1.1595053650890327E-002
 ZTHERM   2370.9076361383495        1.0000000000000000        0.0000000000000000        969.17015826344289        0.0000000000000000        0.0000000000000000        0.0000000000000000        0.0000000000000000        2.1090283559854340E-003   0.0000000000000000        0.0000000000000000        0.0000000000000000        2.1090283559854340E-003
 ZTHERM   300.00000000000000        1.0000000000000000        0.0000000000000000        969.17015826344289        0.0000000000000000        0.0000000000000000        0.0000000000000000        0.0000000000000000        6.7930100539257743E-002   0.0000000000000000        0.0000000000000000        0.0000000000000000        6.7930100539257743E-002
 ZTHERM   2370.9076361383495        1.0000000000000000        0.0000000000000000        1383.1913639721640        0.0000000000000000        0.0000000000000000        0.0000000000000000        0.0000000000000000        3.8122706049583011E-002   0.0000000000000000        0.0000000000000000        0.0000000000000000        3.8122706049583011E-002
 ZTHERM   300.00000000000000        1.0000000000000000        0.0000000000000000        1383.1913639721640        0.0000000000000000        0.0000000000000000        0.0000000000000000        0.0000000000000000       0.69405635632485807        0.0000000000000000        0.0000000000000000        0.0000000000000000       0.69405635632485807     
 ZTHERM   2370.9076361383495        1.0000000000000000        0.0000000000000000        1415.0402482291222        0.0000000000000000        0.0000000000000000        0.0000000000000000        0.0000000000000000        4.0353228406648553E-002   0.0000000000000000        0.0000000000000000        0.0000000000000000        4.0353228406648553E-002
 ZTHERM   300.00000000000000        1.0000000000000000        0.0000000000000000        1415.0402482291222        0.0000000000000000        0.0000000000000000        0.0000000000000000        0.0000000000000000       0.70049566523527051        0.0000000000000000        0.0000000000000000        0.0000000000000000       0.70049566523527051     
 ZTHERM   2370.9076361383495        1.0000000000000000        0.0000000000000000        1193.8146458773926        0.0000000000000000        0.0000000000000000        0.0000000000000000        0.0000000000000000        1.8430021699705944E-002   0.0000000000000000        0.0000000000000000        0.0000000000000000        1.8430021699705944E-002
 ZTHERM   300.00000000000000        1.0000000000000000        0.0000000000000000        1193.8146458773926        0.0000000000000000        0.0000000000000000        0.0000000000000000        0.0000000000000000       0.44114835919140599        0.0000000000000000        0.0000000000000000        0.0000000000000000       0.44114835919140599     
 ZTHERM   2370.9076361383495        1.0000000000000000        0.0000000000000000        1005.1238667969652        0.0000000000000000        0.0000000000000000        0.0000000000000000        0.0000000000000000        7.9811581397760869E-003   0.0000000000000000        0.0000000000000000        0.0000000000000000        7.9811581397760869E-003
 ZTHERM   300.00000000000000        1.0000000000000000        0.0000000000000000        1005.1238667969652        0.0000000000000000        0.0000000000000000        0.0000000000000000        0.0000000000000000       0.24574211271830051        0.0000000000000000        0.0000000000000000        0.0000000000000000       0.24574211271830051     
 ZTHERM   2370.9076361383495        1.0000000000000000        0.0000000000000000        565.72457962821568        0.0000000000000000        0.0000000000000000        0.0000000000000000        0.0000000000000000        7.8726579754241927E-003   0.0000000000000000        0.0000000000000000        0.0000000000000000        7.8726579754241927E-003
 ZTHERM   300.00000000000000        1.0000000000000000        0.0000000000000000        565.72457962821568        0.0000000000000000        0.0000000000000000        0.0000000000000000        0.0000000000000000       0.38645652614160186        0.0000000000000000        0.0000000000000000        0.0000000000000000       0.38645652614160186     
 ZTHERM   2370.9076361383495        1.0000000000000000        0.0000000000000000        417.26921252701510        0.0000000000000000        0.0000000000000000        0.0000000000000000        0.0000000000000000        4.6538716013618054E-003   0.0000000000000000        0.0000000000000000        0.0000000000000000        4.6538716013618054E-003
 ZTHERM   300.00000000000000        1.0000000000000000        0.0000000000000000        417.26921252701510        0.0000000000000000        0.0000000000000000        0.0000000000000000        0.0000000000000000       0.25441464587245299        0.0000000000000000        0.0000000000000000        0.0000000000000000       0.25441464587245299     
 ZTHERM   2370.9076361383495        1.0000000000000000        0.0000000000000000        597.02335275715359        0.0000000000000000        0.0000000000000000        0.0000000000000000        0.0000000000000000        1.0634241922265116E-002   0.0000000000000000        0.0000000000000000        0.0000000000000000        1.0634241922265116E-002
 ZTHERM   300.00000000000000        1.0000000000000000        0.0000000000000000        597.02335275715359        0.0000000000000000        0.0000000000000000        0.0000000000000000        0.0000000000000000       0.50846580578236755        0.0000000000000000        0.0000000000000000        0.0000000000000000       0.50846580578236755     
 ZTHERM   2428.8624640347844        1.0000000000000000        0.0000000000000000        845.86270203487197        0.0000000000000000        0.0000000000000000        0.0000000000000000        0.0000000000000000        2.9712784552230701E-003   0.0000000000000000        0.0000000000000000        0.0000000000000000        2.9712784552230701E-003
 ZTHERM   300.00000000000000        1.0000000000000000        0.0000000000000000        845.86270203487197        0.0000000000000000        0.0000000000000000        0.0000000000000000        0.0000000000000000       0.11619881004280219        0.0000000000000000        0.0000000000000000        0.0000000000000000       0.11619881004280219     
 ZTHERM   2428.8624640347844        1.0000000000000000        0.0000000000000000        719.08309999999994        0.0000000000000000        0.0000000000000000        0.0000000000000000        0.0000000000000000        5.0412921526063704E-003   0.0000000000000000        0.0000000000000000        0.0000000000000000        5.0412921526063704E-003
 ZTHERM   300.00000000000000        1.0000000000000000        0.0000000000000000        719.08309999999994        0.0000000000000000        0.0000000000000000        0.0000000000000000        0.0000000000000000       0.22572083406714480        0.0000000000000000        0.0000000000000000        0.0000000000000000       0.22572083406714480     
 ZTHERM   2428.8624640347844        1.0000000000000000        0.0000000000000000        930.37404488992343        0.0000000000000000        0.0000000000000000        0.0000000000000000        0.0000000000000000        2.6366534091957238E-003   0.0000000000000000        0.0000000000000000        0.0000000000000000        2.6366534091957238E-003
 ZTHERM   300.00000000000000        1.0000000000000000        0.0000000000000000        930.37404488992343        0.0000000000000000        0.0000000000000000        0.0000000000000000        0.0000000000000000        9.3407788409881717E-002   0.0000000000000000        0.0000000000000000        0.0000000000000000        9.3407788409881717E-002
 ZTHERM   2428.8624640347844        1.0000000000000000        0.0000000000000000        900.21163451249845        0.0000000000000000        0.0000000000000000        0.0000000000000000        0.0000000000000000        4.9324100950689344E-003   0.0000000000000000        0.0000000000000000        0.0000000000000000        4.9324100950689344E-003
 ZTHERM   300.00000000000000        1.0000000000000000        0.0000000000000000        900.21163451249845        0.0000000000000000        0.0000000000000000        0.0000000000000000        0.0000000000000000       0.18114709164509019        0.0000000000000000        0.0000000000000000        0.0000000000000000       0.18114709164509019     
 ZTHERM   2428.8624640347844        1.0000000000000000        0.0000000000000000        728.64130369984662        0.0000000000000000        0.0000000000000000        0.0000000000000000        0.0000000000000000        1.0894559996402849E-002   0.0000000000000000        0.0000000000000000        0.0000000000000000        1.0894559996402849E-002
 ZTHERM   300.00000000000000        1.0000000000000000        0.0000000000000000        728.64130369984662        0.0000000000000000        0.0000000000000000        0.0000000000000000        0.0000000000000000       0.48312751750012284        0.0000000000000000        0.0000000000000000        0.0000000000000000       0.48312751750012284     
 ZTHERM   2428.8624640347844        1.0000000000000000        0.0000000000000000        871.80913025446443        0.0000000000000000        0.0000000000000000        0.0000000000000000        0.0000000000000000        2.8823791813494251E-003   0.0000000000000000        0.0000000000000000        0.0000000000000000        2.8823791813494251E-003
 ZTHERM   300.00000000000000        1.0000000000000000        0.0000000000000000        871.80913025446443        0.0000000000000000        0.0000000000000000        0.0000000000000000        0.0000000000000000       0.10942853315058880        0.0000000000000000        0.0000000000000000        0.0000000000000000       0.10942853315058880     
 ZTHERM   2428.8624640347844        1.0000000000000000        0.0000000000000000        928.32273602561736        0.0000000000000000        0.0000000000000000        0.0000000000000000        0.0000000000000000        1.0837877858813445E-003   0.0000000000000000        0.0000000000000000        0.0000000000000000        1.0837877858813445E-003
 ZTHERM   300.00000000000000        1.0000000000000000        0.0000000000000000        928.32273602561736        0.0000000000000000        0.0000000000000000        0.0000000000000000        0.0000000000000000        3.8490097548736939E-002   0.0000000000000000        0.0000000000000000        0.0000000000000000        3.8490097548736939E-002
 ZTHERM   2428.8624640347844        1.0000000000000000        0.0000000000000000        762.71797840963882        0.0000000000000000        0.0000000000000000        0.0000000000000000        0.0000000000000000        4.3947861559262151E-004   0.0000000000000000        0.0000000000000000        0.0000000000000000        4.3947861559262151E-004
 ZTHERM   300.00000000000000        1.0000000000000000        0.0000000000000000        762.71797840963882        0.0000000000000000        0.0000000000000000        0.0000000000000000        0.0000000000000000        1.8816976288790862E-002   0.0000000000000000        0.0000000000000000        0.0000000000000000        1.8816976288790862E-002
 ZTHERM   2428.8624640347844        1.0000000000000000        0.0000000000000000        900.65900966352285        0.0000000000000000        0.0000000000000000        0.0000000000000000        0.0000000000000000        1.0234581913172917E-003   0.0000000000000000        0.0000000000000000        0.0000000000000000        1.0234581913172917E-003
 ZTHERM   300.00000000000000        1.0000000000000000        0.0000000000000000        900.65900966352285        0.0000000000000000        0.0000000000000000        0.0000000000000000        0.0000000000000000        3.7567546360099312E-002   0.0000000000000000        0.0000000000000000        0.0000000000000000        3.7567546360099312E-002
 ZTHERM   2428.8624640347844        1.0000000000000000        0.0000000000000000        850.92439418266520        0.0000000000000000        0.0000000000000000        0.0000000000000000        0.0000000000000000        9.0940820183688293E-004   0.0000000000000000        0.0000000000000000        0.0000000000000000        9.0940820183688293E-004
 ZTHERM   300.00000000000000        1.0000000000000000        0.0000000000000000        850.92439418266520        0.0000000000000000        0.0000000000000000        0.0000000000000000        0.0000000000000000        3.5361147460752272E-002   0.0000000000000000        0.0000000000000000        0.0000000000000000        3.5361147460752272E-002
 ZTHERM   2428.8624640347844        1.0000000000000000        0.0000000000000000        1144.9766618563319        0.0000000000000000        0.0000000000000000        0.0000000000000000        0.0000000000000000        2.2823423935253665E-002   0.0000000000000000        0.0000000000000000        0.0000000000000000        2.2823423935253665E-002
 ZTHERM   300.00000000000000        1.0000000000000000        0.0000000000000000        1144.9766618563319        0.0000000000000000        0.0000000000000000        0.0000000000000000        0.0000000000000000       0.61286477282914575        0.0000000000000000        0.0000000000000000        0.0000000000000000       0.61286477282914575     
 ZTHERM   2428.8624640347844        1.0000000000000000        0.0000000000000000        961.39362054340097        0.0000000000000000        0.0000000000000000        0.0000000000000000        0.0000000000000000        1.6164053447158867E-002   0.0000000000000000        0.0000000000000000        0.0000000000000000        1.6164053447158867E-002
 ZTHERM   300.00000000000000        1.0000000000000000        0.0000000000000000        961.39362054340097        0.0000000000000000        0.0000000000000000        0.0000000000000000        0.0000000000000000       0.55136535066542680        0.0000000000000000        0.0000000000000000        0.0000000000000000       0.55136535066542680     
 ZTHERM   2428.8624640347844        1.0000000000000000        0.0000000000000000        1078.1510262035645        0.0000000000000000        0.0000000000000000        0.0000000000000000        0.0000000000000000        1.6794812062995153E-002   0.0000000000000000        0.0000000000000000        0.0000000000000000        1.6794812062995153E-002
 ZTHERM   300.00000000000000        1.0000000000000000        0.0000000000000000        1078.1510262035645        0.0000000000000000        0.0000000000000000        0.0000000000000000        0.0000000000000000       0.49340178910149490        0.0000000000000000        0.0000000000000000        0.0000000000000000       0.49340178910149490     
 ZTHERM   2428.8624640347844        1.0000000000000000        0.0000000000000000        948.04486290396369        0.0000000000000000        0.0000000000000000        0.0000000000000000        0.0000000000000000        1.2522152647848686E-002   0.0000000000000000        0.0000000000000000        0.0000000000000000        1.2522152647848686E-002
 ZTHERM   300.00000000000000        1.0000000000000000        0.0000000000000000        948.04486290396369        0.0000000000000000        0.0000000000000000        0.0000000000000000        0.0000000000000000       0.43419655009739688        0.0000000000000000        0.0000000000000000        0.0000000000000000       0.43419655009739688     
 ZTHERM   2428.8624640347844        1.0000000000000000        0.0000000000000000        1108.9234428196207        0.0000000000000000        0.0000000000000000        0.0000000000000000        0.0000000000000000        1.7758564411064052E-002   0.0000000000000000        0.0000000000000000        0.0000000000000000        1.7758564411064052E-002
 ZTHERM   300.00000000000000        1.0000000000000000        0.0000000000000000        1108.9234428196207        0.0000000000000000        0.0000000000000000        0.0000000000000000        0.0000000000000000       0.50074453279827524        0.0000000000000000        0.0000000000000000        0.0000000000000000       0.50074453279827524     
 ZTHERM   2428.8624640347844        1.0000000000000000        0.0000000000000000        1046.4800000203982        0.0000000000000000        0.0000000000000000        0.0000000000000000        0.0000000000000000        1.2895007886485954E-002   0.0000000000000000        0.0000000000000000        0.0000000000000000        1.2895007886485954E-002
 ZTHERM   300.00000000000000        1.0000000000000000        0.0000000000000000        1046.4800000203982        0.0000000000000000        0.0000000000000000        0.0000000000000000        0.0000000000000000       0.39489629422110711        0.0000000000000000        0.0000000000000000        0.0000000000000000       0.39489629422110711     
 ZTHERM   2428.8624640347844        1.0000000000000000        0.0000000000000000        1023.7865684206141        0.0000000000000000        0.0000000000000000        0.0000000000000000        0.0000000000000000        7.2237516922300212E-003   0.0000000000000000        0.0000000000000000        0.0000000000000000        7.2237516922300212E-003
 ZTHERM   300.00000000000000        1.0000000000000000        0.0000000000000000        1023.7865684206141        0.0000000000000000        0.0000000000000000        0.0000000000000000        0.0000000000000000       0.22779882811638874        0.0000000000000000        0.0000000000000000        0.0000000000000000       0.22779882811638874     
 ZTHERM   2428.8624640347844        1.0000000000000000        0.0000000000000000        937.86680921133552        0.0000000000000000        0.0000000000000000        0.0000000000000000        0.0000000000000000        9.7183981181865331E-003   0.0000000000000000        0.0000000000000000        0.0000000000000000        9.7183981181865331E-003
 ZTHERM   300.00000000000000        1.0000000000000000        0.0000000000000000        937.86680921133552        0.0000000000000000        0.0000000000000000        0.0000000000000000        0.0000000000000000       0.34118177680500067        0.0000000000000000        0.0000000000000000        0.0000000000000000       0.34118177680500067     
 ZTHERM   2428.8624640347844        1.0000000000000000        0.0000000000000000        1044.6037991925505        0.0000000000000000        0.0000000000000000        0.0000000000000000        0.0000000000000000        1.4537974141175445E-002   0.0000000000000000        0.0000000000000000        0.0000000000000000        1.4537974141175445E-002
 ZTHERM   300.00000000000000        1.0000000000000000        0.0000000000000000        1044.6037991925505        0.0000000000000000        0.0000000000000000        0.0000000000000000        0.0000000000000000       0.44629691311802366        0.0000000000000000        0.0000000000000000        0.0000000000000000       0.44629691311802366     
 ZTHERM   2428.8624640347844        1.0000000000000000        0.0000000000000000        1014.4692368552475        0.0000000000000000        0.0000000000000000        0.0000000000000000        0.0000000000000000        1.2044888332849338E-002   0.0000000000000000        0.0000000000000000        0.0000000000000000        1.2044888332849338E-002
 ZTHERM   300.00000000000000        1.0000000000000000        0.0000000000000000        1014.4692368552475        0.0000000000000000        0.0000000000000000        0.0000000000000000        0.0000000000000000       0.38438643951508900        0.0000000000000000        0.0000000000000000        0.0000000000000000       0.38438643951508900     
 ZTHERM   2428.8624640347844        1.0000000000000000        0.0000000000000000        1057.4820817394793        0.0000000000000000        0.0000000000000000        0.0000000000000000        0.0000000000000000        1.3703892926607812E-002   0.0000000000000000        0.0000000000000000        0.0000000000000000        1.3703892926607812E-002
 ZTHERM   300.00000000000000        1.0000000000000000        0.0000000000000000        1057.4820817394793        0.0000000000000000        0.0000000000000000        0.0000000000000000        0.0000000000000000       0.41369050450142103        0.0000000000000000        0.0000000000000000        0.0000000000000000       0.41369050450142103     
 ZTHERM   2428.8624640347844        1.0000000000000000        0.0000000000000000        946.91038476392782        0.0000000000000000        0.0000000000000000        0.0000000000000000        0.0000000000000000        1.1886316043632628E-002   0.0000000000000000        0.0000000000000000        0.0000000000000000        1.1886316043632628E-002
 ZTHERM   300.00000000000000        1.0000000000000000        0.0000000000000000        946.91038476392782        0.0000000000000000        0.0000000000000000        0.0000000000000000        0.0000000000000000       0.41272105194361364        0.0000000000000000        0.0000000000000000        0.0000000000000000       0.41272105194361364     
 ZTHERM   2428.8624640347844        1.0000000000000000        0.0000000000000000        1060.1928760967717        0.0000000000000000        0.0000000000000000        0.0000000000000000        0.0000000000000000        1.2409174254257622E-002   0.0000000000000000        0.0000000000000000        0.0000000000000000        1.2409174254257622E-002
 ZTHERM   300.00000000000000        1.0000000000000000        0.0000000000000000        1060.1928760967717        0.0000000000000000        0.0000000000000000        0.0000000000000000        0.0000000000000000       0.37327907622083217        0.0000000000000000        0.0000000000000000        0.0000000000000000       0.37327907622083217     
 ZTHERM   2428.8624640347844        1.0000000000000000        0.0000000000000000        1045.4104792871788        0.0000000000000000        0.0000000000000000        0.0000000000000000        0.0000000000000000        1.2373444872375546E-002   0.0000000000000000        0.0000000000000000        0.0000000000000000        1.2373444872375546E-002
 ZTHERM   300.00000000000000        1.0000000000000000        0.0000000000000000        1045.4104792871788        0.0000000000000000        0.0000000000000000        0.0000000000000000        0.0000000000000000       0.37945093825710868        0.0000000000000000        0.0000000000000000        0.0000000000000000       0.37945093825710868     
 ZTHERM   2428.8624640347844        1.0000000000000000        0.0000000000000000        1156.3149293151801        0.0000000000000000        0.0000000000000000        0.0000000000000000        0.0000000000000000        2.6257751676573415E-002   0.0000000000000000        0.0000000000000000        0.0000000000000000        2.6257751676573415E-002
 ZTHERM   300.00000000000000        1.0000000000000000        0.0000000000000000        1156.3149293151801        0.0000000000000000        0.0000000000000000        0.0000000000000000        0.0000000000000000       0.69421130001368170        0.0000000000000000        0.0000000000000000        0.0000000000000000       0.69421130001368170     
 ZTHERM   2428.8624640347844        1.0000000000000000        0.0000000000000000        973.37709551542241        0.0000000000000000        0.0000000000000000        0.0000000000000000        0.0000000000000000        1.1997214346613157E-002   0.0000000000000000        0.0000000000000000        0.0000000000000000        1.1997214346613157E-002
 ZTHERM   300.00000000000000        1.0000000000000000        0.0000000000000000        973.37709551542241        0.0000000000000000        0.0000000000000000        0.0000000000000000        0.0000000000000000       0.40320413169459335        0.0000000000000000        0.0000000000000000        0.0000000000000000       0.40320413169459335     
 ZTHERM   2428.8624640347844        1.0000000000000000        0.0000000000000000        1059.1499810347443        0.0000000000000000        0.0000000000000000        0.0000000000000000        0.0000000000000000        1.7288223977637018E-002   0.0000000000000000        0.0000000000000000        0.0000000000000000        1.7288223977637018E-002
 ZTHERM   300.00000000000000        1.0000000000000000        0.0000000000000000        1059.1499810347443        0.0000000000000000        0.0000000000000000        0.0000000000000000        0.0000000000000000       0.52075590680983885        0.0000000000000000        0.0000000000000000        0.0000000000000000       0.52075590680983885     
 ZTHERM   2428.8624640347844        1.0000000000000000        0.0000000000000000        1178.3147232554254        0.0000000000000000        0.0000000000000000        0.0000000000000000        0.0000000000000000        3.6101525671867057E-002   0.0000000000000000        0.0000000000000000        0.0000000000000000        3.6101525671867057E-002
 ZTHERM   300.00000000000000        1.0000000000000000        0.0000000000000000        1178.3147232554254        0.0000000000000000        0.0000000000000000        0.0000000000000000        0.0000000000000000       0.92590114019224368        0.0000000000000000        0.0000000000000000        0.0000000000000000       0.92590114019224368     
 ZTHERM   2428.8624640347844        1.0000000000000000        0.0000000000000000        1042.7662730628613        0.0000000000000000        0.0000000000000000        0.0000000000000000        0.0000000000000000        9.4714478824625362E-003   0.0000000000000000        0.0000000000000000        0.0000000000000000        9.4714478824625362E-003
 ZTHERM   300.00000000000000        1.0000000000000000        0.0000000000000000        1042.7662730628613        0.0000000000000000        0.0000000000000000        0.0000000000000000        0.0000000000000000       0.29145532652455397        0.0000000000000000        0.0000000000000000        0.0000000000000000       0.29145532652455397     
 ZTHERM   2428.8624640347844        1.0000000000000000        0.0000000000000000        778.36817608938111        0.0000000000000000        0.0000000000000000        0.0000000000000000        0.0000000000000000        4.4071159087459913E-003   0.0000000000000000        0.0000000000000000        0.0000000000000000        4.4071159087459913E-003
 ZTHERM   300.00000000000000        1.0000000000000000        0.0000000000000000        778.36817608938111        0.0000000000000000        0.0000000000000000        0.0000000000000000        0.0000000000000000       0.18560515515157266        0.0000000000000000        0.0000000000000000        0.0000000000000000       0.18560515515157266     
 ZTHERM   2428.8624640347844        1.0000000000000000        0.0000000000000000        1115.6475146178941        0.0000000000000000        0.0000000000000000        0.0000000000000000        0.0000000000000000        1.4983033671779231E-002   0.0000000000000000        0.0000000000000000        0.0000000000000000        1.4983033671779231E-002
 ZTHERM   300.00000000000000        1.0000000000000000        0.0000000000000000        1115.6475146178941        0.0000000000000000        0.0000000000000000        0.0000000000000000        0.0000000000000000       0.41867568382755393        0.0000000000000000        0.0000000000000000        0.0000000000000000       0.41867568382755393     
 ZTHERM   2428.8624640347844        1.0000000000000000        0.0000000000000000        837.04469686881021        0.0000000000000000        0.0000000000000000        0.0000000000000000        0.0000000000000000        8.4830988011745621E-003   0.0000000000000000        0.0000000000000000        0.0000000000000000        8.4830988011745621E-003
 ZTHERM   300.00000000000000        1.0000000000000000        0.0000000000000000        837.04469686881021        0.0000000000000000        0.0000000000000000        0.0000000000000000        0.0000000000000000       0.33506327409350500        0.0000000000000000        0.0000000000000000        0.0000000000000000       0.33506327409350500     
 ZTHERM   2428.8624640347844        1.0000000000000000        0.0000000000000000        1109.4984265527401        0.0000000000000000        0.0000000000000000        0.0000000000000000        0.0000000000000000        1.2812283383420713E-002   0.0000000000000000        0.0000000000000000        0.0000000000000000        1.2812283383420713E-002
 ZTHERM   300.00000000000000        1.0000000000000000        0.0000000000000000        1109.4984265527401        0.0000000000000000        0.0000000000000000        0.0000000000000000        0.0000000000000000       0.36099344703281927        0.0000000000000000        0.0000000000000000        0.0000000000000000       0.36099344703281927     
 ZTHERM   2428.8624640347844        1.0000000000000000        0.0000000000000000        834.34668221838263        0.0000000000000000        0.0000000000000000        0.0000000000000000        0.0000000000000000        9.0823405823248580E-003   0.0000000000000000        0.0000000000000000        0.0000000000000000        9.0823405823248580E-003
 ZTHERM   300.00000000000000        1.0000000000000000        0.0000000000000000        834.34668221838263        0.0000000000000000        0.0000000000000000        0.0000000000000000        0.0000000000000000       0.35981854709238237        0.0000000000000000        0.0000000000000000        0.0000000000000000       0.35981854709238237     
 ZTHERM   2428.8624640347844        1.0000000000000000        0.0000000000000000        1162.3185275285089        0.0000000000000000        0.0000000000000000        0.0000000000000000        0.0000000000000000        1.7505494140872491E-002   0.0000000000000000        0.0000000000000000        0.0000000000000000        1.7505494140872491E-002
 ZTHERM   300.00000000000000        1.0000000000000000        0.0000000000000000        1162.3185275285089        0.0000000000000000        0.0000000000000000        0.0000000000000000        0.0000000000000000       0.45900820030445133        0.0000000000000000        0.0000000000000000        0.0000000000000000       0.45900820030445133     
 ZTHERM   2428.8624640347844        1.0000000000000000        0.0000000000000000        952.00266451345590        0.0000000000000000        0.0000000000000000        0.0000000000000000        0.0000000000000000        1.1808263112152974E-002   0.0000000000000000        0.0000000000000000        0.0000000000000000        1.1808263112152974E-002
 ZTHERM   300.00000000000000        1.0000000000000000        0.0000000000000000        952.00266451345590        0.0000000000000000        0.0000000000000000        0.0000000000000000        0.0000000000000000       0.40746437564836491        0.0000000000000000        0.0000000000000000        0.0000000000000000       0.40746437564836491     
 ZTHERM   2428.8624640347844        1.0000000000000000        0.0000000000000000        1199.5291927705819        0.0000000000000000        0.0000000000000000        0.0000000000000000        0.0000000000000000        2.3284325243690077E-002   0.0000000000000000        0.0000000000000000        0.0000000000000000        2.3284325243690077E-002
 ZTHERM   300.00000000000000        1.0000000000000000        0.0000000000000000        1199.5291927705819        0.0000000000000000        0.0000000000000000        0.0000000000000000        0.0000000000000000       0.57977454510644688        0.0000000000000000        0.0000000000000000        0.0000000000000000       0.57977454510644688     
 ZTHERM   2428.8624640347844        1.0000000000000000        0.0000000000000000        906.71926370728261        0.0000000000000000        0.0000000000000000        0.0000000000000000        0.0000000000000000        1.4611378430863152E-002   0.0000000000000000        0.0000000000000000        0.0000000000000000        1.4611378430863152E-002
 ZTHERM   300.00000000000000        1.0000000000000000        0.0000000000000000        906.71926370728261        0.0000000000000000        0.0000000000000000        0.0000000000000000        0.0000000000000000       0.53249793625614805        0.0000000000000000        0.0000000000000000        0.0000000000000000       0.53249793625614805     
 ZTHERM   2428.8624640347844        1.0000000000000000        0.0000000000000000        957.08455848305573        0.0000000000000000        0.0000000000000000        0.0000000000000000        0.0000000000000000        1.1281571314673467E-002   0.0000000000000000        0.0000000000000000        0.0000000000000000        1.1281571314673467E-002
 ZTHERM   300.00000000000000        1.0000000000000000        0.0000000000000000        957.08455848305573        0.0000000000000000        0.0000000000000000        0.0000000000000000        0.0000000000000000       0.38686872337678990        0.0000000000000000        0.0000000000000000        0.0000000000000000       0.38686872337678990     
 ZTHERM   2428.8624640347844        1.0000000000000000        0.0000000000000000        1211.6839698527556        0.0000000000000000        0.0000000000000000        0.0000000000000000        0.0000000000000000        3.2313989452713646E-002   0.0000000000000000        0.0000000000000000        0.0000000000000000        3.2313989452713646E-002
 ZTHERM   300.00000000000000        1.0000000000000000        0.0000000000000000        1211.6839698527556        0.0000000000000000        0.0000000000000000        0.0000000000000000        0.0000000000000000       0.79099929925695955        0.0000000000000000        0.0000000000000000        0.0000000000000000       0.79099929925695955     
 ZTHERM   2428.8624640347844        1.0000000000000000        0.0000000000000000        992.90400226968643        0.0000000000000000        0.0000000000000000        0.0000000000000000        0.0000000000000000        2.1948977214365031E-002   0.0000000000000000        0.0000000000000000        0.0000000000000000        2.1948977214365031E-002
 ZTHERM   300.00000000000000        1.0000000000000000        0.0000000000000000        992.90400226968643        0.0000000000000000        0.0000000000000000        0.0000000000000000        0.0000000000000000       0.71986176558317383        0.0000000000000000        0.0000000000000000        0.0000000000000000       0.71986176558317383     
 ZTHERM   2428.8624640347844        1.0000000000000000        0.0000000000000000        1170.9078110310700        0.0000000000000000        0.0000000000000000        0.0000000000000000        0.0000000000000000        3.0098037364548455E-002   0.0000000000000000        0.0000000000000000        0.0000000000000000        3.0098037364548455E-002
 ZTHERM   300.00000000000000        1.0000000000000000        0.0000000000000000        1170.9078110310700        0.0000000000000000        0.0000000000000000        0.0000000000000000        0.0000000000000000       0.77989131954033486        0.0000000000000000        0.0000000000000000        0.0000000000000000       0.77989131954033486     
 ZTHERM   2428.8624640347844        1.0000000000000000        0.0000000000000000        920.74736902293239        0.0000000000000000        0.0000000000000000        0.0000000000000000        0.0000000000000000        1.8376189809585570E-002   0.0000000000000000        0.0000000000000000        0.0000000000000000        1.8376189809585570E-002
 ZTHERM   300.00000000000000        1.0000000000000000        0.0000000000000000        920.74736902293239        0.0000000000000000        0.0000000000000000        0.0000000000000000        0.0000000000000000       0.65859041740680924        0.0000000000000000        0.0000000000000000        0.0000000000000000       0.65859041740680924     
 ZTHERM   2428.8624640347844        1.0000000000000000        0.0000000000000000        1079.2832418359721        0.0000000000000000        0.0000000000000000        0.0000000000000000        0.0000000000000000        2.5175633718208627E-002   0.0000000000000000        0.0000000000000000        0.0000000000000000        2.5175633718208627E-002
 ZTHERM   300.00000000000000        1.0000000000000000        0.0000000000000000        1079.2832418359721        0.0000000000000000        0.0000000000000000        0.0000000000000000        0.0000000000000000       0.73850844554602624        0.0000000000000000        0.0000000000000000        0.0000000000000000       0.73850844554602624     
 ZTHERM   2428.8624640347844        1.0000000000000000        0.0000000000000000        1053.1724178057543        0.0000000000000000        0.0000000000000000        0.0000000000000000        0.0000000000000000        2.4206764879480550E-002   0.0000000000000000        0.0000000000000000        0.0000000000000000        2.4206764879480550E-002
 ZTHERM   300.00000000000000        1.0000000000000000        0.0000000000000000        1053.1724178057543        0.0000000000000000        0.0000000000000000        0.0000000000000000        0.0000000000000000       0.73487458818594331        0.0000000000000000        0.0000000000000000        0.0000000000000000       0.73487458818594331     
 ZTHERM   2428.8624640347844        1.0000000000000000        0.0000000000000000        1033.1270670946751        0.0000000000000000        0.0000000000000000        0.0000000000000000        0.0000000000000000        2.3557413032998530E-002   0.0000000000000000        0.0000000000000000        0.0000000000000000        2.3557413032998530E-002
 ZTHERM   300.00000000000000        1.0000000000000000        0.0000000000000000        1033.1270670946751        0.0000000000000000        0.0000000000000000        0.0000000000000000        0.0000000000000000       0.73400339072907894        0.0000000000000000        0.0000000000000000        0.0000000000000000       0.73400339072907894     
 ZTHERM   2428.8624640347844        1.0000000000000000        0.0000000000000000        1268.0501720960820        0.0000000000000000        0.0000000000000000        0.0000000000000000        0.0000000000000000        3.2871351897480965E-002   0.0000000000000000        0.0000000000000000        0.0000000000000000        3.2871351897480965E-002
 ZTHERM   300.00000000000000        1.0000000000000000        0.0000000000000000        1268.0501720960820        0.0000000000000000        0.0000000000000000        0.0000000000000000        0.0000000000000000       0.74263682346261539        0.0000000000000000        0.0000000000000000        0.0000000000000000       0.74263682346261539     
 ZTHERM   2428.8624640347844        1.0000000000000000        0.0000000000000000        1048.5356905790620        0.0000000000000000        0.0000000000000000        0.0000000000000000        0.0000000000000000        2.2601103247739396E-002   0.0000000000000000        0.0000000000000000        0.0000000000000000        2.2601103247739396E-002
 ZTHERM   300.00000000000000        1.0000000000000000        0.0000000000000000        1048.5356905790620        0.0000000000000000        0.0000000000000000        0.0000000000000000        0.0000000000000000       0.69028745859208618        0.0000000000000000        0.0000000000000000        0.0000000000000000       0.69028745859208618     
 ZTHERM   2428.8624640347844        1.0000000000000000        0.0000000000000000        1062.5371092882372        0.0000000000000000        0.0000000000000000        0.0000000000000000        0.0000000000000000        2.6509518760940723E-002   0.0000000000000000        0.0000000000000000        0.0000000000000000        2.6509518760940723E-002
 ZTHERM   300.00000000000000        1.0000000000000000        0.0000000000000000        1062.5371092882372        0.0000000000000000        0.0000000000000000        0.0000000000000000        0.0000000000000000       0.79498379425325594        0.0000000000000000        0.0000000000000000        0.0000000000000000       0.79498379425325594     
 ZTHERM   2428.8624640347844        1.0000000000000000        0.0000000000000000        995.23701571790957        0.0000000000000000        0.0000000000000000        0.0000000000000000        0.0000000000000000        1.9332221453996913E-002   0.0000000000000000        0.0000000000000000        0.0000000000000000        1.9332221453996913E-002
 ZTHERM   300.00000000000000        1.0000000000000000        0.0000000000000000        995.23701571790957        0.0000000000000000        0.0000000000000000        0.0000000000000000        0.0000000000000000       0.63217908318174998        0.0000000000000000        0.0000000000000000        0.0000000000000000       0.63217908318174998     
 ZTHERM   2428.8624640347844        1.0000000000000000        0.0000000000000000        1031.0811718942111        0.0000000000000000        0.0000000000000000        0.0000000000000000        0.0000000000000000        2.1830506674558808E-002   0.0000000000000000        0.0000000000000000        0.0000000000000000        2.1830506674558808E-002
 ZTHERM   300.00000000000000        1.0000000000000000        0.0000000000000000        1031.0811718942111        0.0000000000000000        0.0000000000000000        0.0000000000000000        0.0000000000000000       0.68199265262289843        0.0000000000000000        0.0000000000000000        0.0000000000000000       0.68199265262289843     
 ZTHERM   2428.8624640347844        1.0000000000000000        0.0000000000000000        1168.2499598989548        0.0000000000000000        0.0000000000000000        0.0000000000000000        0.0000000000000000        2.9299878132032903E-002   0.0000000000000000        0.0000000000000000        0.0000000000000000        2.9299878132032903E-002
 ZTHERM   300.00000000000000        1.0000000000000000        0.0000000000000000        1168.2499598989548        0.0000000000000000        0.0000000000000000        0.0000000000000000        0.0000000000000000       0.76200438692735828        0.0000000000000000        0.0000000000000000        0.0000000000000000       0.76200438692735828     
 ZTHERM   2428.8624640347844        1.0000000000000000        0.0000000000000000        1007.1599437960122        0.0000000000000000        0.0000000000000000        0.0000000000000000        0.0000000000000000        2.1864462351811696E-002   0.0000000000000000        0.0000000000000000        0.0000000000000000        2.1864462351811696E-002
 ZTHERM   300.00000000000000        1.0000000000000000        0.0000000000000000        1007.1599437960122        0.0000000000000000        0.0000000000000000        0.0000000000000000        0.0000000000000000       0.70427904119042906        0.0000000000000000        0.0000000000000000        0.0000000000000000       0.70427904119042906     
 ZTHERM   2428.8624640347844        1.0000000000000000        0.0000000000000000        990.33957664127593        0.0000000000000000        0.0000000000000000        0.0000000000000000        0.0000000000000000        2.1232494232166679E-002   0.0000000000000000        0.0000000000000000        0.0000000000000000        2.1232494232166679E-002
 ZTHERM   300.00000000000000        1.0000000000000000        0.0000000000000000        990.33957664127593        0.0000000000000000        0.0000000000000000        0.0000000000000000        0.0000000000000000       0.69861313171251505        0.0000000000000000        0.0000000000000000        0.0000000000000000       0.69861313171251505     
 ZTHERM   2428.8624640347844        1.0000000000000000        0.0000000000000000        818.27312486582991        0.0000000000000000        0.0000000000000000        0.0000000000000000        0.0000000000000000        1.5273096089364602E-002   0.0000000000000000        0.0000000000000000        0.0000000000000000        1.5273096089364602E-002
 ZTHERM   300.00000000000000        1.0000000000000000        0.0000000000000000        818.27312486582991        0.0000000000000000        0.0000000000000000        0.0000000000000000        0.0000000000000000       0.61599093452935261        0.0000000000000000        0.0000000000000000        0.0000000000000000       0.61599093452935261     
 ZTHERM   2428.8624640347844        1.0000000000000000        0.0000000000000000        997.40066267080965        0.0000000000000000        0.0000000000000000        0.0000000000000000        0.0000000000000000        2.1074644155070897E-002   0.0000000000000000        0.0000000000000000        0.0000000000000000        2.1074644155070897E-002
 ZTHERM   300.00000000000000        1.0000000000000000        0.0000000000000000        997.40066267080965        0.0000000000000000        0.0000000000000000        0.0000000000000000        0.0000000000000000       0.68727911833903055        0.0000000000000000        0.0000000000000000        0.0000000000000000       0.68727911833903055     
 ZTHERM   2428.8624640347844        1.0000000000000000        0.0000000000000000        1194.1067859066500        0.0000000000000000        0.0000000000000000        0.0000000000000000        0.0000000000000000        2.8005433649257318E-002   0.0000000000000000        0.0000000000000000        0.0000000000000000        2.8005433649257318E-002
 ZTHERM   300.00000000000000        1.0000000000000000        0.0000000000000000        1194.1067859066500        0.0000000000000000        0.0000000000000000        0.0000000000000000        0.0000000000000000       0.70263783561815030        0.0000000000000000        0.0000000000000000        0.0000000000000000       0.70263783561815030     
 ZTHERM   2428.8624640347844        1.0000000000000000        0.0000000000000000        1083.5609273512864        0.0000000000000000        0.0000000000000000        0.0000000000000000        0.0000000000000000        2.3128019598709020E-002   0.0000000000000000        0.0000000000000000        0.0000000000000000        2.3128019598709020E-002
 ZTHERM   300.00000000000000        1.0000000000000000        0.0000000000000000        1083.5609273512864        0.0000000000000000        0.0000000000000000        0.0000000000000000        0.0000000000000000       0.67460915824797962        0.0000000000000000        0.0000000000000000        0.0000000000000000       0.67460915824797962     
 ZTHERM   2428.8624640347844        1.0000000000000000        0.0000000000000000        1162.8696637410901        0.0000000000000000        0.0000000000000000        0.0000000000000000        0.0000000000000000        2.6586531960036529E-002   0.0000000000000000        0.0000000000000000        0.0000000000000000        2.6586531960036529E-002
 ZTHERM   300.00000000000000        1.0000000000000000        0.0000000000000000        1162.8696637410901        0.0000000000000000        0.0000000000000000        0.0000000000000000        0.0000000000000000       0.69659104468340227        0.0000000000000000        0.0000000000000000        0.0000000000000000       0.69659104468340227     
 ZTHERM   2428.8624640347844        1.0000000000000000        0.0000000000000000        1111.6767953896563        0.0000000000000000        0.0000000000000000        0.0000000000000000        0.0000000000000000        2.1625640565907780E-002   0.0000000000000000        0.0000000000000000        0.0000000000000000        2.1625640565907780E-002
 ZTHERM   300.00000000000000        1.0000000000000000        0.0000000000000000        1111.6767953896563        0.0000000000000000        0.0000000000000000        0.0000000000000000        0.0000000000000000       0.60753251422338883        0.0000000000000000        0.0000000000000000        0.0000000000000000       0.60753251422338883     
 ZTHERM   2428.8624640347844        1.0000000000000000        0.0000000000000000        614.83846915733670        0.0000000000000000        0.0000000000000000        0.0000000000000000        0.0000000000000000        6.6910419887109378E-003   0.0000000000000000        0.0000000000000000        0.0000000000000000        6.6910419887109378E-003
 ZTHERM   300.00000000000000        1.0000000000000000        0.0000000000000000        614.83846915733670        0.0000000000000000        0.0000000000000000        0.0000000000000000        0.0000000000000000       0.33051634859688361        0.0000000000000000        0.0000000000000000        0.0000000000000000       0.33051634859688361     
 ZTHERM   2428.8624640347844        1.0000000000000000        0.0000000000000000        679.07145811323176        0.0000000000000000        0.0000000000000000        0.0000000000000000        0.0000000000000000        8.4239675509809025E-003   0.0000000000000000        0.0000000000000000        0.0000000000000000        8.4239675509809025E-003
 ZTHERM   300.00000000000000        1.0000000000000000        0.0000000000000000        679.07145811323176        0.0000000000000000        0.0000000000000000        0.0000000000000000        0.0000000000000000       0.39224797062882538        0.0000000000000000        0.0000000000000000        0.0000000000000000       0.39224797062882538     
 ZTHERM   2428.8624640347844        1.0000000000000000        0.0000000000000000        1073.7847749915393        0.0000000000000000        0.0000000000000000        0.0000000000000000        0.0000000000000000        2.0194543367520183E-002   0.0000000000000000        0.0000000000000000        0.0000000000000000        2.0194543367520183E-002
 ZTHERM   300.00000000000000        1.0000000000000000        0.0000000000000000        1073.7847749915393        0.0000000000000000        0.0000000000000000        0.0000000000000000        0.0000000000000000       0.59671173885757411        0.0000000000000000        0.0000000000000000        0.0000000000000000       0.59671173885757411     
 ZTHERM   2428.8624640347844        1.0000000000000000        0.0000000000000000        728.64130369984662        0.0000000000000000        0.0000000000000000        0.0000000000000000        0.0000000000000000        1.0894559996402849E-002   0.0000000000000000        0.0000000000000000        0.0000000000000000        1.0894559996402849E-002
 ZTHERM   300.00000000000000        1.0000000000000000        0.0000000000000000        728.64130369984662        0.0000000000000000        0.0000000000000000        0.0000000000000000        0.0000000000000000       0.48312751750012284        0.0000000000000000        0.0000000000000000        0.0000000000000000       0.48312751750012284     
 ZTHERM   2428.8624640347844        1.0000000000000000        0.0000000000000000        875.63689965387709        0.0000000000000000        0.0000000000000000        0.0000000000000000        0.0000000000000000       -2.9335476634211293E-004  -0.0000000000000000       -0.0000000000000000        0.0000000000000000       -2.9335476634211293E-004
 ZTHERM   300.00000000000000        1.0000000000000000        0.0000000000000000        875.63689965387709        0.0000000000000000        0.0000000000000000        0.0000000000000000        0.0000000000000000       -1.1087907413839498E-002  -0.0000000000000000       -0.0000000000000000        0.0000000000000000       -1.1087907413839498E-002
 ZTHERM   2428.8624640347844        1.0000000000000000        0.0000000000000000        973.46985578136776        0.0000000000000000        0.0000000000000000        0.0000000000000000        0.0000000000000000        1.7676988609520287E-003   0.0000000000000000        0.0000000000000000        0.0000000000000000        1.7676988609520287E-003
 ZTHERM   300.00000000000000        1.0000000000000000        0.0000000000000000        973.46985578136776        0.0000000000000000        0.0000000000000000        0.0000000000000000        0.0000000000000000        5.9402230532298449E-002   0.0000000000000000        0.0000000000000000        0.0000000000000000        5.9402230532298449E-002
 ZTHERM   2428.8624640347844        1.0000000000000000        0.0000000000000000        1408.5156744706132        0.0000000000000000        0.0000000000000000        0.0000000000000000        0.0000000000000000        3.6875012217186878E-002   0.0000000000000000        0.0000000000000000        0.0000000000000000        3.6875012217186878E-002
 ZTHERM   300.00000000000000        1.0000000000000000        0.0000000000000000        1408.5156744706132        0.0000000000000000        0.0000000000000000        0.0000000000000000        0.0000000000000000       0.67760211347766608        0.0000000000000000        0.0000000000000000        0.0000000000000000       0.67760211347766608     
 ZTHERM   2428.8624640347844        1.0000000000000000        0.0000000000000000        1440.4116685427553        0.0000000000000000        0.0000000000000000        0.0000000000000000        0.0000000000000000        3.9014358684840017E-002   0.0000000000000000        0.0000000000000000        0.0000000000000000        3.9014358684840017E-002
 ZTHERM   300.00000000000000        1.0000000000000000        0.0000000000000000        1440.4116685427553        0.0000000000000000        0.0000000000000000        0.0000000000000000        0.0000000000000000       0.68327373843151051        0.0000000000000000        0.0000000000000000        0.0000000000000000       0.68327373843151051     
 ZTHERM   2428.8624640347844        1.0000000000000000        0.0000000000000000        1212.2947990072319        0.0000000000000000        0.0000000000000000        0.0000000000000000        0.0000000000000000        1.7891779984030971E-002   0.0000000000000000        0.0000000000000000        0.0000000000000000        1.7891779984030971E-002
 ZTHERM   300.00000000000000        1.0000000000000000        0.0000000000000000        1212.2947990072319        0.0000000000000000        0.0000000000000000        0.0000000000000000        0.0000000000000000       0.43758831827067463        0.0000000000000000        0.0000000000000000        0.0000000000000000       0.43758831827067463     
 ZTHERM   2428.8624640347844        1.0000000000000000        0.0000000000000000        1017.9909256887772        0.0000000000000000        0.0000000000000000        0.0000000000000000        0.0000000000000000        7.6468590008144047E-003   0.0000000000000000        0.0000000000000000        0.0000000000000000        7.6468590008144047E-003
 ZTHERM   300.00000000000000        1.0000000000000000        0.0000000000000000        1017.9909256887772        0.0000000000000000        0.0000000000000000        0.0000000000000000        0.0000000000000000       0.24293782615052992        0.0000000000000000        0.0000000000000000        0.0000000000000000       0.24293782615052992     
 ZTHERM   2428.8624640347844        1.0000000000000000        0.0000000000000000        578.89044799200656        0.0000000000000000        0.0000000000000000        0.0000000000000000        0.0000000000000000        7.7665818661367863E-003   0.0000000000000000        0.0000000000000000        0.0000000000000000        7.7665818661367863E-003
 ZTHERM   300.00000000000000        1.0000000000000000        0.0000000000000000        578.89044799200656        0.0000000000000000        0.0000000000000000        0.0000000000000000        0.0000000000000000       0.39569176251369065        0.0000000000000000        0.0000000000000000        0.0000000000000000       0.39569176251369065     
 ZTHERM   2428.8624640347844        1.0000000000000000        0.0000000000000000        427.90180158650918        0.0000000000000000        0.0000000000000000        0.0000000000000000        0.0000000000000000        4.6030603459548073E-003   0.0000000000000000        0.0000000000000000        0.0000000000000000        4.6030603459548073E-003
 ZTHERM   300.00000000000000        1.0000000000000000        0.0000000000000000        427.90180158650918        0.0000000000000000        0.0000000000000000        0.0000000000000000        0.0000000000000000       0.26228892797471470        0.0000000000000000        0.0000000000000000        0.0000000000000000       0.26228892797471470     
 ZTHERM   2428.8624640347844        1.0000000000000000        0.0000000000000000        616.20133177069408        0.0000000000000000        0.0000000000000000        0.0000000000000000        0.0000000000000000        1.0614566211132192E-002   0.0000000000000000        0.0000000000000000        0.0000000000000000        1.0614566211132192E-002
 ZTHERM   300.00000000000000        1.0000000000000000        0.0000000000000000        616.20133177069408        0.0000000000000000        0.0000000000000000        0.0000000000000000        0.0000000000000000       0.52369568342960748        0.0000000000000000        0.0000000000000000        0.0000000000000000       0.52369568342960748     
 ZTHERM   2484.9133730635981        1.0000000000000000        0.0000000000000000        849.30323474082365        0.0000000000000000        0.0000000000000000        0.0000000000000000        0.0000000000000000        2.7848565808695856E-003   0.0000000000000000        0.0000000000000000        0.0000000000000000        2.7848565808695856E-003
 ZTHERM   300.00000000000000        1.0000000000000000        0.0000000000000000        849.30323474082365        0.0000000000000000        0.0000000000000000        0.0000000000000000        0.0000000000000000       0.11350556098423466        0.0000000000000000        0.0000000000000000        0.0000000000000000       0.11350556098423466     
 ZTHERM   2484.9133730635981        1.0000000000000000        0.0000000000000000        719.08309999999994        0.0000000000000000        0.0000000000000000        0.0000000000000000        0.0000000000000000        4.8177722296900774E-003   0.0000000000000000        0.0000000000000000        0.0000000000000000        4.8177722296900774E-003
 ZTHERM   300.00000000000000        1.0000000000000000        0.0000000000000000        719.08309999999994        0.0000000000000000        0.0000000000000000        0.0000000000000000        0.0000000000000000       0.22572083406714480        0.0000000000000000        0.0000000000000000        0.0000000000000000       0.22572083406714480     
 ZTHERM   2484.9133730635981        1.0000000000000000        0.0000000000000000        932.88428600744669        0.0000000000000000        0.0000000000000000        0.0000000000000000        0.0000000000000000        1.8799115572602472E-003   0.0000000000000000        0.0000000000000000        0.0000000000000000        1.8799115572602472E-003
 ZTHERM   300.00000000000000        1.0000000000000000        0.0000000000000000        932.88428600744669        0.0000000000000000        0.0000000000000000        0.0000000000000000        0.0000000000000000        6.9464566635233121E-002   0.0000000000000000        0.0000000000000000        0.0000000000000000        6.9464566635233121E-002
 ZTHERM   2484.9133730635981        1.0000000000000000        0.0000000000000000        905.31270179799060        0.0000000000000000        0.0000000000000000        0.0000000000000000        0.0000000000000000        4.1974997103979526E-003   0.0000000000000000        0.0000000000000000        0.0000000000000000        4.1974997103979526E-003
 ZTHERM   300.00000000000000        1.0000000000000000        0.0000000000000000        905.31270179799060        0.0000000000000000        0.0000000000000000        0.0000000000000000        0.0000000000000000       0.16031230749567754        0.0000000000000000        0.0000000000000000        0.0000000000000000       0.16031230749567754     
 ZTHERM   2484.9133730635981        1.0000000000000000        0.0000000000000000        742.81686063847053        0.0000000000000000        0.0000000000000000        0.0000000000000000        0.0000000000000000        1.0744075473528956E-002   0.0000000000000000        0.0000000000000000        0.0000000000000000        1.0744075473528956E-002
 ZTHERM   300.00000000000000        1.0000000000000000        0.0000000000000000        742.81686063847053        0.0000000000000000        0.0000000000000000        0.0000000000000000        0.0000000000000000       0.49139871225017484        0.0000000000000000        0.0000000000000000        0.0000000000000000       0.49139871225017484     
 ZTHERM   2484.9133730635981        1.0000000000000000        0.0000000000000000        874.53743149587910        0.0000000000000000        0.0000000000000000        0.0000000000000000        0.0000000000000000        2.2648512221558202E-003   0.0000000000000000        0.0000000000000000        0.0000000000000000        2.2648512221558202E-003
 ZTHERM   300.00000000000000        1.0000000000000000        0.0000000000000000        874.53743149587910        0.0000000000000000        0.0000000000000000        0.0000000000000000        0.0000000000000000        8.9678190249849438E-002   0.0000000000000000        0.0000000000000000        0.0000000000000000        8.9678190249849438E-002
 ZTHERM   2484.9133730635981        1.0000000000000000        0.0000000000000000        929.15628453826309        0.0000000000000000        0.0000000000000000        0.0000000000000000        0.0000000000000000        5.2933698420230065E-004   0.0000000000000000        0.0000000000000000        0.0000000000000000        5.2933698420230065E-004
 ZTHERM   300.00000000000000        1.0000000000000000        0.0000000000000000        929.15628453826309        0.0000000000000000        0.0000000000000000        0.0000000000000000        0.0000000000000000        1.9647860184057970E-002   0.0000000000000000        0.0000000000000000        0.0000000000000000        1.9647860184057970E-002
 ZTHERM   2484.9133730635981        1.0000000000000000        0.0000000000000000        763.03617026880931        0.0000000000000000        0.0000000000000000        0.0000000000000000        0.0000000000000000        9.3537782489371173E-005   0.0000000000000000        0.0000000000000000        0.0000000000000000        9.3537782489371173E-005
 ZTHERM   300.00000000000000        1.0000000000000000        0.0000000000000000        763.03617026880931        0.0000000000000000        0.0000000000000000        0.0000000000000000        0.0000000000000000        4.1892350604464416E-003   0.0000000000000000        0.0000000000000000        0.0000000000000000        4.1892350604464416E-003
 ZTHERM   2484.9133730635981        1.0000000000000000        0.0000000000000000        901.47206662318911        0.0000000000000000        0.0000000000000000        0.0000000000000000        0.0000000000000000        4.9985572983809621E-004   0.0000000000000000        0.0000000000000000        0.0000000000000000        4.9985572983809621E-004
 ZTHERM   300.00000000000000        1.0000000000000000        0.0000000000000000        901.47206662318911        0.0000000000000000        0.0000000000000000        0.0000000000000000        0.0000000000000000        1.9177711197708568E-002   0.0000000000000000        0.0000000000000000        0.0000000000000000        1.9177711197708568E-002
 ZTHERM   2484.9133730635981        1.0000000000000000        0.0000000000000000        851.68381557668295        0.0000000000000000        0.0000000000000000        0.0000000000000000        0.0000000000000000        4.4413398617996813E-004   0.0000000000000000        0.0000000000000000        0.0000000000000000        4.4413398617996813E-004
 ZTHERM   300.00000000000000        1.0000000000000000        0.0000000000000000        851.68381557668295        0.0000000000000000        0.0000000000000000        0.0000000000000000        0.0000000000000000        1.8053184938799701E-002   0.0000000000000000        0.0000000000000000        0.0000000000000000        1.8053184938799701E-002
 ZTHERM   2484.9133730635981        1.0000000000000000        0.0000000000000000        1164.7892555026681        0.0000000000000000        0.0000000000000000        0.0000000000000000        0.0000000000000000        2.2471651924117219E-002   0.0000000000000000        0.0000000000000000        0.0000000000000000        2.2471651924117219E-002
 ZTHERM   300.00000000000000        1.0000000000000000        0.0000000000000000        1164.7892555026681        0.0000000000000000        0.0000000000000000        0.0000000000000000        0.0000000000000000       0.61418835091124990        0.0000000000000000        0.0000000000000000        0.0000000000000000       0.61418835091124990     
 ZTHERM   2484.9133730635981        1.0000000000000000        0.0000000000000000        978.00479866928436        0.0000000000000000        0.0000000000000000        0.0000000000000000        0.0000000000000000        1.5913386471377175E-002   0.0000000000000000        0.0000000000000000        0.0000000000000000        1.5913386471377175E-002
 ZTHERM   300.00000000000000        1.0000000000000000        0.0000000000000000        978.00479866928436        0.0000000000000000        0.0000000000000000        0.0000000000000000        0.0000000000000000       0.55628566237923260        0.0000000000000000        0.0000000000000000        0.0000000000000000       0.55628566237923260     
 ZTHERM   2484.9133730635981        1.0000000000000000        0.0000000000000000        1096.0758317239470        0.0000000000000000        0.0000000000000000        0.0000000000000000        0.0000000000000000        1.6483519582081583E-002   0.0000000000000000        0.0000000000000000        0.0000000000000000        1.6483519582081583E-002
 ZTHERM   300.00000000000000        1.0000000000000000        0.0000000000000000        1096.0758317239470        0.0000000000000000        0.0000000000000000        0.0000000000000000        0.0000000000000000       0.49461513109047478        0.0000000000000000        0.0000000000000000        0.0000000000000000       0.49461513109047478     
 ZTHERM   2484.9133730635981        1.0000000000000000        0.0000000000000000        962.93527347807162        0.0000000000000000        0.0000000000000000        0.0000000000000000        0.0000000000000000        1.2269159907251607E-002   0.0000000000000000        0.0000000000000000        0.0000000000000000        1.2269159907251607E-002
 ZTHERM   300.00000000000000        1.0000000000000000        0.0000000000000000        962.93527347807162        0.0000000000000000        0.0000000000000000        0.0000000000000000        0.0000000000000000       0.43699622316016606        0.0000000000000000        0.0000000000000000        0.0000000000000000       0.43699622316016606     
 ZTHERM   2484.9133730635981        1.0000000000000000        0.0000000000000000        1127.3978213583889        0.0000000000000000        0.0000000000000000        0.0000000000000000        0.0000000000000000        1.7430388838023787E-002   0.0000000000000000        0.0000000000000000        0.0000000000000000        1.7430388838023787E-002
 ZTHERM   300.00000000000000        1.0000000000000000        0.0000000000000000        1127.3978213583889        0.0000000000000000        0.0000000000000000        0.0000000000000000        0.0000000000000000       0.50142433687317833        0.0000000000000000        0.0000000000000000        0.0000000000000000       0.50142433687317833     
 ZTHERM   2484.9133730635981        1.0000000000000000        0.0000000000000000        1060.5530206778499        0.0000000000000000        0.0000000000000000        0.0000000000000000        0.0000000000000000        1.2579470739503234E-002   0.0000000000000000        0.0000000000000000        0.0000000000000000        1.2579470739503234E-002
 ZTHERM   300.00000000000000        1.0000000000000000        0.0000000000000000        1060.5530206778499        0.0000000000000000        0.0000000000000000        0.0000000000000000        0.0000000000000000       0.39564177157431135        0.0000000000000000        0.0000000000000000        0.0000000000000000       0.39564177157431135     
 ZTHERM   2484.9133730635981        1.0000000000000000        0.0000000000000000        1033.1010666157486        0.0000000000000000        0.0000000000000000        0.0000000000000000        0.0000000000000000        6.6607966715519634E-003   0.0000000000000000        0.0000000000000000        0.0000000000000000        6.6607966715519634E-003
 ZTHERM   300.00000000000000        1.0000000000000000        0.0000000000000000        1033.1010666157486        0.0000000000000000        0.0000000000000000        0.0000000000000000        0.0000000000000000       0.21710932417854373        0.0000000000000000        0.0000000000000000        0.0000000000000000       0.21710932417854373     
 ZTHERM   2484.9133730635981        1.0000000000000000        0.0000000000000000        950.31664549011953        0.0000000000000000        0.0000000000000000        0.0000000000000000        0.0000000000000000        9.4730095018327395E-003   0.0000000000000000        0.0000000000000000        0.0000000000000000        9.4730095018327395E-003
 ZTHERM   300.00000000000000        1.0000000000000000        0.0000000000000000        950.31664549011953        0.0000000000000000        0.0000000000000000        0.0000000000000000        0.0000000000000000       0.34268413575822065        0.0000000000000000        0.0000000000000000        0.0000000000000000       0.34268413575822065     
 ZTHERM   2484.9133730635981        1.0000000000000000        0.0000000000000000        1063.8911235961300        0.0000000000000000        0.0000000000000000        0.0000000000000000        0.0000000000000000        1.4266527078064816E-002   0.0000000000000000        0.0000000000000000        0.0000000000000000        1.4266527078064816E-002
 ZTHERM   300.00000000000000        1.0000000000000000        0.0000000000000000        1063.8911235961300        0.0000000000000000        0.0000000000000000        0.0000000000000000        0.0000000000000000       0.44674062793133357        0.0000000000000000        0.0000000000000000        0.0000000000000000       0.44674062793133357     
 ZTHERM   2484.9133730635981        1.0000000000000000        0.0000000000000000        1032.1143904409314        0.0000000000000000        0.0000000000000000        0.0000000000000000        0.0000000000000000        1.1784877764003020E-002   0.0000000000000000        0.0000000000000000        0.0000000000000000        1.1784877764003020E-002
 ZTHERM   300.00000000000000        1.0000000000000000        0.0000000000000000        1032.1143904409314        0.0000000000000000        0.0000000000000000        0.0000000000000000        0.0000000000000000       0.38461871803306297        0.0000000000000000        0.0000000000000000        0.0000000000000000       0.38461871803306297     
 ZTHERM   2484.9133730635981        1.0000000000000000        0.0000000000000000        1072.0520016121254        0.0000000000000000        0.0000000000000000        0.0000000000000000        0.0000000000000000        1.3242577238792640E-002   0.0000000000000000        0.0000000000000000        0.0000000000000000        1.3242577238792640E-002
 ZTHERM   300.00000000000000        1.0000000000000000        0.0000000000000000        1072.0520016121254        0.0000000000000000        0.0000000000000000        0.0000000000000000        0.0000000000000000       0.41024541284670818        0.0000000000000000        0.0000000000000000        0.0000000000000000       0.41024541284670818     
 ZTHERM   2484.9133730635981        1.0000000000000000        0.0000000000000000        959.38352523896515        0.0000000000000000        0.0000000000000000        0.0000000000000000        0.0000000000000000        1.1494898797932434E-002   0.0000000000000000        0.0000000000000000        0.0000000000000000        1.1494898797932434E-002
 ZTHERM   300.00000000000000        1.0000000000000000        0.0000000000000000        959.38352523896515        0.0000000000000000        0.0000000000000000        0.0000000000000000        0.0000000000000000       0.41121771250129030        0.0000000000000000        0.0000000000000000        0.0000000000000000       0.41121771250129030     
 ZTHERM   2484.9133730635981        1.0000000000000000        0.0000000000000000        1073.8635507127929        0.0000000000000000        0.0000000000000000        0.0000000000000000        0.0000000000000000        1.1861536180288700E-002   0.0000000000000000        0.0000000000000000        0.0000000000000000        1.1861536180288700E-002
 ZTHERM   300.00000000000000        1.0000000000000000        0.0000000000000000        1073.8635507127929        0.0000000000000000        0.0000000000000000        0.0000000000000000        0.0000000000000000       0.36658409246249229        0.0000000000000000        0.0000000000000000        0.0000000000000000       0.36658409246249229     
 ZTHERM   2484.9133730635981        1.0000000000000000        0.0000000000000000        1058.6061085364374        0.0000000000000000        0.0000000000000000        0.0000000000000000        0.0000000000000000        1.1898650355398412E-002   0.0000000000000000        0.0000000000000000        0.0000000000000000        1.1898650355398412E-002
 ZTHERM   300.00000000000000        1.0000000000000000        0.0000000000000000        1058.6061085364374        0.0000000000000000        0.0000000000000000        0.0000000000000000        0.0000000000000000       0.37518504726758140        0.0000000000000000        0.0000000000000000        0.0000000000000000       0.37518504726758140     
 ZTHERM   2484.9133730635981        1.0000000000000000        0.0000000000000000        1178.6650035497930        0.0000000000000000        0.0000000000000000        0.0000000000000000        0.0000000000000000        2.5937493308873814E-002   0.0000000000000000        0.0000000000000000        0.0000000000000000        2.5937493308873814E-002
 ZTHERM   300.00000000000000        1.0000000000000000        0.0000000000000000        1178.6650035497930        0.0000000000000000        0.0000000000000000        0.0000000000000000        0.0000000000000000       0.69542186071294965        0.0000000000000000        0.0000000000000000        0.0000000000000000       0.69542186071294965     
 ZTHERM   2484.9133730635981        1.0000000000000000        0.0000000000000000        986.29053496402344        0.0000000000000000        0.0000000000000000        0.0000000000000000        0.0000000000000000        1.1599267060503061E-002   0.0000000000000000        0.0000000000000000        0.0000000000000000        1.1599267060503061E-002
 ZTHERM   300.00000000000000        1.0000000000000000        0.0000000000000000        986.29053496402344        0.0000000000000000        0.0000000000000000        0.0000000000000000        0.0000000000000000       0.40129418423164853        0.0000000000000000        0.0000000000000000        0.0000000000000000       0.40129418423164853     
 ZTHERM   2484.9133730635981        1.0000000000000000        0.0000000000000000        1077.0481121894654        0.0000000000000000        0.0000000000000000        0.0000000000000000        0.0000000000000000        1.6856738504525695E-002   0.0000000000000000        0.0000000000000000        0.0000000000000000        1.6856738504525695E-002
 ZTHERM   300.00000000000000        1.0000000000000000        0.0000000000000000        1077.0481121894654        0.0000000000000000        0.0000000000000000        0.0000000000000000        0.0000000000000000       0.51877388956504589        0.0000000000000000        0.0000000000000000        0.0000000000000000       0.51877388956504589     
 ZTHERM   2484.9133730635981        1.0000000000000000        0.0000000000000000        1210.7266922375552        0.0000000000000000        0.0000000000000000        0.0000000000000000        0.0000000000000000        3.5920129659141979E-002   0.0000000000000000        0.0000000000000000        0.0000000000000000        3.5920129659141979E-002
 ZTHERM   300.00000000000000        1.0000000000000000        0.0000000000000000        1210.7266922375552        0.0000000000000000        0.0000000000000000        0.0000000000000000        0.0000000000000000       0.92083738535619963        0.0000000000000000        0.0000000000000000        0.0000000000000000       0.92083738535619963     
 ZTHERM   2484.9133730635981        1.0000000000000000        0.0000000000000000        1053.6918360821519        0.0000000000000000        0.0000000000000000        0.0000000000000000        0.0000000000000000        8.9041453213577794E-003   0.0000000000000000        0.0000000000000000        0.0000000000000000        8.9041453213577794E-003
 ZTHERM   300.00000000000000        1.0000000000000000        0.0000000000000000        1053.6918360821519        0.0000000000000000        0.0000000000000000        0.0000000000000000        0.0000000000000000       0.28257362515305001        0.0000000000000000        0.0000000000000000        0.0000000000000000       0.28257362515305001     
 ZTHERM   2484.9133730635981        1.0000000000000000        0.0000000000000000        784.31119784047848        0.0000000000000000        0.0000000000000000        0.0000000000000000        0.0000000000000000        4.0019623942463322E-003   0.0000000000000000        0.0000000000000000        0.0000000000000000        4.0019623942463322E-003
 ZTHERM   300.00000000000000        1.0000000000000000        0.0000000000000000        784.31119784047848        0.0000000000000000        0.0000000000000000        0.0000000000000000        0.0000000000000000       0.17523762146345145        0.0000000000000000        0.0000000000000000        0.0000000000000000       0.17523762146345145     
 ZTHERM   2484.9133730635981        1.0000000000000000        0.0000000000000000        1130.8202225557250        0.0000000000000000        0.0000000000000000        0.0000000000000000        0.0000000000000000        1.4316190047801009E-002   0.0000000000000000        0.0000000000000000        0.0000000000000000        1.4316190047801009E-002
 ZTHERM   300.00000000000000        1.0000000000000000        0.0000000000000000        1130.8202225557250        0.0000000000000000        0.0000000000000000        0.0000000000000000        0.0000000000000000       0.40992750362013591        0.0000000000000000        0.0000000000000000        0.0000000000000000       0.40992750362013591     
 ZTHERM   2484.9133730635981        1.0000000000000000        0.0000000000000000        848.41237110865040        0.0000000000000000        0.0000000000000000        0.0000000000000000        0.0000000000000000        8.1044959316854629E-003   0.0000000000000000        0.0000000000000000        0.0000000000000000        8.1044959316854629E-003
 ZTHERM   300.00000000000000        1.0000000000000000        0.0000000000000000        848.41237110865040        0.0000000000000000        0.0000000000000000        0.0000000000000000        0.0000000000000000       0.33065814840198215        0.0000000000000000        0.0000000000000000        0.0000000000000000       0.33065814840198215     
 ZTHERM   2484.9133730635981        1.0000000000000000        0.0000000000000000        1121.8519235011322        0.0000000000000000        0.0000000000000000        0.0000000000000000        0.0000000000000000        1.2085921416349010E-002   0.0000000000000000        0.0000000000000000        0.0000000000000000        1.2085921416349010E-002
 ZTHERM   300.00000000000000        1.0000000000000000        0.0000000000000000        1121.8519235011322        0.0000000000000000        0.0000000000000000        0.0000000000000000        0.0000000000000000       0.35030177521847189        0.0000000000000000        0.0000000000000000        0.0000000000000000       0.35030177521847189     
 ZTHERM   2484.9133730635981        1.0000000000000000        0.0000000000000000        845.34870977386925        0.0000000000000000        0.0000000000000000        0.0000000000000000        0.0000000000000000        8.6660615975490962E-003   0.0000000000000000        0.0000000000000000        0.0000000000000000        8.6660615975490962E-003
 ZTHERM   300.00000000000000        1.0000000000000000        0.0000000000000000        845.34870977386925        0.0000000000000000        0.0000000000000000        0.0000000000000000        0.0000000000000000       0.35479861154065062        0.0000000000000000        0.0000000000000000        0.0000000000000000       0.35479861154065062     
 ZTHERM   2484.9133730635981        1.0000000000000000        0.0000000000000000        1175.9526889053370        0.0000000000000000        0.0000000000000000        0.0000000000000000        0.0000000000000000        1.6726386335290541E-002   0.0000000000000000        0.0000000000000000        0.0000000000000000        1.6726386335290541E-002
 ZTHERM   300.00000000000000        1.0000000000000000        0.0000000000000000        1175.9526889053370        0.0000000000000000        0.0000000000000000        0.0000000000000000        0.0000000000000000       0.45015066848647750        0.0000000000000000        0.0000000000000000        0.0000000000000000       0.45015066848647750     
 ZTHERM   2484.9133730635981        1.0000000000000000        0.0000000000000000        963.17519553471857        0.0000000000000000        0.0000000000000000        0.0000000000000000        0.0000000000000000        1.1281400114622772E-002   0.0000000000000000        0.0000000000000000        0.0000000000000000        1.1281400114622772E-002
 ZTHERM   300.00000000000000        1.0000000000000000        0.0000000000000000        963.17519553471857        0.0000000000000000        0.0000000000000000        0.0000000000000000        0.0000000000000000       0.40169561710966939        0.0000000000000000        0.0000000000000000        0.0000000000000000       0.40169561710966939     
 ZTHERM   2484.9133730635981        1.0000000000000000        0.0000000000000000        1219.0426290847472        0.0000000000000000        0.0000000000000000        0.0000000000000000        0.0000000000000000        2.2599510421576267E-002   0.0000000000000000        0.0000000000000000        0.0000000000000000        2.2599510421576267E-002
 ZTHERM   300.00000000000000        1.0000000000000000        0.0000000000000000        1219.0426290847472        0.0000000000000000        0.0000000000000000        0.0000000000000000        0.0000000000000000       0.57259907408028732        0.0000000000000000        0.0000000000000000        0.0000000000000000       0.57259907408028732     
 ZTHERM   2484.9133730635981        1.0000000000000000        0.0000000000000000        923.82852531489357        0.0000000000000000        0.0000000000000000        0.0000000000000000        0.0000000000000000        1.4207696260426816E-002   0.0000000000000000        0.0000000000000000        0.0000000000000000        1.4207696260426816E-002
 ZTHERM   300.00000000000000        1.0000000000000000        0.0000000000000000        923.82852531489357        0.0000000000000000        0.0000000000000000        0.0000000000000000        0.0000000000000000       0.53075560176276304        0.0000000000000000        0.0000000000000000        0.0000000000000000       0.53075560176276304     
 ZTHERM   2484.9133730635981        1.0000000000000000        0.0000000000000000        968.92584838619712        0.0000000000000000        0.0000000000000000        0.0000000000000000        0.0000000000000000        1.0751581400319019E-002   0.0000000000000000        0.0000000000000000        0.0000000000000000        1.0751581400319019E-002
 ZTHERM   300.00000000000000        1.0000000000000000        0.0000000000000000        968.92584838619712        0.0000000000000000        0.0000000000000000        0.0000000000000000        0.0000000000000000       0.38011403643563629        0.0000000000000000        0.0000000000000000        0.0000000000000000       0.38011403643563629     
 ZTHERM   2484.9133730635981        1.0000000000000000        0.0000000000000000        1237.9510142550259        0.0000000000000000        0.0000000000000000        0.0000000000000000        0.0000000000000000        3.1898632852158833E-002   0.0000000000000000        0.0000000000000000        0.0000000000000000        3.1898632852158833E-002
 ZTHERM   300.00000000000000        1.0000000000000000        0.0000000000000000        1237.9510142550259        0.0000000000000000        0.0000000000000000        0.0000000000000000        0.0000000000000000       0.78682855751044256        0.0000000000000000        0.0000000000000000        0.0000000000000000       0.78682855751044256     
 ZTHERM   2484.9133730635981        1.0000000000000000        0.0000000000000000        1014.1240894329117        0.0000000000000000        0.0000000000000000        0.0000000000000000        0.0000000000000000        2.1655618237402349E-002   0.0000000000000000        0.0000000000000000        0.0000000000000000        2.1655618237402349E-002
 ZTHERM   300.00000000000000        1.0000000000000000        0.0000000000000000        1014.1240894329117        0.0000000000000000        0.0000000000000000        0.0000000000000000        0.0000000000000000       0.72327488000380469        0.0000000000000000        0.0000000000000000        0.0000000000000000       0.72327488000380469     
 ZTHERM   2484.9133730635981        1.0000000000000000        0.0000000000000000        1196.6908084715687        0.0000000000000000        0.0000000000000000        0.0000000000000000        0.0000000000000000        2.9726956681398971E-002   0.0000000000000000        0.0000000000000000        0.0000000000000000        2.9726956681398971E-002
 ZTHERM   300.00000000000000        1.0000000000000000        0.0000000000000000        1196.6908084715687        0.0000000000000000        0.0000000000000000        0.0000000000000000        0.0000000000000000       0.77723695737457954        0.0000000000000000        0.0000000000000000        0.0000000000000000       0.77723695737457954     
 ZTHERM   2484.9133730635981        1.0000000000000000        0.0000000000000000        942.04462776066248        0.0000000000000000        0.0000000000000000        0.0000000000000000        0.0000000000000000        1.8182662774503283E-002   0.0000000000000000        0.0000000000000000        0.0000000000000000        1.8182662774503283E-002
 ZTHERM   300.00000000000000        1.0000000000000000        0.0000000000000000        942.04462776066248        0.0000000000000000        0.0000000000000000        0.0000000000000000        0.0000000000000000       0.66443499784367799        0.0000000000000000        0.0000000000000000        0.0000000000000000       0.66443499784367799     
 ZTHERM   2484.9133730635981        1.0000000000000000        0.0000000000000000        1104.3415387230511        0.0000000000000000        0.0000000000000000        0.0000000000000000        0.0000000000000000        2.4913447487272592E-002   0.0000000000000000        0.0000000000000000        0.0000000000000000        2.4913447487272592E-002
 ZTHERM   300.00000000000000        1.0000000000000000        0.0000000000000000        1104.3415387230511        0.0000000000000000        0.0000000000000000        0.0000000000000000        0.0000000000000000       0.73934088805999221        0.0000000000000000        0.0000000000000000        0.0000000000000000       0.73934088805999221     
 ZTHERM   2484.9133730635981        1.0000000000000000        0.0000000000000000        1076.9351412223659        0.0000000000000000        0.0000000000000000        0.0000000000000000        0.0000000000000000        2.3929379774209527E-002   0.0000000000000000        0.0000000000000000        0.0000000000000000        2.3929379774209527E-002
 ZTHERM   300.00000000000000        1.0000000000000000        0.0000000000000000        1076.9351412223659        0.0000000000000000        0.0000000000000000        0.0000000000000000        0.0000000000000000       0.73654774945663404        0.0000000000000000        0.0000000000000000        0.0000000000000000       0.73654774945663404     
 ZTHERM   2484.9133730635981        1.0000000000000000        0.0000000000000000        1055.3523273629921        0.0000000000000000        0.0000000000000000        0.0000000000000000        0.0000000000000000        2.3249107475070554E-002   0.0000000000000000        0.0000000000000000        0.0000000000000000        2.3249107475070554E-002
 ZTHERM   300.00000000000000        1.0000000000000000        0.0000000000000000        1055.3523273629921        0.0000000000000000        0.0000000000000000        0.0000000000000000        0.0000000000000000       0.73621264891142990        0.0000000000000000        0.0000000000000000        0.0000000000000000       0.73621264891142990     
 ZTHERM   2484.9133730635981        1.0000000000000000        0.0000000000000000        1294.3263959525314        0.0000000000000000        0.0000000000000000        0.0000000000000000        0.0000000000000000        3.2201628585853848E-002   0.0000000000000000        0.0000000000000000        0.0000000000000000        3.2201628585853848E-002
 ZTHERM   300.00000000000000        1.0000000000000000        0.0000000000000000        1294.3263959525314        0.0000000000000000        0.0000000000000000        0.0000000000000000        0.0000000000000000       0.73245527741395533        0.0000000000000000        0.0000000000000000        0.0000000000000000       0.73245527741395533     
 ZTHERM   2484.9133730635981        1.0000000000000000        0.0000000000000000        1070.2192596298160        0.0000000000000000        0.0000000000000000        0.0000000000000000        0.0000000000000000        2.2139194058895795E-002   0.0000000000000000        0.0000000000000000        0.0000000000000000        2.2139194058895795E-002
 ZTHERM   300.00000000000000        1.0000000000000000        0.0000000000000000        1070.2192596298160        0.0000000000000000        0.0000000000000000        0.0000000000000000        0.0000000000000000       0.68751580816731861        0.0000000000000000        0.0000000000000000        0.0000000000000000       0.68751580816731861     
 ZTHERM   2484.9133730635981        1.0000000000000000        0.0000000000000000        1087.9278671029367        0.0000000000000000        0.0000000000000000        0.0000000000000000        0.0000000000000000        2.6117965432496715E-002   0.0000000000000000        0.0000000000000000        0.0000000000000000        2.6117965432496715E-002
 ZTHERM   300.00000000000000        1.0000000000000000        0.0000000000000000        1087.9278671029367        0.0000000000000000        0.0000000000000000        0.0000000000000000        0.0000000000000000       0.79227326337411796        0.0000000000000000        0.0000000000000000        0.0000000000000000       0.79227326337411796     
 ZTHERM   2484.9133730635981        1.0000000000000000        0.0000000000000000        1017.6936153765762        0.0000000000000000        0.0000000000000000        0.0000000000000000        0.0000000000000000        1.9004332426889793E-002   0.0000000000000000        0.0000000000000000        0.0000000000000000        1.9004332426889793E-002
 ZTHERM   300.00000000000000        1.0000000000000000        0.0000000000000000        1017.6936153765762        0.0000000000000000        0.0000000000000000        0.0000000000000000        0.0000000000000000       0.63183598111437989        0.0000000000000000        0.0000000000000000        0.0000000000000000       0.63183598111437989     
 ZTHERM   2484.9133730635981        1.0000000000000000        0.0000000000000000        1052.3061504913096        0.0000000000000000        0.0000000000000000        0.0000000000000000        0.0000000000000000        2.1382665716563012E-002   0.0000000000000000        0.0000000000000000        0.0000000000000000        2.1382665716563012E-002
 ZTHERM   300.00000000000000        1.0000000000000000        0.0000000000000000        1052.3061504913096        0.0000000000000000        0.0000000000000000        0.0000000000000000        0.0000000000000000       0.67980913128718434        0.0000000000000000        0.0000000000000000        0.0000000000000000       0.67980913128718434     
 ZTHERM   2484.9133730635981        1.0000000000000000        0.0000000000000000        1194.8609712303212        0.0000000000000000        0.0000000000000000        0.0000000000000000        0.0000000000000000        2.8947409961205865E-002   0.0000000000000000        0.0000000000000000        0.0000000000000000        2.8947409961205865E-002
 ZTHERM   300.00000000000000        1.0000000000000000        0.0000000000000000        1194.8609712303212        0.0000000000000000        0.0000000000000000        0.0000000000000000        0.0000000000000000       0.75879549001417912        0.0000000000000000        0.0000000000000000        0.0000000000000000       0.75879549001417912     
 ZTHERM   2484.9133730635981        1.0000000000000000        0.0000000000000000        1030.0760451112681        0.0000000000000000        0.0000000000000000        0.0000000000000000        0.0000000000000000        2.1600664091326102E-002   0.0000000000000000        0.0000000000000000        0.0000000000000000        2.1600664091326102E-002
 ZTHERM   300.00000000000000        1.0000000000000000        0.0000000000000000        1030.0760451112681        0.0000000000000000        0.0000000000000000        0.0000000000000000        0.0000000000000000       0.70682829881394105        0.0000000000000000        0.0000000000000000        0.0000000000000000       0.70682829881394105     
 ZTHERM   2484.9133730635981        1.0000000000000000        0.0000000000000000        1012.6765178685182        0.0000000000000000        0.0000000000000000        0.0000000000000000        0.0000000000000000        2.0969161873346021E-002   0.0000000000000000        0.0000000000000000        0.0000000000000000        2.0969161873346021E-002
 ZTHERM   300.00000000000000        1.0000000000000000        0.0000000000000000        1012.6765178685182        0.0000000000000000        0.0000000000000000        0.0000000000000000        0.0000000000000000       0.70164275421197420        0.0000000000000000        0.0000000000000000        0.0000000000000000       0.70164275421197420     
 ZTHERM   2484.9133730635981        1.0000000000000000        0.0000000000000000        840.01101642324727        0.0000000000000000        0.0000000000000000        0.0000000000000000        0.0000000000000000        1.5218576195069358E-002   0.0000000000000000        0.0000000000000000        0.0000000000000000        1.5218576195069358E-002
 ZTHERM   300.00000000000000        1.0000000000000000        0.0000000000000000        840.01101642324727        0.0000000000000000        0.0000000000000000        0.0000000000000000        0.0000000000000000       0.62683077526578579        0.0000000000000000        0.0000000000000000        0.0000000000000000       0.62683077526578579     
 ZTHERM   2484.9133730635981        1.0000000000000000        0.0000000000000000        1021.3514608289070        0.0000000000000000        0.0000000000000000        0.0000000000000000        0.0000000000000000        2.0863615012507618E-002   0.0000000000000000        0.0000000000000000        0.0000000000000000        2.0863615012507618E-002
 ZTHERM   300.00000000000000        1.0000000000000000        0.0000000000000000        1021.3514608289070        0.0000000000000000        0.0000000000000000        0.0000000000000000        0.0000000000000000       0.69040959321207485        0.0000000000000000        0.0000000000000000        0.0000000000000000       0.69040959321207485     
 ZTHERM   2484.9133730635981        1.0000000000000000        0.0000000000000000        1218.4927701424667        0.0000000000000000        0.0000000000000000        0.0000000000000000        0.0000000000000000        2.7569167918455935E-002   0.0000000000000000        0.0000000000000000        0.0000000000000000        2.7569167918455935E-002
 ZTHERM   300.00000000000000        1.0000000000000000        0.0000000000000000        1218.4927701424667        0.0000000000000000        0.0000000000000000        0.0000000000000000        0.0000000000000000       0.69905697892705476        0.0000000000000000        0.0000000000000000        0.0000000000000000       0.69905697892705476     
 ZTHERM   2484.9133730635981        1.0000000000000000        0.0000000000000000        1105.6773497466186        0.0000000000000000        0.0000000000000000        0.0000000000000000        0.0000000000000000        2.2767057567273010E-002   0.0000000000000000        0.0000000000000000        0.0000000000000000        2.2767057567273010E-002
 ZTHERM   300.00000000000000        1.0000000000000000        0.0000000000000000        1105.6773497466186        0.0000000000000000        0.0000000000000000        0.0000000000000000        0.0000000000000000       0.67443349539704456        0.0000000000000000        0.0000000000000000        0.0000000000000000       0.67443349539704456     
 ZTHERM   2484.9133730635981        1.0000000000000000        0.0000000000000000        1186.6289300199494        0.0000000000000000        0.0000000000000000        0.0000000000000000        0.0000000000000000        2.6172545217034448E-002   0.0000000000000000        0.0000000000000000        0.0000000000000000        2.6172545217034448E-002
 ZTHERM   300.00000000000000        1.0000000000000000        0.0000000000000000        1186.6289300199494        0.0000000000000000        0.0000000000000000        0.0000000000000000        0.0000000000000000       0.69399004679858367        0.0000000000000000        0.0000000000000000        0.0000000000000000       0.69399004679858367     
 ZTHERM   2484.9133730635981        1.0000000000000000        0.0000000000000000        1135.2489235495841        0.0000000000000000        0.0000000000000000        0.0000000000000000        0.0000000000000000        2.1231929001856293E-002   0.0000000000000000        0.0000000000000000        0.0000000000000000        2.1231929001856293E-002
 ZTHERM   300.00000000000000        1.0000000000000000        0.0000000000000000        1135.2489235495841        0.0000000000000000        0.0000000000000000        0.0000000000000000        0.0000000000000000       0.60429897144301847        0.0000000000000000        0.0000000000000000        0.0000000000000000       0.60429897144301847     
 ZTHERM   2484.9133730635981        1.0000000000000000        0.0000000000000000        627.65224543675492        0.0000000000000000        0.0000000000000000        0.0000000000000000        0.0000000000000000        6.5657665002335714E-003   0.0000000000000000        0.0000000000000000        0.0000000000000000        6.5657665002335714E-003
 ZTHERM   300.00000000000000        1.0000000000000000        0.0000000000000000        627.65224543675492        0.0000000000000000        0.0000000000000000        0.0000000000000000        0.0000000000000000       0.33555125186182627        0.0000000000000000        0.0000000000000000        0.0000000000000000       0.33555125186182627     
 ZTHERM   2484.9133730635981        1.0000000000000000        0.0000000000000000        692.56194403450309        0.0000000000000000        0.0000000000000000        0.0000000000000000        0.0000000000000000        8.2494914433617929E-003   0.0000000000000000        0.0000000000000000        0.0000000000000000        8.2494914433617929E-003
 ZTHERM   300.00000000000000        1.0000000000000000        0.0000000000000000        692.56194403450309        0.0000000000000000        0.0000000000000000        0.0000000000000000        0.0000000000000000       0.39675779790112958        0.0000000000000000        0.0000000000000000        0.0000000000000000       0.39675779790112958     
 ZTHERM   2484.9133730635981        1.0000000000000000        0.0000000000000000        1096.5442895497767        0.0000000000000000        0.0000000000000000        0.0000000000000000        0.0000000000000000        1.9826658229661256E-002   0.0000000000000000        0.0000000000000000        0.0000000000000000        1.9826658229661256E-002
 ZTHERM   300.00000000000000        1.0000000000000000        0.0000000000000000        1096.5442895497767        0.0000000000000000        0.0000000000000000        0.0000000000000000        0.0000000000000000       0.59455919464251505        0.0000000000000000        0.0000000000000000        0.0000000000000000       0.59455919464251505     
 ZTHERM   2484.9133730635981        1.0000000000000000        0.0000000000000000        742.81686063847053        0.0000000000000000        0.0000000000000000        0.0000000000000000        0.0000000000000000        1.0744075473528956E-002   0.0000000000000000        0.0000000000000000        0.0000000000000000        1.0744075473528956E-002
 ZTHERM   300.00000000000000        1.0000000000000000        0.0000000000000000        742.81686063847053        0.0000000000000000        0.0000000000000000        0.0000000000000000        0.0000000000000000       0.49139871225017484        0.0000000000000000        0.0000000000000000        0.0000000000000000       0.49139871225017484     
 ZTHERM   2484.9133730635981        1.0000000000000000        0.0000000000000000        875.41379177911210        0.0000000000000000        0.0000000000000000        0.0000000000000000        0.0000000000000000       -2.6806513339787153E-004  -0.0000000000000000       -0.0000000000000000        0.0000000000000000       -2.6806513339787153E-004
 ZTHERM   300.00000000000000        1.0000000000000000        0.0000000000000000        875.41379177911210        0.0000000000000000        0.0000000000000000        0.0000000000000000        0.0000000000000000       -1.0603431063916759E-002  -0.0000000000000000       -0.0000000000000000        0.0000000000000000       -1.0603431063916759E-002
 ZTHERM   2484.9133730635981        1.0000000000000000        0.0000000000000000        977.10215090747067        0.0000000000000000        0.0000000000000000        0.0000000000000000        0.0000000000000000        1.4434135062189185E-003   0.0000000000000000        0.0000000000000000        0.0000000000000000        1.4434135062189185E-003
 ZTHERM   300.00000000000000        1.0000000000000000        0.0000000000000000        977.10215090747067        0.0000000000000000        0.0000000000000000        0.0000000000000000        0.0000000000000000        5.0514390651124709E-002   0.0000000000000000        0.0000000000000000        0.0000000000000000        5.0514390651124709E-002
 ZTHERM   2484.9133730635981        1.0000000000000000        0.0000000000000000        1432.4284881365309        0.0000000000000000        0.0000000000000000        0.0000000000000000        0.0000000000000000        3.5736454408843689E-002   0.0000000000000000        0.0000000000000000        0.0000000000000000        3.5736454408843689E-002
 ZTHERM   300.00000000000000        1.0000000000000000        0.0000000000000000        1432.4284881365309        0.0000000000000000        0.0000000000000000        0.0000000000000000        0.0000000000000000       0.66230807528366942        0.0000000000000000        0.0000000000000000        0.0000000000000000       0.66230807528366942     
 ZTHERM   2484.9133730635981        1.0000000000000000        0.0000000000000000        1464.4057105987356        0.0000000000000000        0.0000000000000000        0.0000000000000000        0.0000000000000000        3.7793790038956256E-002   0.0000000000000000        0.0000000000000000        0.0000000000000000        3.7793790038956256E-002
 ZTHERM   300.00000000000000        1.0000000000000000        0.0000000000000000        1464.4057105987356        0.0000000000000000        0.0000000000000000        0.0000000000000000        0.0000000000000000       0.66726935586000391        0.0000000000000000        0.0000000000000000        0.0000000000000000       0.66726935586000391     
 ZTHERM   2484.9133730635981        1.0000000000000000        0.0000000000000000        1229.6554044760001        0.0000000000000000        0.0000000000000000        0.0000000000000000        0.0000000000000000        1.7395918764129562E-002   0.0000000000000000        0.0000000000000000        0.0000000000000000        1.7395918764129562E-002
 ZTHERM   300.00000000000000        1.0000000000000000        0.0000000000000000        1229.6554044760001        0.0000000000000000        0.0000000000000000        0.0000000000000000        0.0000000000000000       0.43418448696920142        0.0000000000000000        0.0000000000000000        0.0000000000000000       0.43418448696920142     
 ZTHERM   2484.9133730635981        1.0000000000000000        0.0000000000000000        1029.7701162097608        0.0000000000000000        0.0000000000000000        0.0000000000000000        0.0000000000000000        7.3400785030856980E-003   0.0000000000000000        0.0000000000000000        0.0000000000000000        7.3400785030856980E-003
 ZTHERM   300.00000000000000        1.0000000000000000        0.0000000000000000        1029.7701162097608        0.0000000000000000        0.0000000000000000        0.0000000000000000        0.0000000000000000       0.24028061556452737        0.0000000000000000        0.0000000000000000        0.0000000000000000       0.24028061556452737     
 ZTHERM   2484.9133730635981        1.0000000000000000        0.0000000000000000        591.26802210100936        0.0000000000000000        0.0000000000000000        0.0000000000000000        0.0000000000000000        7.6616965995473310E-003   0.0000000000000000        0.0000000000000000        0.0000000000000000        7.6616965995473310E-003
 ZTHERM   300.00000000000000        1.0000000000000000        0.0000000000000000        591.26802210100936        0.0000000000000000        0.0000000000000000        0.0000000000000000        0.0000000000000000       0.40424118002372750        0.0000000000000000        0.0000000000000000        0.0000000000000000       0.40424118002372750     
 ZTHERM   2484.9133730635981        1.0000000000000000        0.0000000000000000        437.89738441279940        0.0000000000000000        0.0000000000000000        0.0000000000000000        0.0000000000000000        4.5513807683395377E-003   0.0000000000000000        0.0000000000000000        0.0000000000000000        4.5513807683395377E-003
 ZTHERM   300.00000000000000        1.0000000000000000        0.0000000000000000        437.89738441279940        0.0000000000000000        0.0000000000000000        0.0000000000000000        0.0000000000000000       0.26967224900445103        0.0000000000000000        0.0000000000000000        0.0000000000000000       0.26967224900445103     
 ZTHERM   2484.9133730635981        1.0000000000000000        0.0000000000000000        634.28696378322331        0.0000000000000000        0.0000000000000000        0.0000000000000000        0.0000000000000000        1.0582009034116322E-002   0.0000000000000000        0.0000000000000000        0.0000000000000000        1.0582009034116322E-002
 ZTHERM   300.00000000000000        1.0000000000000000        0.0000000000000000        634.28696378322331        0.0000000000000000        0.0000000000000000        0.0000000000000000        0.0000000000000000       0.53758014491271167        0.0000000000000000        0.0000000000000000        0.0000000000000000       0.53758014491271167     
 ZTHERM   2539.1958122084366        1.0000000000000000        0.0000000000000000        852.43236040234626        0.0000000000000000        0.0000000000000000        0.0000000000000000        0.0000000000000000        2.6167812067220807E-003   0.0000000000000000        0.0000000000000000        0.0000000000000000        2.6167812067220807E-003
 ZTHERM   300.00000000000000        1.0000000000000000        0.0000000000000000        852.43236040234626        0.0000000000000000        0.0000000000000000        0.0000000000000000        0.0000000000000000       0.11093109384650297        0.0000000000000000        0.0000000000000000        0.0000000000000000       0.11093109384650297     
 ZTHERM   2539.1958122084366        1.0000000000000000        0.0000000000000000        719.08309999999994        0.0000000000000000        0.0000000000000000        0.0000000000000000        0.0000000000000000        4.6151527030278217E-003   0.0000000000000000        0.0000000000000000        0.0000000000000000        4.6151527030278217E-003
 ZTHERM   300.00000000000000        1.0000000000000000        0.0000000000000000        719.08309999999994        0.0000000000000000        0.0000000000000000        0.0000000000000000        0.0000000000000000       0.22572083406714480        0.0000000000000000        0.0000000000000000        0.0000000000000000       0.22572083406714480     
 ZTHERM   2539.1958122084366        1.0000000000000000        0.0000000000000000        934.56574395963321        0.0000000000000000        0.0000000000000000        0.0000000000000000        0.0000000000000000        1.2037174052632622E-003   0.0000000000000000        0.0000000000000000        0.0000000000000000        1.2037174052632622E-003
 ZTHERM   300.00000000000000        1.0000000000000000        0.0000000000000000        934.56574395963321        0.0000000000000000        0.0000000000000000        0.0000000000000000        0.0000000000000000        4.6328779062133431E-002   0.0000000000000000        0.0000000000000000        0.0000000000000000        4.6328779062133431E-002
 ZTHERM   2539.1958122084366        1.0000000000000000        0.0000000000000000        909.54528282227523        0.0000000000000000        0.0000000000000000        0.0000000000000000        0.0000000000000000        3.5390935957410677E-003   0.0000000000000000        0.0000000000000000        0.0000000000000000        3.5390935957410677E-003
 ZTHERM   300.00000000000000        1.0000000000000000        0.0000000000000000        909.54528282227523        0.0000000000000000        0.0000000000000000        0.0000000000000000        0.0000000000000000       0.14037141115978835        0.0000000000000000        0.0000000000000000        0.0000000000000000       0.14037141115978835     
 ZTHERM   2539.1958122084366        1.0000000000000000        0.0000000000000000        756.28157838288007        0.0000000000000000        0.0000000000000000        0.0000000000000000        0.0000000000000000        1.0598484672274417E-002   0.0000000000000000        0.0000000000000000        0.0000000000000000        1.0598484672274417E-002
 ZTHERM   300.00000000000000        1.0000000000000000        0.0000000000000000        756.28157838288007        0.0000000000000000        0.0000000000000000        0.0000000000000000        0.0000000000000000       0.49900694743301210        0.0000000000000000        0.0000000000000000        0.0000000000000000       0.49900694743301210     
 ZTHERM   2539.1958122084366        1.0000000000000000        0.0000000000000000        876.60048946148754        0.0000000000000000        0.0000000000000000        0.0000000000000000        0.0000000000000000        1.7157108785942888E-003   0.0000000000000000        0.0000000000000000        0.0000000000000000        1.7157108785942888E-003
 ZTHERM   300.00000000000000        1.0000000000000000        0.0000000000000000        876.60048946148754        0.0000000000000000        0.0000000000000000        0.0000000000000000        0.0000000000000000        7.0739086789323682E-002   0.0000000000000000        0.0000000000000000        0.0000000000000000        7.0739086789323682E-002
 ZTHERM   2539.1958122084366        1.0000000000000000        0.0000000000000000        929.44062721418106        0.0000000000000000        0.0000000000000000        0.0000000000000000        0.0000000000000000        4.0368281762453664E-005   0.0000000000000000        0.0000000000000000        0.0000000000000000        4.0368281762453664E-005
 ZTHERM   300.00000000000000        1.0000000000000000        0.0000000000000000        929.44062721418106        0.0000000000000000        0.0000000000000000        0.0000000000000000        0.0000000000000000        1.5633673376686122E-003   0.0000000000000000        0.0000000000000000        0.0000000000000000        1.5633673376686122E-003
 ZTHERM   2539.1958122084366        1.0000000000000000        0.0000000000000000        677.91886000000000        0.0000000000000000        0.0000000000000000        0.0000000000000000        0.0000000000000000        5.0663479993914478E-003   0.0000000000000000        0.0000000000000000        0.0000000000000000        5.0663479993914478E-003
 ZTHERM   300.00000000000000        1.0000000000000000        0.0000000000000000        677.91886000000000        0.0000000000000000        0.0000000000000000        0.0000000000000000        0.0000000000000000       0.25798772631348649        0.0000000000000000        0.0000000000000000        0.0000000000000000       0.25798772631348649     
 ZTHERM   2539.1958122084366        1.0000000000000000        0.0000000000000000        901.74939326667709        0.0000000000000000        0.0000000000000000        0.0000000000000000        0.0000000000000000        3.8119091074918256E-005   0.0000000000000000        0.0000000000000000        0.0000000000000000        3.8119091074918256E-005
 ZTHERM   300.00000000000000        1.0000000000000000        0.0000000000000000        901.74939326667709        0.0000000000000000        0.0000000000000000        0.0000000000000000        0.0000000000000000        1.5259830296645383E-003   0.0000000000000000        0.0000000000000000        0.0000000000000000        1.5259830296645383E-003
 ZTHERM   2539.1958122084366        1.0000000000000000        0.0000000000000000        851.94289219971370        0.0000000000000000        0.0000000000000000        0.0000000000000000        0.0000000000000000        3.3867931273670084E-005   0.0000000000000000        0.0000000000000000        0.0000000000000000        3.3867931273670084E-005
 ZTHERM   300.00000000000000        1.0000000000000000        0.0000000000000000        851.94289219971370        0.0000000000000000        0.0000000000000000        0.0000000000000000        0.0000000000000000        1.4365361334162049E-003   0.0000000000000000        0.0000000000000000        0.0000000000000000        1.4365361334162049E-003
 ZTHERM   2539.1958122084366        1.0000000000000000        0.0000000000000000        1183.4839990195308        0.0000000000000000        0.0000000000000000        0.0000000000000000        0.0000000000000000        2.2130664963507803E-002   0.0000000000000000        0.0000000000000000        0.0000000000000000        2.2130664963507803E-002
 ZTHERM   300.00000000000000        1.0000000000000000        0.0000000000000000        1183.4839990195308        0.0000000000000000        0.0000000000000000        0.0000000000000000        0.0000000000000000       0.61500409302390902        0.0000000000000000        0.0000000000000000        0.0000000000000000       0.61500409302390902     
 ZTHERM   2539.1958122084366        1.0000000000000000        0.0000000000000000        993.68001903580182        0.0000000000000000        0.0000000000000000        0.0000000000000000        0.0000000000000000        1.5670505866899290E-002   0.0000000000000000        0.0000000000000000        0.0000000000000000        1.5670505866899290E-002
 ZTHERM   300.00000000000000        1.0000000000000000        0.0000000000000000        993.68001903580182        0.0000000000000000        0.0000000000000000        0.0000000000000000        0.0000000000000000       0.56058320362343839        0.0000000000000000        0.0000000000000000        0.0000000000000000       0.56058320362343839     
 ZTHERM   2539.1958122084366        1.0000000000000000        0.0000000000000000        1112.9702678063222        0.0000000000000000        0.0000000000000000        0.0000000000000000        0.0000000000000000        1.6187793937884224E-002   0.0000000000000000        0.0000000000000000        0.0000000000000000        1.6187793937884224E-002
 ZTHERM   300.00000000000000        1.0000000000000000        0.0000000000000000        1112.9702678063222        0.0000000000000000        0.0000000000000000        0.0000000000000000        0.0000000000000000       0.49552692927891712        0.0000000000000000        0.0000000000000000        0.0000000000000000       0.49552692927891712     
 ZTHERM   2539.1958122084366        1.0000000000000000        0.0000000000000000        976.96973085706782        0.0000000000000000        0.0000000000000000        0.0000000000000000        0.0000000000000000        1.2030287654078707E-002   0.0000000000000000        0.0000000000000000        0.0000000000000000        1.2030287654078707E-002
 ZTHERM   300.00000000000000        1.0000000000000000        0.0000000000000000        976.96973085706782        0.0000000000000000        0.0000000000000000        0.0000000000000000        0.0000000000000000       0.43948068663190493        0.0000000000000000        0.0000000000000000        0.0000000000000000       0.43948068663190493     
 ZTHERM   2539.1958122084366        1.0000000000000000        0.0000000000000000        1144.8085619386661        0.0000000000000000        0.0000000000000000        0.0000000000000000        0.0000000000000000        1.7118536802026848E-002   0.0000000000000000        0.0000000000000000        0.0000000000000000        1.7118536802026848E-002
 ZTHERM   300.00000000000000        1.0000000000000000        0.0000000000000000        1144.8085619386661        0.0000000000000000        0.0000000000000000        0.0000000000000000        0.0000000000000000       0.50182648897780835        0.0000000000000000        0.0000000000000000        0.0000000000000000       0.50182648897780835     
 ZTHERM   2539.1958122084366        1.0000000000000000        0.0000000000000000        1073.7829328326170        0.0000000000000000        0.0000000000000000        0.0000000000000000        0.0000000000000000        1.2284700881503059E-002   0.0000000000000000        0.0000000000000000        0.0000000000000000        1.2284700881503059E-002
 ZTHERM   300.00000000000000        1.0000000000000000        0.0000000000000000        1073.7829328326170        0.0000000000000000        0.0000000000000000        0.0000000000000000        0.0000000000000000       0.39625003249191409        0.0000000000000000        0.0000000000000000        0.0000000000000000       0.39625003249191409     
 ZTHERM   2539.1958122084366        1.0000000000000000        0.0000000000000000        1041.4912852277923        0.0000000000000000        0.0000000000000000        0.0000000000000000        0.0000000000000000        6.1491444447550024E-003   0.0000000000000000        0.0000000000000000        0.0000000000000000        6.1491444447550024E-003
 ZTHERM   300.00000000000000        1.0000000000000000        0.0000000000000000        1041.4912852277923        0.0000000000000000        0.0000000000000000        0.0000000000000000        0.0000000000000000       0.20691486559955369        0.0000000000000000        0.0000000000000000        0.0000000000000000       0.20691486559955369     
 ZTHERM   2539.1958122084366        1.0000000000000000        0.0000000000000000        962.03133049695691        0.0000000000000000        0.0000000000000000        0.0000000000000000        0.0000000000000000        9.2444229803683633E-003   0.0000000000000000        0.0000000000000000        0.0000000000000000        9.2444229803683633E-003
 ZTHERM   300.00000000000000        1.0000000000000000        0.0000000000000000        962.03133049695691        0.0000000000000000        0.0000000000000000        0.0000000000000000        0.0000000000000000       0.34403406282072357        0.0000000000000000        0.0000000000000000        0.0000000000000000       0.34403406282072357     
 ZTHERM   2539.1958122084366        1.0000000000000000        0.0000000000000000        1082.0489672263445        0.0000000000000000        0.0000000000000000        0.0000000000000000        0.0000000000000000        1.4009798925692348E-002   0.0000000000000000        0.0000000000000000        0.0000000000000000        1.4009798925692348E-002
 ZTHERM   300.00000000000000        1.0000000000000000        0.0000000000000000        1082.0489672263445        0.0000000000000000        0.0000000000000000        0.0000000000000000        0.0000000000000000       0.44697320239788929        0.0000000000000000        0.0000000000000000        0.0000000000000000       0.44697320239788929     
 ZTHERM   2539.1958122084366        1.0000000000000000        0.0000000000000000        1048.7093737313005        0.0000000000000000        0.0000000000000000        0.0000000000000000        0.0000000000000000        1.1541121309407367E-002   0.0000000000000000        0.0000000000000000        0.0000000000000000        1.1541121309407367E-002
 ZTHERM   300.00000000000000        1.0000000000000000        0.0000000000000000        1048.7093737313005        0.0000000000000000        0.0000000000000000        0.0000000000000000        0.0000000000000000       0.38472191018580792        0.0000000000000000        0.0000000000000000        0.0000000000000000       0.38472191018580792     
 ZTHERM   2539.1958122084366        1.0000000000000000        0.0000000000000000        1085.7285124204593        0.0000000000000000        0.0000000000000000        0.0000000000000000        0.0000000000000000        1.2818874962876346E-002   0.0000000000000000        0.0000000000000000        0.0000000000000000        1.2818874962876346E-002
 ZTHERM   300.00000000000000        1.0000000000000000        0.0000000000000000        1085.7285124204593        0.0000000000000000        0.0000000000000000        0.0000000000000000        0.0000000000000000       0.40698283719115991        0.0000000000000000        0.0000000000000000        0.0000000000000000       0.40698283719115991     
 ZTHERM   2539.1958122084366        1.0000000000000000        0.0000000000000000        971.07471949314561        0.0000000000000000        0.0000000000000000        0.0000000000000000        0.0000000000000000        1.1134977236976609E-002   0.0000000000000000        0.0000000000000000        0.0000000000000000        1.1134977236976609E-002
 ZTHERM   300.00000000000000        1.0000000000000000        0.0000000000000000        971.07471949314561        0.0000000000000000        0.0000000000000000        0.0000000000000000        0.0000000000000000       0.40977210964391969        0.0000000000000000        0.0000000000000000        0.0000000000000000       0.40977210964391969     
 ZTHERM   2539.1958122084366        1.0000000000000000        0.0000000000000000        1086.5828708853708        0.0000000000000000        0.0000000000000000        0.0000000000000000        0.0000000000000000        1.1361625622423932E-002   0.0000000000000000        0.0000000000000000        0.0000000000000000        1.1361625622423932E-002
 ZTHERM   300.00000000000000        1.0000000000000000        0.0000000000000000        1086.5828708853708        0.0000000000000000        0.0000000000000000        0.0000000000000000        0.0000000000000000       0.36030727973102339        0.0000000000000000        0.0000000000000000        0.0000000000000000       0.36030727973102339     
 ZTHERM   2539.1958122084366        1.0000000000000000        0.0000000000000000        1070.9342293985360        0.0000000000000000        0.0000000000000000        0.0000000000000000        0.0000000000000000        1.1464026469219077E-002   0.0000000000000000        0.0000000000000000        0.0000000000000000        1.1464026469219077E-002
 ZTHERM   300.00000000000000        1.0000000000000000        0.0000000000000000        1070.9342293985360        0.0000000000000000        0.0000000000000000        0.0000000000000000        0.0000000000000000       0.37117250530541274        0.0000000000000000        0.0000000000000000        0.0000000000000000       0.37117250530541274     
 ZTHERM   2539.1958122084366        1.0000000000000000        0.0000000000000000        1199.9079952537500        0.0000000000000000        0.0000000000000000        0.0000000000000000        0.0000000000000000        2.5623935869191101E-002   0.0000000000000000        0.0000000000000000        0.0000000000000000        2.5623935869191101E-002
 ZTHERM   300.00000000000000        1.0000000000000000        0.0000000000000000        1199.9079952537500        0.0000000000000000        0.0000000000000000        0.0000000000000000        0.0000000000000000       0.69591630386649994        0.0000000000000000        0.0000000000000000        0.0000000000000000       0.69591630386649994     
 ZTHERM   2539.1958122084366        1.0000000000000000        0.0000000000000000        998.37418748274797        0.0000000000000000        0.0000000000000000        0.0000000000000000        0.0000000000000000        1.1233216202035476E-002   0.0000000000000000        0.0000000000000000        0.0000000000000000        1.1233216202035476E-002
 ZTHERM   300.00000000000000        1.0000000000000000        0.0000000000000000        998.37418748274797        0.0000000000000000        0.0000000000000000        0.0000000000000000        0.0000000000000000       0.39947128428020695        0.0000000000000000        0.0000000000000000        0.0000000000000000       0.39947128428020695     
 ZTHERM   2539.1958122084366        1.0000000000000000        0.0000000000000000        1093.8865987901918        0.0000000000000000        0.0000000000000000        0.0000000000000000        0.0000000000000000        1.6455414465870549E-002   0.0000000000000000        0.0000000000000000        0.0000000000000000        1.6455414465870549E-002
 ZTHERM   300.00000000000000        1.0000000000000000        0.0000000000000000        1093.8865987901918        0.0000000000000000        0.0000000000000000        0.0000000000000000        0.0000000000000000       0.51678815965543978        0.0000000000000000        0.0000000000000000        0.0000000000000000       0.51678815965543978     
 ZTHERM   2539.1958122084366        1.0000000000000000        0.0000000000000000        1241.8205853294874        0.0000000000000000        0.0000000000000000        0.0000000000000000        0.0000000000000000        3.5732673132696076E-002   0.0000000000000000        0.0000000000000000        0.0000000000000000        3.5732673132696076E-002
 ZTHERM   300.00000000000000        1.0000000000000000        0.0000000000000000        1241.8205853294874        0.0000000000000000        0.0000000000000000        0.0000000000000000        0.0000000000000000       0.91458504197629020        0.0000000000000000        0.0000000000000000        0.0000000000000000       0.91458504197629020     
 ZTHERM   2539.1958122084366        1.0000000000000000        0.0000000000000000        1063.6527687199980        0.0000000000000000        0.0000000000000000        0.0000000000000000        0.0000000000000000        8.3893914350310610E-003   0.0000000000000000        0.0000000000000000        0.0000000000000000        8.3893914350310610E-003
 ZTHERM   300.00000000000000        1.0000000000000000        0.0000000000000000        1063.6527687199980        0.0000000000000000        0.0000000000000000        0.0000000000000000        0.0000000000000000       0.27424201190851188        0.0000000000000000        0.0000000000000000        0.0000000000000000       0.27424201190851188     
 ZTHERM   2539.1958122084366        1.0000000000000000        0.0000000000000000        789.55047553307304        0.0000000000000000        0.0000000000000000        0.0000000000000000        0.0000000000000000        3.6381019262091124E-003   0.0000000000000000        0.0000000000000000        0.0000000000000000        3.6381019262091124E-003
 ZTHERM   300.00000000000000        1.0000000000000000        0.0000000000000000        789.55047553307304        0.0000000000000000        0.0000000000000000        0.0000000000000000        0.0000000000000000       0.16535761393644646        0.0000000000000000        0.0000000000000000        0.0000000000000000       0.16535761393644646     
 ZTHERM   2539.1958122084366        1.0000000000000000        0.0000000000000000        1144.8967736204734        0.0000000000000000        0.0000000000000000        0.0000000000000000        0.0000000000000000        1.3707912337442712E-002   0.0000000000000000        0.0000000000000000        0.0000000000000000        1.3707912337442712E-002
 ZTHERM   300.00000000000000        1.0000000000000000        0.0000000000000000        1144.8967736204734        0.0000000000000000        0.0000000000000000        0.0000000000000000        0.0000000000000000       0.40179617397991535        0.0000000000000000        0.0000000000000000        0.0000000000000000       0.40179617397991535     
 ZTHERM   2539.1958122084366        1.0000000000000000        0.0000000000000000        858.95960249988457        0.0000000000000000        0.0000000000000000        0.0000000000000000        0.0000000000000000        7.7591689726126773E-003   0.0000000000000000        0.0000000000000000        0.0000000000000000        7.7591689726126773E-003
 ZTHERM   300.00000000000000        1.0000000000000000        0.0000000000000000        858.95960249988457        0.0000000000000000        0.0000000000000000        0.0000000000000000        0.0000000000000000       0.32648596852863287        0.0000000000000000        0.0000000000000000        0.0000000000000000       0.32648596852863287     
 ZTHERM   2539.1958122084366        1.0000000000000000        0.0000000000000000        1133.2074557097251        0.0000000000000000        0.0000000000000000        0.0000000000000000        0.0000000000000000        1.1426812121026845E-002   0.0000000000000000        0.0000000000000000        0.0000000000000000        1.1426812121026845E-002
 ZTHERM   300.00000000000000        1.0000000000000000        0.0000000000000000        1133.2074557097251        0.0000000000000000        0.0000000000000000        0.0000000000000000        0.0000000000000000       0.34032415229014423        0.0000000000000000        0.0000000000000000        0.0000000000000000       0.34032415229014423     
 ZTHERM   2539.1958122084366        1.0000000000000000        0.0000000000000000        855.58294507068706        0.0000000000000000        0.0000000000000000        0.0000000000000000        0.0000000000000000        8.2870381267480843E-003   0.0000000000000000        0.0000000000000000        0.0000000000000000        8.2870381267480843E-003
 ZTHERM   300.00000000000000        1.0000000000000000        0.0000000000000000        855.58294507068706        0.0000000000000000        0.0000000000000000        0.0000000000000000        0.0000000000000000       0.35004603547442331        0.0000000000000000        0.0000000000000000        0.0000000000000000       0.35004603547442331     
 ZTHERM   2539.1958122084366        1.0000000000000000        0.0000000000000000        1188.6213584052314        0.0000000000000000        0.0000000000000000        0.0000000000000000        0.0000000000000000        1.6017357110653930E-002   0.0000000000000000        0.0000000000000000        0.0000000000000000        1.6017357110653930E-002
 ZTHERM   300.00000000000000        1.0000000000000000        0.0000000000000000        1188.6213584052314        0.0000000000000000        0.0000000000000000        0.0000000000000000        0.0000000000000000       0.44193918616568834        0.0000000000000000        0.0000000000000000        0.0000000000000000       0.44193918616568834     
 ZTHERM   2539.1958122084366        1.0000000000000000        0.0000000000000000        973.55638809652157        0.0000000000000000        0.0000000000000000        0.0000000000000000        0.0000000000000000        1.0801975180351912E-002   0.0000000000000000        0.0000000000000000        0.0000000000000000        1.0801975180351912E-002
 ZTHERM   300.00000000000000        1.0000000000000000        0.0000000000000000        973.55638809652157        0.0000000000000000        0.0000000000000000        0.0000000000000000        0.0000000000000000       0.39629183085617531        0.0000000000000000        0.0000000000000000        0.0000000000000000       0.39629183085617531     
 ZTHERM   2539.1958122084366        1.0000000000000000        0.0000000000000000        1237.5426826585390        0.0000000000000000        0.0000000000000000        0.0000000000000000        0.0000000000000000        2.1970605719378266E-002   0.0000000000000000        0.0000000000000000        0.0000000000000000        2.1970605719378266E-002
 ZTHERM   300.00000000000000        1.0000000000000000        0.0000000000000000        1237.5426826585390        0.0000000000000000        0.0000000000000000        0.0000000000000000        0.0000000000000000       0.56578120549245636        0.0000000000000000        0.0000000000000000        0.0000000000000000       0.56578120549245636     
 ZTHERM   2539.1958122084366        1.0000000000000000        0.0000000000000000        939.94426215767191        0.0000000000000000        0.0000000000000000        0.0000000000000000        0.0000000000000000        1.3835120032307496E-002   0.0000000000000000        0.0000000000000000        0.0000000000000000        1.3835120032307496E-002
 ZTHERM   300.00000000000000        1.0000000000000000        0.0000000000000000        939.94426215767191        0.0000000000000000        0.0000000000000000        0.0000000000000000        0.0000000000000000       0.52901873724331416        0.0000000000000000        0.0000000000000000        0.0000000000000000       0.52901873724331416     
 ZTHERM   2539.1958122084366        1.0000000000000000        0.0000000000000000        979.96988584156998        0.0000000000000000        0.0000000000000000        0.0000000000000000        0.0000000000000000        1.0269182217124077E-002   0.0000000000000000        0.0000000000000000        0.0000000000000000        1.0269182217124077E-002
 ZTHERM   300.00000000000000        1.0000000000000000        0.0000000000000000        979.96988584156998        0.0000000000000000        0.0000000000000000        0.0000000000000000        0.0000000000000000       0.37374191926163730        0.0000000000000000        0.0000000000000000        0.0000000000000000       0.37374191926163730     
 ZTHERM   2539.1958122084366        1.0000000000000000        0.0000000000000000        1263.0937773268508        0.0000000000000000        0.0000000000000000        0.0000000000000000        0.0000000000000000        3.1503227825408264E-002   0.0000000000000000        0.0000000000000000        0.0000000000000000        3.1503227825408264E-002
 ZTHERM   300.00000000000000        1.0000000000000000        0.0000000000000000        1263.0937773268508        0.0000000000000000        0.0000000000000000        0.0000000000000000        0.0000000000000000       0.78213734775198696        0.0000000000000000        0.0000000000000000        0.0000000000000000       0.78213734775198696     
 ZTHERM   2539.1958122084366        1.0000000000000000        0.0000000000000000        1034.4825224144124        0.0000000000000000        0.0000000000000000        0.0000000000000000        0.0000000000000000        2.1378303761429095E-002   0.0000000000000000        0.0000000000000000        0.0000000000000000        2.1378303761429095E-002
 ZTHERM   300.00000000000000        1.0000000000000000        0.0000000000000000        1034.4825224144124        0.0000000000000000        0.0000000000000000        0.0000000000000000        0.0000000000000000       0.72592872975415568        0.0000000000000000        0.0000000000000000        0.0000000000000000       0.72592872975415568     
 ZTHERM   2539.1958122084366        1.0000000000000000        0.0000000000000000        1221.3648329564608        0.0000000000000000        0.0000000000000000        0.0000000000000000        0.0000000000000000        2.9372694001922346E-002   0.0000000000000000        0.0000000000000000        0.0000000000000000        2.9372694001922346E-002
 ZTHERM   300.00000000000000        1.0000000000000000        0.0000000000000000        1221.3648329564608        0.0000000000000000        0.0000000000000000        0.0000000000000000        0.0000000000000000       0.77397067329621172        0.0000000000000000        0.0000000000000000        0.0000000000000000       0.77397067329621172     
 ZTHERM   2539.1958122084366        1.0000000000000000        0.0000000000000000        962.37917501291383        0.0000000000000000        0.0000000000000000        0.0000000000000000        0.0000000000000000        1.7994818921525386E-002   0.0000000000000000        0.0000000000000000        0.0000000000000000        1.7994818921525386E-002
 ZTHERM   300.00000000000000        1.0000000000000000        0.0000000000000000        962.37917501291383        0.0000000000000000        0.0000000000000000        0.0000000000000000        0.0000000000000000       0.66939489073741087        0.0000000000000000        0.0000000000000000        0.0000000000000000       0.66939489073741087     
 ZTHERM   2539.1958122084366        1.0000000000000000        0.0000000000000000        1128.2639115291099        0.0000000000000000        0.0000000000000000        0.0000000000000000        0.0000000000000000        2.4658697499833238E-002   0.0000000000000000        0.0000000000000000        0.0000000000000000        2.4658697499833238E-002
 ZTHERM   300.00000000000000        1.0000000000000000        0.0000000000000000        1128.2639115291099        0.0000000000000000        0.0000000000000000        0.0000000000000000        0.0000000000000000       0.73936421993749268        0.0000000000000000        0.0000000000000000        0.0000000000000000       0.73936421993749268     
 ZTHERM   2539.1958122084366        1.0000000000000000        0.0000000000000000        1099.6502946335127        0.0000000000000000        0.0000000000000000        0.0000000000000000        0.0000000000000000        2.3662605194280224E-002   0.0000000000000000        0.0000000000000000        0.0000000000000000        2.3662605194280224E-002
 ZTHERM   300.00000000000000        1.0000000000000000        0.0000000000000000        1099.6502946335127        0.0000000000000000        0.0000000000000000        0.0000000000000000        0.0000000000000000       0.73742502334897986        0.0000000000000000        0.0000000000000000        0.0000000000000000       0.73742502334897986     
 ZTHERM   2539.1958122084366        1.0000000000000000        0.0000000000000000        1076.6311094899231        0.0000000000000000        0.0000000000000000        0.0000000000000000        0.0000000000000000        2.2956009148731339E-002   0.0000000000000000        0.0000000000000000        0.0000000000000000        2.2956009148731339E-002
 ZTHERM   300.00000000000000        1.0000000000000000        0.0000000000000000        1076.6311094899231        0.0000000000000000        0.0000000000000000        0.0000000000000000        0.0000000000000000       0.73767493237155279        0.0000000000000000        0.0000000000000000        0.0000000000000000       0.73767493237155279     
 ZTHERM   2539.1958122084366        1.0000000000000000        0.0000000000000000        1319.3089430598191        0.0000000000000000        0.0000000000000000        0.0000000000000000        0.0000000000000000        3.1578717893924531E-002   0.0000000000000000        0.0000000000000000        0.0000000000000000        3.1578717893924531E-002
 ZTHERM   300.00000000000000        1.0000000000000000        0.0000000000000000        1319.3089430598191        0.0000000000000000        0.0000000000000000        0.0000000000000000        0.0000000000000000       0.72256769907854901        0.0000000000000000        0.0000000000000000        0.0000000000000000       0.72256769907854901     
 ZTHERM   2539.1958122084366        1.0000000000000000        0.0000000000000000        1090.8378643595208        0.0000000000000000        0.0000000000000000        0.0000000000000000        0.0000000000000000        2.1709586241838951E-002   0.0000000000000000        0.0000000000000000        0.0000000000000000        2.1709586241838951E-002
 ZTHERM   300.00000000000000        1.0000000000000000        0.0000000000000000        1090.8378643595208        0.0000000000000000        0.0000000000000000        0.0000000000000000        0.0000000000000000       0.68457719847659870        0.0000000000000000        0.0000000000000000        0.0000000000000000       0.68457719847659870     
 ZTHERM   2539.1958122084366        1.0000000000000000        0.0000000000000000        1112.1198004684900        0.0000000000000000        0.0000000000000000        0.0000000000000000        0.0000000000000000        2.5748102281716249E-002   0.0000000000000000        0.0000000000000000        0.0000000000000000        2.5748102281716249E-002
 ZTHERM   300.00000000000000        1.0000000000000000        0.0000000000000000        1112.1198004684900        0.0000000000000000        0.0000000000000000        0.0000000000000000        0.0000000000000000       0.78908327967660130        0.0000000000000000        0.0000000000000000        0.0000000000000000       0.78908327967660130     
 ZTHERM   2539.1958122084366        1.0000000000000000        0.0000000000000000        1038.9500336387134        0.0000000000000000        0.0000000000000000        0.0000000000000000        0.0000000000000000        1.8694936629585573E-002   0.0000000000000000        0.0000000000000000        0.0000000000000000        1.8694936629585573E-002
 ZTHERM   300.00000000000000        1.0000000000000000        0.0000000000000000        1038.9500336387134        0.0000000000000000        0.0000000000000000        0.0000000000000000        0.0000000000000000       0.63115025905541333        0.0000000000000000        0.0000000000000000        0.0000000000000000       0.63115025905541333     
 ZTHERM   2539.1958122084366        1.0000000000000000        0.0000000000000000        1072.4929687470906        0.0000000000000000        0.0000000000000000        0.0000000000000000        0.0000000000000000        2.0966271775925339E-002   0.0000000000000000        0.0000000000000000        0.0000000000000000        2.0966271775925339E-002
 ZTHERM   300.00000000000000        1.0000000000000000        0.0000000000000000        1072.4929687470906        0.0000000000000000        0.0000000000000000        0.0000000000000000        0.0000000000000000       0.67743263288723821        0.0000000000000000        0.0000000000000000        0.0000000000000000       0.67743263288723821     
 ZTHERM   2539.1958122084366        1.0000000000000000        0.0000000000000000        1220.2490342696956        0.0000000000000000        0.0000000000000000        0.0000000000000000        0.0000000000000000        2.8608939027504568E-002   0.0000000000000000        0.0000000000000000        0.0000000000000000        2.8608939027504568E-002
 ZTHERM   300.00000000000000        1.0000000000000000        0.0000000000000000        1220.2490342696956        0.0000000000000000        0.0000000000000000        0.0000000000000000        0.0000000000000000       0.75503673413242933        0.0000000000000000        0.0000000000000000        0.0000000000000000       0.75503673413242933     
 ZTHERM   2539.1958122084366        1.0000000000000000        0.0000000000000000        1051.9403418750085        0.0000000000000000        0.0000000000000000        0.0000000000000000        0.0000000000000000        2.1347372293473322E-002   0.0000000000000000        0.0000000000000000        0.0000000000000000        2.1347372293473322E-002
 ZTHERM   300.00000000000000        1.0000000000000000        0.0000000000000000        1051.9403418750085        0.0000000000000000        0.0000000000000000        0.0000000000000000        0.0000000000000000       0.70861853051248658        0.0000000000000000        0.0000000000000000        0.0000000000000000       0.70861853051248658     
 ZTHERM   2539.1958122084366        1.0000000000000000        0.0000000000000000        1033.9973070052288        0.0000000000000000        0.0000000000000000        0.0000000000000000        0.0000000000000000        2.0717010191568887E-002   0.0000000000000000        0.0000000000000000        0.0000000000000000        2.0717010191568887E-002
 ZTHERM   300.00000000000000        1.0000000000000000        0.0000000000000000        1033.9973070052288        0.0000000000000000        0.0000000000000000        0.0000000000000000        0.0000000000000000       0.70391505699527701        0.0000000000000000        0.0000000000000000        0.0000000000000000       0.70391505699527701     
 ZTHERM   2539.1958122084366        1.0000000000000000        0.0000000000000000        860.78997012780076        0.0000000000000000        0.0000000000000000        0.0000000000000000        0.0000000000000000        1.5157078152938243E-002   0.0000000000000000        0.0000000000000000        0.0000000000000000        1.5157078152938243E-002
 ZTHERM   300.00000000000000        1.0000000000000000        0.0000000000000000        860.78997012780076        0.0000000000000000        0.0000000000000000        0.0000000000000000        0.0000000000000000       0.63643502996603618        0.0000000000000000        0.0000000000000000        0.0000000000000000       0.63643502996603618     
 ZTHERM   2539.1958122084366        1.0000000000000000        0.0000000000000000        1044.1802111199431        0.0000000000000000        0.0000000000000000        0.0000000000000000        0.0000000000000000        2.0657759652559698E-002   0.0000000000000000        0.0000000000000000        0.0000000000000000        2.0657759652559698E-002
 ZTHERM   300.00000000000000        1.0000000000000000        0.0000000000000000        1044.1802111199431        0.0000000000000000        0.0000000000000000        0.0000000000000000        0.0000000000000000       0.69269647955340841        0.0000000000000000        0.0000000000000000        0.0000000000000000       0.69269647955340841     
 ZTHERM   2539.1958122084366        1.0000000000000000        0.0000000000000000        1241.6867520590506        0.0000000000000000        0.0000000000000000        0.0000000000000000        0.0000000000000000        2.7155382261820089E-002   0.0000000000000000        0.0000000000000000        0.0000000000000000        2.7155382261820089E-002
 ZTHERM   300.00000000000000        1.0000000000000000        0.0000000000000000        1241.6867520590506        0.0000000000000000        0.0000000000000000        0.0000000000000000        0.0000000000000000       0.69518022928846879        0.0000000000000000        0.0000000000000000        0.0000000000000000       0.69518022928846879     
 ZTHERM   2539.1958122084366        1.0000000000000000        0.0000000000000000        1126.7134299819616        0.0000000000000000        0.0000000000000000        0.0000000000000000        0.0000000000000000        2.2424705714849499E-002   0.0000000000000000        0.0000000000000000        0.0000000000000000        2.2424705714849499E-002
 ZTHERM   300.00000000000000        1.0000000000000000        0.0000000000000000        1126.7134299819616        0.0000000000000000        0.0000000000000000        0.0000000000000000        0.0000000000000000       0.67379787878678532        0.0000000000000000        0.0000000000000000        0.0000000000000000       0.67379787878678532     
 ZTHERM   2539.1958122084366        1.0000000000000000        0.0000000000000000        1209.2265153250430        0.0000000000000000        0.0000000000000000        0.0000000000000000        0.0000000000000000        2.5779857302627746E-002   0.0000000000000000        0.0000000000000000        0.0000000000000000        2.5779857302627746E-002
 ZTHERM   300.00000000000000        1.0000000000000000        0.0000000000000000        1209.2265153250430        0.0000000000000000        0.0000000000000000        0.0000000000000000        0.0000000000000000       0.69104011631010365        0.0000000000000000        0.0000000000000000        0.0000000000000000       0.69104011631010365     
 ZTHERM   2539.1958122084366        1.0000000000000000        0.0000000000000000        1157.5544346164877        0.0000000000000000        0.0000000000000000        0.0000000000000000        0.0000000000000000        2.0861978809484441E-002   0.0000000000000000        0.0000000000000000        0.0000000000000000        2.0861978809484441E-002
 ZTHERM   300.00000000000000        1.0000000000000000        0.0000000000000000        1157.5544346164877        0.0000000000000000        0.0000000000000000        0.0000000000000000        0.0000000000000000       0.60095217881649166        0.0000000000000000        0.0000000000000000        0.0000000000000000       0.60095217881649166     
 ZTHERM   2539.1958122084366        1.0000000000000000        0.0000000000000000        639.76935389569564        0.0000000000000000        0.0000000000000000        0.0000000000000000        0.0000000000000000        6.4480261499253464E-003   0.0000000000000000        0.0000000000000000        0.0000000000000000        6.4480261499253464E-003
 ZTHERM   300.00000000000000        1.0000000000000000        0.0000000000000000        639.76935389569564        0.0000000000000000        0.0000000000000000        0.0000000000000000        0.0000000000000000       0.34026777423512888        0.0000000000000000        0.0000000000000000        0.0000000000000000       0.34026777423512888     
 ZTHERM   2539.1958122084366        1.0000000000000000        0.0000000000000000        705.35107153266983        0.0000000000000000        0.0000000000000000        0.0000000000000000        0.0000000000000000        8.0867938118456724E-003   0.0000000000000000        0.0000000000000000        0.0000000000000000        8.0867938118456724E-003
 ZTHERM   300.00000000000000        1.0000000000000000        0.0000000000000000        705.35107153266983        0.0000000000000000        0.0000000000000000        0.0000000000000000        0.0000000000000000       0.40095613289010568        0.0000000000000000        0.0000000000000000        0.0000000000000000       0.40095613289010568     
 ZTHERM   2539.1958122084366        1.0000000000000000        0.0000000000000000        1118.0813977039284        0.0000000000000000        0.0000000000000000        0.0000000000000000        0.0000000000000000        1.9480979191368712E-002   0.0000000000000000        0.0000000000000000        0.0000000000000000        1.9480979191368712E-002
 ZTHERM   300.00000000000000        1.0000000000000000        0.0000000000000000        1118.0813977039284        0.0000000000000000        0.0000000000000000        0.0000000000000000        0.0000000000000000       0.59223348642553542        0.0000000000000000        0.0000000000000000        0.0000000000000000       0.59223348642553542     
 ZTHERM   2539.1958122084366        1.0000000000000000        0.0000000000000000        756.28157838288007        0.0000000000000000        0.0000000000000000        0.0000000000000000        0.0000000000000000        1.0598484672274417E-002   0.0000000000000000        0.0000000000000000        0.0000000000000000        1.0598484672274417E-002
 ZTHERM   300.00000000000000        1.0000000000000000        0.0000000000000000        756.28157838288007        0.0000000000000000        0.0000000000000000        0.0000000000000000        0.0000000000000000       0.49900694743301210        0.0000000000000000        0.0000000000000000        0.0000000000000000       0.49900694743301210     
 ZTHERM   2539.1958122084366        1.0000000000000000        0.0000000000000000        875.21430162475338        0.0000000000000000        0.0000000000000000        0.0000000000000000        0.0000000000000000       -2.4551054871065710E-004  -0.0000000000000000       -0.0000000000000000        0.0000000000000000       -2.4551054871065710E-004
 ZTHERM   300.00000000000000        1.0000000000000000        0.0000000000000000        875.21430162475338        0.0000000000000000        0.0000000000000000        0.0000000000000000        0.0000000000000000       -1.0138744877611072E-002  -0.0000000000000000       -0.0000000000000000        0.0000000000000000       -1.0138744877611072E-002
 ZTHERM   2539.1958122084366        1.0000000000000000        0.0000000000000000        980.10011309048900        0.0000000000000000        0.0000000000000000        0.0000000000000000        0.0000000000000000        1.1306873362356767E-003   0.0000000000000000        0.0000000000000000        0.0000000000000000        1.1306873362356767E-003
 ZTHERM   300.00000000000000        1.0000000000000000        0.0000000000000000        980.10011309048900        0.0000000000000000        0.0000000000000000        0.0000000000000000        0.0000000000000000        4.1144117240673336E-002   0.0000000000000000        0.0000000000000000        0.0000000000000000        4.1144117240673336E-002
 ZTHERM   2539.1958122084366        1.0000000000000000        0.0000000000000000        1455.0945779645999        0.0000000000000000        0.0000000000000000        0.0000000000000000        0.0000000000000000        3.4693079273701709E-002   0.0000000000000000        0.0000000000000000        0.0000000000000000        3.4693079273701709E-002
 ZTHERM   300.00000000000000        1.0000000000000000        0.0000000000000000        1455.0945779645999        0.0000000000000000        0.0000000000000000        0.0000000000000000        0.0000000000000000       0.64803344254402029        0.0000000000000000        0.0000000000000000        0.0000000000000000       0.64803344254402029     
 ZTHERM   2539.1958122084366        1.0000000000000000        0.0000000000000000        1487.1792356427172        0.0000000000000000        0.0000000000000000        0.0000000000000000        0.0000000000000000        3.6676225129744923E-002   0.0000000000000000        0.0000000000000000        0.0000000000000000        3.6676225129744923E-002
 ZTHERM   300.00000000000000        1.0000000000000000        0.0000000000000000        1487.1792356427172        0.0000000000000000        0.0000000000000000        0.0000000000000000        0.0000000000000000       0.65233616692719421        0.0000000000000000        0.0000000000000000        0.0000000000000000       0.65233616692719421     
 ZTHERM   2539.1958122084366        1.0000000000000000        0.0000000000000000        1246.0390508191085        0.0000000000000000        0.0000000000000000        0.0000000000000000        0.0000000000000000        1.6937725558317882E-002   0.0000000000000000        0.0000000000000000        0.0000000000000000        1.6937725558317882E-002
 ZTHERM   300.00000000000000        1.0000000000000000        0.0000000000000000        1246.0390508191085        0.0000000000000000        0.0000000000000000        0.0000000000000000        0.0000000000000000       0.43092170136764230        0.0000000000000000        0.0000000000000000        0.0000000000000000       0.43092170136764230     
 ZTHERM   2539.1958122084366        1.0000000000000000        0.0000000000000000        1040.6289880591619        0.0000000000000000        0.0000000000000000        0.0000000000000000        0.0000000000000000        7.0576933656834300E-003   0.0000000000000000        0.0000000000000000        0.0000000000000000        7.0576933656834300E-003
 ZTHERM   300.00000000000000        1.0000000000000000        0.0000000000000000        1040.6289880591619        0.0000000000000000        0.0000000000000000        0.0000000000000000        0.0000000000000000       0.23775291244246741        0.0000000000000000        0.0000000000000000        0.0000000000000000       0.23775291244246741     
 ZTHERM   2539.1958122084366        1.0000000000000000        0.0000000000000000        602.96166154681623        0.0000000000000000        0.0000000000000000        0.0000000000000000        0.0000000000000000        7.5590486321907490E-003   0.0000000000000000        0.0000000000000000        0.0000000000000000        7.5590486321907490E-003
 ZTHERM   300.00000000000000        1.0000000000000000        0.0000000000000000        602.96166154681623        0.0000000000000000        0.0000000000000000        0.0000000000000000        0.0000000000000000       0.41219469574742934        0.0000000000000000        0.0000000000000000        0.0000000000000000       0.41219469574742934     
 ZTHERM   2539.1958122084366        1.0000000000000000        0.0000000000000000        447.34048816884308        0.0000000000000000        0.0000000000000000        0.0000000000000000        0.0000000000000000        4.4997300767012421E-003   0.0000000000000000        0.0000000000000000        0.0000000000000000        4.4997300767012421E-003
 ZTHERM   300.00000000000000        1.0000000000000000        0.0000000000000000        447.34048816884308        0.0000000000000000        0.0000000000000000        0.0000000000000000        0.0000000000000000       0.27662668857990313        0.0000000000000000        0.0000000000000000        0.0000000000000000       0.27662668857990313     
 ZTHERM   2539.1958122084366        1.0000000000000000        0.0000000000000000        651.41902548775840        0.0000000000000000        0.0000000000000000        0.0000000000000000        0.0000000000000000        1.0540293633969756E-002   0.0000000000000000        0.0000000000000000        0.0000000000000000        1.0540293633969756E-002
 ZTHERM   300.00000000000000        1.0000000000000000        0.0000000000000000        651.41902548775840        0.0000000000000000        0.0000000000000000        0.0000000000000000        0.0000000000000000       0.55029329560941975        0.0000000000000000        0.0000000000000000        0.0000000000000000       0.55029329560941975     
 ZTHERM   2655.0308744676445        1.0000000000000000        0.0000000000000000        855.27581117021862        0.0000000000000000        0.0000000000000000        0.0000000000000000        0.0000000000000000        2.3497264103536980E-003   0.0000000000000000        0.0000000000000000        0.0000000000000000        2.3497264103536980E-003
 ZTHERM   300.00000000000000        1.0000000000000000        0.0000000000000000        855.27581117021862        0.0000000000000000        0.0000000000000000        0.0000000000000000        0.0000000000000000       0.10847819268738960        0.0000000000000000        0.0000000000000000        0.0000000000000000       0.10847819268738960     
 ZTHERM   2655.0308744676445        1.0000000000000000        0.0000000000000000        719.08309999999994        0.0000000000000000        0.0000000000000000        0.0000000000000000        0.0000000000000000        4.2232939515238861E-003   0.0000000000000000        0.0000000000000000        0.0000000000000000        4.2232939515238861E-003
 ZTHERM   300.00000000000000        1.0000000000000000        0.0000000000000000        719.08309999999994        0.0000000000000000        0.0000000000000000        0.0000000000000000        0.0000000000000000       0.22572083406714480        0.0000000000000000        0.0000000000000000        0.0000000000000000       0.22572083406714480     
 ZTHERM   2655.0308744676445        1.0000000000000000        0.0000000000000000        935.52906813570871        0.0000000000000000        0.0000000000000000        0.0000000000000000        0.0000000000000000        5.6916234198707712E-004   0.0000000000000000        0.0000000000000000        0.0000000000000000        5.6916234198707712E-004
 ZTHERM   300.00000000000000        1.0000000000000000        0.0000000000000000        935.52906813570871        0.0000000000000000        0.0000000000000000        0.0000000000000000        0.0000000000000000        2.3902496174207179E-002   0.0000000000000000        0.0000000000000000        0.0000000000000000        2.3902496174207179E-002
 ZTHERM   2655.0308744676445        1.0000000000000000        0.0000000000000000        913.00069967133129        0.0000000000000000        0.0000000000000000        0.0000000000000000        0.0000000000000000        2.8122942895589505E-003   0.0000000000000000        0.0000000000000000        0.0000000000000000        2.8122942895589505E-003
 ZTHERM   300.00000000000000        1.0000000000000000        0.0000000000000000        913.00069967133129        0.0000000000000000        0.0000000000000000        0.0000000000000000        0.0000000000000000       0.12135654208847751        0.0000000000000000        0.0000000000000000        0.0000000000000000       0.12135654208847751     
 ZTHERM   2655.0308744676445        1.0000000000000000        0.0000000000000000        768.60281578016259        0.0000000000000000        0.0000000000000000        0.0000000000000000        0.0000000000000000        9.9583213011636956E-003   0.0000000000000000        0.0000000000000000        0.0000000000000000        9.9583213011636956E-003
 ZTHERM   300.00000000000000        1.0000000000000000        0.0000000000000000        768.60281578016259        0.0000000000000000        0.0000000000000000        0.0000000000000000        0.0000000000000000       0.50575501449788418        0.0000000000000000        0.0000000000000000        0.0000000000000000       0.50575501449788418     
 ZTHERM   2655.0308744676445        1.0000000000000000        0.0000000000000000        878.09003811011132        0.0000000000000000        0.0000000000000000        0.0000000000000000        0.0000000000000000        1.1687980448659735E-003   0.0000000000000000        0.0000000000000000        0.0000000000000000        1.1687980448659735E-003
 ZTHERM   300.00000000000000        1.0000000000000000        0.0000000000000000        878.09003811011132        0.0000000000000000        0.0000000000000000        0.0000000000000000        0.0000000000000000        5.2557423286711050E-002   0.0000000000000000        0.0000000000000000        0.0000000000000000        5.2557423286711050E-002
 ZTHERM   2655.0308744676445        1.0000000000000000        0.0000000000000000        812.21226999999999        0.0000000000000000        0.0000000000000000        0.0000000000000000        0.0000000000000000        7.2952832273376804E-003   0.0000000000000000        0.0000000000000000        0.0000000000000000        7.2952832273376804E-003
 ZTHERM   300.00000000000000        1.0000000000000000        0.0000000000000000        812.21226999999999        0.0000000000000000        0.0000000000000000        0.0000000000000000        0.0000000000000000       0.35347297539714506        0.0000000000000000        0.0000000000000000        0.0000000000000000       0.35347297539714506     
 ZTHERM   2655.0308744676445        1.0000000000000000        0.0000000000000000        677.91886000000000        0.0000000000000000        0.0000000000000000        0.0000000000000000        0.0000000000000000        4.6359283045394996E-003   0.0000000000000000        0.0000000000000000        0.0000000000000000        4.6359283045394996E-003
 ZTHERM   300.00000000000000        1.0000000000000000        0.0000000000000000        677.91886000000000        0.0000000000000000        0.0000000000000000        0.0000000000000000        0.0000000000000000       0.25798772631348649        0.0000000000000000        0.0000000000000000        0.0000000000000000       0.25798772631348649     
 ZTHERM   2655.0308744676445        1.0000000000000000        0.0000000000000000        788.01368000000002        0.0000000000000000        0.0000000000000000        0.0000000000000000        0.0000000000000000        6.8697456785103026E-003   0.0000000000000000        0.0000000000000000        0.0000000000000000        6.8697456785103026E-003
 ZTHERM   300.00000000000000        1.0000000000000000        0.0000000000000000        788.01368000000002        0.0000000000000000        0.0000000000000000        0.0000000000000000        0.0000000000000000       0.34174369768074481        0.0000000000000000        0.0000000000000000        0.0000000000000000       0.34174369768074481     
 ZTHERM   2655.0308744676445        1.0000000000000000        0.0000000000000000        744.48915000000000        0.0000000000000000        0.0000000000000000        0.0000000000000000        0.0000000000000000        6.1359654160492811E-003   0.0000000000000000        0.0000000000000000        0.0000000000000000        6.1359654160492811E-003
 ZTHERM   300.00000000000000        1.0000000000000000        0.0000000000000000        744.48915000000000        0.0000000000000000        0.0000000000000000        0.0000000000000000        0.0000000000000000       0.31957498833725828        0.0000000000000000        0.0000000000000000        0.0000000000000000       0.31957498833725828     
 ZTHERM   2655.0308744676445        1.0000000000000000        0.0000000000000000        1200.5320609821970        0.0000000000000000        0.0000000000000000        0.0000000000000000        0.0000000000000000        2.0771302234671427E-002   0.0000000000000000        0.0000000000000000        0.0000000000000000        2.0771302234671427E-002
 ZTHERM   300.00000000000000        1.0000000000000000        0.0000000000000000        1200.5320609821970        0.0000000000000000        0.0000000000000000        0.0000000000000000        0.0000000000000000       0.61539246604937969        0.0000000000000000        0.0000000000000000        0.0000000000000000       0.61539246604937969     
 ZTHERM   2655.0308744676445        1.0000000000000000        0.0000000000000000        1008.0015797023818        0.0000000000000000        0.0000000000000000        0.0000000000000000        0.0000000000000000        1.4704211138195892E-002   0.0000000000000000        0.0000000000000000        0.0000000000000000        1.4704211138195892E-002
 ZTHERM   300.00000000000000        1.0000000000000000        0.0000000000000000        1008.0015797023818        0.0000000000000000        0.0000000000000000        0.0000000000000000        0.0000000000000000       0.56421946116293920        0.0000000000000000        0.0000000000000000        0.0000000000000000       0.56421946116293920     
 ZTHERM   2655.0308744676445        1.0000000000000000        0.0000000000000000        1128.4841590551214        0.0000000000000000        0.0000000000000000        0.0000000000000000        0.0000000000000000        1.5158112718637219E-002   0.0000000000000000        0.0000000000000000        0.0000000000000000        1.5158112718637219E-002
 ZTHERM   300.00000000000000        1.0000000000000000        0.0000000000000000        1128.4841590551214        0.0000000000000000        0.0000000000000000        0.0000000000000000        0.0000000000000000       0.49616866625399164        0.0000000000000000        0.0000000000000000        0.0000000000000000       0.49616866625399164     
 ZTHERM   2655.0308744676445        1.0000000000000000        0.0000000000000000        989.88567340321447        0.0000000000000000        0.0000000000000000        0.0000000000000000        0.0000000000000000        1.1248220088128579E-002   0.0000000000000000        0.0000000000000000        0.0000000000000000        1.1248220088128579E-002
 ZTHERM   300.00000000000000        1.0000000000000000        0.0000000000000000        989.88567340321447        0.0000000000000000        0.0000000000000000        0.0000000000000000        0.0000000000000000       0.44163432742189440        0.0000000000000000        0.0000000000000000        0.0000000000000000       0.44163432742189440     
 ZTHERM   2655.0308744676445        1.0000000000000000        0.0000000000000000        1160.7672209982177        0.0000000000000000        0.0000000000000000        0.0000000000000000        0.0000000000000000        1.6030337284133823E-002   0.0000000000000000        0.0000000000000000        0.0000000000000000        1.6030337284133823E-002
 ZTHERM   300.00000000000000        1.0000000000000000        0.0000000000000000        1160.7672209982177        0.0000000000000000        0.0000000000000000        0.0000000000000000        0.0000000000000000       0.50199518640889673        0.0000000000000000        0.0000000000000000        0.0000000000000000       0.50199518640889673     
 ZTHERM   2655.0308744676445        1.0000000000000000        0.0000000000000000        1085.9606148602174        0.0000000000000000        0.0000000000000000        0.0000000000000000        0.0000000000000000        1.1445626093767225E-002   0.0000000000000000        0.0000000000000000        0.0000000000000000        1.1445626093767225E-002
 ZTHERM   300.00000000000000        1.0000000000000000        0.0000000000000000        1085.9606148602174        0.0000000000000000        0.0000000000000000        0.0000000000000000        0.0000000000000000       0.39673079443888654        0.0000000000000000        0.0000000000000000        0.0000000000000000       0.39673079443888654     
 ZTHERM   2655.0308744676445        1.0000000000000000        0.0000000000000000        1048.9756048452023        0.0000000000000000        0.0000000000000000        0.0000000000000000        0.0000000000000000        5.4205662910610953E-003   0.0000000000000000        0.0000000000000000        0.0000000000000000        5.4205662910610953E-003
 ZTHERM   300.00000000000000        1.0000000000000000        0.0000000000000000        1048.9756048452023        0.0000000000000000        0.0000000000000000        0.0000000000000000        0.0000000000000000       0.19728282961985849        0.0000000000000000        0.0000000000000000        0.0000000000000000       0.19728282961985849     
 ZTHERM   2655.0308744676445        1.0000000000000000        0.0000000000000000        972.84123598037195        0.0000000000000000        0.0000000000000000        0.0000000000000000        0.0000000000000000        8.6068362644094905E-003   0.0000000000000000        0.0000000000000000        0.0000000000000000        8.6068362644094905E-003
 ZTHERM   300.00000000000000        1.0000000000000000        0.0000000000000000        972.84123598037195        0.0000000000000000        0.0000000000000000        0.0000000000000000        0.0000000000000000       0.34522436712511262        0.0000000000000000        0.0000000000000000        0.0000000000000000       0.34522436712511262     
 ZTHERM   2655.0308744676445        1.0000000000000000        0.0000000000000000        1098.7994355159501        0.0000000000000000        0.0000000000000000        0.0000000000000000        0.0000000000000000        1.3119981979017368E-002   0.0000000000000000        0.0000000000000000        0.0000000000000000        1.3119981979017368E-002
 ZTHERM   300.00000000000000        1.0000000000000000        0.0000000000000000        1098.7994355159501        0.0000000000000000        0.0000000000000000        0.0000000000000000        0.0000000000000000       0.44702961834442445        0.0000000000000000        0.0000000000000000        0.0000000000000000       0.44702961834442445     
 ZTHERM   2655.0308744676445        1.0000000000000000        0.0000000000000000        1064.0427469067470        0.0000000000000000        0.0000000000000000        0.0000000000000000        0.0000000000000000        1.0781478485561406E-002   0.0000000000000000        0.0000000000000000        0.0000000000000000        1.0781478485561406E-002
 ZTHERM   300.00000000000000        1.0000000000000000        0.0000000000000000        1064.0427469067470        0.0000000000000000        0.0000000000000000        0.0000000000000000        0.0000000000000000       0.38471814452407233        0.0000000000000000        0.0000000000000000        0.0000000000000000       0.38471814452407233     
 ZTHERM   2655.0308744676445        1.0000000000000000        0.0000000000000000        1098.2697736505093        0.0000000000000000        0.0000000000000000        0.0000000000000000        0.0000000000000000        1.1847731331336913E-002   0.0000000000000000        0.0000000000000000        0.0000000000000000        1.1847731331336913E-002
 ZTHERM   300.00000000000000        1.0000000000000000        0.0000000000000000        1098.2697736505093        0.0000000000000000        0.0000000000000000        0.0000000000000000        0.0000000000000000       0.40396776968379206        0.0000000000000000        0.0000000000000000        0.0000000000000000       0.40396776968379206     
 ZTHERM   2655.0308744676445        1.0000000000000000        0.0000000000000000        981.77249353139996        0.0000000000000000        0.0000000000000000        0.0000000000000000        0.0000000000000000        1.0296678603283156E-002   0.0000000000000000        0.0000000000000000        0.0000000000000000        1.0296678603283156E-002
 ZTHERM   300.00000000000000        1.0000000000000000        0.0000000000000000        981.77249353139996        0.0000000000000000        0.0000000000000000        0.0000000000000000        0.0000000000000000       0.40841873662337685        0.0000000000000000        0.0000000000000000        0.0000000000000000       0.40841873662337685     
 ZTHERM   2655.0308744676445        1.0000000000000000        0.0000000000000000        1098.2123531859099        0.0000000000000000        0.0000000000000000        0.0000000000000000        0.0000000000000000        1.0396910230969151E-002   0.0000000000000000        0.0000000000000000        0.0000000000000000        1.0396910230969151E-002
 ZTHERM   300.00000000000000        1.0000000000000000        0.0000000000000000        1098.2123531859099        0.0000000000000000        0.0000000000000000        0.0000000000000000        0.0000000000000000       0.35452694515765515        0.0000000000000000        0.0000000000000000        0.0000000000000000       0.35452694515765515     
 ZTHERM   2655.0308744676445        1.0000000000000000        0.0000000000000000        1082.2180872449012        0.0000000000000000        0.0000000000000000        0.0000000000000000        0.0000000000000000        1.0548998750180861E-002   0.0000000000000000        0.0000000000000000        0.0000000000000000        1.0548998750180861E-002
 ZTHERM   300.00000000000000        1.0000000000000000        0.0000000000000000        1082.2180872449012        0.0000000000000000        0.0000000000000000        0.0000000000000000        0.0000000000000000       0.36747760773125926        0.0000000000000000        0.0000000000000000        0.0000000000000000       0.36747760773125926     
 ZTHERM   2655.0308744676445        1.0000000000000000        0.0000000000000000        1219.2583432719496        0.0000000000000000        0.0000000000000000        0.0000000000000000        0.0000000000000000        2.4115201356109579E-002   0.0000000000000000        0.0000000000000000        0.0000000000000000        2.4115201356109579E-002
 ZTHERM   300.00000000000000        1.0000000000000000        0.0000000000000000        1219.2583432719496        0.0000000000000000        0.0000000000000000        0.0000000000000000        0.0000000000000000       0.69583266885182171        0.0000000000000000        0.0000000000000000        0.0000000000000000       0.69583266885182171     
 ZTHERM   2655.0308744676445        1.0000000000000000        0.0000000000000000        1009.4607562138967        0.0000000000000000        0.0000000000000000        0.0000000000000000        0.0000000000000000        1.0385626981883491E-002   0.0000000000000000        0.0000000000000000        0.0000000000000000        1.0385626981883491E-002
 ZTHERM   300.00000000000000        1.0000000000000000        0.0000000000000000        1009.4607562138967        0.0000000000000000        0.0000000000000000        0.0000000000000000        0.0000000000000000       0.39776897907974956        0.0000000000000000        0.0000000000000000        0.0000000000000000       0.39776897907974956     
 ZTHERM   2655.0308744676445        1.0000000000000000        0.0000000000000000        1109.2713582800482        0.0000000000000000        0.0000000000000000        0.0000000000000000        0.0000000000000000        1.5325424707333255E-002   0.0000000000000000        0.0000000000000000        0.0000000000000000        1.5325424707333255E-002
 ZTHERM   300.00000000000000        1.0000000000000000        0.0000000000000000        1109.2713582800482        0.0000000000000000        0.0000000000000000        0.0000000000000000        0.0000000000000000       0.51487286809886645        0.0000000000000000        0.0000000000000000        0.0000000000000000       0.51487286809886645     
 ZTHERM   2655.0308744676445        1.0000000000000000        0.0000000000000000        1269.9958650841884        0.0000000000000000        0.0000000000000000        0.0000000000000000        0.0000000000000000        3.3830001331094470E-002   0.0000000000000000        0.0000000000000000        0.0000000000000000        3.3830001331094470E-002
 ZTHERM   300.00000000000000        1.0000000000000000        0.0000000000000000        1269.9958650841884        0.0000000000000000        0.0000000000000000        0.0000000000000000        0.0000000000000000       0.90782661714203228        0.0000000000000000        0.0000000000000000        0.0000000000000000       0.90782661714203228     
 ZTHERM   2655.0308744676445        1.0000000000000000        0.0000000000000000        1072.6257078342064        0.0000000000000000        0.0000000000000000        0.0000000000000000        0.0000000000000000        7.5542504024398950E-003   0.0000000000000000        0.0000000000000000        0.0000000000000000        7.5542504024398950E-003
 ZTHERM   300.00000000000000        1.0000000000000000        0.0000000000000000        1072.6257078342064        0.0000000000000000        0.0000000000000000        0.0000000000000000        0.0000000000000000       0.26652387872069999        0.0000000000000000        0.0000000000000000        0.0000000000000000       0.26652387872069999     
 ZTHERM   2655.0308744676445        1.0000000000000000        0.0000000000000000        794.13510834405258        0.0000000000000000        0.0000000000000000        0.0000000000000000        0.0000000000000000        3.1570254969010003E-003   0.0000000000000000        0.0000000000000000        0.0000000000000000        3.1570254969010003E-003
 ZTHERM   300.00000000000000        1.0000000000000000        0.0000000000000000        794.13510834405258        0.0000000000000000        0.0000000000000000        0.0000000000000000        0.0000000000000000       0.15601514874082628        0.0000000000000000        0.0000000000000000        0.0000000000000000       0.15601514874082628     
 ZTHERM   2655.0308744676445        1.0000000000000000        0.0000000000000000        1157.6884626487583        0.0000000000000000        0.0000000000000000        0.0000000000000000        0.0000000000000000        1.2540856355758209E-002   0.0000000000000000        0.0000000000000000        0.0000000000000000        1.2540856355758209E-002
 ZTHERM   300.00000000000000        1.0000000000000000        0.0000000000000000        1157.6884626487583        0.0000000000000000        0.0000000000000000        0.0000000000000000        0.0000000000000000       0.39439383107259968        0.0000000000000000        0.0000000000000000        0.0000000000000000       0.39439383107259968     
 ZTHERM   2655.0308744676445        1.0000000000000000        0.0000000000000000        868.55727746612490        0.0000000000000000        0.0000000000000000        0.0000000000000000        0.0000000000000000        7.0956090433456085E-003   0.0000000000000000        0.0000000000000000        0.0000000000000000        7.0956090433456085E-003
 ZTHERM   300.00000000000000        1.0000000000000000        0.0000000000000000        868.55727746612490        0.0000000000000000        0.0000000000000000        0.0000000000000000        0.0000000000000000       0.32261613040703563        0.0000000000000000        0.0000000000000000        0.0000000000000000       0.32261613040703563     
 ZTHERM   2655.0308744676445        1.0000000000000000        0.0000000000000000        1143.4721144190505        0.0000000000000000        0.0000000000000000        0.0000000000000000        0.0000000000000000        1.0326522363791061E-002   0.0000000000000000        0.0000000000000000        0.0000000000000000        1.0326522363791061E-002
 ZTHERM   300.00000000000000        1.0000000000000000        0.0000000000000000        1143.4721144190505        0.0000000000000000        0.0000000000000000        0.0000000000000000        0.0000000000000000       0.33116742193507098        0.0000000000000000        0.0000000000000000        0.0000000000000000       0.33116742193507098     
 ZTHERM   2655.0308744676445        1.0000000000000000        0.0000000000000000        864.90485409865516        0.0000000000000000        0.0000000000000000        0.0000000000000000        0.0000000000000000        7.5701453108814112E-003   0.0000000000000000        0.0000000000000000        0.0000000000000000        7.5701453108814112E-003
 ZTHERM   300.00000000000000        1.0000000000000000        0.0000000000000000        864.90485409865516        0.0000000000000000        0.0000000000000000        0.0000000000000000        0.0000000000000000       0.34564532509648688        0.0000000000000000        0.0000000000000000        0.0000000000000000       0.34564532509648688     
 ZTHERM   2655.0308744676445        1.0000000000000000        0.0000000000000000        1200.1166153891918        0.0000000000000000        0.0000000000000000        0.0000000000000000        0.0000000000000000        1.4657223451496251E-002   0.0000000000000000        0.0000000000000000        0.0000000000000000        1.4657223451496251E-002
 ZTHERM   300.00000000000000        1.0000000000000000        0.0000000000000000        1200.1166153891918        0.0000000000000000        0.0000000000000000        0.0000000000000000        0.0000000000000000       0.43450394948467280        0.0000000000000000        0.0000000000000000        0.0000000000000000       0.43450394948467280     
 ZTHERM   2655.0308744676445        1.0000000000000000        0.0000000000000000        982.98015435993022        0.0000000000000000        0.0000000000000000        0.0000000000000000        0.0000000000000000        9.8812996662049936E-003   0.0000000000000000        0.0000000000000000        0.0000000000000000        9.8812996662049936E-003
 ZTHERM   300.00000000000000        1.0000000000000000        0.0000000000000000        982.98015435993022        0.0000000000000000        0.0000000000000000        0.0000000000000000        0.0000000000000000       0.39134941756673408        0.0000000000000000        0.0000000000000000        0.0000000000000000       0.39134941756673408     
 ZTHERM   2655.0308744676445        1.0000000000000000        0.0000000000000000        1254.4825370165752        0.0000000000000000        0.0000000000000000        0.0000000000000000        0.0000000000000000        2.0390251059421723E-002   0.0000000000000000        0.0000000000000000        0.0000000000000000        2.0390251059421723E-002
 ZTHERM   300.00000000000000        1.0000000000000000        0.0000000000000000        1254.4825370165752        0.0000000000000000        0.0000000000000000        0.0000000000000000        0.0000000000000000       0.55952875790719359        0.0000000000000000        0.0000000000000000        0.0000000000000000       0.55952875790719359     
 ZTHERM   2655.0308744676445        1.0000000000000000        0.0000000000000000        954.64833637531899        0.0000000000000000        0.0000000000000000        0.0000000000000000        0.0000000000000000        1.2854452707617413E-002   0.0000000000000000        0.0000000000000000        0.0000000000000000        1.2854452707617413E-002
 ZTHERM   300.00000000000000        1.0000000000000000        0.0000000000000000        954.64833637531899        0.0000000000000000        0.0000000000000000        0.0000000000000000        0.0000000000000000       0.52735335618159218        0.0000000000000000        0.0000000000000000        0.0000000000000000       0.52735335618159218     
 ZTHERM   2655.0308744676445        1.0000000000000000        0.0000000000000000        990.05998981619337        0.0000000000000000        0.0000000000000000        0.0000000000000000        0.0000000000000000        9.3712017560759232E-003   0.0000000000000000        0.0000000000000000        0.0000000000000000        9.3712017560759232E-003
 ZTHERM   300.00000000000000        1.0000000000000000        0.0000000000000000        990.05998981619337        0.0000000000000000        0.0000000000000000        0.0000000000000000        0.0000000000000000       0.36785688079986645        0.0000000000000000        0.0000000000000000        0.0000000000000000       0.36785688079986645     
 ZTHERM   2655.0308744676445        1.0000000000000000        0.0000000000000000        1285.9099401072970        0.0000000000000000        0.0000000000000000        0.0000000000000000        0.0000000000000000        2.9641882780334479E-002   0.0000000000000000        0.0000000000000000        0.0000000000000000        2.9641882780334479E-002
 ZTHERM   300.00000000000000        1.0000000000000000        0.0000000000000000        1285.9099401072970        0.0000000000000000        0.0000000000000000        0.0000000000000000        0.0000000000000000       0.77732250507841671        0.0000000000000000        0.0000000000000000        0.0000000000000000       0.77732250507841671     
 ZTHERM   2655.0308744676445        1.0000000000000000        0.0000000000000000        1053.0328487489155        0.0000000000000000        0.0000000000000000        0.0000000000000000        0.0000000000000000        2.0104277068547709E-002   0.0000000000000000        0.0000000000000000        0.0000000000000000        2.0104277068547709E-002
 ZTHERM   300.00000000000000        1.0000000000000000        0.0000000000000000        1053.0328487489155        0.0000000000000000        0.0000000000000000        0.0000000000000000        0.0000000000000000       0.72782956089251039        0.0000000000000000        0.0000000000000000        0.0000000000000000       0.72782956089251039     
 ZTHERM   2655.0308744676445        1.0000000000000000        0.0000000000000000        1243.7739594408044        0.0000000000000000        0.0000000000000000        0.0000000000000000        0.0000000000000000        2.7648077824372109E-002   0.0000000000000000        0.0000000000000000        0.0000000000000000        2.7648077824372109E-002
 ZTHERM   300.00000000000000        1.0000000000000000        0.0000000000000000        1243.7739594408044        0.0000000000000000        0.0000000000000000        0.0000000000000000        0.0000000000000000       0.77042003938498460        0.0000000000000000        0.0000000000000000        0.0000000000000000       0.77042003938498460     
 ZTHERM   2655.0308744676445        1.0000000000000000        0.0000000000000000        980.96325161350853        0.0000000000000000        0.0000000000000000        0.0000000000000000        0.0000000000000000        1.6960049377956005E-002   0.0000000000000000        0.0000000000000000        0.0000000000000000        1.6960049377956005E-002
 ZTHERM   300.00000000000000        1.0000000000000000        0.0000000000000000        980.96325161350853        0.0000000000000000        0.0000000000000000        0.0000000000000000        0.0000000000000000       0.67340473340139551        0.0000000000000000        0.0000000000000000        0.0000000000000000       0.67340473340139551     
 ZTHERM   2655.0308744676445        1.0000000000000000        0.0000000000000000        1150.0468831682372        0.0000000000000000        0.0000000000000000        0.0000000000000000        0.0000000000000000        2.3244828395316504E-002   0.0000000000000000        0.0000000000000000        0.0000000000000000        2.3244828395316504E-002
 ZTHERM   300.00000000000000        1.0000000000000000        0.0000000000000000        1150.0468831682372        0.0000000000000000        0.0000000000000000        0.0000000000000000        0.0000000000000000       0.73875431090178234        0.0000000000000000        0.0000000000000000        0.0000000000000000       0.73875431090178234     
 ZTHERM   2655.0308744676445        1.0000000000000000        0.0000000000000000        1120.3468464758046        0.0000000000000000        0.0000000000000000        0.0000000000000000        0.0000000000000000        2.2287111493659854E-002   0.0000000000000000        0.0000000000000000        0.0000000000000000        2.2287111493659854E-002
 ZTHERM   300.00000000000000        1.0000000000000000        0.0000000000000000        1120.3468464758046        0.0000000000000000        0.0000000000000000        0.0000000000000000        0.0000000000000000       0.73762957048716993        0.0000000000000000        0.0000000000000000        0.0000000000000000       0.73762957048716993     
 ZTHERM   2655.0308744676445        1.0000000000000000        0.0000000000000000        1096.0937413443817        0.0000000000000000        0.0000000000000000        0.0000000000000000        0.0000000000000000        2.1595053625881152E-002   0.0000000000000000        0.0000000000000000        0.0000000000000000        2.1595053625881152E-002
 ZTHERM   300.00000000000000        1.0000000000000000        0.0000000000000000        1096.0937413443817        0.0000000000000000        0.0000000000000000        0.0000000000000000        0.0000000000000000       0.73846885871021406        0.0000000000000000        0.0000000000000000        0.0000000000000000       0.73846885871021406     
 ZTHERM   2655.0308744676445        1.0000000000000000        0.0000000000000000        1341.9348775673614        0.0000000000000000        0.0000000000000000        0.0000000000000000        0.0000000000000000        2.9533970425002904E-002   0.0000000000000000        0.0000000000000000        0.0000000000000000        2.9533970425002904E-002
 ZTHERM   300.00000000000000        1.0000000000000000        0.0000000000000000        1341.9348775673614        0.0000000000000000        0.0000000000000000        0.0000000000000000        0.0000000000000000       0.71345456490453163        0.0000000000000000        0.0000000000000000        0.0000000000000000       0.71345456490453163     
 ZTHERM   2655.0308744676445        1.0000000000000000        0.0000000000000000        1109.5579128193149        0.0000000000000000        0.0000000000000000        0.0000000000000000        0.0000000000000000        2.0297746678343647E-002   0.0000000000000000        0.0000000000000000        0.0000000000000000        2.0297746678343647E-002
 ZTHERM   300.00000000000000        1.0000000000000000        0.0000000000000000        1109.5579128193149        0.0000000000000000        0.0000000000000000        0.0000000000000000        0.0000000000000000       0.68165953768561560        0.0000000000000000        0.0000000000000000        0.0000000000000000       0.68165953768561560     
 ZTHERM   2655.0308744676445        1.0000000000000000        0.0000000000000000        1133.9217325357547        0.0000000000000000        0.0000000000000000        0.0000000000000000        0.0000000000000000        2.4182498694075710E-002   0.0000000000000000        0.0000000000000000        0.0000000000000000        2.4182498694075710E-002
 ZTHERM   300.00000000000000        1.0000000000000000        0.0000000000000000        1133.9217325357547        0.0000000000000000        0.0000000000000000        0.0000000000000000        0.0000000000000000       0.78571883830430955        0.0000000000000000        0.0000000000000000        0.0000000000000000       0.78571883830430955     
 ZTHERM   2655.0308744676445        1.0000000000000000        0.0000000000000000        1058.2503263495555        0.0000000000000000        0.0000000000000000        0.0000000000000000        0.0000000000000000        1.7527753233803314E-002   0.0000000000000000        0.0000000000000000        0.0000000000000000        1.7527753233803314E-002
 ZTHERM   300.00000000000000        1.0000000000000000        0.0000000000000000        1058.2503263495555        0.0000000000000000        0.0000000000000000        0.0000000000000000        0.0000000000000000       0.63022800617555053        0.0000000000000000        0.0000000000000000        0.0000000000000000       0.63022800617555053     
 ZTHERM   2655.0308744676445        1.0000000000000000        0.0000000000000000        1090.8831479557102        0.0000000000000000        0.0000000000000000        0.0000000000000000        0.0000000000000000        1.9602488332137385E-002   0.0000000000000000        0.0000000000000000        0.0000000000000000        1.9602488332137385E-002
 ZTHERM   300.00000000000000        1.0000000000000000        0.0000000000000000        1090.8831479557102        0.0000000000000000        0.0000000000000000        0.0000000000000000        0.0000000000000000       0.67501860821474224        0.0000000000000000        0.0000000000000000        0.0000000000000000       0.67501860821474224     
 ZTHERM   2655.0308744676445        1.0000000000000000        0.0000000000000000        1243.2929894877457        0.0000000000000000        0.0000000000000000        0.0000000000000000        0.0000000000000000        2.6934975222745034E-002   0.0000000000000000        0.0000000000000000        0.0000000000000000        2.6934975222745034E-002
 ZTHERM   300.00000000000000        1.0000000000000000        0.0000000000000000        1243.2929894877457        0.0000000000000000        0.0000000000000000        0.0000000000000000        0.0000000000000000       0.75106553905168671        0.0000000000000000        0.0000000000000000        0.0000000000000000       0.75106553905168671     
 ZTHERM   2655.0308744676445        1.0000000000000000        0.0000000000000000        1071.8162894948803        0.0000000000000000        0.0000000000000000        0.0000000000000000        0.0000000000000000        2.0094365762129383E-002   0.0000000000000000        0.0000000000000000        0.0000000000000000        2.0094365762129383E-002
 ZTHERM   300.00000000000000        1.0000000000000000        0.0000000000000000        1071.8162894948803        0.0000000000000000        0.0000000000000000        0.0000000000000000        0.0000000000000000       0.70971498097688945        0.0000000000000000        0.0000000000000000        0.0000000000000000       0.70971498097688945     
 ZTHERM   2655.0308744676445        1.0000000000000000        0.0000000000000000        1053.3608204738127        0.0000000000000000        0.0000000000000000        0.0000000000000000        0.0000000000000000        1.9494902239998516E-002   0.0000000000000000        0.0000000000000000        0.0000000000000000        1.9494902239998516E-002
 ZTHERM   300.00000000000000        1.0000000000000000        0.0000000000000000        1053.3608204738127        0.0000000000000000        0.0000000000000000        0.0000000000000000        0.0000000000000000       0.70546563744437907        0.0000000000000000        0.0000000000000000        0.0000000000000000       0.70546563744437907     
 ZTHERM   2655.0308744676445        1.0000000000000000        0.0000000000000000        879.72270043846618        0.0000000000000000        0.0000000000000000        0.0000000000000000        0.0000000000000000        1.4361011238872956E-002   0.0000000000000000        0.0000000000000000        0.0000000000000000        1.4361011238872956E-002
 ZTHERM   300.00000000000000        1.0000000000000000        0.0000000000000000        879.72270043846618        0.0000000000000000        0.0000000000000000        0.0000000000000000        0.0000000000000000       0.64454546217385478        0.0000000000000000        0.0000000000000000        0.0000000000000000       0.64454546217385478     
 ZTHERM   2655.0308744676445        1.0000000000000000        0.0000000000000000        1064.9665516654038        0.0000000000000000        0.0000000000000000        0.0000000000000000        0.0000000000000000        1.9478220333856593E-002   0.0000000000000000        0.0000000000000000        0.0000000000000000        1.9478220333856593E-002
 ZTHERM   300.00000000000000        1.0000000000000000        0.0000000000000000        1064.9665516654038        0.0000000000000000        0.0000000000000000        0.0000000000000000        0.0000000000000000       0.69420097086606214        0.0000000000000000        0.0000000000000000        0.0000000000000000       0.69420097086606214     
 ZTHERM   2655.0308744676445        1.0000000000000000        0.0000000000000000        1262.7895175834401        0.0000000000000000        0.0000000000000000        0.0000000000000000        0.0000000000000000        2.5493904474261499E-002   0.0000000000000000        0.0000000000000000        0.0000000000000000        2.5493904474261499E-002
 ZTHERM   300.00000000000000        1.0000000000000000        0.0000000000000000        1262.7895175834401        0.0000000000000000        0.0000000000000000        0.0000000000000000        0.0000000000000000       0.69127277852277169        0.0000000000000000        0.0000000000000000        0.0000000000000000       0.69127277852277169     
 ZTHERM   2655.0308744676445        1.0000000000000000        0.0000000000000000        1145.8701476338374        0.0000000000000000        0.0000000000000000        0.0000000000000000        0.0000000000000000        2.1049512335898520E-002   0.0000000000000000        0.0000000000000000        0.0000000000000000        2.1049512335898520E-002
 ZTHERM   300.00000000000000        1.0000000000000000        0.0000000000000000        1145.8701476338374        0.0000000000000000        0.0000000000000000        0.0000000000000000        0.0000000000000000       0.67283294355290235        0.0000000000000000        0.0000000000000000        0.0000000000000000       0.67283294355290235     
 ZTHERM   2655.0308744676445        1.0000000000000000        0.0000000000000000        1229.7812804873165        0.0000000000000000        0.0000000000000000        0.0000000000000000        0.0000000000000000        2.4201461151254103E-002   0.0000000000000000        0.0000000000000000        0.0000000000000000        2.4201461151254103E-002
 ZTHERM   300.00000000000000        1.0000000000000000        0.0000000000000000        1229.7812804873165        0.0000000000000000        0.0000000000000000        0.0000000000000000        0.0000000000000000       0.68797035114471894        0.0000000000000000        0.0000000000000000        0.0000000000000000       0.68797035114471894     
 ZTHERM   2655.0308744676445        1.0000000000000000        0.0000000000000000        1177.8899878585241        0.0000000000000000        0.0000000000000000        0.0000000000000000        0.0000000000000000        1.9544040039651527E-002   0.0000000000000000        0.0000000000000000        0.0000000000000000        1.9544040039651527E-002
 ZTHERM   300.00000000000000        1.0000000000000000        0.0000000000000000        1177.8899878585241        0.0000000000000000        0.0000000000000000        0.0000000000000000        0.0000000000000000       0.59766534771349900        0.0000000000000000        0.0000000000000000        0.0000000000000000       0.59766534771349900     
 ZTHERM   2655.0308744676445        1.0000000000000000        0.0000000000000000        650.84617002311688        0.0000000000000000        0.0000000000000000        0.0000000000000000        0.0000000000000000        6.0351970462899735E-003   0.0000000000000000        0.0000000000000000        0.0000000000000000        6.0351970462899735E-003
 ZTHERM   300.00000000000000        1.0000000000000000        0.0000000000000000        650.84617002311688        0.0000000000000000        0.0000000000000000        0.0000000000000000        0.0000000000000000       0.34453741776992425        0.0000000000000000        0.0000000000000000        0.0000000000000000       0.34453741776992425     
 ZTHERM   2655.0308744676445        1.0000000000000000        0.0000000000000000        717.01395345063816        0.0000000000000000        0.0000000000000000        0.0000000000000000        0.0000000000000000        7.5566362591759292E-003   0.0000000000000000        0.0000000000000000        0.0000000000000000        7.5566362591759292E-003
 ZTHERM   300.00000000000000        1.0000000000000000        0.0000000000000000        717.01395345063816        0.0000000000000000        0.0000000000000000        0.0000000000000000        0.0000000000000000       0.40471574248705761        0.0000000000000000        0.0000000000000000        0.0000000000000000       0.40471574248705761     
 ZTHERM   2655.0308744676445        1.0000000000000000        0.0000000000000000        1137.7245684328716        0.0000000000000000        0.0000000000000000        0.0000000000000000        0.0000000000000000        1.8249390206777825E-002   0.0000000000000000        0.0000000000000000        0.0000000000000000        1.8249390206777825E-002
 ZTHERM   300.00000000000000        1.0000000000000000        0.0000000000000000        1137.7245684328716        0.0000000000000000        0.0000000000000000        0.0000000000000000        0.0000000000000000       0.58987325017138614        0.0000000000000000        0.0000000000000000        0.0000000000000000       0.58987325017138614     
 ZTHERM   2655.0308744676445        1.0000000000000000        0.0000000000000000        768.60281578016259        0.0000000000000000        0.0000000000000000        0.0000000000000000        0.0000000000000000        9.9583213011636956E-003   0.0000000000000000        0.0000000000000000        0.0000000000000000        9.9583213011636956E-003
 ZTHERM   300.00000000000000        1.0000000000000000        0.0000000000000000        768.60281578016259        0.0000000000000000        0.0000000000000000        0.0000000000000000        0.0000000000000000       0.50575501449788418        0.0000000000000000        0.0000000000000000        0.0000000000000000       0.50575501449788418     
 ZTHERM   2655.0308744676445        1.0000000000000000        0.0000000000000000        875.03494952567803        0.0000000000000000        0.0000000000000000        0.0000000000000000        0.0000000000000000       -2.1475540858335656E-004  -0.0000000000000000       -0.0000000000000000        0.0000000000000000       -2.1475540858335656E-004
 ZTHERM   300.00000000000000        1.0000000000000000        0.0000000000000000        875.03494952567803        0.0000000000000000        0.0000000000000000        0.0000000000000000        0.0000000000000000       -9.6912896674581171E-003  -0.0000000000000000       -0.0000000000000000        0.0000000000000000       -9.6912896674581171E-003
 ZTHERM   2655.0308744676445        1.0000000000000000        0.0000000000000000        982.46568149949314        0.0000000000000000        0.0000000000000000        0.0000000000000000        0.0000000000000000        7.8599902361464399E-004   0.0000000000000000        0.0000000000000000        0.0000000000000000        7.8599902361464399E-004
 ZTHERM   300.00000000000000        1.0000000000000000        0.0000000000000000        982.46568149949314        0.0000000000000000        0.0000000000000000        0.0000000000000000        0.0000000000000000        3.1149634294258551E-002   0.0000000000000000        0.0000000000000000        0.0000000000000000        3.1149634294258551E-002
 ZTHERM   2655.0308744676445        1.0000000000000000        0.0000000000000000        1475.6737758860872        0.0000000000000000        0.0000000000000000        0.0000000000000000        0.0000000000000000        3.2163578725307659E-002   0.0000000000000000        0.0000000000000000        0.0000000000000000        3.2163578725307659E-002
 ZTHERM   300.00000000000000        1.0000000000000000        0.0000000000000000        1475.6737758860872        0.0000000000000000        0.0000000000000000        0.0000000000000000        0.0000000000000000       0.63526302416955593        0.0000000000000000        0.0000000000000000        0.0000000000000000       0.63526302416955593     
 ZTHERM   2655.0308744676445        1.0000000000000000        0.0000000000000000        1507.8521632699319        0.0000000000000000        0.0000000000000000        0.0000000000000000        0.0000000000000000        3.3991829681236048E-002   0.0000000000000000        0.0000000000000000        0.0000000000000000        3.3991829681236048E-002
 ZTHERM   300.00000000000000        1.0000000000000000        0.0000000000000000        1507.8521632699319        0.0000000000000000        0.0000000000000000        0.0000000000000000        0.0000000000000000       0.63899912593379316        0.0000000000000000        0.0000000000000000        0.0000000000000000       0.63899912593379316     
 ZTHERM   2655.0308744676445        1.0000000000000000        0.0000000000000000        1261.1166333641579        0.0000000000000000        0.0000000000000000        0.0000000000000000        0.0000000000000000        1.5742026571683908E-002   0.0000000000000000        0.0000000000000000        0.0000000000000000        1.5742026571683908E-002
 ZTHERM   300.00000000000000        1.0000000000000000        0.0000000000000000        1261.1166333641579        0.0000000000000000        0.0000000000000000        0.0000000000000000        0.0000000000000000       0.42787757777894286        0.0000000000000000        0.0000000000000000        0.0000000000000000       0.42787757777894286     
 ZTHERM   2655.0308744676445        1.0000000000000000        0.0000000000000000        1050.5394356782197        0.0000000000000000        0.0000000000000000        0.0000000000000000        0.0000000000000000        6.4805263345335817E-003   0.0000000000000000        0.0000000000000000        0.0000000000000000        6.4805263345335817E-003
 ZTHERM   300.00000000000000        1.0000000000000000        0.0000000000000000        1050.5394356782197        0.0000000000000000        0.0000000000000000        0.0000000000000000        0.0000000000000000       0.23537899498052137        0.0000000000000000        0.0000000000000000        0.0000000000000000       0.23537899498052137     
 ZTHERM   2655.0308744676445        1.0000000000000000        0.0000000000000000        613.47569346703654        0.0000000000000000        0.0000000000000000        0.0000000000000000        0.0000000000000000        7.0995487970463957E-003   0.0000000000000000        0.0000000000000000        0.0000000000000000        7.0995487970463957E-003
 ZTHERM   300.00000000000000        1.0000000000000000        0.0000000000000000        613.47569346703654        0.0000000000000000        0.0000000000000000        0.0000000000000000        0.0000000000000000       0.41923959336100225        0.0000000000000000        0.0000000000000000        0.0000000000000000       0.41923959336100225     
 ZTHERM   2655.0308744676445        1.0000000000000000        0.0000000000000000        455.79777016490544        0.0000000000000000        0.0000000000000000        0.0000000000000000        0.0000000000000000        4.2329212849533384E-003   0.0000000000000000        0.0000000000000000        0.0000000000000000        4.2329212849533384E-003
 ZTHERM   300.00000000000000        1.0000000000000000        0.0000000000000000        455.79777016490544        0.0000000000000000        0.0000000000000000        0.0000000000000000        0.0000000000000000       0.28283516559230781        0.0000000000000000        0.0000000000000000        0.0000000000000000       0.28283516559230781     
 ZTHERM   2655.0308744676445        1.0000000000000000        0.0000000000000000        666.63513204963351        0.0000000000000000        0.0000000000000000        0.0000000000000000        0.0000000000000000        9.9771371996064829E-003   0.0000000000000000        0.0000000000000000        0.0000000000000000        9.9771371996064829E-003
 ZTHERM   300.00000000000000        1.0000000000000000        0.0000000000000000        666.63513204963351        0.0000000000000000        0.0000000000000000        0.0000000000000000        0.0000000000000000       0.56121848825057696        0.0000000000000000        0.0000000000000000        0.0000000000000000       0.56121848825057696     
 ZTHERM   2704.5479330693670        1.0000000000000000        0.0000000000000000        857.90992877614542        0.0000000000000000        0.0000000000000000        0.0000000000000000        0.0000000000000000        2.2221180302766860E-003   0.0000000000000000        0.0000000000000000        0.0000000000000000        2.2221180302766860E-003
 ZTHERM   300.00000000000000        1.0000000000000000        0.0000000000000000        857.90992877614542        0.0000000000000000        0.0000000000000000        0.0000000000000000        0.0000000000000000       0.10610021440282685        0.0000000000000000        0.0000000000000000        0.0000000000000000       0.10610021440282685     
 ZTHERM   2704.5479330693670        1.0000000000000000        0.0000000000000000        719.08309999999994        0.0000000000000000        0.0000000000000000        0.0000000000000000        0.0000000000000000        4.0708353051600909E-003   0.0000000000000000        0.0000000000000000        0.0000000000000000        4.0708353051600909E-003
 ZTHERM   300.00000000000000        1.0000000000000000        0.0000000000000000        719.08309999999994        0.0000000000000000        0.0000000000000000        0.0000000000000000        0.0000000000000000       0.22572083406714480        0.0000000000000000        0.0000000000000000        0.0000000000000000       0.22572083406714480     
 ZTHERM   2704.5479330693670        1.0000000000000000        0.0000000000000000        935.86766988637362        0.0000000000000000        0.0000000000000000        0.0000000000000000        0.0000000000000000        4.5019385994557935E-005   0.0000000000000000        0.0000000000000000        0.0000000000000000        4.5019385994557935E-005
 ZTHERM   300.00000000000000        1.0000000000000000        0.0000000000000000        935.86766988637362        0.0000000000000000        0.0000000000000000        0.0000000000000000        0.0000000000000000        1.9603727526775003E-003   0.0000000000000000        0.0000000000000000        0.0000000000000000        1.9603727526775003E-003
 ZTHERM   2704.5479330693670        1.0000000000000000        0.0000000000000000        915.83922290528699        0.0000000000000000        0.0000000000000000        0.0000000000000000        0.0000000000000000        2.3042962260482283E-003   0.0000000000000000        0.0000000000000000        0.0000000000000000        2.3042962260482283E-003
 ZTHERM   300.00000000000000        1.0000000000000000        0.0000000000000000        915.83922290528699        0.0000000000000000        0.0000000000000000        0.0000000000000000        0.0000000000000000       0.10279731576274270        0.0000000000000000        0.0000000000000000        0.0000000000000000       0.10279731576274270     
 ZTHERM   2704.5479330693670        1.0000000000000000        0.0000000000000000        780.90312008344790        0.0000000000000000        0.0000000000000000        0.0000000000000000        0.0000000000000000        9.8511107600688774E-003   0.0000000000000000        0.0000000000000000        0.0000000000000000        9.8511107600688774E-003
 ZTHERM   300.00000000000000        1.0000000000000000        0.0000000000000000        780.90312008344790        0.0000000000000000        0.0000000000000000        0.0000000000000000        0.0000000000000000       0.51228585567803664        0.0000000000000000        0.0000000000000000        0.0000000000000000       0.51228585567803664     
 ZTHERM   2704.5479330693670        1.0000000000000000        0.0000000000000000        879.09484858091184        0.0000000000000000        0.0000000000000000        0.0000000000000000        0.0000000000000000        7.4863423195876575E-004   0.0000000000000000        0.0000000000000000        0.0000000000000000        7.4863423195876575E-004
 ZTHERM   300.00000000000000        1.0000000000000000        0.0000000000000000        879.09484858091184        0.0000000000000000        0.0000000000000000        0.0000000000000000        0.0000000000000000        3.4880532688546052E-002   0.0000000000000000        0.0000000000000000        0.0000000000000000        3.4880532688546052E-002
 ZTHERM   2704.5479330693670        1.0000000000000000        0.0000000000000000        812.21226999999999        0.0000000000000000        0.0000000000000000        0.0000000000000000        0.0000000000000000        7.0322947781427834E-003   0.0000000000000000        0.0000000000000000        0.0000000000000000        7.0322947781427834E-003
 ZTHERM   300.00000000000000        1.0000000000000000        0.0000000000000000        812.21226999999999        0.0000000000000000        0.0000000000000000        0.0000000000000000        0.0000000000000000       0.35347297539714506        0.0000000000000000        0.0000000000000000        0.0000000000000000       0.35347297539714506     
 ZTHERM   2704.5479330693670        1.0000000000000000        0.0000000000000000        677.91886000000000        0.0000000000000000        0.0000000000000000        0.0000000000000000        0.0000000000000000        4.4684795401682088E-003   0.0000000000000000        0.0000000000000000        0.0000000000000000        4.4684795401682088E-003
 ZTHERM   300.00000000000000        1.0000000000000000        0.0000000000000000        677.91886000000000        0.0000000000000000        0.0000000000000000        0.0000000000000000        0.0000000000000000       0.25798772631348649        0.0000000000000000        0.0000000000000000        0.0000000000000000       0.25798772631348649     
 ZTHERM   2704.5479330693670        1.0000000000000000        0.0000000000000000        788.01368000000002        0.0000000000000000        0.0000000000000000        0.0000000000000000        0.0000000000000000        6.6220035701914891E-003   0.0000000000000000        0.0000000000000000        0.0000000000000000        6.6220035701914891E-003
 ZTHERM   300.00000000000000        1.0000000000000000        0.0000000000000000        788.01368000000002        0.0000000000000000        0.0000000000000000        0.0000000000000000        0.0000000000000000       0.34174369768074481        0.0000000000000000        0.0000000000000000        0.0000000000000000       0.34174369768074481     
 ZTHERM   2704.5479330693670        1.0000000000000000        0.0000000000000000        744.48915000000000        0.0000000000000000        0.0000000000000000        0.0000000000000000        0.0000000000000000        5.9145409578801270E-003   0.0000000000000000        0.0000000000000000        0.0000000000000000        5.9145409578801270E-003
 ZTHERM   300.00000000000000        1.0000000000000000        0.0000000000000000        744.48915000000000        0.0000000000000000        0.0000000000000000        0.0000000000000000        0.0000000000000000       0.31957498833725828        0.0000000000000000        0.0000000000000000        0.0000000000000000       0.31957498833725828     
 ZTHERM   2704.5479330693670        1.0000000000000000        0.0000000000000000        1217.4261931380861        0.0000000000000000        0.0000000000000000        0.0000000000000000        0.0000000000000000        2.0513500809704783E-002   0.0000000000000000        0.0000000000000000        0.0000000000000000        2.0513500809704783E-002
 ZTHERM   300.00000000000000        1.0000000000000000        0.0000000000000000        1217.4261931380861        0.0000000000000000        0.0000000000000000        0.0000000000000000        0.0000000000000000       0.61545284968010483        0.0000000000000000        0.0000000000000000        0.0000000000000000       0.61545284968010483     
 ZTHERM   2704.5479330693670        1.0000000000000000        0.0000000000000000        1022.1671374332871        0.0000000000000000        0.0000000000000000        0.0000000000000000        0.0000000000000000        1.4520679275572646E-002   0.0000000000000000        0.0000000000000000        0.0000000000000000        1.4520679275572646E-002
 ZTHERM   300.00000000000000        1.0000000000000000        0.0000000000000000        1022.1671374332871        0.0000000000000000        0.0000000000000000        0.0000000000000000        0.0000000000000000       0.56754661559270403        0.0000000000000000        0.0000000000000000        0.0000000000000000       0.56754661559270403     
 ZTHERM   2704.5479330693670        1.0000000000000000        0.0000000000000000        1143.7094008071551        0.0000000000000000        0.0000000000000000        0.0000000000000000        0.0000000000000000        1.4935812506517744E-002   0.0000000000000000        0.0000000000000000        0.0000000000000000        1.4935812506517744E-002
 ZTHERM   300.00000000000000        1.0000000000000000        0.0000000000000000        1143.7094008071551        0.0000000000000000        0.0000000000000000        0.0000000000000000        0.0000000000000000       0.49661893100600624        0.0000000000000000        0.0000000000000000        0.0000000000000000       0.49661893100600624     
 ZTHERM   2704.5479330693670        1.0000000000000000        0.0000000000000000        1002.5306391744083        0.0000000000000000        0.0000000000000000        0.0000000000000000        0.0000000000000000        1.1068536405228297E-002   0.0000000000000000        0.0000000000000000        0.0000000000000000        1.1068536405228297E-002
 ZTHERM   300.00000000000000        1.0000000000000000        0.0000000000000000        1002.5306391744083        0.0000000000000000        0.0000000000000000        0.0000000000000000        0.0000000000000000       0.44361916598797890        0.0000000000000000        0.0000000000000000        0.0000000000000000       0.44361916598797890     
 ZTHERM   2704.5479330693670        1.0000000000000000        0.0000000000000000        1176.4571755012037        0.0000000000000000        0.0000000000000000        0.0000000000000000        0.0000000000000000        1.5795912420666667E-002   0.0000000000000000        0.0000000000000000        0.0000000000000000        1.5795912420666667E-002
 ZTHERM   300.00000000000000        1.0000000000000000        0.0000000000000000        1176.4571755012037        0.0000000000000000        0.0000000000000000        0.0000000000000000        0.0000000000000000       0.50197784351396624        0.0000000000000000        0.0000000000000000        0.0000000000000000       0.50197784351396624     
 ZTHERM   2704.5479330693670        1.0000000000000000        0.0000000000000000        1097.8249636036062        0.0000000000000000        0.0000000000000000        0.0000000000000000        0.0000000000000000        1.1222764781269589E-002   0.0000000000000000        0.0000000000000000        0.0000000000000000        1.1222764781269589E-002
 ZTHERM   300.00000000000000        1.0000000000000000        0.0000000000000000        1097.8249636036062        0.0000000000000000        0.0000000000000000        0.0000000000000000        0.0000000000000000       0.39712645768705340        0.0000000000000000        0.0000000000000000        0.0000000000000000       0.39712645768705340     
 ZTHERM   2704.5479330693670        1.0000000000000000        0.0000000000000000        1055.8693878047229        0.0000000000000000        0.0000000000000000        0.0000000000000000        0.0000000000000000        5.0219430990192243E-003   0.0000000000000000        0.0000000000000000        0.0000000000000000        5.0219430990192243E-003
 ZTHERM   300.00000000000000        1.0000000000000000        0.0000000000000000        1055.8693878047229        0.0000000000000000        0.0000000000000000        0.0000000000000000        0.0000000000000000       0.18787644108233872        0.0000000000000000        0.0000000000000000        0.0000000000000000       0.18787644108233872     
 ZTHERM   2704.5479330693670        1.0000000000000000        0.0000000000000000        983.36020227730603        0.0000000000000000        0.0000000000000000        0.0000000000000000        0.0000000000000000        8.4343549234148843E-003   0.0000000000000000        0.0000000000000000        0.0000000000000000        8.4343549234148843E-003
 ZTHERM   300.00000000000000        1.0000000000000000        0.0000000000000000        983.36020227730603        0.0000000000000000        0.0000000000000000        0.0000000000000000        0.0000000000000000       0.34633119448777150        0.0000000000000000        0.0000000000000000        0.0000000000000000       0.34633119448777150     
 ZTHERM   2704.5479330693670        1.0000000000000000        0.0000000000000000        1115.1290912263948        0.0000000000000000        0.0000000000000000        0.0000000000000000        0.0000000000000000        1.2928377942028450E-002   0.0000000000000000        0.0000000000000000        0.0000000000000000        1.2928377942028450E-002
 ZTHERM   300.00000000000000        1.0000000000000000        0.0000000000000000        1115.1290912263948        0.0000000000000000        0.0000000000000000        0.0000000000000000        0.0000000000000000       0.44693976277141728        0.0000000000000000        0.0000000000000000        0.0000000000000000       0.44693976277141728     
 ZTHERM   2704.5479330693670        1.0000000000000000        0.0000000000000000        1078.9401782629923        0.0000000000000000        0.0000000000000000        0.0000000000000000        0.0000000000000000        1.0598883702501923E-002   0.0000000000000000        0.0000000000000000        0.0000000000000000        1.0598883702501923E-002
 ZTHERM   300.00000000000000        1.0000000000000000        0.0000000000000000        1078.9401782629923        0.0000000000000000        0.0000000000000000        0.0000000000000000        0.0000000000000000       0.38462362956749452        0.0000000000000000        0.0000000000000000        0.0000000000000000       0.38462362956749452     
 ZTHERM   2704.5479330693670        1.0000000000000000        0.0000000000000000        1110.4940732171301        0.0000000000000000        0.0000000000000000        0.0000000000000000        0.0000000000000000        1.1527315117326424E-002   0.0000000000000000        0.0000000000000000        0.0000000000000000        1.1527315117326424E-002
 ZTHERM   300.00000000000000        1.0000000000000000        0.0000000000000000        1110.4940732171301        0.0000000000000000        0.0000000000000000        0.0000000000000000        0.0000000000000000       0.40100844383932793        0.0000000000000000        0.0000000000000000        0.0000000000000000       0.40100844383932793     
 ZTHERM   2704.5479330693670        1.0000000000000000        0.0000000000000000        992.20018026161551        0.0000000000000000        0.0000000000000000        0.0000000000000000        0.0000000000000000        1.0024581331926090E-002   0.0000000000000000        0.0000000000000000        0.0000000000000000        1.0024581331926090E-002
 ZTHERM   300.00000000000000        1.0000000000000000        0.0000000000000000        992.20018026161551        0.0000000000000000        0.0000000000000000        0.0000000000000000        0.0000000000000000       0.40707170296081385        0.0000000000000000        0.0000000000000000        0.0000000000000000       0.40707170296081385     
 ZTHERM   2704.5479330693670        1.0000000000000000        0.0000000000000000        1109.3901274318803        0.0000000000000000        0.0000000000000000        0.0000000000000000        0.0000000000000000        1.0015426872139247E-002   0.0000000000000000        0.0000000000000000        0.0000000000000000        1.0015426872139247E-002
 ZTHERM   300.00000000000000        1.0000000000000000        0.0000000000000000        1109.3901274318803        0.0000000000000000        0.0000000000000000        0.0000000000000000        0.0000000000000000       0.34893282193428377        0.0000000000000000        0.0000000000000000        0.0000000000000000       0.34893282193428377     
 ZTHERM   2704.5479330693670        1.0000000000000000        0.0000000000000000        1093.1411193997642        0.0000000000000000        0.0000000000000000        0.0000000000000000        0.0000000000000000        1.0218933354640792E-002   0.0000000000000000        0.0000000000000000        0.0000000000000000        1.0218933354640792E-002
 ZTHERM   300.00000000000000        1.0000000000000000        0.0000000000000000        1093.1411193997642        0.0000000000000000        0.0000000000000000        0.0000000000000000        0.0000000000000000       0.36388120431803350        0.0000000000000000        0.0000000000000000        0.0000000000000000       0.36388120431803350     
 ZTHERM   2704.5479330693670        1.0000000000000000        0.0000000000000000        1238.6902347671337        0.0000000000000000        0.0000000000000000        0.0000000000000000        0.0000000000000000        2.3884860729379589E-002   0.0000000000000000        0.0000000000000000        0.0000000000000000        2.3884860729379589E-002
 ZTHERM   300.00000000000000        1.0000000000000000        0.0000000000000000        1238.6902347671337        0.0000000000000000        0.0000000000000000        0.0000000000000000        0.0000000000000000       0.69525694959488449        0.0000000000000000        0.0000000000000000        0.0000000000000000       0.69525694959488449     
 ZTHERM   2704.5479330693670        1.0000000000000000        0.0000000000000000        1020.2042629650956        0.0000000000000000        0.0000000000000000        0.0000000000000000        0.0000000000000000        1.0108487255857683E-002   0.0000000000000000        0.0000000000000000        0.0000000000000000        1.0108487255857683E-002
 ZTHERM   300.00000000000000        1.0000000000000000        0.0000000000000000        1020.2042629650956        0.0000000000000000        0.0000000000000000        0.0000000000000000        0.0000000000000000       0.39609258887963328        0.0000000000000000        0.0000000000000000        0.0000000000000000       0.39609258887963328     
 ZTHERM   2704.5479330693670        1.0000000000000000        0.0000000000000000        1124.3989623861992        0.0000000000000000        0.0000000000000000        0.0000000000000000        0.0000000000000000        1.5023967837043998E-002   0.0000000000000000        0.0000000000000000        0.0000000000000000        1.5023967837043998E-002
 ZTHERM   300.00000000000000        1.0000000000000000        0.0000000000000000        1124.3989623861992        0.0000000000000000        0.0000000000000000        0.0000000000000000        0.0000000000000000       0.51289709341259393        0.0000000000000000        0.0000000000000000        0.0000000000000000       0.51289709341259393     
 ZTHERM   2704.5479330693670        1.0000000000000000        0.0000000000000000        1298.9163507098174        0.0000000000000000        0.0000000000000000        0.0000000000000000        0.0000000000000000        3.3723290471179050E-002   0.0000000000000000        0.0000000000000000        0.0000000000000000        3.3723290471179050E-002
 ZTHERM   300.00000000000000        1.0000000000000000        0.0000000000000000        1298.9163507098174        0.0000000000000000        0.0000000000000000        0.0000000000000000        0.0000000000000000       0.89988967361273287        0.0000000000000000        0.0000000000000000        0.0000000000000000       0.89988967361273287     
 ZTHERM   2704.5479330693670        1.0000000000000000        0.0000000000000000        1081.0501008980432        0.0000000000000000        0.0000000000000000        0.0000000000000000        0.0000000000000000        7.1592066215293701E-003   0.0000000000000000        0.0000000000000000        0.0000000000000000        7.1592066215293701E-003
 ZTHERM   300.00000000000000        1.0000000000000000        0.0000000000000000        1081.0501008980432        0.0000000000000000        0.0000000000000000        0.0000000000000000        0.0000000000000000       0.25907353417555196        0.0000000000000000        0.0000000000000000        0.0000000000000000       0.25907353417555196     
 ZTHERM   2704.5479330693670        1.0000000000000000        0.0000000000000000        798.26456418789883        0.0000000000000000        0.0000000000000000        0.0000000000000000        0.0000000000000000        2.8786025776270860E-003   0.0000000000000000        0.0000000000000000        0.0000000000000000        2.8786025776270860E-003
 ZTHERM   300.00000000000000        1.0000000000000000        0.0000000000000000        798.26456418789883        0.0000000000000000        0.0000000000000000        0.0000000000000000        0.0000000000000000       0.14691727669098964        0.0000000000000000        0.0000000000000000        0.0000000000000000       0.14691727669098964     
 ZTHERM   2704.5479330693670        1.0000000000000000        0.0000000000000000        1170.0046741472240        0.0000000000000000        0.0000000000000000        0.0000000000000000        0.0000000000000000        1.2077044462767764E-002   0.0000000000000000        0.0000000000000000        0.0000000000000000        1.2077044462767764E-002
 ZTHERM   300.00000000000000        1.0000000000000000        0.0000000000000000        1170.0046741472240        0.0000000000000000        0.0000000000000000        0.0000000000000000        0.0000000000000000       0.38725406988118038        0.0000000000000000        0.0000000000000000        0.0000000000000000       0.38725406988118038     
 ZTHERM   2704.5479330693670        1.0000000000000000        0.0000000000000000        877.78542249292366        0.0000000000000000        0.0000000000000000        0.0000000000000000        0.0000000000000000        6.8324997590400423E-003   0.0000000000000000        0.0000000000000000        0.0000000000000000        6.8324997590400423E-003
 ZTHERM   300.00000000000000        1.0000000000000000        0.0000000000000000        877.78542249292366        0.0000000000000000        0.0000000000000000        0.0000000000000000        0.0000000000000000       0.31882743539726116        0.0000000000000000        0.0000000000000000        0.0000000000000000       0.31882743539726116     
 ZTHERM   2704.5479330693670        1.0000000000000000        0.0000000000000000        1153.2224860221686        0.0000000000000000        0.0000000000000000        0.0000000000000000        0.0000000000000000        9.8218336301988465E-003   0.0000000000000000        0.0000000000000000        0.0000000000000000        9.8218336301988465E-003
 ZTHERM   300.00000000000000        1.0000000000000000        0.0000000000000000        1153.2224860221686        0.0000000000000000        0.0000000000000000        0.0000000000000000        0.0000000000000000       0.32233497053690402        0.0000000000000000        0.0000000000000000        0.0000000000000000       0.32233497053690402     
 ZTHERM   2704.5479330693670        1.0000000000000000        0.0000000000000000        873.89655141965977        0.0000000000000000        0.0000000000000000        0.0000000000000000        0.0000000000000000        7.2818050896434894E-003   0.0000000000000000        0.0000000000000000        0.0000000000000000        7.2818050896434894E-003
 ZTHERM   300.00000000000000        1.0000000000000000        0.0000000000000000        873.89655141965977        0.0000000000000000        0.0000000000000000        0.0000000000000000        0.0000000000000000       0.34133358321104529        0.0000000000000000        0.0000000000000000        0.0000000000000000       0.34133358321104529     
 ZTHERM   2704.5479330693670        1.0000000000000000        0.0000000000000000        1211.2370319937036        0.0000000000000000        0.0000000000000000        0.0000000000000000        0.0000000000000000        1.4118933990016642E-002   0.0000000000000000        0.0000000000000000        0.0000000000000000        1.4118933990016642E-002
 ZTHERM   300.00000000000000        1.0000000000000000        0.0000000000000000        1211.2370319937036        0.0000000000000000        0.0000000000000000        0.0000000000000000        0.0000000000000000       0.42732523330216532        0.0000000000000000        0.0000000000000000        0.0000000000000000       0.42732523330216532     
 ZTHERM   2704.5479330693670        1.0000000000000000        0.0000000000000000        992.09201074040789        0.0000000000000000        0.0000000000000000        0.0000000000000000        0.0000000000000000        9.5175793809328200E-003   0.0000000000000000        0.0000000000000000        0.0000000000000000        9.5175793809328200E-003
 ZTHERM   300.00000000000000        1.0000000000000000        0.0000000000000000        992.09201074040789        0.0000000000000000        0.0000000000000000        0.0000000000000000        0.0000000000000000       0.38653649659574002        0.0000000000000000        0.0000000000000000        0.0000000000000000       0.38653649659574002     
 ZTHERM   2704.5479330693670        1.0000000000000000        0.0000000000000000        1271.3185127230524        0.0000000000000000        0.0000000000000000        0.0000000000000000        0.0000000000000000        1.9920603965645715E-002   0.0000000000000000        0.0000000000000000        0.0000000000000000        1.9920603965645715E-002
 ZTHERM   300.00000000000000        1.0000000000000000        0.0000000000000000        1271.3185127230524        0.0000000000000000        0.0000000000000000        0.0000000000000000        0.0000000000000000       0.55330850049355096        0.0000000000000000        0.0000000000000000        0.0000000000000000       0.55330850049355096     
 ZTHERM   2704.5479330693670        1.0000000000000000        0.0000000000000000        969.15786253297119        0.0000000000000000        0.0000000000000000        0.0000000000000000        0.0000000000000000        1.2575752307942173E-002   0.0000000000000000        0.0000000000000000        0.0000000000000000        1.2575752307942173E-002
 ZTHERM   300.00000000000000        1.0000000000000000        0.0000000000000000        969.15786253297119        0.0000000000000000        0.0000000000000000        0.0000000000000000        0.0000000000000000       0.52563498710546563        0.0000000000000000        0.0000000000000000        0.0000000000000000       0.52563498710546563     
 ZTHERM   2704.5479330693670        1.0000000000000000        0.0000000000000000        999.80198462958185        0.0000000000000000        0.0000000000000000        0.0000000000000000        0.0000000000000000        9.0037121065652641E-003   0.0000000000000000        0.0000000000000000        0.0000000000000000        9.0037121065652641E-003
 ZTHERM   300.00000000000000        1.0000000000000000        0.0000000000000000        999.80198462958185        0.0000000000000000        0.0000000000000000        0.0000000000000000        0.0000000000000000       0.36211521286626236        0.0000000000000000        0.0000000000000000        0.0000000000000000       0.36211521286626236     
 ZTHERM   2704.5479330693670        1.0000000000000000        0.0000000000000000        1309.1980678302332        0.0000000000000000        0.0000000000000000        0.0000000000000000        0.0000000000000000        2.9364588352297414E-002   0.0000000000000000        0.0000000000000000        0.0000000000000000        2.9364588352297414E-002
 ZTHERM   300.00000000000000        1.0000000000000000        0.0000000000000000        1309.1980678302332        0.0000000000000000        0.0000000000000000        0.0000000000000000        0.0000000000000000       0.77189266195016792        0.0000000000000000        0.0000000000000000        0.0000000000000000       0.77189266195016792     
 ZTHERM   2704.5479330693670        1.0000000000000000        0.0000000000000000        1071.9604507184549        0.0000000000000000        0.0000000000000000        0.0000000000000000        0.0000000000000000        1.9911117450660907E-002   0.0000000000000000        0.0000000000000000        0.0000000000000000        1.9911117450660907E-002
 ZTHERM   300.00000000000000        1.0000000000000000        0.0000000000000000        1071.9604507184549        0.0000000000000000        0.0000000000000000        0.0000000000000000        0.0000000000000000       0.72927256362576509        0.0000000000000000        0.0000000000000000        0.0000000000000000       0.72927256362576509     
 ZTHERM   2704.5479330693670        1.0000000000000000        0.0000000000000000        1266.6188760269449        0.0000000000000000        0.0000000000000000        0.0000000000000000        0.0000000000000000        2.7400758020631088E-002   0.0000000000000000        0.0000000000000000        0.0000000000000000        2.7400758020631088E-002
 ZTHERM   300.00000000000000        1.0000000000000000        0.0000000000000000        1266.6188760269449        0.0000000000000000        0.0000000000000000        0.0000000000000000        0.0000000000000000       0.76625738339090377        0.0000000000000000        0.0000000000000000        0.0000000000000000       0.76625738339090377     
 ZTHERM   2704.5479330693670        1.0000000000000000        0.0000000000000000        999.71038900566020        0.0000000000000000        0.0000000000000000        0.0000000000000000        0.0000000000000000        1.6829903301420531E-002   0.0000000000000000        0.0000000000000000        0.0000000000000000        1.6829903301420531E-002
 ZTHERM   300.00000000000000        1.0000000000000000        0.0000000000000000        999.71038900566020        0.0000000000000000        0.0000000000000000        0.0000000000000000        0.0000000000000000       0.67695105439523540        0.0000000000000000        0.0000000000000000        0.0000000000000000       0.67695105439523540     
 ZTHERM   2704.5479330693670        1.0000000000000000        0.0000000000000000        1172.1016774184882        0.0000000000000000        0.0000000000000000        0.0000000000000000        0.0000000000000000        2.3068493278413347E-002   0.0000000000000000        0.0000000000000000        0.0000000000000000        2.3068493278413347E-002
 ZTHERM   300.00000000000000        1.0000000000000000        0.0000000000000000        1172.1016774184882        0.0000000000000000        0.0000000000000000        0.0000000000000000        0.0000000000000000       0.73754710954192992        0.0000000000000000        0.0000000000000000        0.0000000000000000       0.73754710954192992     
 ZTHERM   2704.5479330693670        1.0000000000000000        0.0000000000000000        1141.3341659306654        0.0000000000000000        0.0000000000000000        0.0000000000000000        0.0000000000000000        2.2101518502367752E-002   0.0000000000000000        0.0000000000000000        0.0000000000000000        2.2101518502367752E-002
 ZTHERM   300.00000000000000        1.0000000000000000        0.0000000000000000        1141.3341659306654        0.0000000000000000        0.0000000000000000        0.0000000000000000        0.0000000000000000       0.73727703094845554        0.0000000000000000        0.0000000000000000        0.0000000000000000       0.73727703094845554     
 ZTHERM   2704.5479330693670        1.0000000000000000        0.0000000000000000        1115.8013401368589        0.0000000000000000        0.0000000000000000        0.0000000000000000        0.0000000000000000        2.1389116881142346E-002   0.0000000000000000        0.0000000000000000        0.0000000000000000        2.1389116881142346E-002
 ZTHERM   300.00000000000000        1.0000000000000000        0.0000000000000000        1115.8013401368589        0.0000000000000000        0.0000000000000000        0.0000000000000000        0.0000000000000000       0.73875890892884877        0.0000000000000000        0.0000000000000000        0.0000000000000000       0.73875890892884877     
 ZTHERM   2704.5479330693670        1.0000000000000000        0.0000000000000000        1364.8153197636195        0.0000000000000000        0.0000000000000000        0.0000000000000000        0.0000000000000000        2.9078746583414389E-002   0.0000000000000000        0.0000000000000000        0.0000000000000000        2.9078746583414389E-002
 ZTHERM   300.00000000000000        1.0000000000000000        0.0000000000000000        1364.8153197636195        0.0000000000000000        0.0000000000000000        0.0000000000000000        0.0000000000000000       0.70410071023889464        0.0000000000000000        0.0000000000000000        0.0000000000000000       0.70410071023889464     
 ZTHERM   2704.5479330693670        1.0000000000000000        0.0000000000000000        1128.4423085281192        0.0000000000000000        0.0000000000000000        0.0000000000000000        0.0000000000000000        1.9983960446217041E-002   0.0000000000000000        0.0000000000000000        0.0000000000000000        1.9983960446217041E-002
 ZTHERM   300.00000000000000        1.0000000000000000        0.0000000000000000        1128.4423085281192        0.0000000000000000        0.0000000000000000        0.0000000000000000        0.0000000000000000       0.67848173188837324        0.0000000000000000        0.0000000000000000        0.0000000000000000       0.67848173188837324     
 ZTHERM   2704.5479330693670        1.0000000000000000        0.0000000000000000        1156.1722596132688        0.0000000000000000        0.0000000000000000        0.0000000000000000        0.0000000000000000        2.3919963974871082E-002   0.0000000000000000        0.0000000000000000        0.0000000000000000        2.3919963974871082E-002
 ZTHERM   300.00000000000000        1.0000000000000000        0.0000000000000000        1156.1722596132688        0.0000000000000000        0.0000000000000000        0.0000000000000000        0.0000000000000000       0.78182442644207417        0.0000000000000000        0.0000000000000000        0.0000000000000000       0.78182442644207417     
 ZTHERM   2704.5479330693670        1.0000000000000000        0.0000000000000000        1077.5714453270607        0.0000000000000000        0.0000000000000000        0.0000000000000000        0.0000000000000000        1.7302229008639310E-002   0.0000000000000000        0.0000000000000000        0.0000000000000000        1.7302229008639310E-002
 ZTHERM   300.00000000000000        1.0000000000000000        0.0000000000000000        1077.5714453270607        0.0000000000000000        0.0000000000000000        0.0000000000000000        0.0000000000000000       0.62902381318779033        0.0000000000000000        0.0000000000000000        0.0000000000000000       0.62902381318779033     
 ZTHERM   2704.5479330693670        1.0000000000000000        0.0000000000000000        1109.3742382605305        0.0000000000000000        0.0000000000000000        0.0000000000000000        0.0000000000000000        1.9298273815791796E-002   0.0000000000000000        0.0000000000000000        0.0000000000000000        1.9298273815791796E-002
 ZTHERM   300.00000000000000        1.0000000000000000        0.0000000000000000        1109.3742382605305        0.0000000000000000        0.0000000000000000        0.0000000000000000        0.0000000000000000       0.67235731222138995        0.0000000000000000        0.0000000000000000        0.0000000000000000       0.67235731222138995     
 ZTHERM   2704.5479330693670        1.0000000000000000        0.0000000000000000        1266.6781798699699        0.0000000000000000        0.0000000000000000        0.0000000000000000        0.0000000000000000        2.6697229690820039E-002   0.0000000000000000        0.0000000000000000        0.0000000000000000        2.6697229690820039E-002
 ZTHERM   300.00000000000000        1.0000000000000000        0.0000000000000000        1266.6781798699699        0.0000000000000000        0.0000000000000000        0.0000000000000000        0.0000000000000000       0.74651945944082021        0.0000000000000000        0.0000000000000000        0.0000000000000000       0.74651945944082021     
 ZTHERM   2704.5479330693670        1.0000000000000000        0.0000000000000000        1091.9558724816411        0.0000000000000000        0.0000000000000000        0.0000000000000000        0.0000000000000000        1.9916516178348189E-002   0.0000000000000000        0.0000000000000000        0.0000000000000000        1.9916516178348189E-002
 ZTHERM   300.00000000000000        1.0000000000000000        0.0000000000000000        1091.9558724816411        0.0000000000000000        0.0000000000000000        0.0000000000000000        0.0000000000000000       0.71032315742211161        0.0000000000000000        0.0000000000000000        0.0000000000000000       0.71032315742211161     
 ZTHERM   2704.5479330693670        1.0000000000000000        0.0000000000000000        1073.0150300207833        0.0000000000000000        0.0000000000000000        0.0000000000000000        0.0000000000000000        1.9317709393138663E-002   0.0000000000000000        0.0000000000000000        0.0000000000000000        1.9317709393138663E-002
 ZTHERM   300.00000000000000        1.0000000000000000        0.0000000000000000        1073.0150300207833        0.0000000000000000        0.0000000000000000        0.0000000000000000        0.0000000000000000       0.70655127596150191        0.0000000000000000        0.0000000000000000        0.0000000000000000       0.70655127596150191     
 ZTHERM   2704.5479330693670        1.0000000000000000        0.0000000000000000        898.92018526576726        0.0000000000000000        0.0000000000000000        0.0000000000000000        0.0000000000000000        1.4326835730614390E-002   0.0000000000000000        0.0000000000000000        0.0000000000000000        1.4326835730614390E-002
 ZTHERM   300.00000000000000        1.0000000000000000        0.0000000000000000        898.92018526576726        0.0000000000000000        0.0000000000000000        0.0000000000000000        0.0000000000000000       0.65215074994240274        0.0000000000000000        0.0000000000000000        0.0000000000000000       0.65215074994240274     
 ZTHERM   2704.5479330693670        1.0000000000000000        0.0000000000000000        1085.9592576819832        0.0000000000000000        0.0000000000000000        0.0000000000000000        0.0000000000000000        1.9336355655266965E-002   0.0000000000000000        0.0000000000000000        0.0000000000000000        1.9336355655266965E-002
 ZTHERM   300.00000000000000        1.0000000000000000        0.0000000000000000        1085.9592576819832        0.0000000000000000        0.0000000000000000        0.0000000000000000        0.0000000000000000       0.69517530985733644        0.0000000000000000        0.0000000000000000        0.0000000000000000       0.69517530985733644     
 ZTHERM   2704.5479330693670        1.0000000000000000        0.0000000000000000        1284.0350656191056        0.0000000000000000        0.0000000000000000        0.0000000000000000        0.0000000000000000        2.5193310013426725E-002   0.0000000000000000        0.0000000000000000        0.0000000000000000        2.5193310013426725E-002
 ZTHERM   300.00000000000000        1.0000000000000000        0.0000000000000000        1284.0350656191056        0.0000000000000000        0.0000000000000000        0.0000000000000000        0.0000000000000000       0.68699026215997328        0.0000000000000000        0.0000000000000000        0.0000000000000000       0.68699026215997328     
 ZTHERM   2704.5479330693670        1.0000000000000000        0.0000000000000000        1165.1390706173920        0.0000000000000000        0.0000000000000000        0.0000000000000000        0.0000000000000000        2.0800884748520040E-002   0.0000000000000000        0.0000000000000000        0.0000000000000000        2.0800884748520040E-002
 ZTHERM   300.00000000000000        1.0000000000000000        0.0000000000000000        1165.1390706173920        0.0000000000000000        0.0000000000000000        0.0000000000000000        0.0000000000000000       0.67150192939207198        0.0000000000000000        0.0000000000000000        0.0000000000000000       0.67150192939207198     
 ZTHERM   2704.5479330693670        1.0000000000000000        0.0000000000000000        1250.4804052855793        0.0000000000000000        0.0000000000000000        0.0000000000000000        0.0000000000000000        2.3916244770846917E-002   0.0000000000000000        0.0000000000000000        0.0000000000000000        2.3916244770846917E-002
 ZTHERM   300.00000000000000        1.0000000000000000        0.0000000000000000        1250.4804052855793        0.0000000000000000        0.0000000000000000        0.0000000000000000        0.0000000000000000       0.68452249904943885        0.0000000000000000        0.0000000000000000        0.0000000000000000       0.68452249904943885     
 ZTHERM   2704.5479330693670        1.0000000000000000        0.0000000000000000        1198.1469984029834        0.0000000000000000        0.0000000000000000        0.0000000000000000        0.0000000000000000        1.9272977678875470E-002   0.0000000000000000        0.0000000000000000        0.0000000000000000        1.9272977678875470E-002
 ZTHERM   300.00000000000000        1.0000000000000000        0.0000000000000000        1198.1469984029834        0.0000000000000000        0.0000000000000000        0.0000000000000000        0.0000000000000000       0.59417500666735912        0.0000000000000000        0.0000000000000000        0.0000000000000000       0.59417500666735912     
 ZTHERM   2704.5479330693670        1.0000000000000000        0.0000000000000000        661.83445016106214        0.0000000000000000        0.0000000000000000        0.0000000000000000        0.0000000000000000        5.9486419226677124E-003   0.0000000000000000        0.0000000000000000        0.0000000000000000        5.9486419226677124E-003
 ZTHERM   300.00000000000000        1.0000000000000000        0.0000000000000000        661.83445016106214        0.0000000000000000        0.0000000000000000        0.0000000000000000        0.0000000000000000       0.34872987774147551        0.0000000000000000        0.0000000000000000        0.0000000000000000       0.34872987774147551     
 ZTHERM   2704.5479330693670        1.0000000000000000        0.0000000000000000        728.66220519934711        0.0000000000000000        0.0000000000000000        0.0000000000000000        0.0000000000000000        7.4370455973326415E-003   0.0000000000000000        0.0000000000000000        0.0000000000000000        7.4370455973326415E-003
 ZTHERM   300.00000000000000        1.0000000000000000        0.0000000000000000        728.66220519934711        0.0000000000000000        0.0000000000000000        0.0000000000000000        0.0000000000000000       0.40840176814616763        0.0000000000000000        0.0000000000000000        0.0000000000000000       0.40840176814616763     
 ZTHERM   2704.5479330693670        1.0000000000000000        0.0000000000000000        1157.2839954304409        0.0000000000000000        0.0000000000000000        0.0000000000000000        0.0000000000000000        1.7996130569473693E-002   0.0000000000000000        0.0000000000000000        0.0000000000000000        1.7996130569473693E-002
 ZTHERM   300.00000000000000        1.0000000000000000        0.0000000000000000        1157.2839954304409        0.0000000000000000        0.0000000000000000        0.0000000000000000        0.0000000000000000       0.58730215830073951        0.0000000000000000        0.0000000000000000        0.0000000000000000       0.58730215830073951     
 ZTHERM   2704.5479330693670        1.0000000000000000        0.0000000000000000        780.90312008344790        0.0000000000000000        0.0000000000000000        0.0000000000000000        0.0000000000000000        9.8511107600688774E-003   0.0000000000000000        0.0000000000000000        0.0000000000000000        9.8511107600688774E-003
 ZTHERM   300.00000000000000        1.0000000000000000        0.0000000000000000        780.90312008344790        0.0000000000000000        0.0000000000000000        0.0000000000000000        0.0000000000000000       0.51228585567803664        0.0000000000000000        0.0000000000000000        0.0000000000000000       0.51228585567803664     
 ZTHERM   2704.5479330693670        1.0000000000000000        0.0000000000000000        874.87324107188181        0.0000000000000000        0.0000000000000000        0.0000000000000000        0.0000000000000000       -1.9776510129057779E-004  -0.0000000000000000       -0.0000000000000000        0.0000000000000000       -1.9776510129057779E-004
 ZTHERM   300.00000000000000        1.0000000000000000        0.0000000000000000        874.87324107188181        0.0000000000000000        0.0000000000000000        0.0000000000000000        0.0000000000000000       -9.2597009502662295E-003  -0.0000000000000000       -0.0000000000000000        0.0000000000000000       -9.2597009502662295E-003
 ZTHERM   2704.5479330693670        1.0000000000000000        0.0000000000000000        984.18587852666758        0.0000000000000000        0.0000000000000000        0.0000000000000000        0.0000000000000000        4.9306914701465431E-004   0.0000000000000000        0.0000000000000000        0.0000000000000000        4.9306914701465431E-004
 ZTHERM   300.00000000000000        1.0000000000000000        0.0000000000000000        984.18587852666758        0.0000000000000000        0.0000000000000000        0.0000000000000000        0.0000000000000000        2.0225399721313791E-002   0.0000000000000000        0.0000000000000000        0.0000000000000000        2.0225399721313791E-002
 ZTHERM   2704.5479330693670        1.0000000000000000        0.0000000000000000        1496.3045194093556        0.0000000000000000        0.0000000000000000        0.0000000000000000        0.0000000000000000        3.1383408667521318E-002   0.0000000000000000        0.0000000000000000        0.0000000000000000        3.1383408667521318E-002
 ZTHERM   300.00000000000000        1.0000000000000000        0.0000000000000000        1496.3045194093556        0.0000000000000000        0.0000000000000000        0.0000000000000000        0.0000000000000000       0.62264424024258058        0.0000000000000000        0.0000000000000000        0.0000000000000000       0.62264424024258058     
 ZTHERM   2704.5479330693670        1.0000000000000000        0.0000000000000000        1528.6281917128194        0.0000000000000000        0.0000000000000000        0.0000000000000000        0.0000000000000000        3.3156401312447896E-002   0.0000000000000000        0.0000000000000000        0.0000000000000000        3.3156401312447896E-002
 ZTHERM   300.00000000000000        1.0000000000000000        0.0000000000000000        1528.6281917128194        0.0000000000000000        0.0000000000000000        0.0000000000000000        0.0000000000000000       0.62580669148473100        0.0000000000000000        0.0000000000000000        0.0000000000000000       0.62580669148473100     
 ZTHERM   2704.5479330693670        1.0000000000000000        0.0000000000000000        1275.9033083756553        0.0000000000000000        0.0000000000000000        0.0000000000000000        0.0000000000000000        1.5397711940107979E-002   0.0000000000000000        0.0000000000000000        0.0000000000000000        1.5397711940107979E-002
 ZTHERM   300.00000000000000        1.0000000000000000        0.0000000000000000        1275.9033083756553        0.0000000000000000        0.0000000000000000        0.0000000000000000        0.0000000000000000       0.42485529742771333        0.0000000000000000        0.0000000000000000        0.0000000000000000       0.42485529742771333     
 ZTHERM   2704.5479330693670        1.0000000000000000        0.0000000000000000        1059.9381374952807        0.0000000000000000        0.0000000000000000        0.0000000000000000        0.0000000000000000        6.2632648680800446E-003   0.0000000000000000        0.0000000000000000        0.0000000000000000        6.2632648680800446E-003
 ZTHERM   300.00000000000000        1.0000000000000000        0.0000000000000000        1059.9381374952807        0.0000000000000000        0.0000000000000000        0.0000000000000000        0.0000000000000000       0.23306717384569467        0.0000000000000000        0.0000000000000000        0.0000000000000000       0.23306717384569467     
 ZTHERM   2704.5479330693670        1.0000000000000000        0.0000000000000000        624.07555607398842        0.0000000000000000        0.0000000000000000        0.0000000000000000        0.0000000000000000        7.0230180021377290E-003   0.0000000000000000        0.0000000000000000        0.0000000000000000        7.0230180021377290E-003
 ZTHERM   300.00000000000000        1.0000000000000000        0.0000000000000000        624.07555607398842        0.0000000000000000        0.0000000000000000        0.0000000000000000        0.0000000000000000       0.42623673930600897        0.0000000000000000        0.0000000000000000        0.0000000000000000       0.42623673930600897     
 ZTHERM   2704.5479330693670        1.0000000000000000        0.0000000000000000        464.36034150845097        0.0000000000000000        0.0000000000000000        0.0000000000000000        0.0000000000000000        4.1946004040603092E-003   0.0000000000000000        0.0000000000000000        0.0000000000000000        4.1946004040603092E-003
 ZTHERM   300.00000000000000        1.0000000000000000        0.0000000000000000        464.36034150845097        0.0000000000000000        0.0000000000000000        0.0000000000000000        0.0000000000000000       0.28909919447630883        0.0000000000000000        0.0000000000000000        0.0000000000000000       0.28909919447630883     
 ZTHERM   2704.5479330693670        1.0000000000000000        0.0000000000000000        682.24883226409611        0.0000000000000000        0.0000000000000000        0.0000000000000000        0.0000000000000000        9.9497680739467770E-003   0.0000000000000000        0.0000000000000000        0.0000000000000000        9.9497680739467770E-003
 ZTHERM   300.00000000000000        1.0000000000000000        0.0000000000000000        682.24883226409611        0.0000000000000000        0.0000000000000000        0.0000000000000000        0.0000000000000000       0.57206440819266169        0.0000000000000000        0.0000000000000000        0.0000000000000000       0.57206440819266169     
