              Pi           depth              Ti             Vol              KS              KT           alpha          Heat C            thet               g               q        Velocity          Ppart1          Ppart2
         0.00000        -0.00000      1217.04113       153.39298       106.38190       101.73267         3.73149         1.22197       337.12330         1.00631         0.95624         3.38924         7.09360         0.00000        80.91868
         1.00000        36.28228      1227.05015       151.30013       112.49581       107.78998         3.55163         1.21864       342.59884         1.00177         0.97005         3.42916         7.17027         0.00000        83.16912
         2.00000        66.34476      1238.66276       149.61046       119.42557       114.71260         3.34277         1.21557       347.83956         0.99226         0.98150         3.46720         7.25891         0.00000        85.34424
         3.00000        96.41489      1249.16448       148.34794       124.56996       119.93351         3.17125         1.21275       353.00119         0.97588         0.99126         3.50452         7.33832         0.00000        87.50654
         4.00000       126.47625      1258.98478       147.16574       129.47518       124.91519         3.01983         1.21024       358.06616         0.96016         0.99950         3.54101         7.41197         0.00000        89.64741
         5.00000       156.54183      1268.26927       146.04355       134.23778       129.75177         2.88403         1.20798       363.03261         0.94523         1.00643         3.57667         7.48108         0.00000        91.76476
         6.00000       186.60540      1277.10265       144.97086       138.90373       134.48831         2.76108         1.20595       367.90182         0.93107         1.01219         3.61153         7.54637         0.00000        93.85789
         7.00000       216.66896      1285.53799       143.94104       143.49798       139.14946         2.64901         1.20410       372.67648         0.91768         1.01695         3.64561         7.60834         0.00000        95.92675
         8.00000       246.00169      1296.45483       142.68211       149.12699       144.27408         2.69930         1.20673       377.22960         0.96118         1.02074         3.67804         7.68966         0.00000        97.91458
         9.00000       275.15035      1304.63553       141.73404       153.48197       148.67931         2.60623         1.20518       381.80814         0.95001         1.02386         3.71056         7.74935         0.00000        99.92807
        10.00000       304.12654      1312.50758       140.81621       157.81467       153.06056         2.51941         1.20374       386.30277         0.93930         1.02631         3.74242         7.80653         0.00000       101.91873
        11.00000       332.88900      1320.07350       139.92545       162.13053       157.42377         2.43809         1.20240       390.71744         0.92897         1.02817         3.77365         7.86125         0.00000       103.88741
        12.00000       361.53749      1327.32146       139.05781       166.43778       161.77795         2.36150         1.20112       395.05645         0.91894         1.02951         3.80428         7.91345         0.00000       105.83519
        13.00000       389.98609      1373.93412       132.35298       198.52085       191.40255         2.48514         1.21065       397.67160         1.08921         1.03011         3.82272         8.27514         0.00000       107.01522
        14.00000       417.29753      1380.74363       131.64924       202.96830       195.90650         2.41879         1.20929       401.89278         1.07933         1.03074         3.85244         8.32381         0.00000       108.92956
        15.00000       443.99125      1386.68640       130.90757       207.65497       200.66944         2.35015         1.20781       406.06914         1.06818         1.03100         3.88180         8.36570         0.00000       110.83516
        16.00000       470.32792      1417.64783       128.20605       223.89234       217.02256         2.15382         1.20431       409.17414         1.03672         1.03098         3.90359         8.60426         0.00000       112.25893
        17.00000       496.56087      1443.39129       126.24664       238.21706       231.73575         1.95668         1.20002       412.43903         0.99030         1.03076         3.92649         8.80181         0.00000       113.76242
        18.00000       522.40358      1451.73883       125.67129       242.52861       236.06880         1.91646         1.19935       416.33056         0.98354         1.03026         3.95375         8.86265         0.00000       115.56431
        19.00000       548.18742      1458.94372       125.13193       246.68536       240.26282         1.87697         1.19864       420.19952         0.97617         1.02952         3.98081         8.91456         0.00000       117.36536
        20.00000       573.57014      1465.34703       124.59796       250.81681       244.42580         1.84041         1.19800       424.03367         0.96955         1.02857         4.00761         8.96024         0.00000       119.15957
        21.00000       598.92253      1471.07655       124.05387       254.98177       248.60446         1.80802         1.19750       427.82940         0.96447         1.02742         4.03411         9.00071         0.00000       120.94492
        22.00000       624.04227      1474.51838       123.19257       261.59190       255.19113         1.76857         1.19668       431.64648         0.96182         1.02608         4.06073         9.02330         0.00000       122.74938
        23.00000       649.12026      1479.78229       122.56718       266.27610       259.82845         1.74481         1.19654       435.33683         0.96110         1.02461         4.08644         9.06029         0.00000       124.50250
        24.00000       673.78483      1465.70718       116.69873       287.16853       276.37037         2.18859         1.21609       439.64677         1.21800         1.02270         4.11644         8.94566         0.00000       129.52425
        25.00000       696.50299      1460.14388       112.57337       304.36605       289.38738         2.50842         1.22822       443.58613         1.41318         1.02078         4.14384         8.89796         0.00000       134.54405
        26.00000       719.22116      1466.84104       112.20547       308.18881       293.17374         2.47741         1.22758       447.04689         1.40936         1.01897         4.16789         8.94652         0.00000       136.29330
        27.00000       741.81150      1473.46624       111.84323       311.99975       296.94829         2.44732         1.22696       450.46060         1.40562         1.01708         4.19159         8.99460         0.00000       138.02616
        28.00000       764.39099      1480.02187       111.48646       315.79918       300.71135         2.41811         1.22636       453.82876         1.40195         1.01511         4.21496         9.04223         0.00000       139.74308
        29.00000       786.82469      1486.50938       111.13501       319.58746       304.46332         2.38972         1.22577       457.15283         1.39837         1.01308         4.23802         9.08941         0.00000       141.44448
        30.00000       809.19806      1492.93088       110.78872       323.36495       308.20453         2.36213         1.22520       460.43418         1.39485         1.01100         4.26076         9.13616         0.00000       143.13075
        31.00000       831.57144      1499.28710       110.44743       327.13204       311.93541         2.33530         1.22465       463.67413         1.39141         1.00886         4.28321         9.18249         0.00000       144.80226
        32.00000       853.94481      1505.58109       110.11101       330.88895       315.65617         2.30920         1.22410       466.87389         1.38803         1.00668         4.30537         9.22842         0.00000       146.45940
        33.00000       876.25551      1511.81377       109.77930       334.63602       319.36715         2.28379         1.22358       470.03466         1.38472         1.00446         4.32724         9.27396         0.00000       148.10249
        34.00000       898.36522      1517.98668       109.45218       338.37355       323.06865         2.25905         1.22306       473.15757         1.38147         1.00222         4.34885         9.31912         0.00000       149.73188
        35.00000       920.47493      1524.10132       109.12951       342.10179       326.76095         2.23495         1.22256       476.24371         1.37828         0.99994         4.37019         9.36391         0.00000       151.34788
        36.00000       942.58464      1530.15933       108.81118       345.82092       330.44421         2.21146         1.22207       479.29408         1.37515         0.99765         4.39128         9.40835         0.00000       152.95084
        37.00000       964.69435      1536.16201       108.49708       349.53141       334.11891         2.18855         1.22159       482.30967         1.37208         0.99533         4.41212         9.45244         0.00000       154.54097
        38.00000       986.62271      1542.89104       108.18086       353.14970       337.67813         2.16810         1.22128       485.26878         1.36967         0.99302         4.43257         9.50230         0.00000       156.10667
        39.00000      1008.47872      1548.79798       107.87485       356.84296       341.33572         2.14627         1.22082       488.21755         1.36670         0.99068         4.45293         9.54582         0.00000       157.67166
        40.00000      1030.33473      1554.65375       107.57275       360.52808       344.98525         2.12497         1.22038       491.13425         1.36378         0.98832         4.47307         9.58901         0.00000       159.22469
        41.00000      1052.19073      1560.45987       107.27443       364.20552       348.62717         2.10416         1.21994       494.01969         1.36091         0.98597         4.49299         9.63190         0.00000       160.76600
        42.00000      1074.01237      1566.21700       106.97982       367.87541       352.26161         2.08385         1.21951       496.87467         1.35808         0.98360         4.51269         9.67450         0.00000       162.29577
        43.00000      1095.62184      1571.92747       106.68881       371.53769       355.88852         2.06399         1.21909       499.69994         1.35530         0.98124         4.53219         9.71680         0.00000       163.81436
        44.00000      1117.23130      1577.59110       106.40131       375.19275       359.50830         2.04459         1.21868       502.49626         1.35257         0.97887         4.55148         9.75882         0.00000       165.32195
        45.00000      1138.84077      1583.21042       106.11724       378.84086       363.12119         2.02562         1.21828       505.26428         1.34988         0.97650         4.57057         9.80058         0.00000       166.81869
        46.00000      1160.45023      1588.78523       105.83651       382.48202       366.72720         2.00706         1.21789       508.00472         1.34724         0.97414         4.58947         9.84206         0.00000       168.30488
        47.00000      1181.93728      1594.31801       105.55905       386.11636       370.32648         1.98891         1.21750       510.71820         1.34463         0.97178         4.60818         9.88329         0.00000       169.78073
        48.00000      1203.30755      1599.80934       105.28478       389.74409       373.91921         1.97115         1.21713       513.40534         1.34206         0.96943         4.62670         9.92427         0.00000       171.24641
        49.00000      1224.67783      1605.26045       105.01361       393.36534       377.50555         1.95377         1.21676       516.06675         1.33954         0.96708         4.64505         9.96502         0.00000       172.70214
        50.00000      1246.04810      1610.67239       104.74549       396.98027       381.08562         1.93675         1.21639       518.70301         1.33705         0.96474         4.66322        10.00553         0.00000       174.14809
        51.00000      1267.41837      1616.04666       104.48033       400.58883       384.65940         1.92009         1.21604       521.31465         1.33459         0.96241         4.68122        10.04582         0.00000       175.58449
        52.00000      1288.59275      1621.38368       104.21808       404.19159       388.22743         1.90376         1.21569       523.90224         1.33218         0.96009         4.69905        10.08589         0.00000       177.01142
        53.00000      1309.72768      1626.68410       103.95867       407.78833       391.78951         1.88776         1.21535       526.46630         1.32979         0.95778         4.71672        10.12574         0.00000       178.42911
        54.00000      1330.86262      1631.95015       103.70203       411.37918       395.34576         1.87209         1.21502       529.00730         1.32744         0.95548         4.73423        10.16540         0.00000       179.83775
        55.00000      1351.99755      1637.18233       103.44811       414.96430       398.89634         1.85672         1.21469       531.52574         1.32513         0.95319         4.75158        10.20486         0.00000       181.23748
        56.00000      1373.10913      1642.38165       103.19684       418.54379       402.44135         1.84165         1.21436       534.02209         1.32284         0.95091         4.76878        10.24413         0.00000       182.62846
        57.00000      1394.01259      1647.54908       102.94818       422.11777       405.98089         1.82687         1.21405       536.49679         1.32059         0.94864         4.78583        10.28321         0.00000       184.01085
        58.00000      1414.91605      1652.68530       102.70206       425.68628       409.51503         1.81238         1.21374       538.95028         1.31836         0.94639         4.80273        10.32212         0.00000       185.38481
        59.00000      1435.81951      1657.79215       102.45844       429.24953       413.04394         1.79815         1.21343       541.38298         1.31617         0.94415         4.81949        10.36087         0.00000       186.75042
        60.00000      1456.72297      1662.86972       102.21727       432.80751       416.56763         1.78420         1.21313       543.79530         1.31400         0.94192         4.83611        10.39944         0.00000       188.10788
        61.00000      1477.55340      1667.91906       101.97849       436.36033       420.08620         1.77050         1.21284       546.18764         1.31186         0.93971         4.85259        10.43786         0.00000       189.45732
        62.00000      1498.22650      1672.94187       101.74207       439.90802       423.59969         1.75705         1.21255       548.56037         1.30975         0.93751         4.86894        10.47614         0.00000       190.79889
        63.00000      1518.89960      1677.93990       101.50793       443.45059       427.10807         1.74384         1.21227       550.91383         1.30767         0.93532         4.88515        10.51428         0.00000       192.13270
        64.00000      1539.57270      1682.90825       101.27609       446.98864       430.61199         1.73087         1.21199       553.24852         1.30561         0.93315         4.90124        10.55225         0.00000       193.45878
        65.00000      1560.24580      1687.85367       101.04645       450.52163       434.11089         1.71813         1.21171       555.56466         1.30358         0.93099         4.91719        10.59010         0.00000       194.77739
        66.00000      1580.80840      1692.77471       100.81899       454.04993       437.60511         1.70562         1.21144       557.86262         1.30157         0.92885         4.93303        10.62781         0.00000       196.08854
        67.00000      1601.25118      1697.67339       100.59367       457.57348       441.09461         1.69332         1.21118       560.14272         1.29958         0.92672         4.94874        10.66541         0.00000       197.39243
        68.00000      1621.69397      1702.55171       100.37045       461.09219       444.57929         1.68123         1.21092       562.40525         1.29762         0.92461         4.96433        10.70291         0.00000       198.68920
        69.00000      1642.13676      1707.40642       100.14930       464.60645       448.05954         1.66934         1.21066       564.65061         1.29568         0.92251         4.97980        10.74027         0.00000       199.97884
        70.00000      1662.57955      1712.23983        99.93018       468.11651       451.53559         1.65766         1.21041       566.87906         1.29377         0.92042         4.99516        10.77753         0.00000       201.26140
        71.00000      1682.88578      1717.05439        99.71306       471.62190       455.00701         1.64617         1.21017       569.09087         1.29187         0.91835         5.01040        10.81469         0.00000       202.53717
        72.00000      1703.09638      1721.84662        99.49792       475.12311       458.47425         1.63488         1.20992       571.28640         1.29000         0.91630         5.02553        10.85173         0.00000       203.80607
        73.00000      1723.30698      1726.62208        99.28469       478.61986       461.93704         1.62376         1.20969       573.46582         1.28815         0.91426         5.04056        10.88869         0.00000       205.06833
        74.00000      1743.51758      1731.37931        99.07338       482.11235       465.39557         1.61283         1.20945       575.62947         1.28632         0.91223         5.05547        10.92557         0.00000       206.32398
        75.00000      1763.72818      1736.11889        98.86393       485.60065       468.84992         1.60208         1.20922       577.77759         1.28451         0.91022         5.07028        10.96235         0.00000       207.57312
        76.00000      1783.78811      1740.84139        98.65633       489.08481       472.30012         1.59149         1.20899       579.91045         1.28272         0.90823         5.08499        10.99905         0.00000       208.81581
        77.00000      1803.76336      1745.54733        98.45055       492.56488       475.74623         1.58107         1.20877       582.02830         1.28095         0.90625         5.09959        11.03567         0.00000       210.05216
        78.00000      1823.73861      1750.23889        98.24656       496.04071       479.18810         1.57082         1.20855       584.13136         1.27920         0.90428         5.11409        11.07223         0.00000       211.28232
        79.00000      1843.71386      1754.91321        98.04433       499.51278       482.62619         1.56072         1.20834       586.21991         1.27747         0.90233         5.12849        11.10870         0.00000       212.50617
        80.00000      1863.68911      1759.57066        97.84385       502.98113       486.06056         1.55078         1.20812       588.29421         1.27576         0.90039         5.14280        11.14509         0.00000       213.72382
        81.00000      1883.51189      1764.21507        97.64508       506.44540       489.49083         1.54099         1.20792       590.35441         1.27406         0.89847         5.15701        11.18142         0.00000       214.93551
        82.00000      1903.24666      1768.84544        97.44800       509.90581       492.91724         1.53135         1.20771       592.40076         1.27238         0.89656         5.17113        11.21769         0.00000       216.14121
        83.00000      1922.98143      1773.46142        97.25259       513.36248       496.33988         1.52186         1.20751       594.43349         1.27072         0.89467         5.18515        11.25389         0.00000       217.34099
        84.00000      1942.71619      1778.06370        97.05883       516.81542       499.75879         1.51250         1.20731       596.45281         1.26908         0.89279         5.19909        11.29003         0.00000       218.53492
        85.00000      1962.45096      1782.65253        96.86669       520.26468       503.17399         1.50328         1.20711       598.45892         1.26746         0.89092         5.21293        11.32612         0.00000       219.72307
        86.00000      1982.04577      1787.22842        96.67616       523.71022       506.58547         1.49420         1.20692       600.45203         1.26585         0.88907         5.22669        11.36214         0.00000       220.90551
        87.00000      2001.53363      1791.79087        96.48721       527.15235       509.99350         1.48525         1.20673       602.43234         1.26426         0.88723         5.24036        11.39810         0.00000       222.08225
        88.00000      2021.02148      1796.34061        96.29984       530.59083       513.39788         1.47643         1.20655       604.40004         1.26269         0.88541         5.25394        11.43401         0.00000       223.25341
        89.00000      2040.50934      1800.87784        96.11400       534.02584       516.79875         1.46773         1.20637       606.35532         1.26113         0.88360         5.26744        11.46986         0.00000       224.41903
        90.00000      2059.99719      1805.40254        95.92969       537.45738       520.19615         1.45916         1.20619       608.29836         1.25959         0.88180         5.28086        11.50565         0.00000       225.57916
        91.00000      2079.37392      1809.91522        95.74688       540.88552       523.59013         1.45071         1.20601       610.22936         1.25806         0.88002         5.29420        11.54139         0.00000       226.73388
        92.00000      2098.60653      1814.41491        95.56557       544.31028       526.98071         1.44237         1.20584       612.14849         1.25655         0.87825         5.30745        11.57707         0.00000       227.88321
        93.00000      2117.83915      1818.90299        95.38572       547.73167       530.36790         1.43415         1.20566       614.05591         1.25505         0.87649         5.32063        11.61270         0.00000       229.02725
        94.00000      2137.07176      1823.37781        95.20733       551.14986       533.75188         1.42604         1.20550       615.95182         1.25357         0.87475         5.33373        11.64827         0.00000       230.16598
        95.00000      2156.30438      1827.84105        95.03037       554.56478       537.13257         1.41805         1.20533       617.83636         1.25211         0.87302         5.34675        11.68378         0.00000       231.29953
        96.00000      2175.47443      1832.29183        94.85484       557.97646       540.51000         1.41016         1.20517       619.70972         1.25066         0.87130         5.35970        11.71924         0.00000       232.42791
        97.00000      2194.44184      1836.72995        94.68070       561.38497       543.88427         1.40237         1.20501       621.57204         1.24922         0.86959         5.37257        11.75464         0.00000       233.55121
        98.00000      2213.40925      1841.15572        94.50795       564.79034       547.25539         1.39469         1.20485       623.42349         1.24780         0.86790         5.38537        11.78997         0.00000       234.66944
        99.00000      2232.37665      1845.56889        94.33658       568.19261       550.62340         1.38711         1.20469       625.26422         1.24639         0.86622         5.39810        11.82525         0.00000       235.78268
       100.00000      2251.34406      1849.96935        94.16655       571.59181       553.98834         1.37964         1.20454       627.09438         1.24500         0.86455         5.41075        11.86047         0.00000       236.89096
       101.00000      2270.31147      1854.35685        93.99786       574.98799       557.35025         1.37225         1.20439       628.91412         1.24362         0.86290         5.42334        11.89562         0.00000       237.99437
       102.00000      2289.01274      1858.73143        93.83050       578.38116       560.70916         1.36496         1.20424       630.72359         1.24225         0.86125         5.43586        11.93070         0.00000       239.09291
       103.00000      2307.70399      1863.09301        93.66444       581.77136       564.06511         1.35777         1.20409       632.52292         1.24090         0.85962         5.44831        11.96572         0.00000       240.18663
       104.00000      2326.39524      1867.44107        93.49967       585.15863       567.41814         1.35067         1.20395       634.31227         1.23956         0.85800         5.46069        12.00067         0.00000       241.27564
       105.00000      2345.08649      1871.77591        93.33618       588.54299       570.76828         1.34365         1.20381       636.09175         1.23823         0.85639         5.47300        12.03555         0.00000       242.35990
       106.00000      2363.77773      1876.09673        93.17395       591.92448       574.11556         1.33673         1.20367       637.86152         1.23692         0.85480         5.48525        12.07036         0.00000       243.43955
       107.00000      2382.29127      1880.40371        93.01297       595.30313       577.46002         1.32989         1.20353       639.62170         1.23561         0.85321         5.49744        12.10509         0.00000       244.51458
       108.00000      2400.69289      1884.69654        92.85321       598.67896       580.80169         1.32313         1.20339       641.37242         1.23432         0.85164         5.50956        12.13974         0.00000       245.58507
       109.00000      2419.09451      1888.97507        92.69468       602.05200       584.14060         1.31646         1.20326       643.11381         1.23305         0.85007         5.52162        12.17432         0.00000       246.65104
       110.00000      2437.49614      1893.23954        92.53734       605.42230       587.47679         1.30986         1.20313       644.84598         1.23178         0.84852         5.53362        12.20882         0.00000       247.71254
       111.00000      2455.89776      1897.48820        92.38120       608.78985       590.81028         1.30335         1.20300       646.56908         1.23053         0.84698         5.54555        12.24323         0.00000       248.76964
       112.00000      2474.24475      1901.72290        92.22623       612.15470       594.14110         1.29691         1.20287       648.28319         1.22928         0.84545         5.55743        12.27756         0.00000       249.82238
       113.00000      2492.34170      1905.94436        92.07240       615.51695       597.46934         1.29055         1.20274       649.98842         1.22805         0.84393         5.56925        12.31182         0.00000       250.87075
       114.00000      2510.43864      1918.61984        91.72407       616.39913       598.55396         1.27912         1.20222       651.54298         1.21483         0.84255         5.58002        12.41280         0.00000       251.84288
       115.00000      2528.53558      1937.94549        91.21878       615.30545       597.85490         1.26347         1.20137       652.97868         1.19208         0.84128         5.58997        12.56631         0.00000       252.74872
       116.00000      2546.63253      1958.76539        90.67006       613.74264       596.73188         1.24682         1.20043       654.38253         1.16724         0.84003         5.59970        12.73171         0.00000       253.62685
       117.00000      2564.72947      1973.23070        90.25847       613.91045       597.17524         1.23398         1.19977       655.88539         1.15092         0.83871         5.61012        12.84703         0.00000       254.55039
       118.00000      2582.61700      1977.25958        90.10847       617.19219       600.43882         1.22771         1.19963       657.55385         1.14941         0.83723         5.62170        12.88002         0.00000       255.57678
       119.00000      2600.39350      1981.27442        89.95953       620.47123       603.69964         1.22151         1.19949       659.21401         1.14792         0.83577         5.63321        12.91293         0.00000       256.59922
       120.00000      2618.17000      1985.27518        89.81164       623.74758       606.95772         1.21539         1.19936       660.86596         1.14644         0.83432         5.64467        12.94575         0.00000       257.61775
       121.00000      2635.94650      1989.26185        89.66478       627.02125       610.21307         1.20935         1.19922       662.50981         1.14498         0.83287         5.65608        12.97850         0.00000       258.63240
       122.00000      2653.72300      1993.23441        89.51895       630.29228       613.46573         1.20337         1.19909       664.14565         1.14353         0.83144         5.66743        13.01116         0.00000       259.64322
       123.00000      2671.49146      1997.19286        89.37412       633.56067       616.71571         1.19747         1.19896       665.77357         1.14209         0.83002         5.67873        13.04375         0.00000       260.65024
       124.00000      2688.98186      2001.13718        89.23029       636.82645       619.96304         1.19163         1.19883       667.39367         1.14067         0.82860         5.68998        13.07624         0.00000       261.65351
       125.00000      2706.47225      2005.06736        89.08746       640.08964       623.20774         1.18587         1.19871       669.00603         1.13926         0.82720         5.70117        13.10866         0.00000       262.65305
       126.00000      2723.96264      2008.98365        88.94559       643.35027       626.44984         1.18017         1.19858       670.61075         1.13787         0.82580         5.71231        13.14100         0.00000       263.64892
       127.00000      2741.44849      2012.88533        88.80470       646.60832       629.68935         1.17453         1.19846       672.20792         1.13648         0.82442         5.72341        13.17325         0.00000       264.64114
       128.00000      2758.76354      2016.77321        88.66475       649.86386       632.92630         1.16897         1.19834       673.79762         1.13511         0.82304         5.73445        13.20541         0.00000       265.62975
       129.00000      2776.00929      2020.64720        88.52575       653.11690       636.16072         1.16346         1.19822       675.37993         1.13376         0.82168         5.74545        13.23750         0.00000       266.61478
       130.00000      2793.08810      2024.50699        88.38768       656.36743       639.39261         1.15802         1.19810       676.95494         1.13241         0.82032         5.75639        13.26950         0.00000       267.59627
       131.00000      2810.16691      2028.35157        88.25053       659.61546       642.62198         1.15263         1.19798       678.52274         1.13108         0.81897         5.76729        13.30140         0.00000       268.57427
       132.00000      2827.24572      2032.18142        88.11431       662.86101       645.84887         1.14731         1.19787       680.08342         1.12976         0.81763         5.77814        13.33322         0.00000       269.54880
       133.00000      2844.32452      2035.99794        87.97897       666.10416       649.07332         1.14205         1.19775       681.63702         1.12845         0.81630         5.78894        13.36496         0.00000       270.51988
       134.00000      2861.40333      2039.80017        87.84453       669.34488       652.29534         1.13684         1.19764       683.18363         1.12715         0.81497         5.79970        13.39661         0.00000       271.48756
       135.00000      2878.36916      2043.58810        87.71097       672.58319       655.51494         1.13169         1.19753       684.72335         1.12586         0.81366         5.81041        13.42818         0.00000       272.45186
       136.00000      2895.19009      2047.36169        87.57828       675.81912       658.73214         1.12660         1.19741       686.25623         1.12459         0.81236         5.82107        13.45965         0.00000       273.41282
       137.00000      2912.01101      2051.12093        87.44645       679.05268       661.94696         1.12156         1.19731       687.78235         1.12332         0.81106         5.83169        13.49104         0.00000       274.37048
       138.00000      2928.83193      2054.86581        87.31548       682.28389       665.15943         1.11657         1.19720       689.30179         1.12207         0.80977         5.84227        13.52234         0.00000       275.32485
       139.00000      2945.65286      2058.59630        87.18534       685.51277       668.36957         1.11164         1.19709       690.81462         1.12083         0.80849         5.85280        13.55355         0.00000       276.27597
       140.00000      2962.47378      2062.31241        87.05604       688.73933       671.57738         1.10676         1.19698       692.32090         1.11960         0.80722         5.86328        13.58468         0.00000       277.22388
         0.00000        -0.00000      1242.00326       153.52249       105.81946       101.05113         3.76603         1.22473       335.72371         1.00883         0.95238         3.37901         7.28923         0.00000        80.34711
         1.00000        36.28228      1252.26943       151.43920       111.92359       107.10269         3.58110         1.22124       341.22346         1.00372         0.96677         3.41915         7.36815         0.00000        82.60170
         2.00000        66.34476      1264.21180       149.74757       118.85502       114.02891         3.36825         1.21805       346.48201         0.99393         0.97869         3.45735         7.45956         0.00000        84.77883
         3.00000        96.41489      1275.02261       148.47513       124.03231       119.28428         3.19374         1.21511       351.66190         0.97749         0.98887         3.49484         7.54153         0.00000        86.94359
         4.00000       126.47625      1285.11924       147.28540       128.95886       124.28914         3.04000         1.21250       356.74591         0.96170         0.99748         3.53150         7.61745         0.00000        89.08755
         5.00000       156.54183      1294.65670       146.15706       133.73640       129.14258         2.90231         1.21017       361.73159         0.94669         1.00472         3.56733         7.68861         0.00000        91.20837
         6.00000       186.60540      1303.72481       145.07905       138.41380       133.89247         2.77776         1.20806       366.61992         0.93246         1.01077         3.60236         7.75580         0.00000        93.30519
         7.00000       216.66896      1312.37958       144.04446       143.01753       138.56494         2.66433         1.20615       371.41344         0.91899         1.01578         3.63660         7.81951         0.00000        95.37791
         8.00000       246.00169      1323.50310       142.78661       148.67460       143.70793         2.71349         1.20882       375.98379         0.96235         1.01977         3.66917         7.90247         0.00000        97.36924
         9.00000       275.15035      1331.88477       141.83458       153.03373       148.11881         2.61944         1.20722       380.58002         0.95111         1.02308         3.70184         7.96373         0.00000        99.38656
        10.00000       304.12654      1339.94616       140.91291       157.37083       152.50597         2.53172         1.20573       385.09198         0.94033         1.02570         3.73384         8.02237         0.00000       101.38112
        11.00000       332.88900      1347.68907       140.01823       161.69173       156.87576         2.44956         1.20434       389.52371         0.92993         1.02772         3.76521         8.07845         0.00000       103.35377
        12.00000       361.53749      1355.09905       139.14638       166.00542       161.23804         2.37214         1.20302       393.87962         0.91982         1.02919         3.79598         8.13188         0.00000       105.30566
        13.00000       389.98609      1402.43337       132.44139       198.01247       190.73049         2.49686         1.21282       396.47230         1.09032         1.02985         3.81426         8.49930         0.00000       106.47350
        14.00000       417.29753      1409.35294       131.73003       202.48757       195.26544         2.42936         1.21140       400.71194         1.08026         1.03060         3.84413         8.54879         0.00000       108.39286
        15.00000       443.99125      1415.30493       130.97114       207.24956       200.11053         2.35867         1.20983       404.91028         1.06869         1.03096         3.87365         8.59070         0.00000       110.30526
        16.00000       470.32792      1441.56606       128.61572       221.08367       214.01568         2.19431         1.20690       408.21680         1.04404         1.03100         3.89687         8.79231         0.00000       111.81932
        17.00000       496.56087      1471.63849       126.36949       237.36088       230.75917         1.96385         1.20175       411.32140         0.98989         1.03085         3.91865         9.02388         0.00000       113.24674
        18.00000       522.40358      1481.03790       125.77047       241.79803       235.20311         1.92425         1.20114       415.19082         0.98388         1.03043         3.94576         9.09293         0.00000       115.03558
        19.00000       548.18742      1488.84599       125.21951       246.01391       239.44999         1.88487         1.20044       419.05586         0.97682         1.02976         3.97281         9.14953         0.00000       116.83198
        20.00000       573.57014      1495.58580       124.67214       250.19881       243.65830         1.84893         1.19983       422.89639         0.97073         1.02887         3.99966         9.19779         0.00000       118.62641
        21.00000       598.92253      1501.64648       124.12589       254.37602       247.84904         1.81616         1.19932       426.69856         0.96561         1.02778         4.02621         9.24079         0.00000       120.41208
        22.00000       624.04227      1505.41952       123.26420       260.96589       254.41554         1.77629         1.19847       430.52245         0.96283         1.02649         4.05289         9.26592         0.00000       122.21707
        23.00000       649.12026      1510.75907       122.62271       265.69508       259.08570         1.75373         1.19840       434.22786         0.96285         1.02507         4.07871         9.30343         0.00000       123.97479
        24.00000       673.78483      1493.27294       116.00446       289.20952       277.38699         2.26804         1.22109       438.68071         1.25844         1.02315         4.10972         9.16192         0.00000       129.66918
        25.00000       696.50299      1490.03714       112.65767       303.85140       288.54568         2.51757         1.23080       442.55691         1.41403         1.02130         4.13668         9.13240         0.00000       134.02871
        26.00000       719.22116      1496.88515       112.28886       307.67470       292.33180         2.48636         1.23014       446.02724         1.41020         1.01952         4.16080         9.18209         0.00000       135.78061
        27.00000       741.81150      1503.66073       111.92573       311.48586       296.10580         2.45606         1.22950       449.45017         1.40644         1.01765         4.18457         9.23130         0.00000       137.51614
        28.00000       764.39099      1510.36429       111.56810       315.28548       299.86831         2.42665         1.22888       452.82729         1.40276         1.01571         4.20801         9.28003         0.00000       139.23566
        29.00000       786.82469      1516.99824       111.21581       319.07390       303.61964         2.39808         1.22828       456.16004         1.39916         1.01370         4.23113         9.32831         0.00000       140.93960
        30.00000       809.19806      1523.56379       110.86870       322.85152       307.36023         2.37032         1.22769       459.44984         1.39564         1.01163         4.25394         9.37615         0.00000       142.62834
        31.00000       831.57144      1530.06381       110.52661       326.61857       311.09030         2.34332         1.22712       462.69795         1.39218         1.00951         4.27645         9.42356         0.00000       144.30230
        32.00000       853.94481      1536.49939       110.18941       330.37541       314.81023         2.31705         1.22656       465.90566         1.38879         1.00735         4.29866         9.47056         0.00000       145.96182
        33.00000       876.25551      1542.87218       109.85694       334.12237       318.52034         2.29149         1.22602       469.07416         1.38547         1.00514         4.32060         9.51716         0.00000       147.60726
        34.00000       898.36522      1549.18373       109.52908       337.85971       322.22091         2.26659         1.22549       472.20459         1.38221         1.00291         4.34226         9.56337         0.00000       149.23895
        35.00000       920.47493      1555.43558       109.20570       341.58773       325.91223         2.24234         1.22497       475.29803         1.37901         1.00065         4.36365         9.60920         0.00000       150.85721
        36.00000       942.58464      1561.62960       108.88666       345.30657       329.59446         2.21871         1.22447       478.35551         1.37587         0.99836         4.38479         9.65467         0.00000       152.46238
        37.00000       964.69435      1567.76693       108.57187       349.01673       333.26807         2.19567         1.22397       481.37803         1.37278         0.99605         4.40568         9.69979         0.00000       154.05468
        38.00000       986.62271      1573.84819       108.26120       352.71825       336.93315         2.17320         1.22349       484.36656         1.36975         0.99373         4.42633         9.74455         0.00000       155.63450
        39.00000      1008.47872      1579.87526       107.95453       356.41139       340.58992         2.15127         1.22302       487.32199         1.36677         0.99139         4.44675         9.78898         0.00000       157.20203
        40.00000      1030.33473      1586.64005       107.64573       360.01244       344.13133         2.13169         1.22272       490.22259         1.36444         0.98906         4.46678         9.83926         0.00000       158.74548
        41.00000      1052.19073      1592.57514       107.34680       363.68941       347.77206         2.11076         1.22227       493.11429         1.36156         0.98671         4.48674         9.88314         0.00000       160.28880
        42.00000      1074.01237      1598.46020       107.05158       367.35865       351.40514         2.09033         1.22183       495.97538         1.35872         0.98435         4.50649         9.92672         0.00000       161.82063
        43.00000      1095.62184      1604.29718       106.75998       371.02055       355.03095         2.07036         1.22140       498.80662         1.35594         0.98199         4.52602         9.96999         0.00000       163.34114
        44.00000      1117.23130      1610.08610       106.47191       374.67514       358.64954         2.05085         1.22097       501.60876         1.35320         0.97962         4.54535        10.01298         0.00000       164.85062
        45.00000      1138.84077      1615.82954       106.18729       378.32256       362.26103         2.03178         1.22056       504.38248         1.35050         0.97726         4.56449        10.05569         0.00000       166.34930
        46.00000      1160.45023      1621.52812       105.90602       381.96303       365.86565         2.01312         1.22016       507.12847         1.34784         0.97490         4.58342        10.09813         0.00000       167.83738
        47.00000      1181.93728      1627.18305       105.62803       385.59669       369.46354         1.99487         1.21976       509.84738         1.34523         0.97254         4.60217        10.14031         0.00000       169.31507
        48.00000      1203.30755      1632.79550       105.35325       389.22371       373.05486         1.97702         1.21938       512.53984         1.34265         0.97019         4.62074        10.18223         0.00000       170.78257
        49.00000      1224.67783      1638.36663       105.08158       392.84422       376.63975         1.95954         1.21900       515.20645         1.34012         0.96784         4.63912        10.22391         0.00000       172.24008
        50.00000      1246.04810      1643.89755       104.81298       396.45838       380.21836         1.94243         1.21862       517.84780         1.33762         0.96550         4.65732        10.26535         0.00000       173.68779
        51.00000      1267.41837      1649.38921       104.54735       400.06629       383.79079         1.92568         1.21826       520.46444         1.33516         0.96317         4.67536        10.30656         0.00000       175.12589
        52.00000      1288.59275      1654.84346       104.28464       403.66792       387.35703         1.90927         1.21790       523.05690         1.33273         0.96085         4.69322        10.34754         0.00000       176.55459
        53.00000      1309.72768      1660.26018       104.02478       407.26395       390.91769         1.89319         1.21755       525.62573         1.33034         0.95854         4.71093        10.38831         0.00000       177.97390
        54.00000      1330.86262      1665.64154       103.76771       410.85372       394.47219         1.87743         1.21721       528.17140         1.32798         0.95624         4.72847        10.42887         0.00000       179.38424
        55.00000      1351.99755      1670.98774       103.51337       414.43806       398.02130         1.86198         1.21687       530.69443         1.32566         0.95394         4.74585        10.46923         0.00000       180.78557
        56.00000      1373.10913      1676.30069       103.26170       418.01667       401.56473         1.84684         1.21654       533.19526         1.32337         0.95166         4.76308        10.50940         0.00000       182.17810
        57.00000      1394.01259      1681.57982       103.01264       421.58977       405.10272         1.83199         1.21621       535.67438         1.32111         0.94940         4.78016        10.54937         0.00000       183.56200
        58.00000      1414.91605      1686.82880       102.76614       425.15742       408.63529         1.81742         1.21589       538.13216         1.31887         0.94714         4.79709        10.58917         0.00000       184.93739
        59.00000      1435.81951      1692.04479       102.52216       428.71961       412.16249         1.80313         1.21558       540.56913         1.31667         0.94490         4.81388        10.62878         0.00000       186.30456
        60.00000      1456.72297      1697.23207       102.28062       432.27661       415.68452         1.78910         1.21527       542.98561         1.31450         0.94267         4.83053        10.66823         0.00000       187.66348
        61.00000      1477.55340      1702.39036       102.04150       435.82845       419.20144         1.77534         1.21497       545.38203         1.31236         0.94045         4.84704        10.70752         0.00000       189.01433
        62.00000      1498.22650      1707.52053       101.80474       439.37520       422.71331         1.76182         1.21467       547.75878         1.31024         0.93825         4.86342        10.74665         0.00000       190.35725
        63.00000      1518.89960      1712.62440       101.57029       442.91689       426.22016         1.74855         1.21438       550.11621         1.30815         0.93606         4.87966        10.78564         0.00000       191.69240
        64.00000      1539.57270      1717.70125       101.33812       446.45373       429.72219         1.73552         1.21409       552.45471         1.30608         0.93389         4.89577        10.82447         0.00000       193.01984
        65.00000      1560.24580      1722.75270       101.10818       449.98573       433.21941         1.72272         1.21381       554.77463         1.30404         0.93173         4.91175        10.86317         0.00000       194.33971
        66.00000      1580.80840      1727.77868       100.88042       453.51304       436.71196         1.71015         1.21353       557.07632         1.30203         0.92958         4.92761        10.90173         0.00000       195.65211
        67.00000      1601.25118      1732.78434       100.65481       457.03536       440.19955         1.69779         1.21326       559.36002         1.30004         0.92745         4.94334        10.94020         0.00000       196.95726
        68.00000      1621.69397      1737.76340       100.43131       460.55334       443.68282         1.68564         1.21300       561.62621         1.29807         0.92533         4.95896        10.97851         0.00000       198.25511
        69.00000      1642.13676      1742.72098       100.20990       464.06671       447.16151         1.67371         1.21273       563.87509         1.29613         0.92323         4.97446        11.01671         0.00000       199.54585
        70.00000      1662.57955      1747.65769        99.99053       467.57554       450.63567         1.66197         1.21247       566.10699         1.29421         0.92114         4.98984        11.05480         0.00000       200.82961
        71.00000      1682.88578      1752.57086        99.77316       471.08019       454.10565         1.65043         1.21222       568.32227         1.29231         0.91907         5.00510        11.09276         0.00000       202.10634
        72.00000      1703.09638      1757.46603        99.55777       474.58027       457.57109         1.63908         1.21197       570.52111         1.29044         0.91701         5.02026        11.13064         0.00000       203.37632
        73.00000      1723.30698      1762.34352        99.34431       478.07584       461.03202         1.62792         1.21173       572.70380         1.28858         0.91497         5.03530        11.16844         0.00000       204.63966
        74.00000      1743.51758      1767.20026        99.13276       481.56736       464.48890         1.61694         1.21148       574.87069         1.28675         0.91294         5.05024        11.20612         0.00000       205.89628
        75.00000      1763.72818      1772.03861        98.92310       485.05466       467.94156         1.60614         1.21125       577.02201         1.28493         0.91093         5.06507        11.24371         0.00000       207.14634
        76.00000      1783.78811      1776.85765        98.71529       488.53818       471.39044         1.59551         1.21101       579.15805         1.28314         0.90893         5.07980        11.28121         0.00000       208.38981
        77.00000      1803.76336      1781.66118        98.50931       492.01734       474.83495         1.58504         1.21079       581.27899         1.28137         0.90695         5.09442        11.31863         0.00000       209.62700
        78.00000      1823.73861      1786.44802        98.30511       495.49248       478.27544         1.57474         1.21056       583.38512         1.27962         0.90498         5.10894        11.35597         0.00000       210.85789
        79.00000      1843.71386      1791.21863        98.10269       498.96366       481.71196         1.56461         1.21034       585.47667         1.27788         0.90302         5.12337        11.39324         0.00000       212.08254
        80.00000      1863.68911      1795.97478        97.90201       502.43079       485.14441         1.55462         1.21012       587.55386         1.27617         0.90108         5.13770        11.43044         0.00000       213.30105
        81.00000      1883.51189      1800.71292        97.70306       505.89432       488.57327         1.54479         1.20991       589.61700         1.27447         0.89916         5.15193        11.46755         0.00000       214.51346
        82.00000      1903.24666      1805.43739        97.50581       509.35391       491.99817         1.53511         1.20969       591.66622         1.27279         0.89725         5.16606        11.50460         0.00000       215.71987
        83.00000      1922.98143      1810.14721        97.31022       512.80974       495.41929         1.52558         1.20949       593.70177         1.27113         0.89535         5.18011        11.54158         0.00000       216.92033
        84.00000      1942.71619      1814.84321        97.11629       516.26172       498.83654         1.51618         1.20928       595.72386         1.26949         0.89347         5.19406        11.57850         0.00000       218.11495
        85.00000      1962.45096      1819.52446        96.92398       519.71028       502.25036         1.50693         1.20908       597.73272         1.26786         0.89160         5.20792        11.61536         0.00000       219.30370
        86.00000      1982.04577      1824.19210        96.73329       523.15511       505.66043         1.49781         1.20889       599.72853         1.26625         0.88974         5.22170        11.65215         0.00000       220.48674
        87.00000      2001.53363      1828.84607        96.54418       526.59636       509.06690         1.48882         1.20869       601.71150         1.26466         0.88790         5.23538        11.68887         0.00000       221.66409
        88.00000      2021.02148      1833.48676        96.35664       530.03408       512.46983         1.47996         1.20850       603.68183         1.26309         0.88607         5.24898        11.72554         0.00000       222.83583
        89.00000      2040.50934      1838.11423        96.17064       533.46832       515.86926         1.47123         1.20831       605.63970         1.26153         0.88426         5.26250        11.76215         0.00000       224.00201
        90.00000      2059.99719      1842.72863        95.98617       536.89912       519.26522         1.46262         1.20813       607.58530         1.25998         0.88246         5.27594        11.79870         0.00000       225.16269
        91.00000      2079.37392      1847.33006        95.80321       540.32651       522.65777         1.45414         1.20794       609.51882         1.25846         0.88067         5.28929        11.83519         0.00000       226.31792
        92.00000      2098.60653      1851.91860        95.62174       543.75055       526.04694         1.44577         1.20777       611.44044         1.25694         0.87890         5.30256        11.87162         0.00000       227.46778
        93.00000      2117.83915      1856.49432        95.44174       547.17126       529.43278         1.43752         1.20759       613.35032         1.25545         0.87714         5.31576        11.90799         0.00000       228.61231
        94.00000      2137.07176      1861.05759        95.26319       550.58871       532.81533         1.42938         1.20742       615.24864         1.25397         0.87539         5.32887        11.94430         0.00000       229.75156
        95.00000      2156.30438      1865.60774        95.08608       554.00290       536.19462         1.42135         1.20724       617.13557         1.25250         0.87366         5.34191        11.98056         0.00000       230.88560
        96.00000      2175.47443      1870.14507        94.91039       557.41388       539.57069         1.41343         1.20708       619.01128         1.25105         0.87194         5.35487        12.01675         0.00000       232.01448
        97.00000      2194.44184      1874.66955        94.73610       560.82170       542.94358         1.40562         1.20691       620.87593         1.24961         0.87023         5.36776        12.05288         0.00000       233.13824
        98.00000      2213.40925      1879.18112        94.56319       564.22639       546.31334         1.39791         1.20675       622.72967         1.24819         0.86853         5.38057        12.08895         0.00000       234.25695
        99.00000      2232.37665      1883.67970        94.39166       567.62798       549.68000         1.39030         1.20659       624.57266         1.24678         0.86685         5.39332        12.12496         0.00000       235.37066
       100.00000      2251.34406      1888.16533        94.22147       571.02644       553.04353         1.38279         1.20643       626.40505         1.24539         0.86518         5.40599        12.16090         0.00000       236.47942
       101.00000      2270.31147      1892.63767        94.05262       574.42201       556.40417         1.37538         1.20627       628.22700         1.24400         0.86352         5.41859        12.19678         0.00000       237.58328
       102.00000      2289.01274      1897.09635        93.88509       577.81452       559.76175         1.36807         1.20612       630.03864         1.24264         0.86187         5.43112        12.23259         0.00000       238.68228
       103.00000      2307.70399      1901.54201        93.71886       581.20407       563.11638         1.36084         1.20597       631.84012         1.24128         0.86024         5.44358        12.26833         0.00000       239.77649
       104.00000      2326.39524      1905.97514        93.55392       584.59073       566.46811         1.35371         1.20582       633.63155         1.23994         0.85862         5.45598        12.30401         0.00000       240.86592
       105.00000      2345.08649      1910.39220        93.39027       587.97440       569.81690         1.34667         1.20567       635.41315         1.23861         0.85701         5.46831        12.33960         0.00000       241.95067
       106.00000      2363.77773      1914.79634        93.22787       591.35524       573.16287         1.33972         1.20553       637.18498         1.23730         0.85541         5.48057        12.37512         0.00000       243.03078
       107.00000      2382.29127      1919.18640        93.06671       594.73325       576.50602         1.33286         1.20539       638.94719         1.23599         0.85382         5.49277        12.41057         0.00000       244.10629
       108.00000      2400.69289      1923.56215        92.90678       598.10844       579.84638         1.32607         1.20525       640.69991         1.23470         0.85224         5.50490        12.44594         0.00000       245.17724
       109.00000      2419.09451      1927.92343        92.74806       601.48086       583.18399         1.31938         1.20511       642.44327         1.23342         0.85068         5.51697        12.48124         0.00000       246.24369
       110.00000      2437.49614      1932.27035        92.59055       604.85052       586.51888         1.31276         1.20497       644.17739         1.23216         0.84912         5.52898        12.51645         0.00000       247.30566
       111.00000      2455.89776      1936.60196        92.43422       608.21746       589.85109         1.30622         1.20484       645.90240         1.23090         0.84758         5.54093        12.55158         0.00000       248.36323
       112.00000      2474.24475      1940.92081        92.27905       611.58175       593.18065         1.29976         1.20470       647.61837         1.22966         0.84605         5.55282        12.58664         0.00000       249.41640
       113.00000      2492.34170      1945.22251        92.12505       614.94331       596.50755         1.29338         1.20457       649.32550         1.22843         0.84452         5.56465        12.62160         0.00000       250.46530
       114.00000      2510.43864      1951.88026        91.91890       617.62668       599.22139         1.28570         1.20434       650.98391         1.22395         0.84305         5.57614        12.67518         0.00000       251.48955
       115.00000      2528.53558      1969.13041        91.47270       617.24523       599.16975         1.27168         1.20360       652.45596         1.20472         0.84174         5.58635        12.81238         0.00000       252.41576
       116.00000      2546.63253      1990.42824        90.92980       615.68523       598.05634         1.25512         1.20266       653.85307         1.17991         0.84050         5.59603        12.98161         0.00000       253.29553
       117.00000      2564.72947      2011.17002        90.38539       614.19453       597.00474         1.23880         1.20172       655.25278         1.15570         0.83926         5.60574        13.14654         0.00000       254.16152
       118.00000      2582.61700      2018.35580        90.15874       616.56235       599.44155         1.23062         1.20142       656.87171         1.14989         0.83783         5.61696        13.20452         0.00000       255.15701
       119.00000      2600.39350      2022.44902        90.00963       619.84085       602.70157         1.22440         1.20128       658.53380         1.14839         0.83637         5.62849        13.23812         0.00000       256.18016
       120.00000      2618.17000      2026.52803        89.86156       623.11667       605.95885         1.21825         1.20114       660.18765         1.14691         0.83491         5.63997        13.27164         0.00000       257.19939
       121.00000      2635.94650      2030.59272        89.71453       626.38983       609.21342         1.21218         1.20100       661.83337         1.14544         0.83347         5.65138        13.30507         0.00000       258.21474
       122.00000      2653.72300      2034.64308        89.56852       629.66035       612.46530         1.20618         1.20086       663.47107         1.14399         0.83203         5.66275        13.33842         0.00000       259.22625
       123.00000      2671.49146      2038.67910        89.42351       632.92825       615.71451         1.20025         1.20073       665.10082         1.14255         0.83060         5.67406        13.37169         0.00000       260.23395
       124.00000      2688.98186      2042.70079        89.27951       636.19354       618.96107         1.19439         1.20060       666.72273         1.14112         0.82919         5.68532        13.40488         0.00000       261.23789
       125.00000      2706.47225      2046.70814        89.13650       639.45625       622.20500         1.18860         1.20047       668.33689         1.13971         0.82778         5.69652        13.43798         0.00000       262.23811
       126.00000      2723.96264      2050.70123        88.99446       642.71640       625.44634         1.18288         1.20034       669.94338         1.13831         0.82638         5.70768        13.47100         0.00000       263.23463
       127.00000      2741.44849      2054.68004        88.85338       645.97401       628.68509         1.17722         1.20021       671.54230         1.13693         0.82500         5.71879        13.50394         0.00000       264.22750
       128.00000      2758.76354      2058.64423        88.71326       649.22908       631.92129         1.17163         1.20009       673.13373         1.13555         0.82362         5.72984        13.53678         0.00000       265.21676
       129.00000      2776.00929      2062.59470        88.57408       652.48167       635.15496         1.16610         1.19996       674.71775         1.13419         0.82225         5.74085        13.56955         0.00000       266.20243
       130.00000      2793.08810      2066.53074        88.43584       655.73176       638.38611         1.16063         1.19984       676.29445         1.13284         0.82089         5.75180        13.60223         0.00000       267.18455
       131.00000      2810.16691      2070.45171        88.29851       658.97936       641.61475         1.15523         1.19972       677.86392         1.13151         0.81954         5.76271        13.63482         0.00000       268.16317
       132.00000      2827.24572      2074.35757        88.16211       662.22450       644.84092         1.14988         1.19960       679.42624         1.13018         0.81819         5.77357        13.66732         0.00000       269.13832
       133.00000      2844.32452      2078.24998        88.02660       665.46723       648.06464         1.14460         1.19948       680.98147         1.12887         0.81686         5.78438        13.69974         0.00000       270.11001
       134.00000      2861.40333      2082.12799        87.89198       668.70755       651.28594         1.13937         1.19936       682.52970         1.12757         0.81553         5.79515        13.73207         0.00000       271.07830
       135.00000      2878.36916      2085.99158        87.75824       671.94547       654.50483         1.13420         1.19925       684.07101         1.12628         0.81422         5.80587        13.76432         0.00000       272.04320
       136.00000      2895.19009      2089.84072        87.62537       675.18102       657.72132         1.12909         1.19913       685.60547         1.12500         0.81291         5.81655        13.79647         0.00000       273.00475
       137.00000      2912.01101      2093.67542        87.49336       678.41420       660.93545         1.12403         1.19902       687.13315         1.12374         0.81161         5.82717        13.82854         0.00000       273.96299
       138.00000      2928.83193      2097.49565        87.36221       681.64505       664.14722         1.11902         1.19891       688.65413         1.12248         0.81032         5.83776        13.86052         0.00000       274.91794
       139.00000      2945.65286      2101.30141        87.23190       684.87356       667.35667         1.11407         1.19880       690.16848         1.12124         0.80904         5.84830        13.89241         0.00000       275.86964
       140.00000      2962.47378      2105.09268        87.10242       688.09978       670.56380         1.10918         1.19869       691.67627         1.12000         0.80776         5.85880        13.92421         0.00000       276.81811
         0.00000        -0.00000      1267.40721       153.65480       105.24040       100.34962         3.80194         1.22753       334.28397         1.01144         0.94827         3.36846         7.48827         0.00000        79.76070
         1.00000        36.28228      1277.94865       151.58219       111.33681       106.39805         3.61152         1.22387       339.80808         1.00573         0.96326         3.40883         7.56962         0.00000        82.01927
         2.00000        66.34476      1290.22734       149.88886       118.26825       113.32643         3.39454         1.22053       345.08511         0.99565         0.97569         3.44721         7.66386         0.00000        84.19846
         3.00000        96.41489      1301.35680       148.60598       123.48027       118.61811         3.21688         1.21748       350.28373         0.97915         0.98630         3.48488         7.74849         0.00000        86.36569
         4.00000       126.47625      1311.73950       147.40837       128.42942       123.64743         3.06071         1.21477       355.38727         0.96328         0.99530         3.52172         7.82677         0.00000        88.51275
         5.00000       156.54183      1321.53845       146.27363       133.22277       128.51864         2.92105         1.21235       360.39273         0.94819         1.00288         3.55772         7.90007         0.00000        90.63707
         6.00000       186.60540      1330.84899       145.19010       137.91224       133.28254         2.79485         1.21017       365.30074         0.93388         1.00923         3.59291         7.96922         0.00000        92.73765
         7.00000       216.66896      1339.73025       144.15056       142.52592       137.96683         2.68000         1.20819       370.11371         0.92034         1.01450         3.62732         8.03473         0.00000        94.81429
         8.00000       246.00169      1351.06582       142.89369       148.21229       143.12937         2.72797         1.21090       374.70190         0.96354         1.01872         3.66004         8.11938         0.00000        96.80923
         9.00000       275.15035      1359.65435       141.93758       152.57578       147.54615         2.63291         1.20925       379.31639         0.95223         1.02224         3.69286         8.18226         0.00000        98.83048
        10.00000       304.12654      1367.91039       141.01190       156.91754       151.93952         2.54426         1.20771       383.84628         0.94138         1.02504         3.72501         8.24241         0.00000       100.82904
        11.00000       332.88900      1375.83482       140.11315       161.24381       156.31628         2.46122         1.20627       388.29565         0.93091         1.02721         3.75652         8.29989         0.00000       102.80580
        12.00000       361.53749      1383.41067       139.23687       165.56448       160.68728         2.38294         1.20490       392.66906         0.92071         1.02883         3.78743         8.35458         0.00000       104.76193
        13.00000       389.98609      1431.46375       132.53148       197.49544       190.04636         2.50875         1.21498       395.23919         1.09145         1.02956         3.80556         8.72772         0.00000       105.91750
        14.00000       417.29753      1438.49434       131.81178       202.00163       194.61599         2.44003         1.21350       399.49801         1.08120         1.03043         3.83558         8.77804         0.00000       107.84208
        15.00000       443.99125      1444.44219       131.03339       206.84977       199.55493         2.36706         1.21183       403.71969         1.06916         1.03090         3.86528         8.81985         0.00000       109.76176
        16.00000       470.32792      1465.71798       129.00604       218.46684       211.21617         2.23080         1.20936       407.24291         1.04988         1.03101         3.89003         8.98224         0.00000       111.37271
        17.00000       496.56087      1499.75909       126.51120       236.39722       229.68504         1.97040         1.20341       410.19918         0.98891         1.03093         3.91078         9.24503         0.00000       112.72975
        18.00000       522.40358      1510.48878       125.88072       241.00211       234.27625         1.93175         1.20288       414.03505         0.98390         1.03058         3.93767         9.32449         0.00000       114.50025
        19.00000       548.18742      1519.08696       125.31371       245.30179       238.59726         1.89269         1.20221       417.88894         0.97733         1.02999         3.96465         9.38723         0.00000       116.28861
        20.00000       573.57014      1526.30060       124.75154       249.55050       242.85989         1.85737         1.20164       421.73095         0.97179         1.02917         3.99152         9.43916         0.00000       118.08089
        21.00000       598.92253      1532.53056       124.16747       253.97873       247.29565         1.82364         1.20108       425.54603         0.96697         1.02813         4.01817         9.48343         0.00000       119.86985
        22.00000       624.04227      1536.89273       123.33878       260.31913       253.61661         1.78409         1.20024       429.36752         0.96383         1.02690         4.04483         9.51310         0.00000       121.67095
        23.00000       649.12026      1542.27393       122.67604       265.10839       258.33016         1.76325         1.20026       433.08981         0.96486         1.02552         4.07078         9.55088         0.00000       123.43404
        24.00000       673.78483      1520.52470       115.12777       292.00264       278.86195         2.36654         1.22688       437.71851         1.30955         1.02358         4.10302         9.37578         0.00000       129.96781
        25.00000       696.50299      1520.47166       112.74387       303.32569       287.68692         2.52683         1.23337       441.50055         1.41491         1.02182         4.12933         9.37116         0.00000       133.50062
        26.00000       719.22116      1527.47610       112.37413       307.14922       291.47249         2.49540         1.23269       444.98067         1.41105         1.02007         4.15353         9.42202         0.00000       135.25534
        27.00000       741.81150      1534.40426       112.01009       310.96076       295.24611         2.46490         1.23204       448.41315         1.40728         1.01823         4.17737         9.47237         0.00000       136.99358
        28.00000       764.39099      1541.25937       111.65158       314.76062       299.00807         2.43529         1.23140       451.79950         1.40359         1.01631         4.20088         9.52224         0.00000       138.71577
        29.00000       786.82469      1548.04266       111.29843       318.54929       302.75887         2.40653         1.23078       455.14123         1.39998         1.01432         4.22407         9.57164         0.00000       140.42228
        30.00000       809.19806      1554.75678       110.95048       322.32691       306.49869         2.37859         1.23017       458.43969         1.39644         1.01227         4.24694         9.62060         0.00000       142.11361
        31.00000       831.57144      1561.40333       110.60758       326.09397       310.22800         2.35141         1.22958       461.69624         1.39297         1.01017         4.26951         9.66911         0.00000       143.79007
        32.00000       853.94481      1567.98385       110.26957       329.85078       313.94712         2.32498         1.22901       464.91214         1.38957         1.00802         4.29178         9.71720         0.00000       145.45204
        33.00000       876.25551      1574.50007       109.93633       333.59763       317.65635         2.29925         1.22845       468.08859         1.38623         1.00584         4.31377         9.76489         0.00000       147.09989
        34.00000       898.36522      1580.95356       109.60771       337.33481       321.35599         2.27420         1.22790       471.22675         1.38296         1.00361         4.33549         9.81217         0.00000       148.73393
        35.00000       920.47493      1587.34591       109.28359       341.06261       325.04633         2.24980         1.22737       474.32772         1.37975         1.00136         4.35694         9.85907         0.00000       150.35450
        36.00000       942.58464      1593.67864       108.96384       344.78129       328.72762         2.22603         1.22685       477.39254         1.37660         0.99908         4.37814         9.90559         0.00000       151.96192
        37.00000       964.69435      1599.95320       108.64834       348.49110       332.40013         2.20285         1.22635       480.42220         1.37350         0.99679         4.39908         9.95175         0.00000       153.55647
        38.00000       986.62271      1606.17114       108.33698       352.19226       336.06409         2.18024         1.22585       483.41767         1.37046         0.99447         4.41978         9.99755         0.00000       155.13845
        39.00000      1008.47872      1612.33386       108.02965       355.88488       339.71959         2.15819         1.22537       486.37985         1.36747         0.99214         4.44024        10.04301         0.00000       156.70817
        40.00000      1030.33473      1618.44266       107.72624       359.56958       343.36725         2.13667         1.22490       489.30963         1.36453         0.98980         4.46047        10.08814         0.00000       158.26581
        41.00000      1052.19073      1624.61699       107.42577       363.23353       346.99076         2.11592         1.22446       492.20448         1.36173         0.98745         4.48046        10.13387         0.00000       159.80995
        42.00000      1074.01237      1631.29863       107.12494       366.83117       350.53177         2.09686         1.22413       495.05289         1.35938         0.98511         4.50012        10.18365         0.00000       161.33380
        43.00000      1095.62184      1637.26482       106.83274       370.49248       354.15627         2.07678         1.22369       497.89028         1.35658         0.98275         4.51970        10.22793         0.00000       162.85637
        44.00000      1117.23130      1643.18303       106.54409       374.14648       357.77352         2.05716         1.22326       500.69839         1.35383         0.98039         4.53907        10.27191         0.00000       164.36783
        45.00000      1138.84077      1649.05404       106.25889       377.79331       361.38370         2.03798         1.22283       503.47795         1.35112         0.97803         4.55825        10.31560         0.00000       165.86845
        46.00000      1160.45023      1654.87906       105.97707       381.43316       364.98697         2.01922         1.22242       506.22966         1.34846         0.97567         4.57723        10.35902         0.00000       167.35843
        47.00000      1181.93728      1660.65934       105.69854       385.06617       368.58348         2.00087         1.22201       508.95415         1.34584         0.97332         4.59601        10.40217         0.00000       168.83799
        48.00000      1203.30755      1666.39605       105.42323       388.69250       372.17340         1.98292         1.22161       511.65207         1.34325         0.97097         4.61461        10.44505         0.00000       170.30733
        49.00000      1224.67783      1672.09061       105.15105       392.31211       375.75668         1.96535         1.22122       514.32401         1.34071         0.96862         4.63303        10.48769         0.00000       171.76672
        50.00000      1246.04810      1677.74345       104.88195       395.92571       379.33400         1.94815         1.22084       516.97058         1.33820         0.96628         4.65128        10.53008         0.00000       173.21612
        51.00000      1267.41837      1683.35645       104.61584       399.53287       382.90495         1.93131         1.22046       519.59233         1.33573         0.96395         4.66935        10.57223         0.00000       174.65595
        52.00000      1288.59275      1688.93038       104.35266       403.13389       386.46985         1.91481         1.22010       522.18981         1.33330         0.96163         4.68725        10.61416         0.00000       176.08631
        53.00000      1309.72768      1694.46665       104.09235       406.72868       390.02860         1.89864         1.21973       524.76353         1.33090         0.95932         4.70498        10.65586         0.00000       177.50745
        54.00000      1330.86262      1699.96579       103.83483       410.31804       393.58194         1.88281         1.21938       527.31402         1.32854         0.95701         4.72256        10.69735         0.00000       178.91929
        55.00000      1351.99755      1705.42932       103.58006       413.90140       397.12937         1.86728         1.21903       529.84175         1.32620         0.95472         4.73998        10.73863         0.00000       180.32224
        56.00000      1373.10913      1710.85815       103.32797       417.47909       400.67119         1.85206         1.21869       532.34719         1.32390         0.95244         4.75724        10.77971         0.00000       181.71638
        57.00000      1394.01259      1716.25335       103.07851       421.05123       404.20751         1.83713         1.21836       534.83082         1.32164         0.95017         4.77435        10.82059         0.00000       183.10185
        58.00000      1414.91605      1721.61576       102.83162       424.61791       407.73844         1.82249         1.21803       537.29306         1.31940         0.94791         4.79131        10.86129         0.00000       184.47882
        59.00000      1435.81951      1726.94697       102.58725       428.17927       411.26407         1.80813         1.21771       539.73433         1.31719         0.94567         4.80813        10.90182         0.00000       185.84740
        60.00000      1456.72297      1732.24659       102.34535       431.73530       414.78444         1.79403         1.21739       542.15509         1.31501         0.94344         4.82481        10.94216         0.00000       187.20778
        61.00000      1477.55340      1737.51685       102.10587       435.28619       418.29970         1.78020         1.21708       544.55569         1.31286         0.94122         4.84135        10.98234         0.00000       188.56005
        62.00000      1498.22650      1742.75908       101.86876       438.83191       421.80985         1.76662         1.21678       546.93652         1.31074         0.93901         4.85775        11.02236         0.00000       189.90438
        63.00000      1518.89960      1747.97169       101.63398       442.37278       425.31517         1.75329         1.21648       549.29801         1.30864         0.93682         4.87402        11.06222         0.00000       191.24081
        64.00000      1539.57270      1753.15806       101.40148       445.90865       428.81553         1.74019         1.21618       551.64047         1.30657         0.93464         4.89016        11.10194         0.00000       192.56955
        65.00000      1560.24580      1758.31823       101.17122       449.43969       432.31109         1.72733         1.21589       553.96428         1.30452         0.93248         4.90617        11.14151         0.00000       193.89070
        66.00000      1580.80840      1763.45301       100.94316       452.96595       435.80190         1.71470         1.21561       556.26976         1.30251         0.93033         4.92205        11.18095         0.00000       195.20437
        67.00000      1601.25118      1768.56418       100.71727       456.48744       439.28796         1.70228         1.21533       558.55725         1.30051         0.92820         4.93781        11.22026         0.00000       196.51070
        68.00000      1621.69397      1773.64968       100.49349       460.00447       442.76958         1.69008         1.21505       560.82711         1.29854         0.92608         4.95345        11.25943         0.00000       197.80970
        69.00000      1642.13676      1778.71312       100.27180       463.51687       446.24659         1.67809         1.21478       563.07962         1.29659         0.92397         4.96898        11.29848         0.00000       199.10158
        70.00000      1662.57955      1783.75599       100.05214       467.02463       449.71897         1.66630         1.21452       565.31505         1.29467         0.92188         4.98438        11.33744         0.00000       200.38644
        71.00000      1682.88578      1788.77599        99.83452       470.52802       453.18700         1.65471         1.21426       567.53377         1.29277         0.91981         4.99967        11.37627         0.00000       201.66438
        72.00000      1703.09638      1793.77466        99.61888       474.02715       456.65079         1.64331         1.21400       569.73605         1.29089         0.91775         5.01485        11.41499         0.00000       202.93537
        73.00000      1723.30698      1798.75314        99.40518       477.52202       460.11031         1.63210         1.21375       571.92216         1.28903         0.91570         5.02992        11.45360         0.00000       204.19962
        74.00000      1743.51758      1803.70988        99.19340       481.01285       463.56579         1.62107         1.21350       574.09243         1.28719         0.91367         5.04488        11.49211         0.00000       205.45710
        75.00000      1763.72818      1808.64974        98.98351       484.49928       467.01688         1.61022         1.21326       576.24702         1.28538         0.91165         5.05973        11.53053         0.00000       206.70809
        76.00000      1783.78811      1813.57124        98.77548       487.98160       470.46385         1.59954         1.21302       578.38625         1.28358         0.90965         5.07448        11.56886         0.00000       207.95257
        77.00000      1803.76336      1818.47470        98.56928       491.45984       473.90675         1.58903         1.21278       580.51037         1.28180         0.90767         5.08912        11.60711         0.00000       209.19064
        78.00000      1823.73861      1823.36233        98.36487       494.93396       477.34550         1.57869         1.21255       582.61959         1.28005         0.90569         5.10367        11.64528         0.00000       210.42238
        79.00000      1843.71386      1828.23008        98.16226       498.40437       480.78056         1.56850         1.21232       584.71426         1.27831         0.90373         5.11811        11.68335         0.00000       211.64783
        80.00000      1863.68911      1833.08339        97.96138       501.87071       484.21152         1.55848         1.21210       586.79449         1.27659         0.90179         5.13246        11.72135         0.00000       212.86713
        81.00000      1883.51189      1837.92028        97.76224       505.33313       487.63856         1.54861         1.21188       588.86058         1.27489         0.89986         5.14671        11.75927         0.00000       214.08032
        82.00000      1903.24666      1842.74139        97.56479       508.79197       491.06201         1.53888         1.21166       590.91275         1.27321         0.89795         5.16086        11.79713         0.00000       215.28745
        83.00000      1922.98143      1847.54678        97.36903       512.24697       494.48160         1.52931         1.21145       592.95121         1.27155         0.89605         5.17493        11.83490         0.00000       216.48862
        84.00000      1942.71619      1852.33753        97.17491       515.69826       497.89746         1.51988         1.21124       594.97617         1.26991         0.89416         5.18890        11.87261         0.00000       217.68389
        85.00000      1962.45096      1857.11358        96.98243       519.14589       501.30965         1.51058         1.21103       596.98784         1.26828         0.89229         5.20278        11.91025         0.00000       218.87334
        86.00000      1982.04577      1861.87520        96.79156       522.58990       504.71821         1.50143         1.21083       598.98643         1.26667         0.89043         5.21657        11.94783         0.00000       220.05702
        87.00000      2001.53363      1866.62253        96.60229       526.03034       508.12317         1.49240         1.21063       600.97215         1.26507         0.88859         5.23028        11.98533         0.00000       221.23501
        88.00000      2021.02148      1871.35595        96.41458       529.46727       511.52461         1.48351         1.21043       602.94518         1.26350         0.88676         5.24390        12.02278         0.00000       222.40735
        89.00000      2040.50934      1876.07556        96.22841       532.90073       514.92256         1.47474         1.21024       604.90572         1.26194         0.88494         5.25743        12.06016         0.00000       223.57413
        90.00000      2059.99719      1880.78150        96.04378       536.33075       518.31706         1.46610         1.21005       606.85395         1.26039         0.88314         5.27089        12.09748         0.00000       224.73539
        91.00000      2079.37392      1885.47389        95.86066       539.75738       521.70815         1.45758         1.20986       608.79006         1.25886         0.88135         5.28426        12.13473         0.00000       225.89120
        92.00000      2098.60653      1890.15284        95.67902       543.18065       525.09587         1.44918         1.20968       610.71424         1.25735         0.87957         5.29755        12.17193         0.00000       227.04162
        93.00000      2117.83915      1894.81873        95.49886       546.60063       528.48027         1.44089         1.20949       612.62664         1.25585         0.87781         5.31076        12.20906         0.00000       228.18669
        94.00000      2137.07176      1899.47101        95.32015       550.01732       531.86138         1.43272         1.20932       614.52745         1.25437         0.87606         5.32389        12.24613         0.00000       229.32648
        95.00000      2156.30438      1904.10999        95.14288       553.43077       535.23924         1.42466         1.20914       616.41685         1.25290         0.87432         5.33694        12.28314         0.00000       230.46105
        96.00000      2175.47443      1908.73566        94.96702       556.84102       538.61390         1.41671         1.20897       618.29498         1.25145         0.87259         5.34992        12.32008         0.00000       231.59045
        97.00000      2194.44184      1913.34802        94.79257       560.24812       541.98539         1.40887         1.20880       620.16202         1.25001         0.87088         5.36283        12.35696         0.00000       232.71474
        98.00000      2213.40925      1917.94702        94.61950       563.65209       545.35374         1.40113         1.20863       622.01813         1.24859         0.86918         5.37566        12.39378         0.00000       233.83396
        99.00000      2232.37665      1922.53261        94.44780       567.05296       548.71901         1.39349         1.20846       623.86345         1.24718         0.86750         5.38841        12.43052         0.00000       234.94817
       100.00000      2251.34406      1927.10464        94.27745       570.45079       552.08122         1.38595         1.20830       625.69814         1.24578         0.86582         5.40110        12.46721         0.00000       236.05745
       101.00000      2270.31147      1931.66370        94.10843       573.84560       555.44041         1.37851         1.20814       627.52235         1.24440         0.86416         5.41371        12.50383         0.00000       237.16181
       102.00000      2289.01274      1936.20812        93.94073       577.23740       558.79661         1.37117         1.20798       629.33623         1.24303         0.86251         5.42626        12.54037         0.00000       238.26132
       103.00000      2307.70399      1940.73929        93.77434       580.62625       562.14987         1.36392         1.20783       631.13992         1.24168         0.86087         5.43874        12.57685         0.00000       239.35600
       104.00000      2326.39524      1945.25647        93.60924       584.01218       565.50021         1.35676         1.20767       632.93356         1.24033         0.85925         5.45115        12.61325         0.00000       240.44595
       105.00000      2345.08649      1949.75957        93.44540       587.39521       568.84767         1.34970         1.20752       634.71728         1.23900         0.85763         5.46349        12.64958         0.00000       241.53121
       106.00000      2363.77773      1954.24846        93.28282       590.77538       572.19229         1.34272         1.20737       636.49123         1.23769         0.85603         5.47577        12.68584         0.00000       242.61181
       107.00000      2382.29127      1958.72299        93.12149       594.15271       575.53409         1.33583         1.20722       638.25553         1.23638         0.85444         5.48798        12.72201         0.00000       243.68782
       108.00000      2400.69289      1963.18301        92.96138       597.52724       578.87311         1.32902         1.20708       640.01032         1.23509         0.85286         5.50013        12.75812         0.00000       244.75927
       109.00000      2419.09451      1967.62838        92.80248       600.89898       582.20938         1.32230         1.20694       641.75571         1.23381         0.85129         5.51221        12.79414         0.00000       245.82622
       110.00000      2437.49614      1972.05895        92.64478       604.26798       585.54292         1.31566         1.20680       643.49184         1.23254         0.84974         5.52424        12.83008         0.00000       246.88870
       111.00000      2455.89776      1976.47456        92.48827       607.63425       588.87378         1.30909         1.20666       645.21883         1.23129         0.84819         5.53620        12.86593         0.00000       247.94678
       112.00000      2474.24475      1980.87517        92.33292       610.99783       592.20198         1.30261         1.20652       646.93679         1.23004         0.84665         5.54810        12.90171         0.00000       249.00048
       113.00000      2492.34170      1985.26231        92.17872       614.35880       595.52759         1.29621         1.20638       648.64581         1.22881         0.84513         5.55994        12.93741         0.00000       250.04984
       114.00000      2510.43864      1989.63217        92.02567       617.71705       598.85056         1.28988         1.20625       650.34606         1.22759         0.84362         5.57172        12.97301         0.00000       251.09496
       115.00000      2528.53558      2001.62956        91.70517       618.92485       600.23459         1.27924         1.20577       651.90870         1.21607         0.84223         5.58255        13.06883         0.00000       252.06841
       116.00000      2546.63253      2021.67961        91.20399       617.83447       599.55062         1.26380         1.20491       653.32811         1.19358         0.84097         5.59239        13.22827         0.00000       252.96213
       117.00000      2564.72947      2044.21803        90.63970       616.01885       598.21355         1.24681         1.20391       654.69892         1.16779         0.83975         5.60190        13.40744         0.00000       253.82119
       118.00000      2582.61700      2060.25403        90.21000       615.92020       598.42480         1.23354         1.20319       656.17212         1.15038         0.83845         5.61211        13.53536         0.00000       254.72670
       119.00000      2600.39350      2064.42743        90.06071       619.19817       601.68402         1.22729         1.20304       657.83619         1.14888         0.83698         5.62365        13.56967         0.00000       255.75059
       120.00000      2618.17000      2068.58622        89.91246       622.47347       604.94051         1.22112         1.20290       659.49200         1.14739         0.83552         5.63514        13.60389         0.00000       256.77054
       121.00000      2635.94650      2072.73043        89.76525       625.74611       608.19428         1.21502         1.20276       661.13965         1.14592         0.83408         5.64657        13.63803         0.00000       257.78661
       122.00000      2653.72300      2076.86006        89.61906       629.01611       611.44537         1.20899         1.20261       662.77926         1.14446         0.83264         5.65795        13.67208         0.00000       258.79882
       123.00000      2671.49146      2080.97512        89.47388       632.28350       614.69379         1.20304         1.20248       664.41090         1.14302         0.83121         5.66927        13.70605         0.00000       259.80723
       124.00000      2688.98186      2085.07562        89.32970       635.54830       617.93957         1.19715         1.20234       666.03468         1.14159         0.82979         5.68054        13.73993         0.00000       260.81186
       125.00000      2706.47225      2089.16156        89.18650       638.81051       621.18272         1.19134         1.20220       667.65068         1.14017         0.82838         5.69176        13.77374         0.00000       261.81277
       126.00000      2723.96264      2093.23297        89.04428       642.07018       624.42329         1.18559         1.20207       669.25900         1.13877         0.82698         5.70293        13.80745         0.00000       262.80997
       127.00000      2741.44849      2097.28996        88.90303       645.32731       627.66127         1.17991         1.20194       670.85971         1.13738         0.82559         5.71404        13.84108         0.00000       263.80351
       128.00000      2758.76354      2101.33214        88.76273       648.58191       630.89670         1.17430         1.20181       672.45293         1.13600         0.82421         5.72511        13.87463         0.00000       264.79344
       129.00000      2776.00929      2105.36033        88.62337       651.83404       634.12962         1.16874         1.20168       674.03871         1.13464         0.82283         5.73613        13.90809         0.00000       265.77977
       130.00000      2793.08810      2109.37403        88.48495       655.08368       637.36002         1.16325         1.20155       675.61715         1.13329         0.82147         5.74710        13.94146         0.00000       266.76254
       131.00000      2810.16691      2113.37295        88.34744       658.33086       640.58792         1.15783         1.20143       677.18833         1.13195         0.82012         5.75801        13.97475         0.00000       267.74180
       132.00000      2827.24572      2117.35585        88.21086       661.57555       643.81333         1.15246         1.20131       678.75236         1.13062         0.81877         5.76889        14.00794         0.00000       268.71759
       133.00000      2844.32452      2121.32544        88.07517       664.81785       647.03632         1.14715         1.20118       680.30927         1.12931         0.81744         5.77971        14.04105         0.00000       269.68991
       134.00000      2861.40333      2125.28050        87.94037       668.05775       650.25689         1.14191         1.20106       681.85917         1.12800         0.81611         5.79049        14.07407         0.00000       270.65882
       135.00000      2878.36916      2129.22100        87.80645       671.29527       653.47504         1.13671         1.20094       683.40212         1.12671         0.81479         5.80122        14.10701         0.00000       271.62434
       136.00000      2895.19009      2133.14693        87.67340       674.53041       656.69082         1.13158         1.20083       684.93820         1.12543         0.81348         5.81190        14.13985         0.00000       272.58650
       137.00000      2912.01101      2137.05830        87.54122       677.76320       659.90422         1.12650         1.20071       686.46749         1.12416         0.81218         5.82254        14.17261         0.00000       273.54534
       138.00000      2928.83193      2140.95510        87.40989       680.99366       663.11529         1.12148         1.20059       687.99005         1.12290         0.81088         5.83314        14.20528         0.00000       274.50089
       139.00000      2945.65286      2144.83731        87.27939       684.22181       666.32402         1.11651         1.20048       689.50597         1.12165         0.80960         5.84369        14.23786         0.00000       275.45317
       140.00000      2962.47378      2148.70494        87.14974       687.44765       669.53045         1.11159         1.20037       691.01531         1.12041         0.80832         5.85419        14.27035         0.00000       276.40223
         0.00000        -0.00000      1293.25816       153.78987       104.64395        99.62720         3.83934         1.23037       332.80267         1.01415         0.94388         3.35760         7.69075         0.00000        79.15905
         1.00000        36.28228      1304.09513       151.72925       110.73500       105.67548         3.64295         1.22652       338.35121         1.00780         0.95951         3.39820         7.77471         0.00000        81.42136
         2.00000        66.34476      1316.71480       150.03441       117.66484       112.60467         3.42168         1.22304       343.64748         0.99742         0.97247         3.43677         7.87185         0.00000        83.60270
         3.00000        96.41489      1328.17434       148.74061       122.91340       117.93446         3.24071         1.21986       348.86526         0.98084         0.98356         3.47461         7.95925         0.00000        85.77235
         4.00000       126.47625      1338.85315       147.53478       127.88643       122.98956         3.08200         1.21705       353.98883         0.96490         0.99297         3.51163         8.03999         0.00000        87.92252
         5.00000       156.54183      1348.92256       146.39336       132.69651       127.87951         2.94028         1.21453       359.01462         0.94973         1.00091         3.54781         8.11551         0.00000        90.05038
         6.00000       186.60540      1358.48335       145.30409       137.39870       132.65812         2.81236         1.21227       363.94293         0.93534         1.00758         3.58318         8.18669         0.00000        92.15479
         7.00000       216.66896      1367.59849       144.25942       142.02284       137.35479         2.69605         1.21022       368.77594         0.92173         1.01313         3.61776         8.25408         0.00000        94.23544
         8.00000       246.00169      1376.30938       143.25378       146.58769       141.98805         2.58973         1.20836       373.51671         0.90887         1.01770         3.65159         8.31808         0.00000        96.29249
         9.00000       275.15035      1387.95321       142.04311       152.10789       146.96103         2.64665         1.21127       378.01595         0.95339         1.02132         3.68362         8.40501         0.00000        98.25936
        10.00000       304.12654      1396.40931       141.11326       156.45459       151.36094         2.55704         1.20967       382.56438         0.94246         1.02431         3.71592         8.46673         0.00000       100.26204
        11.00000       332.88900      1404.52018       140.21026       160.78660       155.74510         2.47309         1.20818       387.03201         0.93192         1.02665         3.74757         8.52565         0.00000       102.24302
        12.00000       361.53749      1412.26583       139.32931       165.11481       160.12546         2.39393         1.20677       391.42356         0.92163         1.02842         3.77863         8.58164         0.00000       104.20353
        13.00000       389.98609      1461.03734       132.62328       196.96975       189.35005         2.52085         1.21714       393.97090         1.09261         1.02922         3.79661         8.96049         0.00000       105.34670
        14.00000       417.29753      1468.17588       131.89439       201.51090       193.95854         2.45080         1.21558       398.24986         1.08215         1.03022         3.82678         9.01160         0.00000       107.27678
        15.00000       443.99125      1474.10731       131.09411       206.45667       199.00369         2.37530         1.21381       402.49626         1.06960         1.03080         3.85668         9.05323         0.00000       109.20425
        16.00000       470.32792      1489.93360       129.38138       216.01422       208.59934         2.26313         1.21168       406.25909         1.05418         1.03101         3.88312         9.17273         0.00000       110.92216
        17.00000       496.56087      1527.64128       126.67526       235.30846       228.49862         1.97614         1.20497       409.07689         0.98722         1.03098         3.90290         9.46438         0.00000       112.21355
        18.00000       522.40358      1539.96902       126.00527       240.12291       233.27292         1.93882         1.20455       412.86779         0.98350         1.03072         3.92949         9.55635         0.00000       113.96049
        19.00000       548.18742      1549.58601       125.41649       244.53790       237.69511         1.90032         1.20393       416.70141         0.97762         1.03020         3.95634         9.62705         0.00000       115.73654
        20.00000       573.57014      1557.45895       124.83718       248.86641       242.02597         1.86566         1.20341       420.53795         0.97269         1.02945         3.98318         9.68409         0.00000       117.52336
        21.00000       598.92253      1563.58728       124.15802       253.92981       247.08235         1.82981         1.20276       424.37670         0.96863         1.02847         4.01000         9.72749         0.00000       119.32056
        22.00000       624.04227      1568.94116       123.41655       259.65021       252.79303         1.79199         1.20199       428.18087         0.96480         1.02731         4.03655         9.76489         0.00000       121.11070
        23.00000       649.12026      1574.30565       122.72516       264.52086       257.56466         1.77361         1.20215       431.92282         0.96725         1.02597         4.06265         9.80247         0.00000       122.88037
        24.00000       673.78483      1547.19567       114.01634       295.84603       280.96133         2.49024         1.23371       436.76985         1.37501         1.02400         4.09641         9.58514         0.00000       130.47139
        25.00000       696.50299      1551.45771       112.83203       302.78847       286.81056         2.53620         1.23594       440.41612         1.41580         1.02234         4.12179         9.61432         0.00000       132.95947
        26.00000       719.22116      1558.62015       112.46133       306.61251       290.59584         2.50455         1.23525       443.90641         1.41193         1.02062         4.14606         9.66637         0.00000       134.71705
        27.00000       741.81150      1565.70547       112.09636       310.42437       294.36898         2.47384         1.23457       447.34871         1.40814         1.01881         4.16998         9.71790         0.00000       136.45807
        28.00000       764.39099      1572.71646       111.73695       314.22441       298.13033         2.44403         1.23391       450.74455         1.40444         1.01692         4.19356         9.76894         0.00000       138.18301
        29.00000       786.82469      1579.65289       111.38291       318.01324       301.88051         2.41508         1.23327       454.09551         1.40081         1.01495         4.21681         9.81949         0.00000       139.89222
        30.00000       809.19806      1586.51884       111.03410       321.79100       305.61967         2.38695         1.23265       457.40292         1.39726         1.01293         4.23975         9.86958         0.00000       141.58615
        31.00000       831.57144      1593.31584       110.69036       325.55800       309.34813         2.35959         1.23204       460.66814         1.39378         1.01084         4.26238         9.91923         0.00000       143.26522
        32.00000       853.94481      1600.04442       110.35154       329.31488       313.06653         2.33299         1.23145       463.89249         1.39036         1.00871         4.28472         9.96843         0.00000       144.92966
        33.00000       876.25551      1606.70800       110.01750       333.06155       316.77481         2.30710         1.23088       467.07713         1.38701         1.00654         4.30677        10.01723         0.00000       146.58000
        34.00000       898.36522      1613.30644       109.68811       336.79869       320.47361         2.28189         1.23031       470.22327         1.38373         1.00433         4.32855        10.06561         0.00000       148.21642
        35.00000       920.47493      1619.84313       109.36323       340.52607       324.16275         2.25734         1.22977       473.33197         1.38051         1.00209         4.35005        10.11360         0.00000       149.83942
        36.00000       942.58464      1626.31779       109.04274       344.24473       327.84324         2.23342         1.22923       476.40435         1.37734         0.99982         4.37130        10.16119         0.00000       151.44910
        37.00000       964.69435      1632.73350       108.72653       347.95424       331.51467         2.21010         1.22871       479.44135         1.37424         0.99753         4.39230        10.20842         0.00000       153.04593
        38.00000       986.62271      1639.09193       108.41447       351.65492       335.17737         2.18735         1.22820       482.44394         1.37118         0.99523         4.41305        10.25530         0.00000       154.63017
        39.00000      1008.47872      1645.39314       108.10646       355.34736       338.83191         2.16517         1.22771       485.41309         1.36818         0.99290         4.43356        10.30181         0.00000       156.20204
        40.00000      1030.33473      1651.63917       107.80238       359.03150       342.47824         2.14352         1.22722       488.34966         1.36524         0.99057         4.45384        10.34799         0.00000       157.76186
        41.00000      1052.19073      1657.83147       107.50215       362.70760       346.11663         2.12238         1.22675       491.25448         1.36234         0.98823         4.47390        10.39383         0.00000       159.30987
        42.00000      1074.01237      1663.97143       107.20565       366.37589       349.74729         2.10174         1.22628       494.12838         1.35949         0.98588         4.49374        10.43936         0.00000       160.84632
        43.00000      1095.62184      1670.84390       106.90712       369.95323       353.26408         2.08325         1.22597       496.95011         1.35724         0.98354         4.51321        10.49070         0.00000       162.35967
        44.00000      1117.23130      1676.89340       106.61786       373.60663       356.87999         2.06352         1.22553       499.76439         1.35448         0.98118         4.53263        10.53569         0.00000       163.87315
        45.00000      1138.84077      1682.89575       106.33209       377.25297       360.48891         2.04423         1.22509       502.54995         1.35176         0.97882         4.55185        10.58040         0.00000       165.37573
        46.00000      1160.45023      1688.85003       106.04970       380.89217       364.09080         2.02537         1.22466       505.30754         1.34909         0.97647         4.57087        10.62481         0.00000       166.86764
        47.00000      1181.93728      1694.75891       105.77062       384.52468       367.68605         2.00692         1.22425       508.03777         1.34646         0.97411         4.58969        10.66896         0.00000       168.34906
        48.00000      1203.30755      1700.62341       105.49476       388.15013       371.27435         1.98886         1.22384       510.74129         1.34386         0.97176         4.60833        10.71283         0.00000       169.82034
        49.00000      1224.67783      1706.44387       105.22207       391.76948       374.85660         1.97120         1.22344       513.41873         1.34131         0.96942         4.62679        10.75645         0.00000       171.28140
        50.00000      1246.04810      1712.22261       104.95245       395.38198       378.43211         1.95391         1.22304       516.07065         1.33880         0.96708         4.64507        10.79982         0.00000       172.73275
        51.00000      1267.41837      1717.96073       104.68585       398.98852       382.00169         1.93697         1.22266       518.69763         1.33632         0.96475         4.66318        10.84295         0.00000       174.17427
        52.00000      1288.59275      1723.65709       104.42218       402.58885       385.56516         1.92039         1.22228       521.30027         1.33388         0.96243         4.68112        10.88583         0.00000       175.60634
        53.00000      1309.72768      1729.31558       104.16140       406.18308       389.12259         1.90414         1.22191       523.87902         1.33147         0.96011         4.69889        10.92849         0.00000       177.02908
        54.00000      1330.86262      1734.93628       103.90343       409.77140       392.67419         1.88822         1.22154       526.43443         1.32910         0.95781         4.71650        10.97093         0.00000       178.44266
        55.00000      1351.99755      1740.52031       103.64822       413.35394       396.22005         1.87261         1.22119       528.96699         1.32676         0.95551         4.73395        11.01315         0.00000       179.84723
        56.00000      1373.10913      1746.06867       103.39570       416.93079       399.76030         1.85731         1.22084       531.47716         1.32445         0.95323         4.75124        11.05517         0.00000       181.24296
        57.00000      1394.01259      1751.58266       103.14582       420.50189       403.29488         1.84231         1.22049       533.96542         1.32218         0.95096         4.76839        11.09700         0.00000       182.63008
        58.00000      1414.91605      1757.06350       102.89853       424.06780       406.82427         1.82759         1.22016       536.43219         1.31993         0.94870         4.78538        11.13863         0.00000       184.00851
        59.00000      1435.81951      1762.51018       102.65377       427.62830       410.34833         1.81316         1.21982       538.87795         1.31772         0.94646         4.80223        11.18007         0.00000       185.37856
        60.00000      1456.72297      1767.92624       102.41149       431.18346       413.86710         1.79899         1.21950       541.30306         1.31553         0.94422         4.81894        11.22134         0.00000       186.74037
        61.00000      1477.55340      1773.31155       102.17164       434.73343       417.38072         1.78509         1.21918       543.70795         1.31338         0.94200         4.83551        11.26243         0.00000       188.09406
        62.00000      1498.22650      1778.66814       101.93417       438.27824       420.88921         1.77145         1.21887       546.09299         1.31125         0.93979         4.85194        11.30337         0.00000       189.43977
        63.00000      1518.89960      1783.99402       101.69904       441.81818       424.39289         1.75805         1.21856       548.45862         1.30915         0.93760         4.86824        11.34413         0.00000       190.77755
        64.00000      1539.57270      1789.29305       101.46621       445.35313       427.89159         1.74489         1.21826       550.80513         1.30707         0.93542         4.88440        11.38475         0.00000       192.10760
        65.00000      1560.24580      1794.56589       101.23563       448.88313       431.38540         1.73197         1.21796       553.13289         1.30502         0.93326         4.90044        11.42522         0.00000       193.43007
        66.00000      1580.80840      1799.81192       101.00726       452.40847       434.87456         1.71927         1.21767       555.44229         1.30300         0.93110         4.91635        11.46555         0.00000       194.74497
        67.00000      1601.25118      1805.03091       100.78105       455.92917       438.35910         1.70680         1.21738       557.73367         1.30100         0.92897         4.93214        11.50573         0.00000       196.05245
        68.00000      1621.69397      1810.22668       100.55698       459.44517       441.83898         1.69454         1.21710       560.00729         1.29902         0.92685         4.94780        11.54579         0.00000       197.35266
        69.00000      1642.13676      1815.40076       100.33499       462.95644       445.31412         1.68249         1.21682       562.26346         1.29707         0.92474         4.96335        11.58574         0.00000       198.64573
        70.00000      1662.57955      1820.55007       100.11508       466.46333       448.78492         1.67065         1.21655       564.50257         1.29514         0.92264         4.97878        11.62556         0.00000       199.93171
        71.00000      1682.88578      1825.67413        99.89719       469.96615       452.25166         1.65901         1.21628       566.72495         1.29323         0.92057         4.99410        11.66523         0.00000       201.21056
        72.00000      1703.09638      1830.77904        99.68129       473.46435       455.71378         1.64755         1.21602       568.93076         1.29135         0.91850         5.00930        11.70481         0.00000       202.48262
        73.00000      1723.30698      1835.86546        99.46734       476.95805       459.17140         1.63629         1.21576       571.12029         1.28949         0.91645         5.02439        11.74431         0.00000       203.74796
        74.00000      1743.51758      1840.92650        99.25532       480.44794       462.62524         1.62521         1.21550       573.29398         1.28765         0.91442         5.03937        11.78366         0.00000       205.00643
        75.00000      1763.72818      1845.97029        99.04519       483.93345       466.07469         1.61431         1.21525       575.45194         1.28583         0.91240         5.05425        11.82294         0.00000       206.25837
        76.00000      1783.78811      1850.99491        98.83693       487.41486       469.52002         1.60359         1.21501       577.59448         1.28403         0.91039         5.06902        11.86211         0.00000       207.50377
        77.00000      1803.76336      1856.00087        98.63050       490.89220       472.96130         1.59303         1.21476       579.72186         1.28225         0.90840         5.08369        11.90120         0.00000       208.74273
        78.00000      1823.73861      1860.98970        98.42588       494.36533       476.39836         1.58264         1.21453       581.83430         1.28049         0.90643         5.09825        11.94020         0.00000       209.97538
        79.00000      1843.71386      1865.96001        98.22305       497.83486       479.83180         1.57242         1.21429       583.93210         1.27875         0.90447         5.11272        11.97911         0.00000       211.20165
        80.00000      1863.68911      1870.91295        98.02197       501.30038       483.26122         1.56235         1.21406       586.01546         1.27703         0.90252         5.12708        12.01794         0.00000       212.42174
        81.00000      1883.51189      1875.84915        97.82263       504.76193       486.68668         1.55244         1.21383       588.08463         1.27533         0.90059         5.14136        12.05668         0.00000       213.63572
        82.00000      1903.24666      1880.76893        97.62498       508.21992       490.10855         1.54267         1.21361       590.13982         1.27365         0.89867         5.15553        12.09535         0.00000       214.84360
        83.00000      1922.98143      1885.67272        97.42903       511.67405       493.52656         1.53306         1.21339       592.18126         1.27198         0.89676         5.16962        12.13394         0.00000       216.04552
        84.00000      1942.71619      1890.56050        97.23473       515.12451       496.94088         1.52358         1.21318       594.20917         1.27034         0.89488         5.18361        12.17246         0.00000       217.24151
        85.00000      1962.45096      1895.43423        97.04206       518.57132       500.35152         1.51425         1.21296       596.22372         1.26871         0.89300         5.19751        12.21091         0.00000       218.43164
        86.00000      1982.04577      1900.29093        96.85101       522.01449       503.75853         1.50506         1.21276       598.22519         1.26710         0.89114         5.21132        12.24928         0.00000       219.61603
        87.00000      2001.53363      1905.13364        96.66156       525.45411       507.16197         1.49599         1.21255       600.21372         1.26550         0.88929         5.22504        12.28759         0.00000       220.79468
        88.00000      2021.02148      1909.96179        96.47367       528.89022       510.56189         1.48706         1.21235       602.18953         1.26392         0.88746         5.23868        12.32583         0.00000       221.96768
        89.00000      2040.50934      1914.77548        96.28733       532.32287       513.95832         1.47826         1.21215       604.15282         1.26236         0.88564         5.25224        12.36400         0.00000       223.13509
        90.00000      2059.99719      1919.57488        96.10253       535.75209       517.35131         1.46958         1.21195       606.10375         1.26081         0.88383         5.26571        12.40210         0.00000       224.29697
        91.00000      2079.37392      1924.36013        95.91923       539.17793       520.74091         1.46103         1.21176       608.04254         1.25928         0.88204         5.27909        12.44014         0.00000       225.45339
        92.00000      2098.60653      1929.13161        95.73743       542.60043       524.12715         1.45259         1.21157       609.96934         1.25777         0.88026         5.29240        12.47811         0.00000       226.60440
        93.00000      2117.83915      1933.88891        95.55710       546.01961       527.51007         1.44428         1.21138       611.88435         1.25627         0.87849         5.30563        12.51602         0.00000       227.75006
        94.00000      2137.07176      1938.63233        95.37822       549.43553       530.88971         1.43607         1.21120       613.78773         1.25479         0.87674         5.31878        12.55386         0.00000       228.89044
        95.00000      2156.30438      1943.36191        95.20078       552.84821       534.26611         1.42798         1.21102       615.67965         1.25332         0.87500         5.33185        12.59163         0.00000       230.02558
        96.00000      2175.47443      1948.07768        95.02476       556.25771       537.63931         1.42000         1.21084       617.56028         1.25186         0.87327         5.34484        12.62934         0.00000       231.15554
        97.00000      2194.44184      1952.77963        94.85014       559.66405       541.00935         1.41212         1.21066       619.42979         1.25042         0.87155         5.35776        12.66698         0.00000       232.28038
        98.00000      2213.40925      1957.46776        94.67690       563.06727       544.37627         1.40435         1.21049       621.28832         1.24900         0.86985         5.37061        12.70455         0.00000       233.40016
        99.00000      2232.37665      1962.14203        94.50503       566.46740       547.74010         1.39669         1.21032       623.13605         1.24759         0.86816         5.38338        12.74206         0.00000       234.51492
       100.00000      2251.34406      1966.80238        94.33451       569.86449       551.10088         1.38912         1.21015       624.97311         1.24619         0.86648         5.39609        12.77950         0.00000       235.62473
       101.00000      2270.31147      1971.44867        94.16532       573.25856       554.45866         1.38165         1.20999       626.79966         1.24481         0.86482         5.40872        12.81686         0.00000       236.72964
       102.00000      2289.01274      1976.08115        93.99745       576.64962       557.81344         1.37428         1.20982       628.61584         1.24344         0.86317         5.42128        12.85416         0.00000       237.82969
       103.00000      2307.70399      1980.69956        93.83088       580.03777       561.16529         1.36700         1.20966       630.42180         1.24208         0.86153         5.43377        12.89139         0.00000       238.92492
       104.00000      2326.39524      1985.30305        93.66560       583.42297       564.51423         1.35982         1.20951       632.21769         1.24074         0.85990         5.44619        12.92853         0.00000       240.01542
       105.00000      2345.08649      1989.89271        93.50159       586.80529       567.86029         1.35272         1.20935       634.00363         1.23941         0.85828         5.45855        12.96561         0.00000       241.10119
       106.00000      2363.77773      1994.46779        93.33884       590.18474       571.20351         1.34572         1.20920       635.77976         1.23809         0.85667         5.47084        13.00261         0.00000       242.18233
       107.00000      2382.29127      1999.02826        93.17732       593.56136       574.54392         1.33880         1.20904       637.54622         1.23678         0.85508         5.48307        13.03953         0.00000       243.25887
       108.00000      2400.69289      2003.57401        93.01703       596.93518       577.88155         1.33197         1.20889       639.30314         1.23549         0.85350         5.49523        13.07637         0.00000       244.33085
       109.00000      2419.09451      2008.10508        92.85795       600.30623       581.21643         1.32522         1.20875       641.05063         1.23421         0.85193         5.50733        13.11313         0.00000       245.39832
       110.00000      2437.49614      2012.62118        92.70006       603.67452       584.54859         1.31856         1.20860       642.78882         1.23294         0.85037         5.51937        13.14981         0.00000       246.46135
       111.00000      2455.89776      2017.12172        92.54336       607.04009       587.87807         1.31197         1.20846       644.51785         1.23168         0.84882         5.53134        13.18641         0.00000       247.51995
       112.00000      2474.24475      2021.60717        92.38783       610.40298       591.20489         1.30546         1.20832       646.23783         1.23043         0.84728         5.54326        13.22292         0.00000       248.57420
       113.00000      2492.34170      2026.07950        92.23344       613.76327       594.52914         1.29903         1.20818       647.94883         1.22920         0.84575         5.55511        13.25936         0.00000       249.62407
       114.00000      2510.43864      2030.53396        92.08020       617.12084       597.85073         1.29268         1.20804       649.65105         1.22798         0.84423         5.56691        13.29569         0.00000       250.66973
       115.00000      2528.53558      2036.17559        91.90224       620.14632       600.87303         1.28574         1.20785       651.32416         1.22519         0.84275         5.57850        13.34143         0.00000       251.70045
       116.00000      2546.63253      2053.65887        91.46848       619.88456       600.93864         1.27216         1.20712       652.78848         1.20674         0.84145         5.58865        13.48067         0.00000       252.61929
       117.00000      2564.72947      2076.01089        90.92483       618.25606       599.77747         1.25568         1.20615       654.16361         1.18187         0.84023         5.59819        13.65843         0.00000       253.48417
       118.00000      2582.61700      2099.03802        90.35403       616.37489       598.38801         1.23872         1.20513       655.52080         1.15605         0.83903         5.60760        13.84162         0.00000       254.32625
       119.00000      2600.39350      2107.22560        90.11277       618.54304       600.64666         1.23019         1.20478       657.12065         1.14938         0.83761         5.61869        13.90769         0.00000       255.31018
       120.00000      2618.17000      2111.46569        89.96435       621.81773       603.90228         1.22399         1.20464       658.77848         1.14789         0.83615         5.63019        13.94263         0.00000       256.33088
       121.00000      2635.94650      2115.69098        89.81696       625.08984       607.15525         1.21787         1.20449       660.42813         1.14641         0.83470         5.64163        13.97749         0.00000       257.34769
       122.00000      2653.72300      2119.90142        89.67059       628.35933       610.40554         1.21181         1.20434       662.06970         1.14495         0.83326         5.65302        14.01225         0.00000       258.36064
       123.00000      2671.49146      2124.09703        89.52523       631.62620       613.65317         1.20583         1.20420       663.70328         1.14350         0.83183         5.66436        14.04694         0.00000       259.36977
       124.00000      2688.98186      2128.27784        89.38086       634.89049       616.89815         1.19992         1.20406       665.32898         1.14207         0.83040         5.67564        14.08154         0.00000       260.37512
       125.00000      2706.47225      2132.44385        89.23749       638.15220       620.14052         1.19408         1.20392       666.94688         1.14065         0.82899         5.68687        14.11605         0.00000       261.37673
       126.00000      2723.96264      2136.59509        89.09509       641.41137       623.38030         1.18831         1.20378       668.55708         1.13924         0.82759         5.69805        14.15047         0.00000       262.37463
       127.00000      2741.44849      2140.73172        88.95365       644.66802       626.61751         1.18261         1.20365       670.15965         1.13785         0.82620         5.70918        14.18481         0.00000       263.36887
       128.00000      2758.76354      2144.85330        88.81317       647.92214       629.85216         1.17697         1.20351       671.75470         1.13647         0.82481         5.72026        14.21906         0.00000       264.35948
       129.00000      2776.00929      2148.96057        88.67363       651.17379       633.08430         1.17139         1.20338       673.34230         1.13510         0.82344         5.73129        14.25323         0.00000       265.34649
       130.00000      2793.08810      2153.05334        88.53503       654.42297       636.31394         1.16588         1.20325       674.92253         1.13374         0.82207         5.74227        14.28731         0.00000       266.32993
       131.00000      2810.16691      2157.13138        88.39734       657.66970       639.54109         1.16043         1.20312       676.49548         1.13240         0.82071         5.75320        14.32131         0.00000       267.30985
       132.00000      2827.24572      2161.19377        88.26057       660.91397       642.76575         1.15504         1.20299       678.06125         1.13107         0.81937         5.76408        14.35521         0.00000       268.28629
       133.00000      2844.32452      2165.24096        88.12470       664.15580       645.98797         1.14971         1.20287       679.61991         1.12975         0.81803         5.77492        14.38901         0.00000       269.25927
       134.00000      2861.40333      2169.27438        87.98972       667.39527       649.20779         1.14444         1.20274       681.17152         1.12844         0.81670         5.78571        14.42274         0.00000       270.22882
       135.00000      2878.36916      2173.29309        87.85562       670.63236       652.42520         1.13923         1.20262       682.71616         1.12715         0.81537         5.79645        14.45638         0.00000       271.19498
       136.00000      2895.19009      2177.29711        87.72240       673.86709       655.64024         1.13408         1.20250       684.25392         1.12586         0.81406         5.80714        14.48993         0.00000       272.15777
       137.00000      2912.01101      2181.28642        87.59003       677.09947       658.85291         1.12898         1.20238       685.78486         1.12459         0.81276         5.81779        14.52339         0.00000       273.11723
       138.00000      2928.83193      2185.26103        87.45851       680.32953       662.06324         1.12393         1.20226       687.30907         1.12333         0.81146         5.82840        14.55676         0.00000       274.07340
       139.00000      2945.65286      2189.22094        87.32784       683.55728       665.27125         1.11894         1.20214       688.82661         1.12208         0.81017         5.83896        14.59004         0.00000       275.02629
       140.00000      2962.47378      2193.16616        87.19800       686.78273       668.47696         1.11401         1.20202       690.33755         1.12084         0.80889         5.84948        14.62323         0.00000       275.97595
         0.00000        -0.00000      1319.56025       153.92789       104.02891        98.88256         3.87834         1.23325       331.27844         1.01696         0.93919         3.34641         7.89668         0.00000        78.54171
         1.00000        36.28228      1330.71621       151.88050       110.11767       104.93440         3.67547         1.22920       336.85127         1.00992         0.95550         3.38724         7.98347         0.00000        80.80746
         2.00000        66.34476      1343.68126       150.18436       117.04429       111.86305         3.44973         1.22556       342.16762         0.99923         0.96903         3.42600         8.08357         0.00000        82.99107
         3.00000        96.41489      1355.48218       148.87917       122.33117       117.23277         3.26528         1.22225       347.40501         0.98259         0.98061         3.46403         8.17385         0.00000        85.16310
         4.00000       126.47625      1366.46769       147.66474       127.32951       122.31510         3.10391         1.21933       352.54912         0.96657         0.99046         3.50124         8.25715         0.00000        87.31637
         5.00000       156.54183      1376.81689       146.51636       132.15727       127.22476         2.96004         1.21673       357.59581         0.95131         0.99879         3.53761         8.33498         0.00000        89.44781
         6.00000       186.60540      1386.63642       145.42113       136.87285       132.01881         2.83033         1.21438       362.54502         0.93684         1.00579         3.57316         8.40827         0.00000        91.55609
         7.00000       216.66896      1395.99286       144.37113       141.50798       136.72844         2.71250         1.21226       367.39872         0.92316         1.01164         3.60792         8.47761         0.00000        93.64083
         8.00000       246.00169      1404.93021       143.36059       146.08244       141.37317         2.60485         1.21032       372.15985         0.91022         1.01648         3.64192         8.54342         0.00000        95.70212
         9.00000       275.15035      1416.79031       142.15122       151.62986       146.36319         2.66068         1.21328       376.67734         0.95457         1.02031         3.67409         8.63207         0.00000        97.67270
        10.00000       304.12654      1425.45241       141.21704       155.98177       150.76996         2.57008         1.21164       381.24493         0.94357         1.02351         3.70655         8.69539         0.00000        99.67961
        11.00000       332.88900      1433.75456       140.30961       160.31991       155.16197         2.48519         1.21009       385.73147         0.93294         1.02603         3.73836         8.75579         0.00000       101.66494
        12.00000       361.53749      1441.67408       139.42375       164.65624       159.55236         2.40511         1.20863       390.14183         0.92256         1.02796         3.76957         8.81312         0.00000       103.62998
        13.00000       389.98609      1487.95694       133.15773       193.90007       186.38153         2.51688         1.21834       392.80565         1.07716         1.02887         3.78838         9.17243         0.00000       104.82323
        14.00000       417.29753      1498.40742       131.97779       201.01566       193.29331         2.46167         1.21767       396.96621         1.08311         1.02996         3.81774         9.24958         0.00000       106.69650
        15.00000       443.99125      1504.30872       131.15301       206.07160       198.45818         2.38339         1.21577       401.23884         1.06999         1.03067         3.84783         9.29091         0.00000       108.63227
        16.00000       470.32792      1514.74278       129.70094       214.02700       206.48071         2.28554         1.21370       405.24342         1.05567         1.03098         3.87598         9.36793         0.00000       110.45766
        17.00000       496.56087      1551.23635       127.19649       231.58341       224.55408         2.02398         1.20759       408.11959         0.99703         1.03101         3.89618         9.65004         0.00000       111.77408
        18.00000       522.40358      1569.36609       126.14728       239.14354       232.17892         1.94530         1.20615       411.69339         0.98257         1.03082         3.92125         9.78763         0.00000       113.41830
        19.00000       548.18742      1580.24224       125.53032       243.70827       236.73168         1.90767         1.20561       415.49682         0.97760         1.03039         3.94790         9.86818         0.00000       115.17746
        20.00000       573.57014      1589.01179       124.93051       248.13884       241.15011         1.87373         1.20514       419.31867         0.97337         1.02971         3.97465         9.93221         0.00000       116.95449
        21.00000       598.92253      1595.12441       124.14773       253.88565       246.87266         1.83566         1.20439       423.17849         0.97016         1.02880         4.00163         9.97542         0.00000       118.75860
        22.00000       624.04227      1601.56587       123.49789       258.95682       251.94262         1.79996         1.20372       426.96172         0.96576         1.02770         4.02804        10.02130         0.00000       120.53602
        23.00000       649.12026      1606.80856       122.76626       263.94208       256.79499         1.78527         1.20409       430.72793         0.97023         1.02642         4.05432        10.05784         0.00000       122.31433
        24.00000       673.78483      1575.59837       113.29981       298.40236       282.11863         2.57859         1.23925       435.75194         1.42068         1.02444         4.08933         9.80816         0.00000       130.62725
        25.00000       696.50299      1583.00406       112.92219       302.23965       285.91635         2.54570         1.23852       439.30272         1.41671         1.02286         4.11404         9.86196         0.00000       132.40481
        26.00000       719.22116      1590.32913       112.55051       306.06414       289.70129         2.51382         1.23780       442.80347         1.41282         1.02118         4.13839         9.91522         0.00000       134.16533
        27.00000       741.81150      1597.57559       112.18459       309.87637       293.47398         2.48289         1.23710       446.25588         1.40902         1.01940         4.16238         9.96796         0.00000       135.90921
        28.00000       764.39099      1604.74431       111.82425       313.67678       297.23489         2.45288         1.23642       449.66158         1.40530         1.01753         4.18604        10.02018         0.00000       137.63695
        29.00000       786.82469      1611.83855       111.46931       317.46574       300.98439         2.42373         1.23576       453.02202         1.40166         1.01559         4.20936        10.07192         0.00000       139.34892
        30.00000       809.19806      1618.86044       111.11962       321.24352       304.72277         2.39540         1.23512       456.33864         1.39809         1.01359         4.23237        10.12318         0.00000       141.04558
        31.00000       831.57144      1625.81013       110.77502       325.01079       308.45069         2.36787         1.23450       459.61285         1.39460         1.01153         4.25507        10.17398         0.00000       142.72720
        32.00000       853.94481      1632.69114       110.43536       328.76757       312.16820         2.34109         1.23389       462.84588         1.39117         1.00941         4.27747        10.22433         0.00000       144.39427
        33.00000       876.25551      1639.50516       110.10051       332.51415       315.87558         2.31503         1.23330       466.03896         1.38781         1.00726         4.29958        10.27426         0.00000       146.04714
        34.00000       898.36522      1646.25251       109.77032       336.25121       319.57349         2.28966         1.23272       469.19331         1.38452         1.00506         4.32142        10.32376         0.00000       147.68602
        35.00000       920.47493      1652.93617       109.44467       339.97865       323.26188         2.26496         1.23216       472.31001         1.38128         1.00283         4.34298        10.37286         0.00000       149.31137
        36.00000       942.58464      1659.55739       109.12343       343.69685       326.94113         2.24088         1.23161       475.39013         1.37811         1.00058         4.36429        10.42157         0.00000       150.92348
        37.00000       964.69435      1666.11771       108.80647       347.40609       330.61149         2.21742         1.23107       478.43469         1.37499         0.99830         4.38534        10.46989         0.00000       152.52263
        38.00000       986.62271      1672.61913       108.49370       351.10646       334.27308         2.19454         1.23055       481.44465         1.37192         0.99600         4.40614        10.51785         0.00000       154.10917
        39.00000      1008.47872      1679.06265       108.18499       354.79852       337.92644         2.17222         1.23004       484.42095         1.36891         0.99369         4.42671        10.56545         0.00000       155.68325
        40.00000      1030.33473      1685.44843       107.88023       358.48234       341.57166         2.15044         1.22954       487.36452         1.36596         0.99136         4.44704        10.61270         0.00000       157.24523
        41.00000      1052.19073      1691.78006       107.57933       362.15801       345.20882         2.12918         1.22905       490.27616         1.36305         0.98902         4.46714        10.65960         0.00000       158.79539
        42.00000      1074.01237      1698.05885       107.28219       365.82558       348.83798         2.10841         1.22857       493.15668         1.36019         0.98667         4.48703        10.70619         0.00000       160.33401
        43.00000      1095.62184      1704.28410       106.98871       369.48594       352.46002         2.08813         1.22811       496.00692         1.35738         0.98432         4.50670        10.75245         0.00000       161.86114
        44.00000      1117.23130      1710.45932       106.69880       373.13859       356.07443         2.06831         1.22765       498.82757         1.35461         0.98197         4.52617        10.79840         0.00000       163.37722
        45.00000      1138.84077      1717.36526       106.40691       376.70166       359.57663         2.05053         1.22734       501.59776         1.35242         0.97963         4.54528        10.85017         0.00000       164.87059
        46.00000      1160.45023      1723.45359       106.12394       380.34010       363.17699         2.03156         1.22690       504.36135         1.34973         0.97728         4.56434        10.89562         0.00000       166.36453
        47.00000      1181.93728      1729.49389       105.84430       383.97213       366.77099         2.01301         1.22647       507.09749         1.34709         0.97493         4.58321        10.94077         0.00000       167.84784
        48.00000      1203.30755      1735.48900       105.56789       387.59718       370.35810         1.99486         1.22605       509.80677         1.34449         0.97258         4.60189        10.98566         0.00000       169.32092
        49.00000      1224.67783      1741.43958       105.29466       391.21565       373.93871         1.97710         1.22564       512.48984         1.34193         0.97023         4.62039        11.03029         0.00000       170.78390
        50.00000      1246.04810      1747.34678       105.02452       394.82766       377.51295         1.95971         1.22524       515.14728         1.33941         0.96790         4.63871        11.07465         0.00000       172.23698
        51.00000      1267.41837      1753.21186       104.75740       398.43337       381.08096         1.94268         1.22484       517.77967         1.33692         0.96557         4.65685        11.11877         0.00000       173.68034
        52.00000      1288.59275      1759.03591       104.49325       402.03289       384.64286         1.92601         1.22445       520.38756         1.33447         0.96324         4.67483        11.16265         0.00000       175.11416
        53.00000      1309.72768      1764.82007       104.23199       405.62637       388.19878         1.90968         1.22407       522.97148         1.33206         0.96093         4.69263        11.20629         0.00000       176.53861
        54.00000      1330.86262      1770.56548       103.97355       409.21392       391.74884         1.89367         1.22370       525.53194         1.32968         0.95862         4.71028        11.24971         0.00000       177.95386
        55.00000      1351.99755      1776.27352       103.71788       412.79553       395.29304         1.87798         1.22333       528.06944         1.32733         0.95633         4.72776        11.29291         0.00000       179.36015
        56.00000      1373.10913      1781.94535       103.46493       416.37162       398.83175         1.86260         1.22297       530.58446         1.32502         0.95404         4.74509        11.33590         0.00000       180.75742
        57.00000      1394.01259      1787.58095       103.21462       419.94206       402.36490         1.84752         1.22262       533.07747         1.32274         0.95177         4.76227        11.37868         0.00000       182.14602
        58.00000      1414.91605      1793.18105       102.96691       423.50710       405.89269         1.83273         1.22227       535.54895         1.32049         0.94951         4.77930        11.42126         0.00000       183.52600
        59.00000      1435.81951      1798.74864       102.72175       427.06668       409.41507         1.81823         1.22193       537.99926         1.31826         0.94726         4.79618        11.46365         0.00000       184.89757
        60.00000      1456.72297      1804.28373       102.47907       430.62097       412.93221         1.80399         1.22160       540.42886         1.31607         0.94503         4.81292        11.50586         0.00000       186.26084
        61.00000      1477.55340      1809.78727       102.23884       434.17006       416.44420         1.79002         1.22127       542.83815         1.31391         0.94280         4.82951        11.54790         0.00000       187.61595
        62.00000      1498.22650      1815.26023       102.00101       437.71405       419.95112         1.77631         1.22095       545.22753         1.31177         0.94060         4.84598        11.58976         0.00000       188.96303
        63.00000      1518.89960      1820.70416       101.76553       441.25298       423.45303         1.76284         1.22063       547.59735         1.30967         0.93840         4.86230        11.63147         0.00000       190.30221
        64.00000      1539.57270      1826.11915       101.53235       444.78696       426.95004         1.74962         1.22032       549.94802         1.30759         0.93622         4.87850        11.67301         0.00000       191.63361
        65.00000      1560.24580      1831.50580       101.30144       448.31614       430.44226         1.73664         1.22001       552.27989         1.30553         0.93405         4.89456        11.71440         0.00000       192.95733
        66.00000      1580.80840      1836.86542       101.07274       451.84055       433.92974         1.72388         1.21971       554.59331         1.30350         0.93190         4.91050        11.75564         0.00000       194.27349
        67.00000      1601.25118      1842.19882       100.84622       455.36025       437.41255         1.71135         1.21942       556.88860         1.30150         0.92976         4.92632        11.79674         0.00000       195.58222
        68.00000      1621.69397      1847.50557       100.62184       458.87543       440.89085         1.69903         1.21913       559.16613         1.29952         0.92763         4.94201        11.83769         0.00000       196.88357
        69.00000      1642.13676      1852.78891       100.39957       462.38597       444.36452         1.68693         1.21884       561.42616         1.29756         0.92552         4.95758        11.87852         0.00000       198.17775
        70.00000      1662.57955      1858.04835       100.17937       465.89202       447.83373         1.67503         1.21856       563.66903         1.29563         0.92342         4.97304        11.91923         0.00000       199.46481
        71.00000      1682.88578      1863.28464        99.96119       469.39365       451.29853         1.66333         1.21829       565.89503         1.29372         0.92134         4.98838        11.95981         0.00000       200.74485
        72.00000      1703.09638      1868.50133        99.74501       472.89068       454.75874         1.65183         1.21802       568.10440         1.29183         0.91928         5.00360        12.00030         0.00000       202.01805
        73.00000      1723.30698      1873.69047        99.53081       476.38392       458.21517         1.64051         1.21775       570.29762         1.28997         0.91722         5.01872        12.04063         0.00000       203.28425
        74.00000      1743.51758      1878.86131        99.31854       479.87269       461.66714         1.62938         1.21749       572.47477         1.28812         0.91519         5.03373        12.08088         0.00000       204.54380
        75.00000      1763.72818      1884.01160        99.10816       483.35729       465.11493         1.61843         1.21723       574.63618         1.28630         0.91316         5.04862        12.12102         0.00000       205.79671
        76.00000      1783.78811      1889.14191        98.89966       486.83779       468.55862         1.60766         1.21698       576.78213         1.28450         0.91115         5.06342        12.16106         0.00000       207.04306
        77.00000      1803.76336      1894.25280        98.69300       490.31423       471.99826         1.59706         1.21673       578.91286         1.28272         0.90916         5.07811        12.20101         0.00000       208.28293
        78.00000      1823.73861      1899.34604        98.48815       493.78645       475.43367         1.58663         1.21649       581.02860         1.28095         0.90718         5.09270        12.24087         0.00000       209.51647
        79.00000      1843.71386      1904.41834        98.28511       497.25519       478.86559         1.57635         1.21625       583.12967         1.27921         0.90522         5.10718        12.28062         0.00000       210.74359
        80.00000      1863.68911      1909.47392        98.08382       500.71981       482.29338         1.56624         1.21601       585.21624         1.27749         0.90327         5.12157        12.32029         0.00000       211.96453
        81.00000      1883.51189      1914.51326        97.88425       504.18042       485.71716         1.55629         1.21578       587.28853         1.27578         0.90133         5.13586        12.35989         0.00000       213.17934
        82.00000      1903.24666      1919.53399        97.68641       507.63752       489.13741         1.54648         1.21555       589.34684         1.27410         0.89941         5.15006        12.39939         0.00000       214.38803
        83.00000      1922.98143      1924.53810        97.49025       511.09079       492.55382         1.53682         1.21532       591.39134         1.27243         0.89750         5.16417        12.43881         0.00000       215.59072
        84.00000      1942.71619      1929.52635        97.29576       514.54030       495.96646         1.52731         1.21510       593.42226         1.27078         0.89561         5.17818        12.47816         0.00000       216.78745
        85.00000      1962.45096      1934.49704        97.10290       517.98633       499.37561         1.51794         1.21488       595.43983         1.26915         0.89373         5.19210        12.51742         0.00000       217.97835
        86.00000      1982.04577      1939.45288        96.91166       521.42867       502.78106         1.50870         1.21467       597.44422         1.26754         0.89186         5.20593        12.55662         0.00000       219.16344
        87.00000      2001.53363      1944.39314        96.72201       524.86746       506.18295         1.49961         1.21446       599.43565         1.26594         0.89001         5.21967        12.59574         0.00000       220.34279
        88.00000      2021.02148      1949.31799        96.53394       528.30273       509.58131         1.49064         1.21425       601.41433         1.26436         0.88818         5.23333        12.63478         0.00000       221.51648
        89.00000      2040.50934      1954.22779        96.34743       531.73455       512.97620         1.48180         1.21404       603.38043         1.26280         0.88635         5.24690        12.67376         0.00000       222.68456
        90.00000      2059.99719      1959.12265        96.16244       535.16295       516.36765         1.47309         1.21384       605.33415         1.26125         0.88454         5.26039        12.71266         0.00000       223.84711
        91.00000      2079.37392      1964.00293        95.97897       538.58798       519.75573         1.46450         1.21364       607.27568         1.25972         0.88275         5.27380        12.75150         0.00000       225.00417
        92.00000      2098.60653      1968.86839        95.79698       542.00966       523.14044         1.45603         1.21345       609.20519         1.25820         0.88096         5.28712        12.79027         0.00000       226.15582
        93.00000      2117.83915      1973.71929        95.61648       545.42804       526.52184         1.44767         1.21326       611.12288         1.25670         0.87919         5.30037        12.82896         0.00000       227.30212
        94.00000      2137.07176      1978.55574        95.43743       548.84316       529.89997         1.43944         1.21307       613.02890         1.25521         0.87744         5.31354        12.86759         0.00000       228.44311
        95.00000      2156.30438      1983.37778        95.25981       552.25505       533.27488         1.43131         1.21288       614.92343         1.25374         0.87569         5.32662        12.90615         0.00000       229.57886
        96.00000      2175.47443      1988.18546        95.08362       555.66376       536.64658         1.42330         1.21270       616.80663         1.25229         0.87396         5.33964        12.94463         0.00000       230.70943
        97.00000      2194.44184      1992.97882        94.90882       559.06931       540.01514         1.41539         1.21252       618.67867         1.25085         0.87224         5.35257        12.98305         0.00000       231.83487
        98.00000      2213.40925      1997.75785        94.73541       562.47175       543.38058         1.40759         1.21234       620.53971         1.24942         0.87054         5.36544        13.02140         0.00000       232.95523
        99.00000      2232.37665      2002.52254        94.56336       565.87111       546.74294         1.39989         1.21216       622.38990         1.24801         0.86884         5.37823        13.05968         0.00000       234.07058
       100.00000      2251.34406      2007.27287        94.39267       569.26742       550.10225         1.39230         1.21199       624.22940         1.24661         0.86716         5.39094        13.09788         0.00000       235.18097
       101.00000      2270.31147      2012.00879        94.22331       572.66072       553.45856         1.38480         1.21182       626.05836         1.24523         0.86550         5.40359        13.13601         0.00000       236.28645
       102.00000      2289.01274      2016.73015        94.05526       576.05105       556.81190         1.37740         1.21165       627.87692         1.24385         0.86384         5.41617        13.17407         0.00000       237.38708
       103.00000      2307.70399      2021.43718        93.88851       579.43841       560.16229         1.37009         1.21149       629.68523         1.24250         0.86219         5.42867        13.21206         0.00000       238.48288
       104.00000      2326.39524      2026.12950        93.72305       582.82287       563.50978         1.36288         1.21132       631.48343         1.24115         0.86056         5.44111        13.24997         0.00000       239.57395
       105.00000      2345.08649      2030.80712        93.55886       586.20443       566.85440         1.35576         1.21116       633.27165         1.23982         0.85894         5.45349        13.28780         0.00000       240.66030
       106.00000      2363.77773      2035.46995        93.39592       589.58314       570.19618         1.34873         1.21100       635.05004         1.23850         0.85733         5.46579        13.32555         0.00000       241.74201
       107.00000      2382.29127      2040.11790        93.23422       592.95902       573.53516         1.34179         1.21085       636.81872         1.23719         0.85574         5.47803        13.36323         0.00000       242.81911
       108.00000      2400.69289      2044.75086        93.07375       596.33210       576.87136         1.33493         1.21069       638.57782         1.23590         0.85415         5.49021        13.40082         0.00000       243.89166
       109.00000      2419.09451      2049.36872        92.91448       599.70241       580.20481         1.32815         1.21054       640.32748         1.23461         0.85258         5.50232        13.43834         0.00000       244.95970
       110.00000      2437.49614      2053.97136        92.75641       603.06997       583.53556         1.32146         1.21039       642.06782         1.23334         0.85101         5.51438        13.47577         0.00000       246.02328
       111.00000      2455.89776      2058.55884        92.59952       606.43480       586.86360         1.31485         1.21024       643.79895         1.23208         0.84946         5.52636        13.51312         0.00000       247.08246
       112.00000      2474.24475      2063.13071        92.44380       609.79697       590.18902         1.30832         1.21010       645.52100         1.23084         0.84792         5.53829        13.55038         0.00000       248.13726
       113.00000      2492.34170      2067.68696        92.28922       613.15646       593.51180         1.30187         1.20995       647.23409         1.22960         0.84639         5.55016        13.58755         0.00000       249.18774
       114.00000      2510.43864      2072.22962        92.13577       616.51339       596.83203         1.29549         1.20981       648.93829         1.22837         0.84487         5.56197        13.62465         0.00000       250.23392
       115.00000      2528.53558      2076.75442        91.98346       619.86763       600.14965         1.28919         1.20967       650.63380         1.22716         0.84336         5.57372        13.66165         0.00000       251.27591
       116.00000      2546.63253      2087.32812        91.70450       621.58119       601.99294         1.27968         1.20927       652.21765         1.21818         0.84195         5.58470        13.74642         0.00000       252.25840
       117.00000      2564.72947      2107.79060        91.21460       620.58342       601.40429         1.26465         1.20840       653.62608         1.19637         0.84070         5.59446        13.90932         0.00000       253.14322
       118.00000      2582.61700      2131.92073        90.64030       618.57434       599.90844         1.24748         1.20735       654.96575         1.16993         0.83952         5.60375        14.10127         0.00000       253.98387
       119.00000      2600.39350      2150.85956        90.16588       617.87500       599.58889         1.23311         1.20651       656.38666         1.14989         0.83826         5.61360        14.25232         0.00000       254.85864
       120.00000      2618.17000      2155.18260        90.01726       621.14922       602.84376         1.22688         1.20636       658.04655         1.14839         0.83680         5.62511        14.28799         0.00000       255.88011
       121.00000      2635.94650      2159.49058        89.86968       624.42080       606.09593         1.22073         1.20620       659.69825         1.14691         0.83534         5.63657        14.32357         0.00000       256.89767
       122.00000      2653.72300      2163.78343        89.72313       627.68975       609.34541         1.21465         1.20606       661.34184         1.14545         0.83390         5.64797        14.35907         0.00000       257.91137
       123.00000      2671.49146      2168.06117        89.57758       630.95610       612.59223         1.20864         1.20591       662.97743         1.14400         0.83246         5.65932        14.39448         0.00000       258.92124
       124.00000      2688.98186      2172.32385        89.43303       634.21987       615.83642         1.20270         1.20576       664.60511         1.14256         0.83104         5.67062        14.42980         0.00000       259.92733
       125.00000      2706.47225      2176.57147        89.28947       637.48108       619.07799         1.19684         1.20562       666.22497         1.14113         0.82962         5.68186        14.46504         0.00000       260.92967
       126.00000      2723.96264      2180.80408        89.14689       640.73975       622.31698         1.19104         1.20548       667.83709         1.13972         0.82822         5.69306        14.50019         0.00000       261.92830
       127.00000      2741.44849      2185.02187        89.00527       643.99590       625.55340         1.18531         1.20534       669.44158         1.13833         0.82682         5.70420        14.53525         0.00000       262.92325
       128.00000      2758.76354      2189.22454        88.86460       647.24954       628.78727         1.17965         1.20520       671.03852         1.13694         0.82543         5.71529        14.57022         0.00000       263.91456
       129.00000      2776.00929      2193.41215        88.72488       650.50069       632.01862         1.17405         1.20506       672.62799         1.13557         0.82405         5.72633        14.60511         0.00000       264.90227
       130.00000      2793.08810      2197.58542        88.58609       653.74940       635.24748         1.16852         1.20493       674.21007         1.13421         0.82269         5.73732        14.63991         0.00000       265.88641
       131.00000      2810.16691      2201.74368        88.44822       656.99566       638.47385         1.16304         1.20479       675.78485         1.13286         0.82133         5.74826        14.67462         0.00000       266.86702
       132.00000      2827.24572      2205.88634        88.31127       660.23947       641.69775         1.15763         1.20466       677.35242         1.13153         0.81998         5.75916        14.70924         0.00000       267.84413
       133.00000      2844.32452      2210.01342        88.17522       663.48085       644.91920         1.15228         1.20453       678.91287         1.13021         0.81863         5.77000        14.74376         0.00000       268.81779
       134.00000      2861.40333      2214.12657        88.04006       666.71987       648.13826         1.14699         1.20440       680.46624         1.12890         0.81730         5.78080        14.77820         0.00000       269.78800
       135.00000      2878.36916      2218.22486        87.90577       669.95652       651.35491         1.14176         1.20428       682.01263         1.12760         0.81598         5.79156        14.81255         0.00000       270.75481
       136.00000      2895.19009      2222.30829        87.77236       673.19082       654.56919         1.13658         1.20415       683.55211         1.12631         0.81466         5.80226        14.84682         0.00000       271.71825
       137.00000      2912.01101      2226.37687        87.63981       676.42278       657.78111         1.13146         1.20403       685.08476         1.12503         0.81335         5.81292        14.88099         0.00000       272.67836
       138.00000      2928.83193      2230.43060        87.50811       679.65242       660.99070         1.12639         1.20390       686.61066         1.12377         0.81205         5.82354        14.91507         0.00000       273.63516
       139.00000      2945.65286      2234.46950        87.37726       682.87976       664.19797         1.12138         1.20378       688.12986         1.12251         0.81076         5.83411        14.94906         0.00000       274.58868
       140.00000      2962.47378      2238.49356        87.24724       686.10481       667.40294         1.11643         1.20366       689.64246         1.12127         0.80948         5.84464        14.98297         0.00000       275.53896
         0.00000        -0.00000      1346.31764       154.06847       103.39458        98.11474         3.91910         1.23619       329.70979         1.01989         0.93417         3.33487         8.10608         0.00000        77.90827
         1.00000        36.28228      1357.81919       152.03609       109.48426       104.17414         3.70915         1.23193       335.30661         1.01211         0.95121         3.37593         8.19594         0.00000        80.17705
         2.00000        66.34476      1371.13607       150.33892       116.40622       111.10109         3.47876         1.22811       340.64382         1.00109         0.96535         3.41490         8.29909         0.00000        82.36300
         3.00000        96.41489      1383.28739       149.02181       121.73306       116.51242         3.29064         1.22467       345.90141         0.98437         0.97746         3.45312         8.39234         0.00000        84.53743
         4.00000       126.47625      1394.59082       147.79837       126.75819       121.62348         3.12647         1.22163       351.06657         0.96827         0.98777         3.49052         8.47832         0.00000        86.69378
         5.00000       156.54183      1405.22944       146.64274       131.60464       126.55391         2.98036         1.21893       356.13476         0.95293         0.99651         3.52709         8.55855         0.00000        88.82883
         6.00000       186.60540      1415.31631       145.54130       136.33437       131.36421         2.84878         1.21649       361.10551         0.93838         1.00387         3.56283         8.63403         0.00000        90.94106
         7.00000       216.66896      1424.92198       144.48577       140.98103       136.08739         2.72936         1.21429       365.98056         0.92462         1.01003         3.59777         8.70540         0.00000        93.02997
         8.00000       246.00169      1434.09299       143.47017       145.56554       140.74408         2.62035         1.21229       370.76271         0.91161         1.01515         3.63194         8.77308         0.00000        95.09558
         9.00000       275.15035      1446.17473       142.26201       151.14145       145.75234         2.67501         1.21530       375.29913         0.95577         1.01922         3.66428         8.86348         0.00000        97.06999
        10.00000       304.12654      1455.04875       141.32333       155.49886       150.16630         2.58339         1.21359       379.88654         0.94470         1.02263         3.69690         8.92848         0.00000        99.08125
        11.00000       332.88900      1463.54757       140.41125       159.84354       154.56665         2.49753         1.21200       384.39265         0.93400         1.02534         3.72887         8.99041         0.00000       101.07106
        12.00000       361.53749      1471.64712       139.52021       164.18885       158.96798         2.41648         1.21048       388.82244         0.92352         1.02743         3.76024         9.04912         0.00000       103.04074
        13.00000       389.98609      1506.70273       134.87344       184.79408       178.02598         2.46990         1.21690       391.98807         1.02159         1.02861         3.78261         9.32005         0.00000       104.45649
        14.00000       417.29753      1529.19450       132.06189       200.51629       192.62067         2.47264         1.21974       395.64595         1.08407         1.02966         3.80842         9.49200         0.00000       106.10081
        15.00000       443.99125      1535.05416       131.20988       205.69545       197.91931         2.39130         1.21771       399.94626         1.07033         1.03050         3.83873         9.53295         0.00000       108.04539
        16.00000       470.32792      1541.59620       129.87880       213.15097       205.54155         2.28459         1.21506       404.13513         1.05117         1.03092         3.86819         9.57929         0.00000       109.95146
        17.00000       496.56087      1574.28350       127.76384       227.64236       220.39060         2.07529         1.21029       407.17774         1.00714         1.03101         3.88957         9.83144         0.00000       111.34231
        18.00000       522.40358      1598.57790       126.30972       238.04919       230.98203         1.95104         1.20766       410.51590         0.98100         1.03091         3.91299        10.01753         0.00000       112.87560
        19.00000       548.18742      1610.94474       125.65803       242.79736       235.69388         1.91459         1.20722       414.27925         0.97716         1.03055         3.93937        10.10975         0.00000       114.61330
        20.00000       573.57014      1620.87892       125.03383       247.35571       240.22228         1.88145         1.20683       418.07567         0.97374         1.02996         3.96595        10.18289         0.00000       116.37552
        21.00000       598.92253      1627.30591       124.16167       253.67156       246.49494         1.84181         1.20601       421.94443         0.97140         1.02911         3.99300        10.22849         0.00000       118.18076
        22.00000       624.04227      1634.76018       123.58337       258.23567       251.06243         1.80801         1.20543       425.70956         0.96667         1.02809         4.01930        10.28226         0.00000       119.94674
        23.00000       649.12026      1639.67898       122.79134       263.39254       256.03394         1.79912         1.20613       429.50834         0.97427         1.02685         4.04581        10.31619         0.00000       121.73750
        24.00000       673.78483      1607.54612       113.39305       297.84101       281.20636         2.58846         1.24185       434.59742         1.42162         1.02492         4.08128        10.05909         0.00000       130.05555
        25.00000       696.50299      1615.12102       113.01440       301.67895       285.00391         2.55533         1.24109       438.15933         1.41763         1.02338         4.10608        10.11416         0.00000       131.83622
        26.00000       719.22116      1622.61268       112.64172       305.50393       288.78852         2.52322         1.24035       441.67087         1.41374         1.02174         4.13051        10.16867         0.00000       133.59975
        27.00000       741.81150      1630.02305       112.27482       309.31654       292.56078         2.49207         1.23964       445.13376         1.40992         1.01999         4.15459        10.22263         0.00000       135.34662
        28.00000       764.39099      1637.35525       111.91353       313.11729       296.32119         2.46184         1.23894       448.54955         1.40619         1.01815         4.17831        10.27608         0.00000       137.07721
        29.00000       786.82469      1644.60944       111.55766       316.90658       300.07020         2.43249         1.23826       451.91984         1.40253         1.01624         4.20171        10.32901         0.00000       138.79198
        30.00000       809.19806      1651.78990       111.20707       320.68463       303.80802         2.40397         1.23760       455.24599         1.39895         1.01426         4.22479        10.38147         0.00000       140.49136
        31.00000       831.57144      1658.89760       110.86159       324.45190       307.53511         2.37625         1.23696       458.52941         1.39544         1.01222         4.24756        10.43345         0.00000       142.17571
        32.00000       853.94481      1665.93540       110.52108       328.20861       311.25172         2.34929         1.23633       461.77136         1.39200         1.01012         4.27002        10.48499         0.00000       143.84543
        33.00000       876.25551      1672.90314       110.18539       331.95528       314.95837         2.32306         1.23572       464.97316         1.38863         1.00798         4.29220        10.53607         0.00000       145.50084
        34.00000       898.36522      1679.80330       109.85439       335.69204       318.65518         2.29753         1.23513       468.13597         1.38532         1.00580         4.31410        10.58673         0.00000       147.14231
        35.00000       920.47493      1686.63779       109.52795       339.41942       322.34268         2.27266         1.23455       471.26090         1.38207         1.00359         4.33572        10.63696         0.00000       148.77009
        36.00000       942.58464      1693.40927       109.20593       343.13742       326.02090         2.24844         1.23399       474.34899         1.37888         1.00135         4.35709        10.68681         0.00000       150.38464
        37.00000       964.69435      1700.11675       108.88823       346.84651       329.69030         2.22482         1.23343       477.40137         1.37575         0.99908         4.37819        10.73625         0.00000       151.98614
        38.00000       986.62271      1706.76456       108.57471       350.54655       333.35074         2.20180         1.23290       480.41891         1.37268         0.99679         4.39905        10.78532         0.00000       153.57498
        39.00000      1008.47872      1713.35311       108.26529       354.23840       337.00308         2.17935         1.23237       483.40261         1.36966         0.99448         4.41967        10.83402         0.00000       155.15134
        40.00000      1030.33473      1719.88397       107.95984       357.92176       340.64702         2.15743         1.23186       486.35334         1.36669         0.99216         4.44005        10.88237         0.00000       156.71556
        41.00000      1052.19073      1726.35855       107.65826       361.59702       344.28295         2.13604         1.23135       489.27198         1.36377         0.98983         4.46021        10.93037         0.00000       158.26790
        42.00000      1074.01237      1732.77829       107.36045       365.26436       347.91108         2.11516         1.23086       492.15935         1.36090         0.98749         4.48014        10.97804         0.00000       159.80860
        43.00000      1095.62184      1739.14472       107.06633       368.92402       351.53160         2.09476         1.23038       495.01624         1.35808         0.98514         4.49986        11.02537         0.00000       161.33789
        44.00000      1117.23130      1745.45909       106.77579       372.57615       355.14469         2.07482         1.22991       497.84340         1.35531         0.98279         4.51937        11.07240         0.00000       162.85601
        45.00000      1138.84077      1751.72280       106.48875       376.22094       358.75053         2.05534         1.22945       500.64157         1.35258         0.98044         4.53868        11.11911         0.00000       164.36320
        46.00000      1160.45023      1757.93719       106.20513       379.85856       362.34929         2.03629         1.22900       503.41143         1.34989         0.97809         4.55779        11.16553         0.00000       165.85967
        47.00000      1181.93728      1764.87712       105.91962       383.40841       365.83801         2.01916         1.22870       506.13250         1.34774         0.97576         4.57655        11.21772         0.00000       167.33384
        48.00000      1203.30755      1771.00610       105.64265       387.03285       369.42373         2.00091         1.22826       508.84772         1.34513         0.97341         4.59528        11.26364         0.00000       168.80885
        49.00000      1224.67783      1777.08986       105.36887       390.65069       373.00292         1.98305         1.22784       511.53658         1.34256         0.97107         4.61382        11.30930         0.00000       170.27370
        50.00000      1246.04810      1783.12922       105.09819       394.26205       376.57572         1.96556         1.22743       514.19968         1.34003         0.96873         4.63218        11.35469         0.00000       171.72862
        51.00000      1267.41837      1789.12535       104.83056       397.86707       380.14225         1.94845         1.22702       516.83761         1.33754         0.96640         4.65036        11.39983         0.00000       173.17377
        52.00000      1288.59275      1795.07943       104.56590       401.46590       383.70267         1.93168         1.22662       519.45092         1.33508         0.96408         4.66837        11.44472         0.00000       174.60934
        53.00000      1309.72768      1800.99263       104.30414       405.05865       387.25708         1.91526         1.22623       522.04014         1.33266         0.96176         4.68622        11.48937         0.00000       176.03551
        54.00000      1330.86262      1806.86605       104.04523       408.64546       390.80561         1.89917         1.22584       524.60580         1.33027         0.95946         4.70390        11.53379         0.00000       177.45244
        55.00000      1351.99755      1812.70081       103.78909       412.22643       394.34838         1.88340         1.22547       527.14840         1.32792         0.95716         4.72142        11.57798         0.00000       178.86030
        56.00000      1373.10913      1818.49863       103.53569       415.80168       397.88547         1.86794         1.22510       529.66840         1.32560         0.95488         4.73878        11.62196         0.00000       180.25919
        57.00000      1394.01259      1824.25875       103.28494       419.37134       401.41705         1.85278         1.22473       532.16632         1.32331         0.95260         4.75599        11.66573         0.00000       181.64940
        58.00000      1414.91605      1829.98390       103.03680       422.93548       404.94317         1.83792         1.22438       534.64255         1.32105         0.95034         4.77305        11.70929         0.00000       183.03096
        59.00000      1435.81951      1835.67468       102.79122       426.49423       408.46394         1.82333         1.22403       537.09757         1.31882         0.94809         4.78997        11.75266         0.00000       184.40404
        60.00000      1456.72297      1841.33202       102.54815       430.04767       411.97946         1.80903         1.22369       539.53177         1.31663         0.94585         4.80674        11.79584         0.00000       185.76878
        61.00000      1477.55340      1846.95690       102.30753       433.59591       415.48982         1.79499         1.22335       541.94558         1.31446         0.94363         4.82337        11.83884         0.00000       187.12533
        62.00000      1498.22650      1852.55032       102.06932       437.13904       418.99511         1.78120         1.22302       544.33939         1.31232         0.94142         4.83986        11.88166         0.00000       188.47380
        63.00000      1518.89960      1858.11431       101.83347       440.67703       422.49532         1.76767         1.22269       546.71356         1.31020         0.93922         4.85621        11.92432         0.00000       189.81438
        64.00000      1539.57270      1863.64619       101.59993       444.21028       425.99081         1.75439         1.22237       549.06854         1.30812         0.93703         4.87244        11.96679         0.00000       191.14705
        65.00000      1560.24580      1869.15186       101.36867       447.73848       429.48128         1.74134         1.22206       551.40458         1.30606         0.93486         4.88853        12.00913         0.00000       192.47211
        66.00000      1580.80840      1874.62695       101.13964       451.26209       432.96720         1.72852         1.22175       553.72215         1.30402         0.93271         4.90450        12.05130         0.00000       193.78950
        67.00000      1601.25118      1880.07764       100.91280       454.78080       436.44824         1.71593         1.22145       556.02146         1.30201         0.93056         4.92034        12.09334         0.00000       195.09951
        68.00000      1621.69397      1885.50001       100.68810       458.29505       439.92484         1.70356         1.22115       558.30296         1.30003         0.92844         4.93606        12.13522         0.00000       196.40207
        69.00000      1642.13676      1890.89686       100.46553       461.80472       443.39688         1.69139         1.22086       560.56692         1.29807         0.92632         4.95166        12.17697         0.00000       197.69741
        70.00000      1662.57955      1896.26964       100.24503       465.30986       446.86441         1.67944         1.22057       562.81364         1.29613         0.92422         4.96714        12.21859         0.00000       198.98561
        71.00000      1682.88578      1901.61841       100.02657       468.81058       450.32754         1.66769         1.22029       565.04343         1.29422         0.92214         4.98251        12.26008         0.00000       200.26675
        72.00000      1703.09638      1906.94385        99.81011       472.30696       453.78633         1.65613         1.22001       567.25659         1.29233         0.92007         4.99776        12.30146         0.00000       201.54095
        73.00000      1723.30698      1912.24664        99.59563       475.79904       457.24084         1.64476         1.21974       569.45341         1.29046         0.91801         5.01290        12.34271         0.00000       202.80829
        74.00000      1743.51758      1917.52741        99.38309       479.28691       460.69114         1.63358         1.21947       571.63416         1.28861         0.91597         5.02793        12.38385         0.00000       204.06887
        75.00000      1763.72818      1922.78678        99.17247       482.77060       464.13727         1.62258         1.21920       573.79913         1.28678         0.91395         5.04285        12.42488         0.00000       205.32278
        76.00000      1783.78811      1928.02537        98.96372       486.25020       467.57930         1.61176         1.21894       575.94857         1.28498         0.91193         5.05767        12.46581         0.00000       206.57009
        77.00000      1803.76336      1933.24367        98.75682       489.72574       471.01728         1.60111         1.21869       578.08274         1.28319         0.90994         5.07238        12.50663         0.00000       207.81091
        78.00000      1823.73861      1938.44225        98.55174       493.19729       474.45127         1.59063         1.21844       580.20190         1.28143         0.90795         5.08699        12.54736         0.00000       209.04531
        79.00000      1843.71386      1943.62160        98.34845       496.66491       477.88131         1.58032         1.21819       582.30629         1.27968         0.90599         5.10151        12.58799         0.00000       210.27338
        80.00000      1863.68911      1948.78219        98.14694       500.12864       481.30747         1.57016         1.21795       584.39615         1.27796         0.90403         5.11592        12.62852         0.00000       211.49519
        81.00000      1883.51189      1953.92444        97.94716       503.58854       484.72979         1.56016         1.21771       586.47172         1.27625         0.90209         5.13023        12.66897         0.00000       212.71083
        82.00000      1903.24666      1959.04879        97.74910       507.04466       488.14832         1.55031         1.21747       588.53322         1.27456         0.90017         5.14445        12.70933         0.00000       213.92036
        83.00000      1922.98143      1964.15710        97.55273       510.49686       491.56292         1.54061         1.21724       590.58084         1.27289         0.89826         5.15857        12.74961         0.00000       215.12389
        84.00000      1942.71619      1969.24634        97.35802       513.94567       494.97412         1.53106         1.21701       592.61488         1.27124         0.89636         5.17261        12.78980         0.00000       216.32143
        85.00000      1962.45096      1974.31802        97.16497       517.39081       498.38165         1.52165         1.21679       594.63553         1.26961         0.89448         5.18655        12.82990         0.00000       217.51307
        86.00000      1982.04577      1979.37424        96.97353       520.83229       501.78549         1.51237         1.21657       596.64294         1.26799         0.89261         5.20040        12.86993         0.00000       218.69891
        87.00000      2001.53363      1984.41481        96.78369       524.27006       505.18563         1.50324         1.21635       598.63734         1.26639         0.89076         5.21416        12.90989         0.00000       219.87905
        88.00000      2021.02148      1989.43886        96.59542       527.70458       508.58250         1.49423         1.21614       600.61895         1.26481         0.88891         5.22784        12.94976         0.00000       221.05344
        89.00000      2040.50934      1994.44783        96.40871       531.13560       511.97584         1.48536         1.21593       602.58794         1.26325         0.88709         5.24143        12.98957         0.00000       222.22222
        90.00000      2059.99719      1999.43925        96.22354       534.56311       515.36569         1.47661         1.21572       604.54455         1.26170         0.88527         5.25494        13.02928         0.00000       223.38548
        91.00000      2079.37392      2004.41618        96.03988       537.98729       518.75219         1.46798         1.21552       606.48890         1.26016         0.88347         5.26837        13.06893         0.00000       224.54324
        92.00000      2098.60653      2009.37804        95.85772       541.40815       522.13536         1.45948         1.21531       608.42121         1.25864         0.88169         5.28171        13.10851         0.00000       225.69557
        93.00000      2117.83915      2014.32425        95.67703       544.82569       525.51521         1.45109         1.21512       610.34165         1.25714         0.87991         5.29497        13.14801         0.00000       226.84253
        94.00000      2137.07176      2019.25562        95.49780       548.23998       528.89180         1.44282         1.21492       612.25038         1.25565         0.87815         5.30816        13.18744         0.00000       227.98418
        95.00000      2156.30438      2024.17242        95.31999       551.65105       532.26516         1.43466         1.21473       614.14759         1.25418         0.87641         5.32126        13.22679         0.00000       229.12061
        96.00000      2175.47443      2029.07349        95.14362       555.05897       535.63537         1.42661         1.21454       616.03345         1.25273         0.87467         5.33429        13.26607         0.00000       230.25179
        97.00000      2194.44184      2033.96014        94.96864       558.46371       539.00240         1.41868         1.21436       617.90810         1.25128         0.87295         5.34725        13.30528         0.00000       231.37786
        98.00000      2213.40925      2038.83193        94.79505       561.86535       542.36632         1.41084         1.21417       619.77172         1.24986         0.87124         5.36013        13.34442         0.00000       232.49886
        99.00000      2232.37665      2043.68888        94.62283       565.26390       545.72717         1.40312         1.21399       621.62445         1.24844         0.86954         5.37293        13.38348         0.00000       233.61484
       100.00000      2251.34406      2048.53098        94.45195       568.65941       549.08497         1.39549         1.21381       623.46646         1.24704         0.86786         5.38567        13.42247         0.00000       234.72584
       101.00000      2270.31147      2053.35823        94.28241       572.05192       552.43978         1.38796         1.21364       625.29790         1.24565         0.86619         5.39833        13.46138         0.00000       235.83194
       102.00000      2289.01274      2058.17058        94.11418       575.44144       555.79162         1.38053         1.21346       627.11891         1.24428         0.86453         5.41092        13.50022         0.00000       236.93317
       103.00000      2307.70399      2062.96799        93.94725       578.82803       559.14052         1.37320         1.21329       628.92963         1.24292         0.86288         5.42345        13.53898         0.00000       238.02960
       104.00000      2326.39524      2067.75041        93.78160       582.21169       562.48653         1.36596         1.21313       630.73021         1.24158         0.86125         5.43590        13.57766         0.00000       239.12126
       105.00000      2345.08649      2072.51777        93.61723       585.59248       565.82966         1.35881         1.21296       632.52079         1.24024         0.85962         5.44829        13.61627         0.00000       240.20823
       106.00000      2363.77773      2077.27001        93.45411       588.97040       569.16997         1.35175         1.21280       634.30149         1.23892         0.85801         5.46061        13.65479         0.00000       241.29053
       107.00000      2382.29127      2082.00704        93.29222       592.34551       572.50747         1.34478         1.21264       636.07247         1.23761         0.85641         5.47287        13.69324         0.00000       242.36823
       108.00000      2400.69289      2086.72880        93.13156       595.71782       575.84220         1.33790         1.21248       637.83383         1.23631         0.85482         5.48506        13.73160         0.00000       243.44138
       109.00000      2419.09451      2091.43519        92.97210       599.08736       579.17419         1.33110         1.21232       639.58572         1.23503         0.85324         5.49719        13.76988         0.00000       244.51001
       110.00000      2437.49614      2096.12611        92.81384       602.45416       582.50347         1.32438         1.21217       641.32826         1.23376         0.85168         5.50925        13.80807         0.00000       245.57419
       111.00000      2455.89776      2100.80150        92.65676       605.81825       585.83007         1.31774         1.21201       643.06156         1.23250         0.85012         5.52126        13.84618         0.00000       246.63395
       112.00000      2474.24475      2105.46117        92.50084       609.17965       589.15403         1.31119         1.21186       644.78576         1.23125         0.84858         5.53320        13.88421         0.00000       247.68935
       113.00000      2492.34170      2110.10554        92.34607       612.53838       592.47535         1.30471         1.21171       646.50095         1.23001         0.84704         5.54508        13.92215         0.00000       248.74043
       114.00000      2510.43864      2114.73314        92.19244       615.89449       595.79409         1.29831         1.21157       648.20729         1.22878         0.84552         5.55690        13.95999         0.00000       249.78723
       115.00000      2528.53558      2119.34753        92.03991       619.24806       599.11031         1.29198         1.21142       649.90481         1.22757         0.84401         5.56867        13.99776         0.00000       250.82977
       116.00000      2546.63253      2123.94345        91.88852       622.59896       602.42395         1.28573         1.21128       651.59372         1.22636         0.84251         5.58037        14.03543         0.00000       251.86816
       117.00000      2564.72947      2140.74288        91.48567       622.69663       602.82099         1.27306         1.21060       653.06614         1.20982         0.84120         5.59058        14.16947         0.00000       252.78857
       118.00000      2582.61700      2163.82947        90.94905       621.09407       601.69736         1.25686         1.20962       654.42465         1.18533         0.84000         5.60000        14.35324         0.00000       253.64173
       119.00000      2600.39350      2189.11620        90.35667       618.86724       600.01329         1.23940         1.20851       655.73936         1.15814         0.83883         5.60911        14.55447         0.00000       254.46061
       120.00000      2618.17000      2199.75438        90.07119       620.46777       601.76461         1.22978         1.20806       657.29564         1.14891         0.83746         5.61991        14.64010         0.00000       255.41787
       121.00000      2635.94650      2204.14568        89.92344       623.73872       605.01589         1.22360         1.20790       658.94946         1.14743         0.83600         5.63138        14.67642         0.00000       256.43622
       122.00000      2653.72300      2208.52260        89.77669       627.00714       608.26456         1.21749         1.20775       660.59514         1.14596         0.83455         5.64279        14.71266         0.00000       257.45070
       123.00000      2671.49146      2212.88411        89.63096       630.27297       611.51057         1.21146         1.20760       662.23279         1.14450         0.83312         5.65416        14.74881         0.00000       258.46134
       124.00000      2688.98186      2217.23027        89.48622       633.53621       614.75395         1.20550         1.20745       663.86250         1.14306         0.83169         5.66547        14.78487         0.00000       259.46818
       125.00000      2706.47225      2221.56111        89.34247       636.79691       617.99472         1.19961         1.20730       665.48437         1.14163         0.83027         5.67672        14.82084         0.00000       260.47127
       126.00000      2723.96264      2225.87665        89.19970       640.05506       621.23290         1.19379         1.20715       667.09849         1.14022         0.82886         5.68793        14.85673         0.00000       261.47064
       127.00000      2741.44849      2230.17704        89.05790       643.31070       624.46853         1.18803         1.20701       668.70495         1.13882         0.82746         5.69908        14.89252         0.00000       262.46633
       128.00000      2758.76354      2234.46237        88.91705       646.56385       627.70160         1.18234         1.20687       670.30383         1.13743         0.82607         5.71018        14.92823         0.00000       263.45837
       129.00000      2776.00929      2238.73200        88.77714       649.81451       630.93216         1.17672         1.20673       671.89523         1.13605         0.82469         5.72124        14.96385         0.00000       264.44680
       130.00000      2793.08810      2242.98718        88.63816       653.06273       634.16022         1.17116         1.20659       673.47921         1.13469         0.82332         5.73224        14.99938         0.00000       265.43166
       131.00000      2810.16691      2247.22721        88.50011       656.30851       637.38581         1.16567         1.20645       675.05587         1.13334         0.82196         5.74320        15.03482         0.00000       266.41297
       132.00000      2827.24572      2251.45184        88.36296       659.55186       640.60893         1.16023         1.20631       676.62530         1.13200         0.82060         5.75410        15.07017         0.00000       267.39078
       133.00000      2844.32452      2255.65998        88.22673       662.79277       643.82960         1.15486         1.20618       678.18759         1.13067         0.81926         5.76496        15.10542         0.00000       268.36513
       134.00000      2861.40333      2259.85429        88.09138       666.03133       647.04788         1.14954         1.20605       679.74279         1.12936         0.81792         5.77577        15.14059         0.00000       269.33602
       135.00000      2878.36916      2264.03355        87.95691       669.26752       650.26376         1.14429         1.20592       681.29097         1.12806         0.81659         5.78654        15.17567         0.00000       270.30351
       136.00000      2895.19009      2268.19778        87.82332       672.50137       653.47727         1.13909         1.20579       682.83224         1.12677         0.81528         5.79726        15.21066         0.00000       271.26762
       137.00000      2912.01101      2272.34700        87.69058       675.73289       656.68843         1.13395         1.20566       684.36665         1.12549         0.81397         5.80793        15.24556         0.00000       272.22839
       138.00000      2928.83193      2276.48121        87.55870       678.96210       659.89726         1.12886         1.20553       685.89428         1.12422         0.81266         5.81856        15.28036         0.00000       273.18585
       139.00000      2945.65286      2280.60043        87.42766       682.18902       663.10377         1.12383         1.20541       687.41521         1.12296         0.81137         5.82914        15.31508         0.00000       274.14002
       140.00000      2962.47378      2284.70468        87.29746       685.41365       666.30798         1.11886         1.20528       688.92951         1.12172         0.81009         5.83968        15.34971         0.00000       275.09094
         0.00000        -0.00000      1373.53646       154.21190       102.74000        97.32264         3.96175         1.23919       328.09508         1.02293         0.92879         3.32298         8.31897         0.00000        77.25822
         1.00000        36.28228      1385.41126       152.19615       108.83418       103.39401         3.74407         1.23469       333.71554         1.01436         0.94660         3.36428         8.41215         0.00000        79.52962
         2.00000        66.34476      1399.07924       150.49794       115.75057       110.31866         3.50881         1.23070       339.07479         1.00300         0.96139         3.40346         8.51838         0.00000        81.71813
         3.00000        96.41489      1411.59777       149.16867       121.11866       115.77290         3.31683         1.22711       344.35281         0.98621         0.97407         3.44188         8.61477         0.00000        83.89480
         4.00000       126.47625      1423.23016       147.93582       126.17203       120.91419         3.14972         1.22395       349.53956         0.97003         0.98488         3.47948         8.70353         0.00000        86.05422
         5.00000       156.54183      1434.16827       146.77261       131.03822       125.86650         3.00126         1.22114       354.62986         0.95460         0.99405         3.51624         8.78626         0.00000        88.19290
         6.00000       186.60540      1444.53149       145.66471       135.78287       130.69385         2.86774         1.21862       359.62281         0.93996         1.00179         3.55217         8.86403         0.00000        90.30913
         7.00000       216.66896      1454.39457       144.60345       140.44165       135.43123         2.74667         1.21634       364.51989         0.92612         1.00829         3.58730         8.93749         0.00000        92.40229
         8.00000       246.00169      1463.80676       143.58259       145.03673       140.10046         2.63624         1.21426       369.32376         0.91304         1.01370         3.62167         9.00712         0.00000        94.47233
         9.00000       275.15035      1476.11553       142.37556       150.64237       145.12811         2.68966         1.21731       373.87980         0.95701         1.01802         3.65417         9.09934         0.00000        96.45070
        10.00000       304.12654      1485.20772       141.43217       155.00569       149.54975         2.59697         1.21555       378.48773         0.94587         1.02166         3.68696         9.16605         0.00000        98.46642
        11.00000       332.88900      1493.90861       140.51527       159.35726       153.95883         2.51011         1.21390       383.01413         0.93507         1.02457         3.71910         9.22956         0.00000       100.46084
        12.00000       361.53749      1502.18825       139.61877       163.71191       158.37162         2.42806         1.21232       387.46426         0.92449         1.02685         3.75062         9.28966         0.00000       102.43541
        13.00000       389.98609      1527.39871       136.36819       177.71331       171.48049         2.43142         1.21583       391.07948         0.97872         1.02830         3.77619         9.48307         0.00000       104.04945
        14.00000       417.29753      1560.54940       132.14663       200.01307       191.94080         2.48372         1.22182       394.28759         1.08505         1.02931         3.79884         9.73897         0.00000       105.48915
        15.00000       443.99125      1566.35000       131.26407       205.33138       197.39038         2.39897         1.21964       398.61737         1.07062         1.03028         3.82936         9.77939         0.00000       107.44318
        16.00000       470.32792      1569.05852       130.06626       212.21689       204.54450         2.28402         1.21641       402.99195         1.04666         1.03084         3.86015         9.79549         0.00000       109.43017
        17.00000       496.56087      1597.71484       128.29811       224.06035       216.61675         2.11970         1.21278       406.21324         1.01465         1.03101         3.88279        10.01591         0.00000       110.90072
        18.00000       522.40358      1627.48780       126.49579       236.82508       229.67029         1.95587         1.20907       409.34014         0.97867         1.03097         3.90474        10.24511         0.00000       112.33459
        19.00000       548.18742      1641.58926       125.80238       241.79053       234.56958         1.92094         1.20876       413.05266         0.97621         1.03070         3.93077        10.35094         0.00000       114.04594
        20.00000       573.57014      1652.95522       125.15007       246.50184       239.23000         1.88865         1.20845       416.81255         0.97368         1.03018         3.95711        10.43528         0.00000       115.78819
        21.00000       598.92253      1660.51762       124.26427       252.85409       245.52359         1.84990         1.20770       420.65863         0.97196         1.02942         3.98401        10.48976         0.00000       117.57973
        22.00000       624.04227      1668.51902       123.67357       257.48344       250.14949         1.81613         1.20713       424.42378         0.96752         1.02846         4.01032        10.54776         0.00000       119.34266
        23.00000       649.12026      1666.95824       122.12400       264.80140       256.61901         1.88414         1.21206       428.48755         1.01520         1.02720         4.03869        10.53065         0.00000       121.25540
        24.00000       673.78483      1640.06770       113.48842       297.26807       280.27602         2.59848         1.24446       433.41161         1.42259         1.02540         4.07302        10.31461         0.00000       129.46930
        25.00000       696.50299      1647.81531       113.10871       301.10649       284.07321         2.56510         1.24368       436.98504         1.41859         1.02390         4.09791        10.37097         0.00000       131.25316
        26.00000       719.22116      1655.47762       112.73500       304.93200       287.85751         2.53275         1.24292       440.50772         1.41467         1.02230         4.12242        10.42676         0.00000       133.01980
        27.00000       741.81150      1663.05702       112.36710       308.74508       291.62939         2.50137         1.24218       443.98138         1.41084         1.02058         4.14658        10.48199         0.00000       134.76967
        28.00000       764.39099      1670.55559       112.00483       312.54615       295.38929         2.47093         1.24146       447.40762         1.40709         1.01878         4.17038        10.53668         0.00000       136.50324
        29.00000       786.82469      1677.97564       111.64802       316.33562       299.13763         2.44137         1.24076       450.78800         1.40342         1.01689         4.19385        10.59086         0.00000       138.22092
        30.00000       809.19806      1685.31918       111.29650       320.11387       302.87481         2.41265         1.24008       454.12396         1.39982         1.01494         4.21700        10.64453         0.00000       139.92312
        31.00000       831.57144      1692.58935       110.95013       323.88115       306.60108         2.38474         1.23942       457.41686         1.39630         1.01292         4.23984        10.69774         0.00000       141.61026
        32.00000       853.94481      1699.78467       110.60874       327.63812       310.31711         2.35760         1.23878       460.66812         1.39285         1.01084         4.26238        10.75046         0.00000       143.28263
        33.00000       876.25551      1706.91045       110.27220       331.38480       314.02291         2.33119         1.23815       463.87889         1.38946         1.00872         4.28462        10.80273         0.00000       144.94067
        34.00000       898.36522      1713.96844       109.94036       335.12147       317.71878         2.30549         1.23754       467.05036         1.38614         1.00656         4.30658        10.85458         0.00000       146.58473
        35.00000       920.47493      1720.95700       109.61311       338.84874       321.40535         2.28046         1.23694       470.18379         1.38288         1.00436         4.32827        10.90598         0.00000       148.21506
        36.00000       942.58464      1727.88134       109.29030       342.56654       325.08253         2.25608         1.23636       473.28014         1.37968         1.00213         4.34969        10.95698         0.00000       149.83206
        37.00000       964.69435      1734.74170       108.97182       346.27532       328.75078         2.23232         1.23580       476.34050         1.37654         0.99987         4.37086        11.00758         0.00000       151.43601
        38.00000       986.62271      1741.54004       108.65756       349.97520       332.41022         2.20915         1.23524       479.36585         1.37345         0.99759         4.39177        11.05779         0.00000       153.02720
        39.00000      1008.47872      1748.27776       108.34740       353.66669       336.06136         2.18656         1.23470       482.35714         1.37042         0.99529         4.41245        11.10763         0.00000       154.60588
        40.00000      1030.33473      1754.95647       108.04124       357.34958       339.70401         2.16451         1.23417       485.31528         1.36744         0.99298         4.43288        11.15710         0.00000       156.17240
        41.00000      1052.19073      1761.57758       107.73897       361.02458       343.33883         2.14299         1.23366       488.24113         1.36452         0.99066         4.45309        11.20622         0.00000       157.72693
        42.00000      1074.01237      1768.14264       107.44048       364.69151       346.96571         2.12198         1.23315       491.13553         1.36164         0.98832         4.47308        11.25499         0.00000       159.26980
        43.00000      1095.62184      1774.65366       107.14569       368.35052       350.58476         2.10146         1.23266       493.99926         1.35880         0.98598         4.49284        11.30344         0.00000       160.80130
        44.00000      1117.23130      1781.11027       106.85452       372.00235       354.19671         2.08140         1.23217       496.83313         1.35602         0.98364         4.51240        11.35155         0.00000       162.32143
        45.00000      1138.84077      1787.51562       106.56686       375.64663       357.80120         2.06181         1.23170       499.63783         1.35328         0.98129         4.53175        11.39935         0.00000       163.83065
        46.00000      1160.45023      1793.87050       106.28262       379.28370       361.39859         2.04265         1.23124       502.41407         1.35058         0.97894         4.55091        11.44685         0.00000       165.32911
        47.00000      1181.93728      1800.17624       106.00174       382.91374       364.98902         2.02391         1.23079       505.16254         1.34793         0.97659         4.56986        11.49406         0.00000       166.81702
        48.00000      1203.30755      1806.82751       105.72150       386.49530       368.51966         2.00633         1.23041       507.87315         1.34556         0.97426         4.58856        11.54406         0.00000       168.28883
        49.00000      1224.67783      1813.40731       105.44474       390.07448       372.04895         1.98906         1.23004       510.55815         1.34321         0.97192         4.60707        11.59359         0.00000       169.75034
        50.00000      1246.04810      1819.58224       105.17352       393.68522       375.62030         1.97148         1.22961       513.22707         1.34067         0.96959         4.62547        11.64003         0.00000       171.20711
        51.00000      1267.41837      1825.71343       104.90535       397.28936       379.18517         1.95427         1.22919       515.87068         1.33817         0.96726         4.64369        11.68622         0.00000       172.65416
        52.00000      1288.59275      1831.80159       104.64017       400.88765       382.74421         1.93741         1.22878       518.48954         1.33571         0.96493         4.66175        11.73215         0.00000       174.09146
        53.00000      1309.72768      1837.84596       104.37791       404.47980       386.29720         1.92090         1.22838       521.08425         1.33328         0.96262         4.67963        11.77782         0.00000       175.51934
        54.00000      1330.86262      1843.85134       104.11850       408.06564       389.84399         1.90472         1.22798       523.65524         1.33088         0.96031         4.69735        11.82327         0.00000       176.93806
        55.00000      1351.99755      1849.81711       103.86189       411.64603       393.38534         1.88887         1.22760       526.20305         1.32852         0.95802         4.71490        11.86849         0.00000       178.34752
        56.00000      1373.10913      1855.74366       103.60802       415.22053       396.92089         1.87333         1.22722       528.72819         1.32619         0.95573         4.73230        11.91349         0.00000       179.74809
        57.00000      1394.01259      1861.63201       103.35682       418.78926       400.45075         1.85809         1.22685       531.23112         1.32390         0.95346         4.74955        11.95826         0.00000       181.13992
        58.00000      1414.91605      1867.48401       103.10824       422.35285       403.97549         1.84315         1.22648       533.71230         1.32163         0.95119         4.76664        12.00282         0.00000       182.52293
        59.00000      1435.81951      1873.30119       102.86224       425.91079       407.49466         1.82849         1.22612       536.17213         1.31940         0.94894         4.78359        12.04719         0.00000       183.89753
        60.00000      1456.72297      1879.08399       102.61875       429.46342       411.00856         1.81411         1.22577       538.61107         1.31720         0.94670         4.80039        12.09136         0.00000       185.26376
        61.00000      1477.55340      1884.83409       102.37773       433.01066       414.51714         1.80000         1.22542       541.02950         1.31502         0.94447         4.81705        12.13535         0.00000       186.62184
        62.00000      1498.22650      1890.55163       102.13913       436.55301       418.02084         1.78614         1.22508       543.42786         1.31287         0.94226         4.83358        12.17916         0.00000       187.97170
        63.00000      1518.89960      1896.23703       101.90290       440.09026       421.51949         1.77255         1.22475       545.80652         1.31076         0.94006         4.84996        12.22278         0.00000       189.31362
        64.00000      1539.57270      1901.89185       101.66900       443.62255       425.01323         1.75920         1.22442       548.16587         1.30866         0.93787         4.86622        12.26624         0.00000       190.64768
        65.00000      1560.24580      1907.51695       101.43738       447.14997       428.50213         1.74608         1.22410       550.50625         1.30660         0.93570         4.88234        12.30953         0.00000       191.97402
        66.00000      1580.80840      1913.11320       101.20800       450.67261       431.98628         1.73320         1.22378       552.82802         1.30456         0.93354         4.89834        12.35267         0.00000       193.29274
        67.00000      1601.25118      1918.68146       100.98082       454.19054       435.46575         1.72055         1.22347       555.13153         1.30255         0.93139         4.91421        12.39565         0.00000       194.60396
        68.00000      1621.69397      1924.22249       100.75581       457.70384       438.94061         1.70812         1.22317       557.41711         1.30056         0.92926         4.92996        12.43849         0.00000       195.90779
        69.00000      1642.13676      1929.73574       100.53292       461.21253       442.41089         1.69590         1.22287       559.68511         1.29859         0.92715         4.94558        12.48117         0.00000       197.20432
        70.00000      1662.57955      1935.22449       100.31210       464.71694       445.87689         1.68388         1.22257       561.93578         1.29665         0.92504         4.96109        12.52373         0.00000       198.49364
        71.00000      1682.88578      1940.68852       100.09334       468.21677       449.33834         1.67208         1.22228       564.16947         1.29473         0.92296         4.97648        12.56615         0.00000       199.77592
        72.00000      1703.09638      1946.12833        99.87660       471.71224       452.79545         1.66047         1.22200       566.38646         1.29284         0.92088         4.99176        12.60845         0.00000       201.05122
        73.00000      1723.30698      1951.54705        99.66182       475.20323       456.24807         1.64905         1.22171       568.58699         1.29096         0.91882         5.00693        12.65065         0.00000       202.31970
        74.00000      1743.51758      1956.93799        99.44902       478.69039       459.69689         1.63782         1.22144       570.77151         1.28911         0.91678         5.02198        12.69268         0.00000       203.58127
        75.00000      1763.72818      1962.31125        99.23812       482.17301       463.14117         1.62677         1.22117       572.94008         1.28728         0.91475         5.03693        12.73464         0.00000       204.83625
        76.00000      1783.78811      1967.66056        99.02911       485.65172       466.58153         1.61590         1.22090       575.09311         1.28548         0.91273         5.05177        12.77647         0.00000       206.08456
        77.00000      1803.76336      1972.98681        98.82197       489.12652       470.01801         1.60520         1.22064       577.23087         1.28369         0.91073         5.06651        12.81818         0.00000       207.32631
        78.00000      1823.73861      1978.29453        98.61664       492.59717       473.45033         1.59467         1.22038       579.35352         1.28192         0.90875         5.08115        12.85980         0.00000       208.56167
        79.00000      1843.71386      1983.58216        98.41312       496.06389       476.87871         1.58431         1.22013       581.46134         1.28017         0.90678         5.09568        12.90132         0.00000       209.79066
        80.00000      1863.68911      1988.85019        98.21137       499.52673       480.30321         1.57411         1.21988       583.55459         1.27844         0.90482         5.11011        12.94274         0.00000       211.01338
        81.00000      1883.51189      1994.09906        98.01136       502.98574       483.72387         1.56406         1.21963       585.63350         1.27673         0.90288         5.12445        12.98406         0.00000       212.22990
        82.00000      1903.24666      1999.32920        97.81308       506.44097       487.14075         1.55417         1.21939       587.69829         1.27504         0.90095         5.13869        13.02529         0.00000       213.44030
        83.00000      1922.98143      2004.54220        97.61648       509.89231       490.55373         1.54443         1.21915       589.74916         1.27337         0.89903         5.15284        13.06644         0.00000       214.64469
        84.00000      1942.71619      2009.73481        97.42157       513.34028       493.96334         1.53483         1.21892       591.78642         1.27172         0.89713         5.16689        13.10749         0.00000       215.84302
        85.00000      1962.45096      2014.91193        97.22830       516.78427       497.36896         1.52538         1.21869       593.81017         1.27008         0.89525         5.18085        13.14846         0.00000       217.03554
        86.00000      1982.04577      2020.07083        97.03665       520.22488       500.77119         1.51607         1.21846       595.82070         1.26846         0.89337         5.19473        13.18935         0.00000       218.22218
        87.00000      2001.53363      2025.21218        96.84661       523.66208       504.17000         1.50689         1.21824       597.81819         1.26686         0.89152         5.20851        13.23014         0.00000       219.40303
        88.00000      2021.02148      2030.33709        96.65814       527.09563       507.56516         1.49785         1.21802       599.80283         1.26528         0.88967         5.22221        13.27086         0.00000       220.57821
        89.00000      2040.50934      2035.44550        96.47123       530.52574       510.95686         1.48893         1.21780       601.77482         1.26371         0.88784         5.23582        13.31150         0.00000       221.74776
        90.00000      2059.99719      2040.53771        96.28586       533.95244       514.34515         1.48015         1.21759       603.73436         1.26216         0.88602         5.24935        13.35206         0.00000       222.91174
        91.00000      2079.37392      2045.61448        96.10200       537.37580       517.73009         1.47149         1.21738       605.68161         1.26062         0.88422         5.26279        13.39254         0.00000       224.07021
        92.00000      2098.60653      2050.67366        95.91965       540.79575       521.11162         1.46295         1.21717       607.61680         1.25910         0.88243         5.27615        13.43294         0.00000       225.22328
        93.00000      2117.83915      2055.71782        95.73877       544.21244       524.48989         1.45452         1.21697       609.54006         1.25760         0.88065         5.28944        13.47326         0.00000       226.37094
        94.00000      2137.07176      2060.74627        95.55935       547.62589       527.86490         1.44622         1.21677       611.45160         1.25611         0.87889         5.30264        13.51351         0.00000       227.51330
        95.00000      2156.30438      2065.75912        95.38136       551.03611       531.23669         1.43803         1.21657       613.35157         1.25463         0.87714         5.31576        13.55368         0.00000       228.65039
        96.00000      2175.47443      2070.75645        95.20480       554.44316       534.60530         1.42995         1.21637       615.24014         1.25318         0.87540         5.32881        13.59377         0.00000       229.78228
        97.00000      2194.44184      2075.73833        95.02963       557.84706       537.97077         1.42198         1.21618       617.11748         1.25173         0.87368         5.34178        13.63379         0.00000       230.90904
        98.00000      2213.40925      2080.70481        94.85585       561.24786       541.33314         1.41411         1.21599       618.98375         1.25030         0.87196         5.35468        13.67373         0.00000       232.03071
        99.00000      2232.37665      2085.65592        94.68344       564.64558       544.69244         1.40635         1.21581       620.83911         1.24889         0.87026         5.36751        13.71360         0.00000       233.14735
       100.00000      2251.34406      2090.59169        94.51238       568.04027       548.04870         1.39870         1.21563       622.68371         1.24748         0.86858         5.38026        13.75338         0.00000       234.25901
       101.00000      2270.31147      2095.51212        94.34264       571.43195       551.40196         1.39114         1.21544       624.51769         1.24610         0.86690         5.39294        13.79309         0.00000       235.36576
       102.00000      2289.01274      2100.41719        94.17423       574.82065       554.75227         1.38368         1.21527       626.34122         1.24472         0.86524         5.40555        13.83272         0.00000       236.46764
       103.00000      2307.70399      2105.30689        94.00711       578.20641       558.09964         1.37632         1.21509       628.15443         1.24336         0.86359         5.41809        13.87227         0.00000       237.56471
       104.00000      2326.39524      2110.18118        93.84128       581.58926       561.44412         1.36905         1.21492       629.95746         1.24201         0.86195         5.43056        13.91174         0.00000       238.65702
       105.00000      2345.08649      2115.04003        93.67672       584.96923       564.78574         1.36187         1.21475       631.75046         1.24067         0.86032         5.44296        13.95113         0.00000       239.74462
       106.00000      2363.77773      2119.88339        93.51340       588.34635       568.12452         1.35478         1.21458       633.53356         1.23935         0.85870         5.45530        13.99044         0.00000       240.82757
       107.00000      2382.29127      2124.71322        93.35131       591.72068       571.46052         1.34779         1.21441       635.30686         1.23804         0.85710         5.46757        14.02969         0.00000       241.90588
       108.00000      2400.69289      2129.52378        93.19047       595.09215       574.79372         1.34088         1.21425       637.07058         1.23674         0.85551         5.47978        14.06881         0.00000       242.97967
       109.00000      2419.09451      2134.31998        93.03082       598.46090       578.12422         1.33405         1.21409       638.82478         1.23546         0.85393         5.49192        14.10787         0.00000       244.04894
       110.00000      2437.49614      2139.10080        92.87237       601.82691       581.45199         1.32731         1.21393       640.56958         1.23418         0.85236         5.50400        14.14684         0.00000       245.11374
       111.00000      2455.89776      2143.86580        92.71509       605.19020       584.77710         1.32065         1.21377       642.30513         1.23292         0.85080         5.51602        14.18573         0.00000       246.17413
       112.00000      2474.24475      2148.61489        92.55898       608.55081       588.09955         1.31406         1.21362       644.03153         1.23167         0.84925         5.52798        14.22453         0.00000       247.23015
       113.00000      2492.34170      2153.34799        92.40401       611.90876       591.41939         1.30756         1.21346       645.74892         1.23043         0.84772         5.53987        14.26324         0.00000       248.28184
       114.00000      2510.43864      2158.06502        92.25018       615.26409       594.73664         1.30114         1.21331       647.45739         1.22920         0.84619         5.55171        14.30186         0.00000       249.32927
       115.00000      2528.53558      2162.76827        92.09746       618.61688       598.05138         1.29479         1.21316       649.15704         1.22798         0.84467         5.56348        14.34041         0.00000       250.37241
       116.00000      2546.63253      2167.45289        91.94586       621.96701       601.36353         1.28851         1.21301       650.84805         1.22678         0.84317         5.57520        14.37885         0.00000       251.41142
       117.00000      2564.72947      2175.87420        91.71981       624.33992       603.80044         1.28040         1.21271       652.46625         1.22100         0.84173         5.58642        14.44682         0.00000       252.41105
       118.00000      2582.61700      2196.29546        91.25025       623.55327       603.41247         1.26601         1.21187       653.87156         1.20042         0.84049         5.59616        14.60960         0.00000       253.29156
       119.00000      2600.39350      2221.61254        90.67625       621.47266       601.86852         1.24894         1.21078       655.18676         1.17391         0.83932         5.60528        14.81113         0.00000       254.11636
       120.00000      2618.17000      2245.19447        90.12621       619.77288       600.66419         1.23270         1.20975       656.52521         1.14944         0.83814         5.61456        14.99905         0.00000       254.94386
       121.00000      2635.94650      2249.67295        89.97825       623.04337       603.91472         1.22649         1.20959       658.18118         1.14796         0.83668         5.62605        15.03614         0.00000       255.96301
       122.00000      2653.72300      2254.13566        89.83131       626.31125       607.16257         1.22036         1.20943       659.82901         1.14648         0.83523         5.63748        15.07314         0.00000       256.97828
       123.00000      2671.49146      2258.58265        89.68538       629.57654       610.40776         1.21430         1.20927       661.46878         1.14502         0.83379         5.64885        15.11004         0.00000       257.98971
       124.00000      2688.98186      2263.01397        89.54046       632.83926       613.65033         1.20831         1.20912       663.10059         1.14357         0.83236         5.66018        15.14686         0.00000       258.99733
       125.00000      2706.47225      2267.42967        89.39652       636.09943       616.89029         1.20239         1.20897       664.72453         1.14214         0.83093         5.67145        15.18358         0.00000       260.00120
       126.00000      2723.96264      2271.82980        89.25355       639.35706       620.12766         1.19654         1.20882       666.34070         1.14072         0.82952         5.68267        15.22022         0.00000       261.00133
       127.00000      2741.44849      2276.21450        89.11156       642.61219       623.36247         1.19076         1.20867       667.94919         1.13932         0.82812         5.69383        15.25676         0.00000       261.99778
       128.00000      2758.76354      2280.58374        88.97052       645.86483       626.59475         1.18505         1.20852       669.55007         1.13793         0.82673         5.70495        15.29322         0.00000       262.99057
       129.00000      2776.00929      2284.93724        88.83042       649.11499       629.82449         1.17940         1.20837       671.14345         1.13655         0.82534         5.71602        15.32958         0.00000       263.97974
       130.00000      2793.08810      2289.27589        88.69125       652.36271       633.05176         1.17382         1.20823       672.72940         1.13518         0.82397         5.72703        15.36586         0.00000       264.96533
       131.00000      2810.16691      2293.59922        88.55301       655.60800       636.27655         1.16830         1.20809       674.30800         1.13383         0.82260         5.73800        15.40204         0.00000       265.94737
       132.00000      2827.24572      2297.90712        88.41568       658.85087       639.49888         1.16284         1.20795       675.87934         1.13248         0.82124         5.74892        15.43814         0.00000       266.92590
       133.00000      2844.32452      2302.19803        88.27926       662.09130       642.71876         1.15745         1.20781       677.44353         1.13115         0.81990         5.75979        15.47413         0.00000       267.90096
       134.00000      2861.40333      2306.47498        88.14372       665.32939       645.93625         1.15211         1.20767       679.00060         1.12984         0.81856         5.77061        15.51004         0.00000       268.87256
       135.00000      2878.36916      2310.73669        88.00906       668.56512       649.15134         1.14683         1.20754       680.55064         1.12853         0.81723         5.78139        15.54586         0.00000       269.84075
       136.00000      2895.19009      2314.98317        87.87528       671.79851       652.36407         1.14161         1.20741       682.09374         1.12724         0.81591         5.79212        15.58159         0.00000       270.80555
       137.00000      2912.01101      2319.21445        87.74236       675.02958       655.57445         1.13645         1.20727       683.62997         1.12595         0.81459         5.80280        15.61722         0.00000       271.76701
       138.00000      2928.83193      2323.43054        87.61029       678.25835       658.78250         1.13135         1.20714       685.15940         1.12468         0.81329         5.81344        15.65277         0.00000       272.72514
       139.00000      2945.65286      2327.63148        87.47907       681.48482       661.98824         1.12629         1.20701       686.68210         1.12342         0.81199         5.82404        15.68822         0.00000       273.67998
       140.00000      2962.47378      2331.81728        87.34867       684.70902       665.19169         1.12130         1.20689       688.19815         1.12217         0.81071         5.83459        15.72358         0.00000       274.63157
         0.00000        -0.00000      1401.21782       154.35787       102.06382        96.50464         4.00649         1.24226       326.43287         1.02611         0.92303         3.31072         8.53532         0.00000        76.59118
         1.00000        36.28228      1413.49953       152.36085       108.16678       102.59324         3.78033         1.23751       332.07624         1.01669         0.94166         3.35225         8.63216         0.00000        78.86460
         2.00000        66.34476      1427.52541       150.66183       115.07665       109.51494         3.53997         1.23332       337.45838         1.00497         0.95714         3.39165         8.74154         0.00000        81.05574
         3.00000        96.41489      1440.42083       149.31985       120.48753       115.01370         3.34391         1.22958       342.75744         0.98809         0.97042         3.43028         8.84118         0.00000        83.23465
         4.00000       126.47625      1452.39345       148.07720       125.57058       120.18670         3.17371         1.22629       347.96637         0.97182         0.98176         3.46808         8.93283         0.00000        85.39713
         5.00000       156.54183      1463.64145       146.90610       130.45761       125.16203         3.02279         1.22337       353.07942         0.95631         0.99140         3.50505         9.01818         0.00000        87.53946
         6.00000       186.60540      1474.29042       145.79148       135.21796       130.00728         2.88724         1.22075       358.09524         0.94159         0.99955         3.54119         9.09832         0.00000        89.65975
         7.00000       216.66896      1484.41939       144.72426       139.88949       134.75954         2.76445         1.21839       363.01506         0.92766         1.00640         3.57652         9.17396         0.00000        91.75725
         8.00000       246.00169      1494.08060       143.69795       144.49562       139.44184         2.65254         1.21624       367.84137         0.91451         1.01213         3.61107         9.24561         0.00000        93.83180
         9.00000       275.15035      1506.62181       142.49193       150.13248       144.49030         2.70465         1.21933       372.41779         0.95828         1.01672         3.64374         9.33970         0.00000        95.81426
        10.00000       304.12654      1515.93894       141.54367       154.50195       148.91989         2.61087         1.21751       377.04694         0.94705         1.02060         3.67671         9.40819         0.00000        97.83456
        11.00000       332.88900      1524.84775       140.62169       158.86095       153.33833         2.52296         1.21580       381.59435         0.93618         1.02373         3.70902         9.47333         0.00000        99.83374
        12.00000       361.53749      1533.31463       139.71953       163.22552       157.76320         2.43987         1.21417       386.06548         0.92549         1.02619         3.74072         9.53488         0.00000       101.81330
        13.00000       389.98609      1549.90091       137.66645       172.11564       166.26919         2.40021         1.21509       390.08443         0.94521         1.02793         3.76915         9.66034         0.00000       103.60433
        14.00000       417.29753      1592.48026       132.23194       199.50623       191.25388         2.49490         1.22389       392.88976         1.08603         1.02890         3.78897         9.99055         0.00000       104.86100
        15.00000       443.99125      1598.20729       131.31551       204.97961       196.87157         2.40643         1.22155       397.25074         1.07085         1.03002         3.81973        10.03034         0.00000       106.82510
        16.00000       470.32792      1601.56669       130.16353       211.61658       203.76384         2.29580         1.21841       401.62580         1.04813         1.03071         3.85054        10.05150         0.00000       108.80832
        17.00000       496.56087      1621.29636       128.80808       220.76680       213.16539         2.15721         1.21503       405.23538         1.01958         1.03098         3.87592        10.20160         0.00000       110.45361
        18.00000       522.40358      1655.92619       126.70978       235.45182       228.22802         1.95956         1.21036       408.17326         0.97543         1.03100         3.89655        10.46905         0.00000       111.79856
        19.00000       548.18742      1672.07172       125.96615       240.67408       233.34769         1.92657         1.21022       411.82116         0.97465         1.03081         3.92214        10.59093         0.00000       113.47727
        20.00000       573.57014      1685.06318       125.28428       245.55150       238.15220         1.89501         1.21000       415.53598         0.97299         1.03038         3.94817        10.68801         0.00000       115.19564
        21.00000       598.92253      1694.13383       124.37733       251.97437       244.49243         1.85783         1.20935       419.34431         0.97229         1.02970         3.97482        10.75428         0.00000       116.96645
        22.00000       624.04227      1702.82473       123.76944       256.69469       249.19898         1.82428         1.20881       423.10422         0.96829         1.02882         4.00110        10.81764         0.00000       118.72379
        23.00000       649.12026      1701.48088       122.21518       264.10837       255.74590         1.89171         1.21384       427.18430         1.01588         1.02763         4.02959        10.80214         0.00000       120.64086
        24.00000       673.78483      1673.17483       113.58596       296.68269       279.32662         2.60865         1.24708       432.19336         1.42358         1.02587         4.06453        10.57482         0.00000       128.86811
        25.00000       696.50299      1681.09948       113.20517       300.52179       283.12364         2.57502         1.24627       435.77868         1.41956         1.02442         4.08951        10.63250         0.00000       130.65522
        26.00000       719.22116      1688.93667       112.83041       304.34789       286.90767         2.54243         1.24549       439.31287         1.41562         1.02286         4.11411        10.68959         0.00000       132.42504
        27.00000       741.81150      1696.68886       112.46148       308.16145       290.67917         2.51082         1.24473       442.79765         1.41178         1.02118         4.13834        10.74612         0.00000       134.17803
        28.00000       764.39099      1704.35836       112.09822       311.96291       294.43861         2.48015         1.24399       446.23467         1.40801         1.01941         4.16223        10.80209         0.00000       135.91462
        29.00000       786.82469      1711.94738       111.74043       315.75269       298.18640         2.45038         1.24327       449.62549         1.40433         1.01755         4.18578        10.85753         0.00000       137.63526
        30.00000       809.19806      1719.45929       111.38797       319.53104       301.92282         2.42146         1.24257       452.97153         1.40072         1.01562         4.20901        10.91247         0.00000       139.34038
        31.00000       831.57144      1726.89247       111.04067       323.29872       305.64861         2.39335         1.24189       456.27432         1.39718         1.01363         4.23192        10.96690         0.00000       141.03029
        32.00000       853.94481      1734.25255       110.69839       327.05568       309.36377         2.36602         1.24123       459.53507         1.39371         1.01158         4.25452        11.02085         0.00000       142.70545
        33.00000       876.25551      1741.54027       110.36097       330.80238       313.06873         2.33944         1.24058       462.75509         1.39031         1.00947         4.27684        11.07435         0.00000       144.36620
        34.00000       898.36522      1748.75842       110.02829       334.53893       316.76364         2.31356         1.23995       465.93556         1.38698         1.00733         4.29886        11.12740         0.00000       146.01293
        35.00000       920.47493      1755.90597       109.70020       338.26622       320.44934         2.28837         1.23934       469.07771         1.38371         1.00514         4.32061        11.18000         0.00000       147.64581
        36.00000       942.58464      1762.98751       109.37659       341.98392       324.12557         2.26383         1.23874       472.18255         1.38050         1.00292         4.34210        11.23219         0.00000       149.26533
        37.00000       964.69435      1770.00392       109.05732       345.69248       327.79273         2.23991         1.23816       475.25117         1.37734         1.00068         4.36332        11.28397         0.00000       150.87173
        38.00000       986.62271      1776.95636       108.74229       349.39224       331.45119         2.21660         1.23759       478.28456         1.37425         0.99841         4.38430        11.33535         0.00000       152.46533
        39.00000      1008.47872      1783.84703       108.43138       353.08334       335.10108         2.19386         1.23703       481.28368         1.37120         0.99612         4.40503        11.38634         0.00000       154.04640
        40.00000      1030.33473      1790.67729       108.12449       356.76603       338.74267         2.17167         1.23649       484.24944         1.36821         0.99382         4.42552        11.43697         0.00000       155.61521
        41.00000      1052.19073      1797.44868       107.82150       360.44055       342.37617         2.15002         1.23596       487.18272         1.36528         0.99150         4.44578        11.48723         0.00000       157.17202
        42.00000      1074.01237      1804.16270       107.52233       364.10710       346.00180         2.12888         1.23544       490.08436         1.36239         0.98917         4.46582        11.53714         0.00000       158.71710
        43.00000      1095.62184      1810.82082       107.22687       367.76587       349.61974         2.10823         1.23493       492.95517         1.35954         0.98684         4.48564        11.58671         0.00000       160.25068
        44.00000      1117.23130      1817.42447       106.93503       371.41706       353.23020         2.08806         1.23444       495.79591         1.35675         0.98450         4.50524        11.63595         0.00000       161.77301
        45.00000      1138.84077      1823.97507       106.64673       375.06085       356.83335         2.06835         1.23395       498.60733         1.35400         0.98215         4.52464        11.68487         0.00000       163.28431
        46.00000      1160.45023      1830.47402       106.36187       378.69741       360.42937         2.04908         1.23348       501.39014         1.35129         0.97981         4.54384        11.73348         0.00000       164.78479
        47.00000      1181.93728      1836.92265       106.08038       382.32691       364.01842         2.03023         1.23301       504.14502         1.34863         0.97746         4.56285        11.78178         0.00000       166.27468
        48.00000      1203.30755      1843.32231       105.80217       385.94952       367.60066         2.01180         1.23255       506.87263         1.34601         0.97512         4.58166        11.82980         0.00000       167.75417
        49.00000      1224.67783      1849.67431       105.52718       389.56538       371.17624         1.99376         1.23211       509.57361         1.34342         0.97278         4.60028        11.87753         0.00000       169.22347
        50.00000      1246.04810      1856.71839       105.25054       393.09703       374.64641         1.97746         1.23179       512.22862         1.34133         0.97046         4.61859        11.93077         0.00000       170.67200
        51.00000      1267.41837      1862.98762       104.98182       396.70055       378.20981         1.96015         1.23136       514.87809         1.33882         0.96813         4.63685        11.97802         0.00000       172.12090
        52.00000      1288.59275      1869.21276       104.71611       400.29818       381.76736         1.94320         1.23094       517.50268         1.33635         0.96581         4.65494        12.02502         0.00000       173.55999
        53.00000      1309.72768      1875.39417       104.45333       403.88956       385.31875         1.92660         1.23053       520.10297         1.33391         0.96350         4.67286        12.07177         0.00000       174.98967
        54.00000      1330.86262      1881.53372       104.19342       407.47496       388.86423         1.91033         1.23012       522.67946         1.33151         0.96119         4.69062        12.11826         0.00000       176.41002
        55.00000      1351.99755      1887.63255       103.93632       411.05448       392.40390         1.89439         1.22973       525.23266         1.32914         0.95889         4.70822        12.16452         0.00000       177.82123
        56.00000      1373.10913      1893.69033       103.68196       414.62835       395.93799         1.87877         1.22934       527.76310         1.32681         0.95661         4.72565        12.21055         0.00000       179.22341
        57.00000      1394.01259      1899.71102       103.43030       418.19647       399.46639         1.86345         1.22895       530.27119         1.32451         0.95433         4.74293        12.25636         0.00000       180.61679
        58.00000      1414.91605      1905.69573       103.18128       421.75896       402.98922         1.84843         1.22858       532.75737         1.32223         0.95206         4.76006        12.30196         0.00000       182.00152
        59.00000      1435.81951      1911.64260       102.93483       425.31612       406.50678         1.83370         1.22821       535.22216         1.31999         0.94981         4.77704        12.34735         0.00000       183.37766
        60.00000      1456.72297      1917.55463       102.69092       428.86799       410.01908         1.81924         1.22785       537.66595         1.31778         0.94757         4.79388        12.39255         0.00000       184.74537
        61.00000      1477.55340      1923.43104       102.44949       432.41455       413.52616         1.80506         1.22749       540.08919         1.31560         0.94534         4.81058        12.43754         0.00000       186.10488
        62.00000      1498.22650      1929.27464       102.21048       435.95601       417.02816         1.79113         1.22714       542.49224         1.31345         0.94312         4.82713        12.48234         0.00000       187.45621
        63.00000      1518.89960      1935.08414       101.97386       439.49254       420.52527         1.77747         1.22680       544.87555         1.31133         0.94092         4.84355        12.52696         0.00000       188.79949
        64.00000      1539.57270      1940.86529       101.73958       443.02387       424.01724         1.76405         1.22646       547.23937         1.30923         0.93873         4.85984        12.57142         0.00000       190.13498
        65.00000      1560.24580      1946.61347       101.50759       446.55051       427.50453         1.75087         1.22613       549.58420         1.30716         0.93656         4.87599        12.61569         0.00000       191.46262
        66.00000      1580.80840      1952.33152       101.27785       450.07234       430.98706         1.73793         1.22581       551.91035         1.30512         0.93439         4.89202        12.65980         0.00000       192.78263
        67.00000      1601.25118      1958.02253       101.05033       453.58936       434.46480         1.72521         1.22549       554.21812         1.30310         0.93225         4.90792        12.70377         0.00000       194.09515
        68.00000      1621.69397      1963.68527       100.82498       457.10171       437.93791         1.71272         1.22518       556.50789         1.30110         0.93011         4.92369        12.74758         0.00000       195.40026
        69.00000      1642.13676      1969.31807       100.60175       460.60969       441.40666         1.70044         1.22487       558.78003         1.29913         0.92799         4.93935        12.79123         0.00000       196.69796
        70.00000      1662.57955      1974.92604       100.38063       464.11306       444.87082         1.68837         1.22456       561.03477         1.29719         0.92589         4.95488        12.83474         0.00000       197.98852
        71.00000      1682.88578      1980.50815       100.16156       467.61199       448.33058         1.67651         1.22427       563.27245         1.29527         0.92379         4.97030        12.87812         0.00000       199.27196
        72.00000      1703.09638      1986.06512        99.94451       471.10658       451.78599         1.66484         1.22397       565.49338         1.29337         0.92172         4.98561        12.92137         0.00000       200.54840
        73.00000      1723.30698      1991.59849        99.72946       474.59682       455.23708         1.65337         1.22369       567.69782         1.29149         0.91966         5.00080        12.96449         0.00000       201.81794
        74.00000      1743.51758      1997.10632        99.51636       478.08293       458.68404         1.64208         1.22340       569.88612         1.28963         0.91761         5.01588        13.00748         0.00000       203.08063
        75.00000      1763.72818      2002.59184        99.30519       481.56483       462.12680         1.63098         1.22312       572.05849         1.28780         0.91557         5.03086        13.05035         0.00000       204.33662
        76.00000      1783.78811      2008.05484        99.09591       485.04263       465.56547         1.62006         1.22285       574.21522         1.28599         0.91356         5.04572        13.09311         0.00000       205.58597
        77.00000      1803.76336      2013.49767        98.88848       488.51615       468.99986         1.60932         1.22258       576.35653         1.28420         0.91155         5.06048        13.13577         0.00000       206.82882
        78.00000      1823.73861      2018.91717        98.68290       491.98596       472.43054         1.59874         1.22232       578.48276         1.28243         0.90956         5.07514        13.17830         0.00000       208.06515
        79.00000      1843.71386      2024.31356        98.47914       495.45193       475.85741         1.58833         1.22205       580.59417         1.28068         0.90759         5.08970        13.22071         0.00000       209.29507
        80.00000      1863.68911      2029.69153        98.27714       498.91387       479.28022         1.57808         1.22180       582.69090         1.27894         0.90563         5.10416        13.26303         0.00000       210.51873
        81.00000      1883.51189      2035.04950        98.07689       502.37198       482.69920         1.56799         1.22155       584.77324         1.27723         0.90368         5.11852        13.30526         0.00000       211.73617
        82.00000      1903.24666      2040.38787        97.87838       505.82631       486.11441         1.55806         1.22130       586.84141         1.27554         0.90175         5.13278        13.34738         0.00000       212.94747
        83.00000      1922.98143      2045.70708        97.68156       509.27691       489.52588         1.54827         1.22105       588.89565         1.27386         0.89983         5.14695        13.38941         0.00000       214.15271
        84.00000      1942.71619      2051.00902        97.48640       512.72362       492.93345         1.53864         1.22081       590.93614         1.27221         0.89793         5.16103        13.43136         0.00000       215.35200
        85.00000      1962.45096      2056.29134        97.29291       516.16695       496.33763         1.52914         1.22058       592.96315         1.27057         0.89604         5.17501        13.47320         0.00000       216.54530
        86.00000      1982.04577      2061.55454        97.10105       519.60673       499.73828         1.51979         1.22034       594.97689         1.26895         0.89416         5.18890        13.51495         0.00000       217.73278
        87.00000      2001.53363      2066.79919        96.91080       523.04299       503.13540         1.51057         1.22011       596.97756         1.26734         0.89230         5.20271        13.55661         0.00000       218.91445
        88.00000      2021.02148      2072.02880        96.72212       526.47548       506.52874         1.50149         1.21989       598.96529         1.26576         0.89045         5.21643        13.59820         0.00000       220.09048
        89.00000      2040.50934      2077.23989        96.53500       529.90480       509.91889         1.49254         1.21966       600.94035         1.26419         0.88862         5.23006        13.63969         0.00000       221.26081
        90.00000      2059.99719      2082.43379        96.34943       533.33061       513.30554         1.48371         1.21945       602.90292         1.26263         0.88680         5.24361        13.68110         0.00000       222.42557
        91.00000      2079.37392      2087.61106        96.16536       536.75305       516.68881         1.47502         1.21923       604.85318         1.26109         0.88499         5.25707        13.72243         0.00000       223.58484
        92.00000      2098.60653      2092.77132        95.98281       540.17216       520.06876         1.46644         1.21902       606.79131         1.25957         0.88319         5.27045        13.76368         0.00000       224.73863
        93.00000      2117.83915      2097.91747        95.80171       543.58806       523.44545         1.45798         1.21881       608.71745         1.25807         0.88141         5.28376        13.80486         0.00000       225.88700
        94.00000      2137.07176      2103.04303        95.62211       547.00056       526.81881         1.44964         1.21860       610.63190         1.25657         0.87965         5.29698        13.84592         0.00000       227.03014
        95.00000      2156.30438      2108.15384        95.44393       550.40994       530.18902         1.44142         1.21840       612.53472         1.25510         0.87789         5.31012        13.88692         0.00000       228.16796
        96.00000      2175.47443      2113.24907        95.26717       553.81612       533.55603         1.43330         1.21820       614.42610         1.25364         0.87615         5.32319        13.92785         0.00000       229.30057
        97.00000      2194.44184      2118.32824        95.09181       557.21916       536.91990         1.42530         1.21800       616.30621         1.25219         0.87442         5.33618        13.96869         0.00000       230.42804
        98.00000      2213.40925      2123.39144        94.91783       560.61909       540.28067         1.41740         1.21781       618.17521         1.25076         0.87270         5.34909        14.00945         0.00000       231.55042
        99.00000      2232.37665      2128.43871        94.74523       564.01596       543.63838         1.40961         1.21762       620.03326         1.24934         0.87100         5.36194        14.05013         0.00000       232.66776
       100.00000      2251.34406      2133.47011        94.57397       567.40979       546.99306         1.40192         1.21743       621.88052         1.24794         0.86931         5.37470        14.09073         0.00000       233.78013
       101.00000      2270.31147      2138.48565        94.40405       570.80061       550.34475         1.39434         1.21724       623.71713         1.24655         0.86763         5.38740        14.13125         0.00000       234.88757
       102.00000      2289.01274      2143.48536        94.23544       574.18846       553.69348         1.38685         1.21706       625.54326         1.24517         0.86596         5.40003        14.17169         0.00000       235.99014
       103.00000      2307.70399      2148.46924        94.06813       577.57338       557.03928         1.37945         1.21688       627.35903         1.24381         0.86431         5.41259        14.21205         0.00000       237.08789
       104.00000      2326.39524      2153.43727        93.90210       580.95539       560.38220         1.37216         1.21670       629.16459         1.24246         0.86267         5.42507        14.25232         0.00000       238.18088
       105.00000      2345.08649      2158.38944        93.73734       584.33452       563.72225         1.36495         1.21652       630.96008         1.24112         0.86104         5.43749        14.29251         0.00000       239.26915
       106.00000      2363.77773      2163.32573        93.57384       587.71080       567.05948         1.35784         1.21635       632.74564         1.23979         0.85942         5.44985        14.33262         0.00000       240.35276
       107.00000      2382.29127      2168.24612        93.41157       591.08426       570.39392         1.35081         1.21618       634.52141         1.23848         0.85781         5.46214        14.37264         0.00000       241.43176
       108.00000      2400.69289      2173.15055        93.25052       594.45494       573.72559         1.34387         1.21601       636.28750         1.23718         0.85622         5.47436        14.41258         0.00000       242.50620
       109.00000      2419.09451      2178.03898        93.09067       597.82285       577.05453         1.33702         1.21584       638.04406         1.23589         0.85463         5.48652        14.45243         0.00000       243.57613
       110.00000      2437.49614      2182.91137        92.93202       601.18803       580.38077         1.33025         1.21568       639.79120         1.23462         0.85306         5.49861        14.49220         0.00000       244.64159
       111.00000      2455.89776      2187.76766        92.77454       604.55050       583.70433         1.32356         1.21552       641.52906         1.23335         0.85150         5.51064        14.53188         0.00000       245.70263
       112.00000      2474.24475      2192.60775        92.61823       607.91030       587.02526         1.31696         1.21536       643.25774         1.23210         0.84995         5.52262        14.57146         0.00000       246.75930
       113.00000      2492.34170      2197.43166        92.46306       611.26743       590.34357         1.31043         1.21520       644.97737         1.23086         0.84841         5.53453        14.61096         0.00000       247.81165
       114.00000      2510.43864      2202.23925        92.30903       614.62194       593.65929         1.30398         1.21504       646.68807         1.22963         0.84688         5.54638        14.65037         0.00000       248.85972
       115.00000      2528.53558      2207.03047        92.15612       617.97384       596.97245         1.29761         1.21489       648.38995         1.22841         0.84536         5.55817        14.68969         0.00000       249.90355
       116.00000      2546.63253      2211.80526        92.00432       621.32317       600.28308         1.29131         1.21474       650.08311         1.22720         0.84385         5.56990        14.72891         0.00000       250.94320
       117.00000      2564.72947      2216.56378        91.85361       624.66993       603.59120         1.28508         1.21459       651.76768         1.22600         0.84235         5.58158        14.76804         0.00000       251.97871
       118.00000      2582.61700      2230.52225        91.52202       625.65515       604.78948         1.27431         1.21405       653.28571         1.21379         0.84101         5.59210        14.87985         0.00000       252.92196
       119.00000      2600.39350      2253.83646        91.00277       624.21114       603.82172         1.25868         1.21307       654.63627         1.19030         0.83981         5.60146        15.06562         0.00000       253.76846
       120.00000      2618.17000      2281.03914        90.39896       621.75344       601.94854         1.24097         1.21190       655.91397         1.16230         0.83868         5.61032        15.28220         0.00000       254.56795
       121.00000      2635.94650      2296.08926        90.03413       622.33448       602.79197         1.22940         1.21126       657.39282         1.14850         0.83737         5.62058        15.40287         0.00000       255.47767
       122.00000      2653.72300      2300.63955        89.88700       625.60182       606.03900         1.22324         1.21110       659.04285         1.14702         0.83592         5.63202        15.44064         0.00000       256.49376
       123.00000      2671.49146      2305.17378        89.74087       628.86657       609.28337         1.21715         1.21094       660.68480         1.14555         0.83448         5.64342        15.47832         0.00000       257.50600
       124.00000      2688.98186      2309.69202        89.59575       632.12876       612.52512         1.21114         1.21078       662.31877         1.14410         0.83304         5.65475        15.51590         0.00000       258.51443
       125.00000      2706.47225      2314.19431        89.45162       635.38839       615.76426         1.20519         1.21062       663.94485         1.14267         0.83162         5.66604        15.55339         0.00000       259.51909
       126.00000      2723.96264      2318.68073        89.30846       638.64550       619.00081         1.19932         1.21047       665.56313         1.14124         0.83020         5.67727        15.59079         0.00000       260.52001
       127.00000      2741.44849      2323.15140        89.16627       641.90011       622.23480         1.19351         1.21031       667.17371         1.13983         0.82879         5.68845        15.62810         0.00000       261.51724
       128.00000      2758.76354      2327.60638        89.02504       645.15223       625.46626         1.18778         1.21016       668.77666         1.13844         0.82740         5.69958        15.66532         0.00000       262.51080
       129.00000      2776.00929      2332.04527        88.88475       648.40188       628.69520         1.18210         1.21001       670.37208         1.13705         0.82601         5.71066        15.70244         0.00000       263.50074
       130.00000      2793.08810      2336.46902        88.74539       651.64910       631.92165         1.17650         1.20986       671.96005         1.13568         0.82463         5.72169        15.73948         0.00000       264.48709
       131.00000      2810.16691      2340.87726        88.60695       654.89389       635.14564         1.17095         1.20972       673.54064         1.13432         0.82326         5.73267        15.77642         0.00000       265.46988
       132.00000      2827.24572      2345.26991        88.46943       658.13627       638.36717         1.16547         1.20957       675.11396         1.13298         0.82191         5.74360        15.81327         0.00000       266.44914
       133.00000      2844.32452      2349.64611        88.33281       661.37624       641.58625         1.16005         1.20943       676.68009         1.13165         0.82055         5.75448        15.85002         0.00000       267.42493
       134.00000      2861.40333      2354.00636        88.19709       664.61382       644.80293         1.15469         1.20929       678.23910         1.13032         0.81921         5.76532        15.88668         0.00000       268.39727
       135.00000      2878.36916      2358.35203        88.06224       667.84908       648.01723         1.14939         1.20915       679.79106         1.12901         0.81788         5.77611        15.92325         0.00000       269.36618
       136.00000      2895.19009      2362.68226        87.92827       671.08200       651.22916         1.14415         1.20901       681.33605         1.12772         0.81656         5.78685        15.95973         0.00000       270.33170
       137.00000      2912.01101      2366.99709        87.79516       674.31260       654.43875         1.13897         1.20888       682.87415         1.12643         0.81524         5.79755        15.99612         0.00000       271.29386
       138.00000      2928.83193      2371.29654        87.66290       677.54090       657.64601         1.13384         1.20874       684.40542         1.12515         0.81393         5.80820        16.03241         0.00000       272.25269
       139.00000      2945.65286      2375.58065        87.53149       680.76692       660.85096         1.12877         1.20861       685.92996         1.12389         0.81263         5.81880        16.06862         0.00000       273.20822
       140.00000      2962.47378      2379.84943        87.40091       683.99068       664.05362         1.12375         1.20848       687.44782         1.12264         0.81134         5.82937        16.10473         0.00000       274.16049
         0.00000        -0.00000      1429.36613       154.50629       101.36493        95.65939         4.05351         1.24541       324.72146         1.02942         0.91685         3.29807         8.75516         0.00000        75.90665
         1.00000        36.28228      1442.09097       152.53035       107.48132       101.77097         3.81800         1.24038       330.38684         1.01908         0.93636         3.33983         8.85597         0.00000        78.18142
         2.00000        66.34476      1456.48007       150.83062       114.38424       108.68958         3.57230         1.23599       335.79283         1.00700         0.95258         3.37947         8.96861         0.00000        80.37530
         3.00000        96.41489      1469.76317       149.47556       119.83907       114.23413         3.37194         1.23208       341.11355         0.99003         0.96650         3.41831         9.07161         0.00000        82.55642
         4.00000       126.47625      1482.08876       148.22267       124.95337       119.44043         3.19848         1.22866       346.34518         0.97367         0.97840         3.45633         9.16629         0.00000        84.72192
         5.00000       156.54183      1493.65716       147.04332       129.86239       124.43999         3.04499         1.22563       351.48164         0.95807         0.98854         3.49351         9.25435         0.00000        86.86792
         6.00000       186.60540      1504.60158       145.92171       134.63927       129.30405         2.90731         1.22291       356.52105         0.94325         0.99712         3.52985         9.33696         0.00000        88.99233
         7.00000       216.66896      1515.00512       144.84830       139.32417       134.07188         2.78272         1.22045       361.46435         0.92924         1.00436         3.56539         9.41488         0.00000        91.09424
         8.00000       246.00169      1524.92344       143.81635       143.94189       138.76784         2.66928         1.21823       366.31386         0.91601         1.01042         3.60014         9.48862         0.00000        93.17341
         9.00000       275.15035      1537.70270       142.61126       149.61141       143.83847         2.72000         1.22136       370.91144         0.95958         1.01529         3.63299         9.58463         0.00000        95.16009
        10.00000       304.12654      1547.25178       141.65789       153.98742       148.27647         2.62507         1.21948       375.56256         0.94827         1.01943         3.66615         9.65497         0.00000        97.18510
        11.00000       332.88900      1556.37442       140.73061       158.35430       152.70478         2.53609         1.21770       380.13175         0.93730         1.02279         3.69863         9.72179         0.00000        99.18917
        12.00000       361.53749      1565.03212       139.82229       162.73015       157.14324         2.45190         1.21601       384.62473         0.92651         1.02546         3.73051         9.78483         0.00000       101.17392
        13.00000       389.98609      1574.03917       138.79608       167.61169       162.04649         2.37505         1.21462       389.00864         0.91866         1.02751         3.76154         9.85054         0.00000       103.12384
        14.00000       417.29753      1624.99664       132.31778       198.99599       190.56004         2.50619         1.22597       391.45096         1.08702         1.02843         3.77880        10.24682         0.00000       104.21583
        15.00000       443.99125      1630.63263       131.36362       204.64290       196.36576         2.41361         1.22345       395.84510         1.07101         1.02971         3.80982        10.28584         0.00000       106.19066
        16.00000       470.32792      1634.69542       130.26324       211.00295       202.96562         2.30785         1.22043       400.21888         1.04965         1.03054         3.84064        10.31247         0.00000       108.16921
        17.00000       496.56087      1649.04426       129.25738       217.70705       209.83981         2.20740         1.21794       404.07543         1.02996         1.03092         3.86777        10.42016         0.00000       109.92401
        18.00000       522.40358      1683.62895       126.95806       233.90067       226.63175         1.96176         1.21151       407.02660         0.97108         1.03101         3.88850        10.68725         0.00000       111.27269
        19.00000       548.18742      1702.25866       126.15266       239.43235       232.01561         1.93130         1.21157       410.59023         0.97235         1.03091         3.91351        10.82866         0.00000       112.90986
        20.00000       573.57014      1716.99013       125.44231       244.47553       236.96522         1.90016         1.21143       414.25431         0.97144         1.03056         3.93919        10.93939         0.00000       114.60178
        21.00000       598.92253      1728.06934       124.50399       251.01504       243.38641         1.86551         1.21097       418.00415         0.97228         1.02997         3.96544        11.02141         0.00000       116.34224
        22.00000       624.04227      1737.64967       123.87219       255.86253       248.20486         1.83243         1.21047       421.75112         0.96894         1.02916         3.99164        11.09170         0.00000       118.09034
        23.00000       649.12026      1736.65091       122.30972       263.39435       254.84922         1.89934         1.21561       425.84327         1.01653         1.02805         4.02023        11.07882         0.00000       120.00961
        24.00000       673.78483      1706.87642       113.68574       296.08496       278.35812         2.61900         1.24971       430.94158         1.42459         1.02634         4.05580        10.83977         0.00000       128.25140
        25.00000       696.50299      1714.98240       113.30384       299.92479       282.15500         2.58510         1.24888       434.53918         1.42055         1.02494         4.08087        10.89882         0.00000       130.04187
        26.00000       719.22116      1722.99882       112.92799       303.75152       285.93877         2.55226         1.24807       438.08524         1.41660         1.02342         4.10556        10.95725         0.00000       131.81495
        27.00000       741.81150      1730.92817       112.55802       307.56561       289.70993         2.52042         1.24729       441.58152         1.41274         1.02178         4.12989        11.01510         0.00000       133.57112
        28.00000       764.39099      1738.77428       112.19373       311.36737       293.46879         2.48952         1.24653       445.02961         1.40896         1.02004         4.15386        11.07239         0.00000       135.31086
        29.00000       786.82469      1746.53622       111.83495       315.15733       297.21589         2.45953         1.24579       448.43121         1.40526         1.01822         4.17749        11.12913         0.00000       137.03457
        30.00000       809.19806      1754.21851       111.48152       318.93626       300.95199         2.43040         1.24507       451.78773         1.40163         1.01632         4.20079        11.18535         0.00000       138.74259
        31.00000       831.57144      1761.82236       111.13328       322.70398       304.67695         2.40209         1.24437       455.10061         1.39808         1.01435         4.22378        11.24105         0.00000       140.43543
        32.00000       853.94481      1769.35011       110.79008       326.46102       308.39130         2.37457         1.24369       458.37119         1.39460         1.01232         4.24646        11.29627         0.00000       142.11343
        33.00000       876.25551      1776.80321       110.45177       330.20775       312.09543         2.34780         1.24302       461.60078         1.39119         1.01023         4.26884        11.35100         0.00000       143.77697
        34.00000       898.36522      1784.18561       110.11821       333.94462       315.78974         2.32175         1.24238       464.79051         1.38784         1.00811         4.29093        11.40529         0.00000       145.42629
        35.00000       920.47493      1791.49536       109.78928       337.67178       319.47445         2.29639         1.24175       467.94169         1.38456         1.00594         4.31275        11.45911         0.00000       147.06184
        36.00000       942.58464      1798.73805       109.46483       341.38929       323.14959         2.27169         1.24113       471.05529         1.38133         1.00374         4.33430        11.51252         0.00000       148.68395
        37.00000       964.69435      1805.91561       109.14476       345.09769       326.81571         2.24761         1.24053       474.13237         1.37817         1.00150         4.35559        11.56551         0.00000       150.29290
        38.00000       986.62271      1813.02496       108.82894       348.79728       330.47312         2.22415         1.23995       477.17409         1.37506         0.99925         4.37662        11.61808         0.00000       151.88894
        39.00000      1008.47872      1820.07400       108.51727       352.48806       334.12181         2.20126         1.23937       480.18123         1.37200         0.99697         4.39741        11.67028         0.00000       153.47244
        40.00000      1030.33473      1827.05898       108.20962       356.17039       337.76217         2.17893         1.23881       483.15487         1.36900         0.99467         4.41796        11.72208         0.00000       155.04365
        41.00000      1052.19073      1833.98346       107.90592       359.84480       341.39466         2.15715         1.23827       486.09583         1.36605         0.99237         4.43827        11.77351         0.00000       156.60269
        42.00000      1074.01237      1840.85018       107.60603       363.51099       345.01905         2.13587         1.23774       489.00493         1.36315         0.99004         4.45836        11.82458         0.00000       158.15002
        43.00000      1095.62184      1847.65971       107.30988       367.16936       348.63572         2.11510         1.23721       491.88301         1.36030         0.98771         4.47823        11.87531         0.00000       159.68581
        44.00000      1117.23130      1854.41351       107.01737       370.82012       352.24487         2.09481         1.23670       494.73085         1.35750         0.98538         4.49789        11.92570         0.00000       161.21029
        45.00000      1138.84077      1861.11303       106.72841       374.46345       355.84668         2.07498         1.23620       497.54919         1.35474         0.98304         4.51734        11.97576         0.00000       162.72369
        46.00000      1160.45023      1867.76070       106.44291       378.09930       359.44113         2.05559         1.23571       500.33873         1.35202         0.98070         4.53659        12.02551         0.00000       164.22633
        47.00000      1181.93728      1874.35591       106.16080       381.72822       363.02872         2.03663         1.23524       503.10021         1.34935         0.97836         4.55564        12.07494         0.00000       165.71824
        48.00000      1203.30755      1880.90145       105.88199       385.35046       366.60969         2.01809         1.23477       505.83426         1.34672         0.97601         4.57449        12.12408         0.00000       167.19964
        49.00000      1224.67783      1887.39590       105.60640       388.96588       370.18396         1.99995         1.23431       508.54158         1.34413         0.97368         4.59316        12.17291         0.00000       168.67083
        50.00000      1246.04810      1893.84453       105.33397       392.57456       373.75157         1.98220         1.23386       511.22269         1.34157         0.97134         4.61165        12.22147         0.00000       170.13201
        51.00000      1267.41837      1900.24691       105.06461       396.17677       377.31279         1.96482         1.23342       513.87822         1.33906         0.96901         4.62996        12.26976         0.00000       171.58332
        52.00000      1288.59275      1907.32513       104.79375       399.69735       380.77180         1.94906         1.23311       516.48951         1.33701         0.96671         4.64796        12.32343         0.00000       173.01448
        53.00000      1309.72768      1913.64577       104.53044       403.28810       384.32170         1.93236         1.23268       519.09557         1.33456         0.96439         4.66592        12.37126         0.00000       174.44593
        54.00000      1330.86262      1919.92348       104.27001       406.87282       387.86564         1.91601         1.23226       521.67771         1.33216         0.96209         4.68372        12.41883         0.00000       175.86804
        55.00000      1351.99755      1926.15940       104.01241       410.45165       391.40377         1.89998         1.23186       524.23644         1.32978         0.95979         4.70135        12.46617         0.00000       177.28096
        56.00000      1373.10913      1932.35559       103.75757       414.02448       394.93598         1.88427         1.23146       526.77225         1.32744         0.95750         4.71882        12.51327         0.00000       178.68495
        57.00000      1394.01259      1938.51073       103.50543       417.59207       398.46298         1.86887         1.23106       529.28565         1.32513         0.95523         4.73614        12.56014         0.00000       180.07989
        58.00000      1414.91605      1944.62738       103.25594       421.15394       401.98433         1.85377         1.23068       531.77709         1.32285         0.95296         4.75331        12.60678         0.00000       181.46617
        59.00000      1435.81951      1950.70717       103.00904       424.71035       405.50029         1.83896         1.23030       534.24698         1.32061         0.95070         4.77033        12.65322         0.00000       182.84388
        60.00000      1456.72297      1956.75219       102.76469       428.26129       409.01083         1.82443         1.22993       536.69575         1.31839         0.94846         4.78720        12.69946         0.00000       184.21319
        61.00000      1477.55340      1962.75831       102.52283       431.80722       412.51641         1.81017         1.22956       539.12393         1.31620         0.94623         4.80393        12.74548         0.00000       185.57412
        62.00000      1498.22650      1968.73172       102.28341       435.34787       416.01676         1.79618         1.22920       541.53180         1.31404         0.94401         4.82051        12.79131         0.00000       186.92691
        63.00000      1518.89960      1974.67163       102.04639       438.88347       419.51211         1.78244         1.22885       543.91979         1.31191         0.94181         4.83697        12.83696         0.00000       188.27167
        64.00000      1539.57270      1980.58080       101.81172       442.41397       423.00239         1.76895         1.22851       546.28825         1.30981         0.93961         4.85328        12.88244         0.00000       189.60856
        65.00000      1560.24580      1986.45462       101.57935       445.93983       426.48808         1.75571         1.22817       548.63767         1.30774         0.93743         4.86947        12.92772         0.00000       190.93755
        66.00000      1580.80840      1992.29949       101.34924       449.46077       429.96887         1.74270         1.22783       550.96829         1.30569         0.93527         4.88553        12.97284         0.00000       192.25892
        67.00000      1601.25118      1998.11440       101.12136       452.97698       433.44497         1.72992         1.22751       553.28048         1.30366         0.93312         4.90146        13.01780         0.00000       193.57272
        68.00000      1621.69397      2003.90018       100.89565       456.48854       436.91645         1.71737         1.22718       555.57459         1.30166         0.93098         4.91726        13.06260         0.00000       194.87907
        69.00000      1642.13676      2009.65871       100.67209       459.99547       440.38332         1.70503         1.22687       557.85092         1.29969         0.92886         4.93295        13.10725         0.00000       196.17810
        70.00000      1662.57955      2015.38751       100.45064       463.49801       443.84584         1.69290         1.22656       560.10987         1.29774         0.92675         4.94851        13.15174         0.00000       197.46985
        71.00000      1682.88578      2021.09161       100.23124       466.99601       447.30383         1.68098         1.22625       562.35165         1.29581         0.92466         4.96396        13.19610         0.00000       198.75451
        72.00000      1703.09638      2026.76752       100.01389       470.48976       450.75759         1.66926         1.22595       564.57665         1.29391         0.92258         4.97929        13.24031         0.00000       200.03209
        73.00000      1723.30698      2032.42018        99.79853       473.97912       454.20696         1.65773         1.22565       566.78507         1.29203         0.92051         4.99451        13.28440         0.00000       201.30277
        74.00000      1743.51758      2038.04580        99.58514       477.46432       457.65221         1.64639         1.22536       568.97730         1.29017         0.91846         5.00962        13.32834         0.00000       202.56657
        75.00000      1763.72818      2043.64943        99.37367       480.94528       461.09322         1.63524         1.22508       571.15351         1.28833         0.91642         5.02462        13.37217         0.00000       203.82367
        76.00000      1783.78811      2049.22854        99.16411       484.42217       464.53017         1.62427         1.22480       573.31404         1.28652         0.91440         5.03951        13.41587         0.00000       205.07409
        77.00000      1803.76336      2054.78375        98.95642       487.89506       467.96312         1.61347         1.22452       575.45916         1.28472         0.91239         5.05430        13.45945         0.00000       206.31792
        78.00000      1823.73861      2060.31752        98.75057       491.36390       471.39204         1.60285         1.22425       577.58909         1.28295         0.91040         5.06898        13.50291         0.00000       207.55528
        79.00000      1843.71386      2065.82942        98.54653       494.82881       474.81703         1.59239         1.22398       579.70409         1.28120         0.90842         5.08356        13.54627         0.00000       208.78624
        80.00000      1863.68911      2071.31994        98.34428       498.28984       478.23814         1.58210         1.22371       581.80440         1.27946         0.90646         5.09804        13.58952         0.00000       210.01088
        81.00000      1883.51189      2076.79072        98.14378       501.74686       481.65523         1.57196         1.22346       583.89024         1.27774         0.90451         5.11243        13.63267         0.00000       211.22930
        82.00000      1903.24666      2082.23976        97.94501       505.20036       485.06882         1.56198         1.22320       585.96190         1.27605         0.90257         5.12672        13.67570         0.00000       212.44154
        83.00000      1922.98143      2087.66878        97.74795       508.65006       488.47860         1.55215         1.22295       588.01957         1.27437         0.90065         5.14091        13.71864         0.00000       213.64770
        84.00000      1942.71619      2093.07813        97.55258       512.09597       491.88459         1.54247         1.22270       590.06348         1.27271         0.89874         5.15501        13.76147         0.00000       214.84784
        85.00000      1962.45096      2098.46738        97.35886       515.53855       495.28725         1.53294         1.22246       592.09386         1.27107         0.89685         5.16901        13.80421         0.00000       216.04205
        86.00000      1982.04577      2103.83852        97.16677       518.97735       498.68613         1.52354         1.22222       594.11088         1.26945         0.89497         5.18293        13.84685         0.00000       217.23040
        87.00000      2001.53363      2109.19106        96.97628       522.41260       502.08146         1.51428         1.22198       596.11477         1.26784         0.89310         5.19676        13.88940         0.00000       218.41296
        88.00000      2021.02148      2114.52525        96.78739       525.84437       505.47330         1.50516         1.22175       598.10573         1.26625         0.89125         5.21050        13.93186         0.00000       219.58979
        89.00000      2040.50934      2119.84219        96.60005       529.27264       508.86164         1.49617         1.22152       600.08394         1.26468         0.88941         5.22415        13.97424         0.00000       220.76098
        90.00000      2059.99719      2125.14093        96.41426       532.69750       512.24658         1.48731         1.22130       602.04962         1.26312         0.88759         5.23772        14.01653         0.00000       221.92659
        91.00000      2079.37392      2130.42140        96.22999       536.11904       515.62819         1.47857         1.22108       604.00296         1.26158         0.88578         5.25120        14.05872         0.00000       223.08665
        92.00000      2098.60653      2135.68405        96.04722       539.53729       519.00651         1.46996         1.22086       605.94414         1.26006         0.88398         5.26460        14.10082         0.00000       224.24125
        93.00000      2117.83915      2140.93006        95.86593       542.95221       522.38151         1.46147         1.22064       607.87332         1.25855         0.88219         5.27793        14.14285         0.00000       225.39045
        94.00000      2137.07176      2146.15901        95.68611       546.36389       525.75326         1.45309         1.22043       609.79069         1.25705         0.88042         5.29117        14.18478         0.00000       226.53432
        95.00000      2156.30438      2151.37105        95.50772       549.77235       529.12180         1.44483         1.22022       611.69642         1.25558         0.87866         5.30433        14.22663         0.00000       227.67292
        96.00000      2175.47443      2156.56631        95.33076       553.17764       532.48717         1.43669         1.22002       613.59068         1.25411         0.87692         5.31742        14.26840         0.00000       228.80630
        97.00000      2194.44184      2161.74490        95.15520       556.57979       535.84941         1.42865         1.21981       615.47364         1.25266         0.87519         5.33043        14.31009         0.00000       229.93453
        98.00000      2213.40925      2166.90692        94.98102       559.97884       539.20855         1.42072         1.21961       617.34545         1.25123         0.87347         5.34336        14.35169         0.00000       231.05765
        99.00000      2232.37665      2172.05243        94.80821       563.37482       542.56463         1.41290         1.21942       619.20628         1.24981         0.87176         5.35622        14.39320         0.00000       232.17574
       100.00000      2251.34406      2177.18151        94.63676       566.76777       545.91769         1.40517         1.21922       621.05628         1.24840         0.87006         5.36901        14.43463         0.00000       233.28884
       101.00000      2270.31147      2182.29420        94.46663       570.15771       549.26777         1.39756         1.21903       622.89560         1.24701         0.86838         5.38172        14.47598         0.00000       234.39701
       102.00000      2289.01274      2187.39054        94.29783       573.54469       552.61488         1.39004         1.21884       624.72439         1.24563         0.86671         5.39437        14.51724         0.00000       235.50030
       103.00000      2307.70399      2192.47056        94.13032       576.92873       555.95908         1.38261         1.21866       626.54280         1.24427         0.86505         5.40694        14.55842         0.00000       236.59877
       104.00000      2326.39524      2197.53427        93.96409       580.30987       559.30039         1.37529         1.21847       628.35096         1.24292         0.86341         5.41945        14.59952         0.00000       237.69247
       105.00000      2345.08649      2202.58168        93.79914       583.68813       562.63885         1.36805         1.21829       630.14903         1.24158         0.86177         5.43188        14.64052         0.00000       238.78146
       106.00000      2363.77773      2207.61279        93.63543       587.06354       565.97448         1.36091         1.21811       631.93713         1.24025         0.86015         5.44425        14.68145         0.00000       239.86577
       107.00000      2382.29127      2212.62759        93.47296       590.43614       569.30733         1.35385         1.21794       633.71539         1.23893         0.85854         5.45656        14.72228         0.00000       240.94547
       108.00000      2400.69289      2217.62607        93.31171       593.80596       572.63741         1.34689         1.21776       635.48396         1.23763         0.85694         5.46880        14.76303         0.00000       242.02061
       109.00000      2419.09451      2222.60819        93.15166       597.17301       575.96477         1.34001         1.21759       637.24296         1.23634         0.85535         5.48097        14.80369         0.00000       243.09123
       110.00000      2437.49614      2227.57393        92.99281       600.53733       579.28943         1.33321         1.21742       638.99251         1.23506         0.85378         5.49308        14.84426         0.00000       244.15737
       111.00000      2455.89776      2232.52325        92.83513       603.89896       582.61142         1.32650         1.21726       640.73275         1.23380         0.85221         5.50513        14.88475         0.00000       245.21910
       112.00000      2474.24475      2237.45684        92.67861       607.25790       585.93076         1.31987         1.21709       642.46376         1.23254         0.85066         5.51712        14.92514         0.00000       246.27646
       113.00000      2492.34170      2242.37285        92.52325       610.61418       589.24750         1.31331         1.21693       644.18572         1.23130         0.84911         5.52904        14.96544         0.00000       247.32949
       114.00000      2510.43864      2247.27261        92.36901       613.96784       592.56165         1.30684         1.21677       645.89871         1.23007         0.84758         5.54091        15.00565         0.00000       248.37824
       115.00000      2528.53558      2252.15688        92.21589       617.31894       595.87326         1.30044         1.21661       647.60283         1.22885         0.84606         5.55272        15.04577         0.00000       249.42274
       116.00000      2546.63253      2257.02201        92.06389       620.66742       599.18234         1.29412         1.21645       649.29825         1.22763         0.84455         5.56446        15.08579         0.00000       250.46306
       117.00000      2564.72947      2261.87184        91.91297       624.01336       602.48891         1.28787         1.21630       650.98501         1.22643         0.84305         5.57615        15.12572         0.00000       251.49924
       118.00000      2582.61700      2267.51740        91.74753       627.15421       605.61223         1.28130         1.21611       652.64925         1.22430         0.84157         5.58769        15.17196         0.00000       252.52347
       119.00000      2600.39350      2287.30104        91.30884       626.72202       605.55106         1.26784         1.21532       654.06192         1.20560         0.84032         5.59748        15.32990         0.00000       253.40585
       120.00000      2618.17000      2313.23083        90.74714       624.72028       604.09383         1.25118         1.21423       655.36237         1.17972         0.83917         5.60650        15.53648         0.00000       254.22045
       121.00000      2635.94650      2341.95572        90.12069       621.97950       601.97571         1.23306         1.21299       656.60871         1.15072         0.83807         5.61514        15.76524         0.00000       254.99522
       122.00000      2653.72300      2348.05144        89.94378       624.87858       604.89341         1.22615         1.21276       658.23604         1.14757         0.83663         5.62643        15.81530         0.00000       255.99679
       123.00000      2671.49146      2352.67475        89.79745       628.14279       608.13696         1.22003         1.21259       659.88024         1.14610         0.83518         5.63783        15.85376         0.00000       257.00986
       124.00000      2688.98186      2357.28171        89.65213       631.40444       611.37787         1.21399         1.21243       661.51643         1.14464         0.83374         5.64919        15.89213         0.00000       258.01912
       125.00000      2706.47225      2361.87240        89.50780       634.66354       614.61618         1.20802         1.21226       663.14471         1.14320         0.83232         5.66048        15.93040         0.00000       259.02460
       126.00000      2723.96264      2366.44687        89.36444       637.92012       617.85191         1.20212         1.21210       664.76517         1.14178         0.83090         5.67173        15.96858         0.00000       260.02633
       127.00000      2741.44849      2371.00529        89.22206       641.17420       621.08509         1.19629         1.21195       666.37789         1.14036         0.82949         5.68293        16.00667         0.00000       261.02436
       128.00000      2758.76354      2375.54768        89.08063       644.42580       624.31572         1.19052         1.21179       667.98297         1.13896         0.82809         5.69407        16.04466         0.00000       262.01872
       129.00000      2776.00929      2380.07372        88.94014       647.67493       627.54384         1.18482         1.21164       669.58049         1.13757         0.82670         5.70516        16.08256         0.00000       263.00944
       130.00000      2793.08810      2384.58426        88.80059       650.92164       630.76947         1.17919         1.21148       671.17054         1.13620         0.82532         5.71620        16.12037         0.00000       263.99657
       131.00000      2810.16691      2389.07907        88.66195       654.16592       633.99264         1.17362         1.21133       672.75320         1.13484         0.82395         5.72720        16.15808         0.00000       264.98013
       132.00000      2827.24572      2393.55799        88.52424       657.40780       637.21335         1.16812         1.21118       674.32855         1.13349         0.82258         5.73814        16.19570         0.00000       265.96016
       133.00000      2844.32452      2398.02032        88.38743       660.64727       640.43163         1.16267         1.21104       675.89669         1.13215         0.82123         5.74904        16.23323         0.00000       266.93671
       134.00000      2861.40333      2402.46637        88.25151       663.88436       643.64749         1.15729         1.21089       677.45770         1.13082         0.81988         5.75989        16.27065         0.00000       267.90980
       135.00000      2878.36916      2406.89719        88.11646       667.11922       646.86106         1.15197         1.21075       679.01163         1.12951         0.81855         5.77069        16.30799         0.00000       268.87949
       136.00000      2895.19009      2411.31142        87.98230       670.35167       650.07218         1.14671         1.21061       680.55859         1.12821         0.81722         5.78145        16.34522         0.00000       269.84537
       137.00000      2912.01101      2415.71006        87.84899       673.58184       653.28099         1.14150         1.21047       682.09863         1.12692         0.81590         5.79215        16.38236         0.00000       270.80806
       138.00000      2928.83193      2420.09311        87.71654       676.80973       656.48748         1.13635         1.21033       683.63184         1.12564         0.81459         5.80282        16.41941         0.00000       271.76741
       139.00000      2945.65286      2424.46063        87.58494       680.03533       659.69167         1.13126         1.21019       685.15828         1.12438         0.81329         5.81344        16.45637         0.00000       272.72347
       140.00000      2962.47378      2428.81266        87.45417       683.25867       662.89356         1.12622         1.21006       686.67803         1.12312         0.81200         5.82401        16.49323         0.00000       273.67627
         0.00000        -0.00000      1457.98384       154.65695       100.64201        94.78527         4.10305         1.24864       322.95919         1.03290         0.91022         3.28503         8.97846         0.00000        75.20419
         1.00000        36.28228      1471.19241       152.70482       106.77702       100.92630         3.85721         1.24332       328.64538         1.02156         0.93065         3.32701         9.08362         0.00000        77.47952
         2.00000        66.34476      1485.95055       151.00438       113.67344       107.84255         3.60587         1.23871       334.07620         1.00909         0.94766         3.36690         9.19960         0.00000        79.67621
         3.00000        96.41489      1499.63238       149.63595       119.17283       113.43362         3.40097         1.23462       339.41918         0.99202         0.96227         3.40595         9.30609         0.00000        81.85951
         4.00000       126.47625      1512.32257       148.37237       124.31993       118.67484         3.22409         1.23106       344.67414         0.97557         0.97478         3.44420         9.40393         0.00000        84.02800
         5.00000       156.54183      1524.22342       147.18442       129.25208       123.69983         3.06788         1.22791       349.83464         0.95987         0.98545         3.48160         9.49483         0.00000        86.17768
         6.00000       186.60540      1535.47365       146.05552       134.04640       128.58364         2.92798         1.22508       354.89836         0.94496         0.99450         3.51816         9.58002         0.00000        88.30624
         7.00000       216.66896      1546.16122       144.97568       138.74536       133.36782         2.80152         1.22253       359.86591         0.93086         1.00214         3.55391         9.66030         0.00000        90.41263
         8.00000       246.00169      1556.34476       143.93786       143.37524       138.07808         2.68647         1.22023       364.73942         0.91755         1.00856         3.58886         9.73621         0.00000        92.49653
         9.00000       275.15035      1566.06286       142.93614       147.95526       142.73317         2.58135         1.21813       369.52187         0.90503         1.01390         3.62307         9.80815         0.00000        94.55805
        10.00000       304.12654      1579.15575       141.77493       153.46185       147.61915         2.63962         1.22145       374.03286         0.94952         1.01815         3.65525         9.90646         0.00000        96.51742
        11.00000       332.88900      1588.49854       140.84209       157.83712       152.05793         2.54951         1.21961       378.62463         0.93846         1.02176         3.68792         9.97502         0.00000        98.52654
        12.00000       361.53749      1597.35278       139.92737       162.22471       156.51053         2.46419         1.21785       383.14027         0.92755         1.02464         3.71998        10.03960         0.00000       100.51664
        13.00000       389.98609      1605.58704       139.01486       166.67183       161.02875         2.38175         1.21612       387.58931         0.91639         1.02690         3.75150        10.09920         0.00000       102.49110
        14.00000       417.29753      1658.10748       132.40388       198.48359       189.86052         2.51758         1.22805       389.96966         1.08801         1.02789         3.76833        10.50785         0.00000       103.55305
        15.00000       443.99125      1663.63469       131.40795       204.32352       195.87525         2.42048         1.22533       394.39900         1.07110         1.02934         3.79962        10.54597         0.00000       105.53935
        16.00000       470.32792      1668.45527       130.36543       210.37565       202.14937         2.32020         1.22245       398.76964         1.05121         1.03031         3.83043        10.57850         0.00000       107.51225
        17.00000       496.56087      1677.88524       129.68165       214.81512       206.67373         2.25724         1.22091       402.85893         1.04010         1.03083         3.85921        10.64739         0.00000       109.36953
        18.00000       522.40358      1717.42688       127.07602       233.08068       225.66352         1.97015         1.21315       405.61412         0.97140         1.03099         3.87857        10.95354         0.00000       110.62605
        19.00000       548.18742      1731.95120       126.36656       238.04368       230.55592         1.93486         1.21281       409.36823         0.96915         1.03097         3.90493        11.06256         0.00000       112.34753
        20.00000       573.57014      1748.41549       125.63294       243.23108       235.63440         1.90355         1.21270       412.98060         0.96867         1.03070         3.93026        11.18690         0.00000       114.01266
        21.00000       598.92253      1762.18412       124.64935       249.94878       242.18206         1.87273         1.21253       416.64316         0.97178         1.03021         3.95591        11.29003         0.00000       115.70951
        22.00000       624.04227      1772.94893       123.98363       254.97677       247.15827         1.84053         1.21211       420.36538         0.96941         1.02948         3.98196        11.36958         0.00000       117.44281
        23.00000       649.12026      1772.47723       122.40805       262.65726       253.92716         1.90702         1.21738       424.46316         1.01712         1.02845         4.01059        11.36075         0.00000       119.36114
        24.00000       673.78483      1741.18369       113.78781       295.47455       277.37003         2.62953         1.25236       429.65501         1.42563         1.02680         4.04683        11.10958         0.00000       127.61868
        25.00000       696.50299      1749.47537       113.40476       299.31514       281.16678         2.59536         1.25151       433.26532         1.42157         1.02545         4.07200        11.17001         0.00000       129.41261
        26.00000       719.22116      1757.67579       113.02782       303.14258       284.95036         2.56226         1.25067       436.82364         1.41760         1.02398         4.09678        11.22982         0.00000       131.18903
        27.00000       741.81150      1765.78591       112.65677       306.95723       288.72118         2.53017         1.24987       440.33182         1.41372         1.02238         4.12119        11.28902         0.00000       132.94842
        28.00000       764.39099      1773.80923       112.29143       310.75978       292.47992         2.49904         1.24908       443.79148         1.40993         1.02068         4.14525        11.34764         0.00000       134.69134
        29.00000       786.82469      1781.74899       111.93163       314.55030       296.22668         2.46883         1.24832       447.20420         1.40621         1.01889         4.16896        11.40571         0.00000       136.41813
        30.00000       809.19806      1789.60661       111.57721       318.32937       299.96203         2.43948         1.24758       450.57151         1.40257         1.01702         4.19235        11.46324         0.00000       138.12922
        31.00000       831.57144      1797.38426       111.22800       322.09735       303.68635         2.41097         1.24686       453.89484         1.39900         1.01507         4.21541        11.52024         0.00000       139.82502
        32.00000       853.94481      1805.08472       110.88386       325.85456       307.39995         2.38326         1.24616       457.17554         1.39551         1.01307         4.23816        11.57676         0.00000       141.50587
        33.00000       876.25551      1812.70808       110.54463       329.60148       311.10335         2.35630         1.24548       460.41496         1.39208         1.01101         4.26062        11.63277         0.00000       143.17223
        34.00000       898.36522      1820.25811       110.21018       333.33827       314.79670         2.33007         1.24481       463.61429         1.38872         1.00890         4.28279        11.68832         0.00000       144.82437
        35.00000       920.47493      1827.73799       109.88038       337.06514       318.48021         2.30453         1.24416       466.77465         1.38542         1.00675         4.30467        11.74342         0.00000       146.46268
        36.00000       942.58464      1835.14602       109.55509       340.78267       322.15447         2.27966         1.24353       469.89728         1.38219         1.00456         4.32628        11.79807         0.00000       148.08741
        37.00000       964.69435      1842.48386       109.23419       344.49113       325.81975         2.25542         1.24291       472.98325         1.37901         1.00234         4.34764        11.85228         0.00000       149.69889
        38.00000       986.62271      1849.75700       108.91757       348.19049       329.47601         2.23180         1.24231       476.03347         1.37589         1.00010         4.36873        11.90609         0.00000       151.29746
        39.00000      1008.47872      1856.96706       108.60511       351.88097       333.12350         2.20877         1.24172       479.04891         1.37282         0.99783         4.38958        11.95950         0.00000       152.88344
        40.00000      1030.33473      1864.11016       108.29671       355.56328       336.76291         2.18630         1.24115       482.03068         1.36981         0.99555         4.41019        12.01250         0.00000       154.45697
        41.00000      1052.19073      1871.19350       107.99225       359.23717       340.39400         2.16437         1.24058       484.97951         1.36685         0.99325         4.43056        12.06514         0.00000       156.01845
        42.00000      1074.01237      1878.21678       107.69164       362.90302       344.01715         2.14296         1.24004       487.89630         1.36394         0.99093         4.45071        12.11740         0.00000       157.56808
        43.00000      1095.62184      1885.18153       107.39478       366.56103       347.63255         2.12206         1.23950       490.78187         1.36108         0.98861         4.47063        12.16931         0.00000       159.10611
        44.00000      1117.23130      1892.09117       107.10158       370.21125       351.24025         2.10164         1.23898       493.63697         1.35827         0.98628         4.49034        12.22089         0.00000       160.63283
        45.00000      1138.84077      1898.94139       106.81195       373.85429       354.84088         2.08169         1.23846       496.46250         1.35550         0.98394         4.50984        12.27211         0.00000       162.14834
        46.00000      1160.45023      1905.73940       106.52580       377.48990       358.43417         2.06219         1.23796       499.25903         1.35277         0.98161         4.52914        12.32301         0.00000       163.65299
        47.00000      1181.93728      1912.48609       106.24305       381.11808       362.02014         2.04312         1.23747       502.02728         1.35009         0.97927         4.54824        12.37361         0.00000       165.14704
        48.00000      1203.30755      1919.17857       105.96362       384.73996       365.59985         2.02447         1.23699       504.76802         1.34745         0.97693         4.56714        12.42388         0.00000       166.63041
        49.00000      1224.67783      1925.82247       105.68743       388.35472       369.17256         2.00622         1.23651       507.48179         1.34485         0.97459         4.58586        12.47386         0.00000       168.10360
        50.00000      1246.04810      1932.41765       105.41441       391.96284       372.73871         1.98836         1.23605       510.16924         1.34229         0.97226         4.60439        12.52356         0.00000       169.56669
        51.00000      1267.41837      1938.96543       105.14448       395.56446       376.29844         1.97088         1.23560       512.83098         1.33977         0.96993         4.62274        12.57297         0.00000       171.01988
        52.00000      1288.59275      1945.46706       104.87758       399.15973       379.85190         1.95377         1.23516       515.46757         1.33728         0.96761         4.64091        12.62212         0.00000       172.46335
        53.00000      1309.72768      1951.92577       104.61364       402.74864       383.39907         1.93700         1.23472       518.07953         1.33483         0.96530         4.65892        12.67102         0.00000       173.89730
        54.00000      1330.86262      1959.03883       104.34834       406.25889       386.84771         1.92176         1.23441       520.64900         1.33282         0.96301         4.67663        12.72513         0.00000       175.31171
        55.00000      1351.99755      1965.41529       104.09022       409.83704       390.38428         1.90564         1.23399       523.21343         1.33044         0.96071         4.69430        12.77356         0.00000       176.72638
        56.00000      1373.10913      1971.74811       103.83487       413.40953       393.91525         1.88985         1.23358       525.75488         1.32809         0.95842         4.71181        12.82173         0.00000       178.13193
        57.00000      1394.01259      1978.04212       103.58224       416.97622       397.44048         1.87436         1.23317       528.27374         1.32577         0.95614         4.72917        12.86969         0.00000       179.52862
        58.00000      1414.91605      1984.29654       103.33227       420.53733       400.96021         1.85918         1.23278       530.77052         1.32349         0.95388         4.74637        12.91741         0.00000       180.91654
        59.00000      1435.81951      1990.51245       103.08491       424.09299       404.47454         1.84429         1.23239       533.24567         1.32123         0.95162         4.76343        12.96492         0.00000       182.29585
        60.00000      1456.72297      1996.69283       102.84012       427.64315       407.98343         1.82968         1.23201       535.69958         1.31901         0.94937         4.78033        13.01223         0.00000       183.66673
        61.00000      1477.55340      2002.83476       102.59782       431.18817       411.48724         1.81535         1.23163       538.13277         1.31682         0.94714         4.79710        13.05932         0.00000       185.02924
        62.00000      1498.22650      2008.94125       102.35797       434.72805       414.98594         1.80128         1.23126       540.54560         1.31466         0.94492         4.81372        13.10620         0.00000       186.38353
        63.00000      1518.89960      2015.01113       102.12053       438.26297       418.47974         1.78747         1.23090       542.93851         1.31252         0.94271         4.83020        13.15288         0.00000       187.72969
        64.00000      1539.57270      2021.05149       101.88546       441.79264       421.96834         1.77392         1.23055       545.31174         1.31041         0.94052         4.84655        13.19940         0.00000       189.06802
        65.00000      1560.24580      2027.05709       101.65270       445.31755       425.45221         1.76060         1.23020       547.66581         1.30833         0.93834         4.86277        13.24573         0.00000       190.39846
        66.00000      1580.80840      2033.03091       101.42221       448.83765       428.93131         1.74753         1.22986       550.00104         1.30628         0.93617         4.87886        13.29188         0.00000       191.72120
        67.00000      1601.25118      2038.97373       101.19395       452.35300       432.40570         1.73469         1.22952       552.31776         1.30425         0.93401         4.89482        13.33786         0.00000       193.03634
        68.00000      1621.69397      2044.88432       100.96788       455.86387       435.87562         1.72207         1.22919       554.61637         1.30225         0.93187         4.91066        13.38366         0.00000       194.34393
        69.00000      1642.13676      2050.76749       100.74397       459.36998       439.34084         1.70967         1.22887       556.89711         1.30027         0.92975         4.92637        13.42931         0.00000       195.64422
        70.00000      1662.57955      2056.62221       100.52217       462.87159       442.80157         1.69748         1.22855       559.16035         1.29831         0.92764         4.94197        13.47481         0.00000       196.93725
        71.00000      1682.88578      2062.44912       100.30244       466.36877       446.25790         1.68550         1.22823       561.40638         1.29638         0.92554         4.95744        13.52017         0.00000       198.22311
        72.00000      1703.09638      2068.24893       100.08476       469.86158       449.70988         1.67372         1.22792       563.63552         1.29447         0.92346         4.97280        13.56537         0.00000       199.50191
        73.00000      1723.30698      2074.02232        99.86909       473.35009       453.15757         1.66214         1.22762       565.84807         1.29259         0.92139         4.98805        13.61044         0.00000       200.77375
        74.00000      1743.51758      2079.76997        99.65538       476.83436       456.60105         1.65075         1.22732       568.04431         1.29073         0.91933         5.00319        13.65537         0.00000       202.03872
        75.00000      1763.72818      2085.49253        99.44362       480.31446       460.04037         1.63954         1.22703       570.22452         1.28888         0.91729         5.01821        13.70016         0.00000       203.29692
        76.00000      1783.78811      2091.19193        99.23376       483.79040       463.47553         1.62852         1.22674       572.38893         1.28707         0.91527         5.03313        13.74484         0.00000       204.54845
        77.00000      1803.76336      2096.86474        99.02579       487.26237       466.90676         1.61767         1.22645       574.53792         1.28527         0.91325         5.04795        13.78938         0.00000       205.79337
        78.00000      1823.73861      2102.51556        98.81966       490.73031       470.33394         1.60700         1.22617       576.67164         1.28349         0.91126         5.06266        13.83380         0.00000       207.03178
        79.00000      1843.71386      2108.14356        98.61535       494.19431       473.75720         1.59649         1.22590       578.79038         1.28173         0.90927         5.07726        13.87810         0.00000       208.26378
        80.00000      1863.68911      2113.74926        98.41283       497.65442       477.17658         1.58615         1.22563       580.89438         1.27999         0.90731         5.09177        13.92229         0.00000       209.48944
        81.00000      1883.51189      2119.33310        98.21207       501.11070       480.59213         1.57597         1.22536       582.98389         1.27827         0.90535         5.10618        13.96637         0.00000       210.70884
        82.00000      1903.24666      2124.89562        98.01305       504.56320       484.00391         1.56594         1.22510       585.05912         1.27657         0.90341         5.12049        14.01034         0.00000       211.92207
        83.00000      1922.98143      2130.43721        97.81574       508.01197       487.41196         1.55607         1.22484       587.12033         1.27489         0.90149         5.13470        14.05420         0.00000       213.12920
        84.00000      1942.71619      2135.95817        97.62011       511.45707       490.81633         1.54634         1.22459       589.16772         1.27323         0.89958         5.14883        14.09796         0.00000       214.33029
        85.00000      1962.45096      2141.45900        97.42615       514.89853       494.21708         1.53677         1.22434       591.20151         1.27159         0.89768         5.16286        14.14162         0.00000       215.52544
        86.00000      1982.04577      2146.94203        97.23381       518.33625       497.61407         1.52733         1.22409       593.22188         1.26996         0.89580         5.17680        14.18519         0.00000       216.71475
        87.00000      2001.53363      2152.40331        97.04309       521.77063       501.00774         1.51803         1.22385       595.22912         1.26835         0.89393         5.19064        14.22864         0.00000       217.89820
        88.00000      2021.02148      2157.84397        96.85397       525.20159       504.39800         1.50887         1.22361       597.22341         1.26676         0.89207         5.20441        14.27199         0.00000       219.07589
        89.00000      2040.50934      2163.26747        96.66641       528.62898       507.78468         1.49984         1.22338       599.20489         1.26518         0.89023         5.21808        14.31526         0.00000       220.24795
        90.00000      2059.99719      2168.67235        96.48040       532.05296       511.16796         1.49094         1.22315       601.17379         1.26362         0.88840         5.23167        14.35843         0.00000       221.41440
        91.00000      2079.37392      2174.05886        96.29591       535.47358       514.54787         1.48216         1.22292       603.13029         1.26208         0.88658         5.24518        14.40151         0.00000       222.57532
        92.00000      2098.60653      2179.42869        96.11292       538.89072       517.92430         1.47351         1.22269       605.07456         1.26055         0.88478         5.25860        14.44451         0.00000       223.73075
        93.00000      2117.83915      2184.77812        95.93141       542.30483       521.29772         1.46498         1.22247       607.00685         1.25904         0.88299         5.27194        14.48740         0.00000       224.88081
        94.00000      2137.07176      2190.11072        95.75137       545.71559       524.66778         1.45657         1.22225       608.92727         1.25755         0.88122         5.28520        14.53021         0.00000       226.02550
        95.00000      2156.30438      2195.42572        95.57277       549.12314       528.03465         1.44828         1.22204       610.83600         1.25607         0.87946         5.29839        14.57293         0.00000       227.16491
        96.00000      2175.47443      2200.72326        95.39560       552.52751       531.39834         1.44009         1.22183       612.73324         1.25460         0.87771         5.31149        14.61556         0.00000       228.29910
        97.00000      2194.44184      2206.00348        95.21983       555.92875       534.75891         1.43202         1.22162       614.61912         1.25315         0.87597         5.32452        14.65810         0.00000       229.42812
        98.00000      2213.40925      2211.26649        95.04544       559.32689       538.11639         1.42406         1.22141       616.49383         1.25171         0.87425         5.33748        14.70056         0.00000       230.55203
        99.00000      2232.37665      2216.51241        94.87243       562.72196       541.47081         1.41620         1.22121       618.35752         1.25029         0.87254         5.35035        14.74292         0.00000       231.67090
       100.00000      2251.34406      2221.74130        94.70077       566.11400       544.82222         1.40845         1.22101       620.21034         1.24888         0.87084         5.36316        14.78520         0.00000       232.78477
       101.00000      2270.31147      2226.95325        94.53044       569.50304       548.17064         1.40080         1.22082       622.05244         1.24749         0.86915         5.37589        14.82740         0.00000       233.89371
       102.00000      2289.01274      2232.14831        94.36142       572.88912       551.51610         1.39325         1.22062       623.88398         1.24611         0.86748         5.38856        14.86950         0.00000       234.99776
       103.00000      2307.70399      2237.32653        94.19371       576.27226       554.85866         1.38580         1.22043       625.70510         1.24474         0.86582         5.40115        14.91152         0.00000       236.09699
       104.00000      2326.39524      2242.48795        94.02728       579.65250       558.19833         1.37844         1.22024       627.51595         1.24339         0.86417         5.41367        14.95345         0.00000       237.19144
       105.00000      2345.08649      2247.63260        93.86212       583.02986       561.53515         1.37117         1.22005       629.31666         1.24204         0.86253         5.42613        14.99529         0.00000       238.28117
       106.00000      2363.77773      2252.76050        93.69821       586.40438       564.86915         1.36400         1.21987       631.10737         1.24072         0.86090         5.43851        15.03704         0.00000       239.36622
       107.00000      2382.29127      2257.87166        93.53553       589.77609       568.20037         1.35692         1.21969       632.88822         1.23940         0.85929         5.45083        15.07871         0.00000       240.44666
       108.00000      2400.69289      2262.96609        93.37408       593.14502       571.52883         1.34992         1.21951       634.65934         1.23809         0.85769         5.46309        15.12028         0.00000       241.52253
       109.00000      2419.09451      2268.04378        93.21383       596.51119       574.85456         1.34302         1.21933       636.42085         1.23680         0.85610         5.47528        15.16176         0.00000       242.59387
       110.00000      2437.49614      2273.10473        93.05477       599.87463       578.17760         1.33619         1.21916       638.17288         1.23552         0.85452         5.48741        15.20316         0.00000       243.66074
       111.00000      2455.89776      2278.14892        92.89689       603.23537       581.49798         1.32945         1.21899       639.91557         1.23425         0.85295         5.49947        15.24446         0.00000       244.72319
       112.00000      2474.24475      2283.17638        92.74016       606.59344       584.81572         1.32279         1.21882       641.64902         1.23300         0.85139         5.51148        15.28567         0.00000       245.78126
       113.00000      2492.34170      2288.18693        92.58459       609.94886       588.13085         1.31622         1.21865       643.37336         1.23175         0.84984         5.52342        15.32679         0.00000       246.83499
       114.00000      2510.43864      2293.18290        92.43014       613.30165       591.44337         1.30972         1.21849       645.08867         1.23052         0.84831         5.53530        15.36783         0.00000       247.88441
       115.00000      2528.53558      2298.15755        92.27682       616.65185       594.75340         1.30329         1.21832       646.79517         1.22929         0.84678         5.54712        15.40874         0.00000       248.92966
       116.00000      2546.63253      2303.11822        92.12460       619.99947       598.06086         1.29694         1.21816       648.49285         1.22808         0.84527         5.55888        15.44959         0.00000       249.97069
       117.00000      2564.72947      2308.06058        91.97348       623.34456       601.36585         1.29067         1.21800       650.18190         1.22688         0.84376         5.57059        15.49032         0.00000       251.00755
       118.00000      2582.61700      2312.98895        91.82343       626.68720       604.66840         1.28447         1.21785       651.86235         1.22569         0.84227         5.58224        15.53098         0.00000       252.04027
       119.00000      2600.39350      2323.26740        91.57314       628.70451       606.79097         1.27581         1.21747       653.44158         1.21839         0.84087         5.59318        15.61393         0.00000       253.01637
       120.00000      2618.17000      2346.10533        91.08386       627.58791       606.12808         1.26107         1.21654       654.79648         1.19667         0.83967         5.60258        15.79614         0.00000       253.86339
       121.00000      2635.94650      2374.39435        90.48600       625.11401       604.25874         1.24359         1.21535       656.05109         1.16886         0.83856         5.61128        16.02150         0.00000       254.64829
       122.00000      2653.72300      2396.38866        90.00168       624.14126       603.72534         1.22908         1.21441       657.40794         1.14813         0.83736         5.62069        16.19724         0.00000       255.48698
       123.00000      2671.49146      2401.10299        89.85515       627.40493       606.96806         1.22294         1.21424       659.05445         1.14666         0.83591         5.63211        16.23650         0.00000       256.50091
       124.00000      2688.98186      2405.80057        89.70962       630.66603       610.20814         1.21686         1.21407       660.69293         1.14520         0.83447         5.64347        16.27567         0.00000       257.51102
       125.00000      2706.47225      2410.48150        89.56508       633.92459       613.44562         1.21087         1.21390       662.32348         1.14375         0.83304         5.65479        16.31474         0.00000       258.51734
       126.00000      2723.96264      2415.14588        89.42153       637.18064       616.68052         1.20494         1.21373       663.94617         1.14232         0.83161         5.66605        16.35372         0.00000       259.51991
       127.00000      2741.44849      2419.79388        89.27894       640.43419       619.91286         1.19908         1.21357       665.56111         1.14090         0.83020         5.67726        16.39260         0.00000       260.51876
       128.00000      2758.76354      2424.42549        89.13731       643.68526       623.14267         1.19329         1.21341       667.16838         1.13950         0.82880         5.68841        16.43138         0.00000       261.51394
       129.00000      2776.00929      2429.04043        88.99662       646.93387       626.36996         1.18756         1.21325       668.76807         1.13811         0.82741         5.69952        16.47007         0.00000       262.50548
       130.00000      2793.08810      2433.63956        88.85687       650.18005       629.59476         1.18191         1.21309       670.36026         1.13673         0.82602         5.71058        16.50867         0.00000       263.49341
       131.00000      2810.16691      2438.22265        88.71804       653.42382       632.81710         1.17631         1.21294       671.94504         1.13536         0.82465         5.72158        16.54717         0.00000       264.47776
       132.00000      2827.24572      2442.78914        88.58011       656.66533       636.03709         1.17079         1.21279       673.52249         1.13401         0.82328         5.73254        16.58557         0.00000       265.45831
       133.00000      2844.32452      2447.33615        88.44311       659.90430       639.25455         1.16532         1.21264       675.09276         1.13267         0.82192         5.74345        16.62385         0.00000       266.43537
       134.00000      2861.40333      2451.86909        88.30698       663.14099       642.46965         1.15991         1.21249       676.65583         1.13134         0.82058         5.75432        16.66206         0.00000       267.40896
       135.00000      2878.36916      2456.38605        88.17175       666.37532       645.68236         1.15457         1.21234       678.21181         1.13002         0.81924         5.76513        16.70017         0.00000       268.37913
       136.00000      2895.19009      2460.88711        88.03738       669.60733       648.89270         1.14928         1.21219       679.76078         1.12872         0.81791         5.77590        16.73818         0.00000       269.34590
       137.00000      2912.01101      2465.37231        87.90388       672.83702       652.10070         1.14405         1.21205       681.30281         1.12743         0.81658         5.78662        16.77610         0.00000       270.30932
       138.00000      2928.83193      2469.84168        87.77124       676.06442       655.30638         1.13888         1.21191       682.83799         1.12614         0.81527         5.79730        16.81392         0.00000       271.26940
       139.00000      2945.65286      2474.29531        87.63944       679.28955       658.50975         1.13377         1.21176       684.36637         1.12487         0.81397         5.80793        16.85165         0.00000       272.22618
       140.00000      2962.47378      2478.73319        87.50848       682.51242       661.71084         1.12871         1.21163       685.88805         1.12361         0.81267         5.81851        16.88929         0.00000       273.17970
         0.00000        -0.00000      1487.07420       154.81004        99.89306        93.88009         4.15531         1.25198       321.14426         1.03652         0.90308         3.27157         9.20521         0.00000        74.48330
         1.00000        36.28228      1500.80790       152.88448       106.05297       100.05819         3.89807         1.24632       326.84995         1.02411         0.92450         3.31378         9.31511         0.00000        76.75834
         2.00000        66.34476      1515.92871       151.19133       112.90449       106.93696         3.64102         1.24147       332.30734         1.01103         0.94237         3.35393         9.43443         0.00000        78.95823
         3.00000        96.41489      1530.03617       149.80116       118.48842       112.61166         3.43109         1.23721       337.67232         0.99408         0.95772         3.39320         9.54468         0.00000        81.14330
         4.00000       126.47625      1543.10428       148.52644       123.66985       117.88940         3.25058         1.23350       342.95118         0.97753         0.97087         3.43167         9.64581         0.00000        83.31472
         5.00000       156.54183      1555.34902       147.32951       128.62634       122.94109         3.09153         1.23021       348.13643         0.96173         0.98210         3.46930         9.73967         0.00000        85.46807
         6.00000       186.60540      1566.91525       146.19303       133.43891       127.84557         2.94929         1.22728       353.22523         0.94672         0.99165         3.50609         9.82755         0.00000        87.60084
         7.00000       216.66896      1577.89625       145.10651       138.15262       132.64683         2.82087         1.22464       358.21783         0.93253         0.99973         3.54205         9.91028         0.00000        89.71180
         8.00000       246.00169      1588.35385       144.06262       142.79522       137.37204         2.70415         1.22224       363.11615         0.91913         1.00653         3.57723         9.98846         0.00000        91.80053
         9.00000       275.15035      1598.32896       143.05520       147.38696       142.04088         2.59758         1.22007       367.92306         0.90654         1.01222         3.61164        10.06250         0.00000        93.86706
        10.00000       304.12654      1611.66040       141.89483       152.92501       146.94766         2.65451         1.22343       372.45605         0.95080         1.01675         3.64400        10.16273         0.00000        95.83089
        11.00000       332.88900      1621.23012       140.95619       157.30917       151.39746         2.56323         1.22153       377.07122         0.93964         1.02062         3.67687        10.23310         0.00000        97.84520
        12.00000       361.53749      1630.28620       140.03471       161.70942       155.86523         2.47673         1.21970       381.61040         0.92861         1.02374         3.70912        10.29926         0.00000        99.84083
        13.00000       389.98609      1638.68257       139.11266       166.17880       160.40918         2.39291         1.21790       386.08384         0.91727         1.02620         3.74084        10.36011         0.00000       101.82147
        14.00000       417.29753      1691.82752       132.49076       197.96621       189.15223         2.52913         1.23014       388.44396         1.08901         1.02728         3.75754        10.77376         0.00000       102.87196
        15.00000       443.99125      1697.21659       131.44752       204.02603       195.40494         2.42696         1.22719       392.91117         1.07109         1.02891         3.78911        10.81073         0.00000       104.87071
        16.00000       470.32792      1702.85677       130.47019       209.73434       201.31464         2.33286         1.22449       397.27642         1.05282         1.03003         3.81990        10.84968         0.00000       106.83680
        17.00000       496.56087      1711.32814       129.85524       213.68067       205.32926         2.27767         1.22312       401.43424         1.04348         1.03069         3.84919        10.91095         0.00000       108.72123
        18.00000       522.40358      1747.88492       127.49920       230.00532       222.28887         2.01941         1.21605       404.32825         0.98347         1.03094         3.86954        11.19359         0.00000       110.03868
        19.00000       548.18742      1760.86257       126.61435       236.47826       228.94451         1.93691         1.21389       408.16751         0.96482         1.03100         3.89650        11.29037         0.00000       111.79596
        20.00000       573.57014      1779.62728       125.83286       241.91333       234.23474         1.90722         1.21394       411.70337         0.96583         1.03082         3.92131        11.43279         0.00000       113.42296
        21.00000       598.92253      1796.27511       124.82049       248.73831       240.84751         1.87922         1.21401       415.26910         0.97057         1.03042         3.94629        11.55856         0.00000       115.07190
        22.00000       624.04227      1808.65419       124.10626       254.02371       246.04745         1.84849         1.21372       418.94891         0.96963         1.02979         3.97205        11.65074         0.00000       116.78217
        23.00000       649.12026      1808.96819       122.51058       261.89502       252.97794         1.91473         1.21913       423.04259         1.01766         1.02883         4.00067        11.64800         0.00000       118.69491
        24.00000       673.78483      1776.10174       113.89221       294.85172       276.36246         2.64024         1.25503       428.33261         1.42669         1.02726         4.03760        11.38428         0.00000       126.96931
        25.00000       696.50299      1784.58431       113.50801       298.69319       280.15918         2.60580         1.25415       431.95602         1.42261         1.02596         4.06287        11.44613         0.00000       128.76675
        26.00000       719.22116      1792.97272       113.12992       302.52133       283.94256         2.57244         1.25329       435.52704         1.41863         1.02453         4.08775        11.50735         0.00000       130.54664
        27.00000       741.81150      1801.26980       112.75777       306.33663       287.71310         2.54009         1.25246       439.04745         1.41473         1.02298         4.11225        11.56795         0.00000       132.30943
        28.00000       764.39099      1809.47860       112.39136       310.13957       291.47130         2.50873         1.25166       442.51893         1.41092         1.02132         4.13640        11.62795         0.00000       134.05557
        29.00000       786.82469      1817.59977       112.03052       313.93051       295.21757         2.47828         1.25087       445.94316         1.40718         1.01956         4.16020        11.68738         0.00000       135.78558
        30.00000       809.19806      1825.63742       111.67509       317.70994       298.95235         2.44872         1.25011       449.32161         1.40353         1.01772         4.18367        11.74625         0.00000       137.49979
        31.00000       831.57144      1833.59319       111.32489       321.47820       302.67602         2.42000         1.24937       452.65574         1.39995         1.01581         4.20681        11.80460         0.00000       139.19863
        32.00000       853.94481      1841.46927       110.97979       325.23567       306.38897         2.39208         1.24864       455.94693         1.39644         1.01383         4.22964        11.86242         0.00000       140.88247
        33.00000       876.25551      1849.26784       110.63962       328.98249       310.09134         2.36493         1.24794       459.19650         1.39300         1.01179         4.25217        11.91975         0.00000       142.55172
        34.00000       898.36522      1856.99045       110.30426       332.71954       313.78402         2.33851         1.24726       462.40570         1.38962         1.00970         4.27441        11.97660         0.00000       144.20667
        35.00000       920.47493      1864.63972       109.97356       336.44649       317.46668         2.31280         1.24659       465.57569         1.38631         1.00757         4.29637        12.03298         0.00000       145.84772
        36.00000       942.58464      1872.21721       109.64741       340.16406       321.14004         2.28775         1.24594       468.70764         1.38306         1.00540         4.31805        12.08890         0.00000       147.47514
        37.00000       964.69435      1879.72462       109.32567       343.87229       324.80416         2.26335         1.24530       471.80262         1.37988         1.00320         4.33947        12.14439         0.00000       149.08928
        38.00000       986.62271      1887.16414       109.00822       347.57138       328.45923         2.23957         1.24468       474.86164         1.37674         1.00097         4.36063        12.19945         0.00000       150.69045
        39.00000      1008.47872      1894.53700       108.69496       351.26195       332.10588         2.21639         1.24408       477.88572         1.37367         0.99871         4.38154        12.25410         0.00000       152.27888
        40.00000      1030.33473      1901.84578       108.38578       354.94385       335.74394         2.19377         1.24349       480.87578         1.37064         0.99644         4.40220        12.30836         0.00000       153.85490
        41.00000      1052.19073      1909.09065       108.08056       358.61749       339.37386         2.17170         1.24291       483.83275         1.36767         0.99415         4.42264        12.36222         0.00000       155.41879
        42.00000      1074.01237      1916.27440       107.77920       362.28299       342.99573         2.15016         1.24235       486.75747         1.36475         0.99184         4.44284        12.41570         0.00000       156.97077
        43.00000      1095.62184      1923.39829       107.48162       365.94066       346.60986         2.12912         1.24180       489.65077         1.36188         0.98952         4.46282        12.46883         0.00000       158.51110
        44.00000      1117.23130      1930.46352       107.18772       369.59070       350.21647         2.10858         1.24126       492.51347         1.35906         0.98720         4.48258        12.52159         0.00000       160.04001
        45.00000      1138.84077      1937.47209       106.89740       373.23319       353.81562         2.08850         1.24073       495.34630         1.35628         0.98487         4.50214        12.57402         0.00000       161.55776
        46.00000      1160.45023      1944.42523       106.61058       376.86837       357.40755         2.06888         1.24021       498.15001         1.35354         0.98254         4.52149        12.62611         0.00000       163.06454
        47.00000      1181.93728      1951.32436       106.32718       380.49640       360.99243         2.04969         1.23971       500.92530         1.35085         0.98020         4.54063        12.67788         0.00000       164.56059
        48.00000      1203.30755      1958.17088       106.04711       384.11746       364.57042         2.03093         1.23921       503.67286         1.34820         0.97787         4.55959        12.72933         0.00000       166.04611
        49.00000      1224.67783      1964.96615       105.77031       387.73171       368.14169         2.01257         1.23873       506.39331         1.34559         0.97553         4.57835        12.78048         0.00000       167.52130
        50.00000      1246.04810      1971.71376       105.49668       391.33913       371.70621         1.99461         1.23825       509.08724         1.34302         0.97320         4.59693        12.83135         0.00000       168.98639
        51.00000      1267.41837      1978.41040       105.22616       394.94017       375.26446         1.97703         1.23779       511.75538         1.34049         0.97088         4.61532        12.88192         0.00000       170.44151
        52.00000      1288.59275      1985.05764       104.95870       398.53503       378.81659         1.95981         1.23733       514.39828         1.33800         0.96856         4.63354        12.93219         0.00000       171.88679
        53.00000      1309.72768      1991.66325       104.69420       402.12332       382.36222         1.94295         1.23688       517.01635         1.33554         0.96624         4.65159        12.98223         0.00000       173.32258
        54.00000      1330.86262      1998.22173       104.43261       405.70565       385.90198         1.92644         1.23645       519.61029         1.33312         0.96394         4.66947        13.03199         0.00000       174.74890
        55.00000      1351.99755      2004.73590       104.17387       409.28185       389.43570         1.91026         1.23602       522.18059         1.33073         0.96164         4.68718        13.08150         0.00000       176.16602
        56.00000      1373.10913      2011.88569       103.91391       412.78250       392.87468         1.89549         1.23570       524.71001         1.32876         0.95936         4.70461        13.13607         0.00000       177.56423
        57.00000      1394.01259      2018.32145       103.66078       416.34848       396.39832         1.87992         1.23529       527.23450         1.32643         0.95708         4.72201        13.18513         0.00000       178.96262
        58.00000      1414.91605      2024.71656       103.41033       419.90888       399.91643         1.86465         1.23488       529.73680         1.32414         0.95482         4.73925        13.23396         0.00000       180.35221
        59.00000      1435.81951      2031.07201       103.16249       423.46380       403.42912         1.84968         1.23448       532.21736         1.32188         0.95256         4.75634        13.28256         0.00000       181.73315
        60.00000      1456.72297      2037.38667       102.91722       427.01349       406.93664         1.83499         1.23409       534.67668         1.31965         0.95031         4.77329        13.33093         0.00000       183.10552
        61.00000      1477.55340      2043.66595       102.67447       430.55775       410.43880         1.82058         1.23371       537.11507         1.31746         0.94808         4.79008        13.37910         0.00000       184.46958
        62.00000      1498.22650      2049.91093       102.43419       434.09669       413.93569         1.80644         1.23333       539.53295         1.31529         0.94585         4.80674        13.42708         0.00000       185.82546
        63.00000      1518.89960      2056.11574       102.19631       437.63084       417.42782         1.79256         1.23296       541.93088         1.31314         0.94364         4.82326        13.47483         0.00000       187.17311
        64.00000      1539.57270      2062.28815       101.96082       441.15984       420.91486         1.77894         1.23259       544.30909         1.31103         0.94145         4.83965        13.52240         0.00000       188.51285
        65.00000      1560.24580      2068.42698       101.72766       444.68394       424.39704         1.76556         1.23224       546.66798         1.30895         0.93926         4.85590        13.56978         0.00000       189.84471
        66.00000      1580.80840      2074.53254       101.49677       448.20320       427.87443         1.75242         1.23188       549.00796         1.30689         0.93709         4.87202        13.61698         0.00000       191.16885
        67.00000      1601.25118      2080.60628       101.26813       451.71772       431.34711         1.73951         1.23154       551.32935         1.30485         0.93493         4.88801        13.66401         0.00000       192.48537
        68.00000      1621.69397      2086.64882       101.04169       455.22757       434.81516         1.72682         1.23120       553.63250         1.30284         0.93279         4.90388        13.71086         0.00000       193.79437
        69.00000      1642.13676      2092.66097       100.81741       458.73284       438.27865         1.71436         1.23087       555.91775         1.30086         0.93066         4.91963        13.75755         0.00000       195.09598
        70.00000      1662.57955      2098.64354       100.59526       462.23358       441.73765         1.70211         1.23054       558.18541         1.29890         0.92855         4.93525        13.80407         0.00000       196.39029
        71.00000      1682.88578      2104.59725       100.37519       465.72988       445.19223         1.69007         1.23021       560.43580         1.29697         0.92645         4.95076        13.85045         0.00000       197.67741
        72.00000      1703.09638      2110.52283       100.15717       469.22181       448.64247         1.67824         1.22990       562.66924         1.29505         0.92436         4.96615        13.89667         0.00000       198.95745
        73.00000      1723.30698      2116.42235        99.94116       472.70936       452.08835         1.66660         1.22959       564.88598         1.29316         0.92229         4.98142        13.94275         0.00000       200.23052
        74.00000      1743.51758      2122.29373        99.72714       476.19274       455.53008         1.65515         1.22928       567.08637         1.29130         0.92023         4.99659        13.98868         0.00000       201.49668
        75.00000      1763.72818      2128.13770        99.51506       479.67200       458.96771         1.64389         1.22898       569.27070         1.28945         0.91818         5.01164        14.03446         0.00000       202.75602
        76.00000      1783.78811      2133.95753        99.30490       483.14707       462.40116         1.63281         1.22868       571.43917         1.28763         0.91615         5.02659        14.08012         0.00000       204.00868
        77.00000      1803.76336      2139.75246        99.09663       486.61810       465.83059         1.62192         1.22839       573.59210         1.28583         0.91414         5.04143        14.12564         0.00000       205.25473
        78.00000      1823.73861      2145.52307        98.89021       490.08512       469.25603         1.61119         1.22810       575.72973         1.28404         0.91214         5.05616        14.17104         0.00000       206.49424
        79.00000      1843.71386      2151.26991        98.68561       493.54819       472.67753         1.60064         1.22782       577.85232         1.28228         0.91015         5.07080        14.21632         0.00000       207.72732
        80.00000      1863.68911      2156.99348        98.48281       497.00738       476.09515         1.59024         1.22754       579.96012         1.28054         0.90818         5.08533        14.26147         0.00000       208.95404
        81.00000      1883.51189      2162.69662        98.28177       500.46245       479.50866         1.58002         1.22727       582.05331         1.27882         0.90622         5.09976        14.30653         0.00000       210.17455
        82.00000      1903.24666      2168.37278        98.08249       503.91431       482.91898         1.56994         1.22700       584.13229         1.27712         0.90428         5.11410        14.35143         0.00000       211.38873
        83.00000      1922.98143      2174.02941        97.88492       507.36215       486.32528         1.56002         1.22673       586.19713         1.27543         0.90235         5.12834        14.39624         0.00000       212.59685
        84.00000      1942.71619      2179.66460        97.68904       510.80631       489.72790         1.55026         1.22647       588.24810         1.27377         0.90043         5.14248        14.44094         0.00000       213.79894
        85.00000      1962.45096      2185.27875        97.49482       514.24684       493.12690         1.54063         1.22622       590.28543         1.27212         0.89853         5.15654        14.48553         0.00000       214.99506
        86.00000      1982.04577      2190.87217        97.30224       517.68378       496.52232         1.53115         1.22596       592.30933         1.27049         0.89665         5.17050        14.53002         0.00000       216.18529
        87.00000      2001.53363      2196.44540        97.11128       521.11719       499.91421         1.52181         1.22572       594.32000         1.26888         0.89477         5.18437        14.57440         0.00000       217.36969
        88.00000      2021.02148      2201.99837        96.92191       524.54709       503.30260         1.51261         1.22547       596.31765         1.26728         0.89291         5.19816        14.61868         0.00000       218.54835
        89.00000      2040.50934      2207.53175        96.73411       527.97354       506.68755         1.50354         1.22523       598.30248         1.26570         0.89107         5.21185        14.66286         0.00000       219.72132
        90.00000      2059.99719      2213.04570        96.54786       531.39659       510.06909         1.49460         1.22499       600.27469         1.26414         0.88923         5.22547        14.70694         0.00000       220.88868
        91.00000      2079.37392      2218.54048        96.36314       534.81627       513.44728         1.48579         1.22476       602.23445         1.26260         0.88742         5.23899        14.75093         0.00000       222.05049
        92.00000      2098.60653      2224.01699        96.17992       538.23257       516.82208         1.47710         1.22453       604.18195         1.26107         0.88561         5.25244        14.79482         0.00000       223.20683
        93.00000      2117.83915      2229.47410        95.99819       541.64564       520.19367         1.46853         1.22430       606.11740         1.25955         0.88382         5.26580        14.83861         0.00000       224.35774
        94.00000      2137.07176      2234.91270        95.81793       545.05546       523.56203         1.46008         1.22408       608.04095         1.25806         0.88204         5.27908        14.88231         0.00000       225.50329
        95.00000      2156.30438      2240.33299        95.63911       548.46207       526.92718         1.45175         1.22385       609.95279         1.25657         0.88027         5.29229        14.92592         0.00000       226.64355
        96.00000      2175.47443      2245.73513        95.46171       551.86552       530.28917         1.44353         1.22364       611.85308         1.25510         0.87852         5.30541        14.96943         0.00000       227.77858
        97.00000      2194.44184      2251.11928        95.28572       555.26582       533.64803         1.43543         1.22342       613.74198         1.25365         0.87678         5.31846        15.01285         0.00000       228.90844
        98.00000      2213.40925      2256.48557        95.11112       558.66303       537.00381         1.42743         1.22321       615.61967         1.25221         0.87505         5.33143        15.05618         0.00000       230.03318
        99.00000      2232.37665      2261.83413        94.93789       562.05717       540.35653         1.41954         1.22300       617.48629         1.25079         0.87334         5.34433        15.09942         0.00000       231.15286
       100.00000      2251.34406      2267.16506        94.76602       565.44828       543.70624         1.41176         1.22280       619.34202         1.24938         0.87163         5.35716        15.14256         0.00000       232.26755
       101.00000      2270.31147      2272.47845        94.59548       568.83639       547.05297         1.40407         1.22260       621.18699         1.24798         0.86994         5.36991        15.18562         0.00000       233.37729
       102.00000      2289.01274      2277.77440        94.42625       572.22154       550.39676         1.39649         1.22240       623.02136         1.24660         0.86827         5.38259        15.22858         0.00000       234.48214
       103.00000      2307.70399      2283.05296        94.25833       575.60376       553.73763         1.38900         1.22220       624.84528         1.24523         0.86660         5.39520        15.27145         0.00000       235.58216
       104.00000      2326.39524      2288.31421        94.09169       578.98307       557.07562         1.38162         1.22200       626.65888         1.24387         0.86495         5.40774        15.31424         0.00000       236.67740
       105.00000      2345.08649      2293.55818        93.92631       582.35951       560.41077         1.37432         1.22181       628.46232         1.24253         0.86331         5.42022        15.35693         0.00000       237.76791
       106.00000      2363.77773      2298.78493        93.76219       585.73312       563.74310         1.36712         1.22162       630.25572         1.24119         0.86168         5.43262        15.39953         0.00000       238.85374
       107.00000      2382.29127      2303.99449        93.59931       589.10391       567.07265         1.36001         1.22144       632.03923         1.23987         0.86006         5.44496        15.44204         0.00000       239.93495
       108.00000      2400.69289      2309.18688        93.43764       592.47192       570.39945         1.35298         1.22125       633.81297         1.23857         0.85845         5.45723        15.48445         0.00000       241.01158
       109.00000      2419.09451      2314.36211        93.27718       595.83718       573.72353         1.34605         1.22107       635.57707         1.23727         0.85686         5.46944        15.52678         0.00000       242.08368
       110.00000      2437.49614      2319.52021        93.11791       599.19971       577.04491         1.33920         1.22089       637.33166         1.23599         0.85527         5.48159        15.56901         0.00000       243.15131
       111.00000      2455.89776      2324.66118        92.95982       602.55954       580.36363         1.33243         1.22072       639.07687         1.23472         0.85370         5.49367        15.61115         0.00000       244.21451
       112.00000      2474.24475      2329.78499        92.80289       605.91671       583.67973         1.32575         1.22054       640.81282         1.23346         0.85214         5.50569        15.65319         0.00000       245.27332
       113.00000      2492.34170      2334.89223        92.64710       609.27120       586.99319         1.31914         1.22037       642.53961         1.23221         0.85059         5.51764        15.69515         0.00000       246.32781
       114.00000      2510.43864      2339.98122        92.49245       612.62312       590.30412         1.31261         1.22020       644.25740         1.23098         0.84905         5.52954        15.73700         0.00000       247.37799
       115.00000      2528.53558      2345.05408        92.33892       615.97241       593.61246         1.30617         1.22003       645.96625         1.22975         0.84752         5.54138        15.77876         0.00000       248.42395
       116.00000      2546.63253      2350.10880        92.18649       619.31917       596.91832         1.29979         1.21986       647.66633         1.22853         0.84600         5.55316        15.82042         0.00000       249.46569
       117.00000      2564.72947      2355.14916        92.03514       622.66344       600.22171         1.29349         1.21970       649.35767         1.22733         0.84450         5.56488        15.86201         0.00000       250.50323
       118.00000      2582.61700      2360.16754        91.88490       626.00503       603.52254         1.28727         1.21954       651.04051         1.22614         0.84300         5.57654        15.90346         0.00000       251.53677
       119.00000      2600.39350      2365.17342        91.73570       629.34428       606.82102         1.28112         1.21938       652.71479         1.22495         0.84151         5.58814        15.94485         0.00000       252.56614
       120.00000      2618.17000      2381.08660        91.38535       630.02820       607.76112         1.26998         1.21876       654.19143         1.21160         0.84020         5.59838        16.07243         0.00000       253.48293
       121.00000      2635.94650      2406.81869        90.85057       628.29866       606.56175         1.25413         1.21771       655.49116         1.18723         0.83905         5.60739        16.27764         0.00000       254.29551
       122.00000      2653.72300      2437.29734        90.22094       625.41018       604.33244         1.23596         1.21642       656.70270         1.15781         0.83798         5.61579        16.52045         0.00000       255.05233
       123.00000      2671.49146      2450.47638        89.91397       626.65273       605.77623         1.22587         1.21587       658.20677         1.14723         0.83666         5.62623        16.62668         0.00000       255.97877
       124.00000      2688.98186      2455.26631        89.76824       629.91326       609.01546         1.21977         1.21570       659.84761         1.14577         0.83521         5.63761        16.66666         0.00000       256.98975
       125.00000      2706.47225      2460.03944        89.62350       633.17128       612.25210         1.21374         1.21553       661.48049         1.14432         0.83378         5.64894        16.70655         0.00000       257.99694
       126.00000      2723.96264      2464.79563        89.47973       636.42679       615.48617         1.20778         1.21536       663.10549         1.14288         0.83235         5.66021        16.74633         0.00000       259.00036
       127.00000      2741.44849      2469.53514        89.33694       639.67981       618.71767         1.20190         1.21519       664.72270         1.14146         0.83093         5.67144        16.78603         0.00000       260.00007
       128.00000      2758.76354      2474.25784        89.19510       642.93035       621.94664         1.19608         1.21502       666.33223         1.14005         0.82953         5.68261        16.82562         0.00000       260.99609
       129.00000      2776.00929      2478.96305        89.05420       646.17856       625.17319         1.19033         1.21486       667.93416         1.13865         0.82813         5.69373        16.86511         0.00000       261.98823
       130.00000      2793.08810      2483.65026        88.91424       649.42425       628.39718         1.18465         1.21470       669.52860         1.13727         0.82674         5.70480        16.90449         0.00000       262.97667
       131.00000      2810.16691      2488.32145        88.77521       652.66757       631.61873         1.17903         1.21454       671.11559         1.13590         0.82537         5.71582        16.94378         0.00000       263.96155
       132.00000      2827.24572      2492.97620        88.63709       655.90849       634.83783         1.17348         1.21438       672.69523         1.13455         0.82400         5.72680        16.98297         0.00000       264.94289
       133.00000      2844.32452      2497.61456        88.49987       659.14703       638.05450         1.16799         1.21423       674.26761         1.13320         0.82264         5.73772        17.02207         0.00000       265.92074
       134.00000      2861.40333      2502.23658        88.36355       662.38320       641.26877         1.16256         1.21407       675.83279         1.13187         0.82128         5.74860        17.06107         0.00000       266.89511
       135.00000      2878.36916      2506.84234        88.22811       665.61703       644.48065         1.15719         1.21392       677.39086         1.13055         0.81994         5.75942        17.09997         0.00000       267.86606
       136.00000      2895.19009      2511.43189        88.09355       668.84854       647.69017         1.15188         1.21377       678.94191         1.12924         0.81861         5.77021        17.13877         0.00000       268.83360
       137.00000      2912.01101      2516.00531        87.95986       672.07774       650.89735         1.14663         1.21362       680.48599         1.12794         0.81728         5.78094        17.17748         0.00000       269.79777
       138.00000      2928.83193      2520.56264        87.82701       675.30466       654.10220         1.14144         1.21347       682.02320         1.12666         0.81597         5.79163        17.21610         0.00000       270.75860
       139.00000      2945.65286      2525.10394        87.69502       678.52930       657.30475         1.13630         1.21333       683.55359         1.12538         0.81466         5.80227        17.25462         0.00000       271.71612
       140.00000      2962.47378      2529.62927        87.56386       681.75169       660.50502         1.13122         1.21319       685.07725         1.12412         0.81336         5.81287        17.29304         0.00000       272.67036
         0.00000        -0.00000      1516.63861       154.96488        99.11740        92.94269         4.21060         1.25543       319.27492         1.04034         0.89540         3.25768         9.43537         0.00000        73.74352
         1.00000        36.28228      1530.95230       153.06941       105.30828        99.16561         3.94070         1.24941       324.99790         1.02674         0.91787         3.30010         9.55051         0.00000        76.01705
         2.00000        66.34476      1546.41355       151.39604       112.05381       105.95107         3.67803         1.24427       330.48465         1.01270         0.93667         3.34053         9.67307         0.00000        78.22092
         3.00000        96.41489      1560.98215       149.97136       117.78545       111.76774         3.46236         1.23984       335.87082         0.99620         0.95280         3.38003         9.78739         0.00000        80.40711
         4.00000       126.47625      1574.44115       148.68504       123.00266       117.08351         3.27803         1.23597       341.17421         0.97955         0.96665         3.41873         9.89196         0.00000        82.58142
         5.00000       156.54183      1587.04180       147.47876       127.98466       122.16316         3.11597         1.23256       346.38491         0.96364         0.97849         3.45660         9.98892         0.00000        84.73844
         6.00000       186.60540      1598.93516       146.33437       132.81639       127.08930         2.97128         1.22950       351.49957         0.94853         0.98857         3.49362        10.07960         0.00000        86.87545
         7.00000       216.66896      1610.21952       145.24091       137.54556       131.90846         2.84080         1.22676       356.51805         0.93424         0.99712         3.52982        10.16490         0.00000        88.99106
         8.00000       246.00169      1620.96018       144.19071       142.20148       136.64929         2.72234         1.22428       361.44205         0.92075         1.00433         3.56521        10.24543         0.00000        91.08472
         9.00000       275.15035      1631.20050       143.17740       146.80547       141.33248         2.61427         1.22202       366.27431         0.90808         1.01037         3.59984        10.32164         0.00000        93.15638
        10.00000       304.12654      1644.77520       142.01773       152.37660       146.26160         2.66977         1.22543       370.83022         0.95211         1.01521         3.63240        10.42385         0.00000        95.12486
        11.00000       332.88900      1654.57899       141.07300       156.77021       150.72306         2.57728         1.22345       375.46966         0.94085         1.01936         3.66547        10.49609         0.00000        97.14450
        12.00000       361.53749      1663.84208       140.14434       161.18413       155.20715         2.48954         1.22156       380.03332         0.92969         1.02272         3.69792        10.56389         0.00000        99.14586
        13.00000       389.98609      1672.40518       139.21223       165.67717       159.77840         2.40427         1.21968       384.53213         0.91816         1.02541         3.72984        10.62605         0.00000       101.13289
        14.00000       417.29753      1726.15425       132.57717       197.45016       188.44178         2.54073         1.23223       386.87269         1.09001         1.02658         3.74642        11.04452         0.00000       102.17219
        15.00000       443.99125      1731.38945       131.48185       203.75349       194.95772         2.43303         1.22904       391.37993         1.07100         1.02840         3.77829        11.08024         0.00000       104.18411
        16.00000       470.32792      1737.91054       130.57759       209.07867       200.46094         2.34585         1.22654       395.73748         1.05447         1.02968         3.80905        11.12607         0.00000       106.14223
        17.00000       496.56087      1746.59536       129.96023       213.02845       204.48103         2.29004         1.22513       399.91515         1.04507         1.03049         3.83849        11.18897         0.00000       108.03141
        18.00000       522.40358      1775.70962       128.11351       225.64793       217.56154         2.09114         1.21964       403.14264         1.00096         1.03086         3.86120        11.41293         0.00000       109.49818
        19.00000       548.18742      1797.02179       126.71451       235.74370       228.04032         1.94624         1.21559       406.65043         0.96587         1.03101         3.88585        11.57538         0.00000       111.10035
        20.00000       573.57014      1810.46872       126.05029       240.48980       232.74112         1.91051         1.21512       410.42920         0.96253         1.03091         3.91237        11.67583         0.00000       112.83573
        21.00000       598.92253      1830.03720       125.02778       247.33022       239.33730         1.88456         1.21537       413.89423         0.96834         1.03060         3.93666        11.82457         0.00000       114.43513
        22.00000       624.04227      1844.19834       124.17058       253.23328       245.04133         1.86292         1.21572       417.52376         0.97307         1.03006         3.96207        11.93073         0.00000       116.11877
        23.00000       649.12026      1846.13099       122.61781       261.10516       251.99952         1.92244         1.22087       421.58017         1.01811         1.02920         3.99044        11.94063         0.00000       118.01038
        24.00000       673.78483      1811.64525       113.99903       294.21584       275.33464         2.65116         1.25773       426.97289         1.42777         1.02770         4.02811        11.66398         0.00000       126.30280
        25.00000       696.50299      1820.32315       113.61362       298.05823       279.13134         2.61643         1.25682       430.60987         1.42368         1.02646         4.05348        11.72730         0.00000       128.10387
        26.00000       719.22116      1828.90471       113.23438       301.88716       282.91458         2.58280         1.25593       434.19400         1.41968         1.02508         4.07846        11.78996         0.00000       129.88729
        27.00000       741.81150      1837.39263       112.86110       305.70315       286.68487         2.55020         1.25508       437.72709         1.41576         1.02358         4.10306        11.85198         0.00000       131.65353
        28.00000       764.39099      1845.78951       112.49359       309.50665       290.44270         2.51858         1.25425       441.21087         1.41193         1.02196         4.12730        11.91339         0.00000       133.40306
        29.00000       786.82469      1854.09786       112.13168       313.29810       294.18852         2.48790         1.25344       444.64696         1.40818         1.02024         4.15119        11.97422         0.00000       135.13632
        30.00000       809.19806      1862.32007       111.77521       317.07793       297.92276         2.45812         1.25265       448.03691         1.40451         1.01844         4.17475        12.03448         0.00000       136.85372
        31.00000       831.57144      1870.45838       111.42400       320.84652       301.64581         2.42918         1.25189       451.38219         1.40092         1.01655         4.19797        12.09418         0.00000       138.55567
        32.00000       853.94481      1878.51514       111.07791       324.60424       305.35805         2.40106         1.25115       454.68421         1.39739         1.01460         4.22088        12.15337         0.00000       140.24256
        33.00000       876.25551      1886.49251       110.73679       328.35141       309.05982         2.37371         1.25042       457.94427         1.39394         1.01259         4.24349        12.21203         0.00000       141.91476
        34.00000       898.36522      1894.39232       110.40049       332.08840       312.75149         2.34710         1.24972       461.16365         1.39055         1.01052         4.26581        12.27021         0.00000       143.57261
        35.00000       920.47493      1902.21693       110.06888       335.81548       316.43333         2.32120         1.24903       464.34355         1.38723         1.00841         4.28783        12.32790         0.00000       145.21647
        36.00000       942.58464      1909.96803       109.74184       339.53297       320.10565         2.29598         1.24836       467.48512         1.38396         1.00626         4.30959        12.38514         0.00000       146.84667
        37.00000       964.69435      1917.64759       109.41924       343.24113       323.76875         2.27141         1.24771       470.58944         1.38076         1.00407         4.33107        12.44192         0.00000       148.46351
        38.00000       986.62271      1925.25742       109.10095       346.94023       327.42288         2.24747         1.24707       473.65757         1.37762         1.00185         4.35230        12.49827         0.00000       150.06729
        39.00000      1008.47872      1932.79954       108.78687       350.63047       331.06825         2.22413         1.24645       476.69049         1.37453         0.99961         4.37327        12.55420         0.00000       151.65832
        40.00000      1030.33473      1940.27512       108.47688       354.31224       334.70524         2.20136         1.24584       479.68918         1.37150         0.99735         4.39400        12.60972         0.00000       153.23686
        41.00000      1052.19073      1947.68605       108.17088       357.98564       338.33395         2.17915         1.24525       482.65454         1.36851         0.99506         4.41450        12.66484         0.00000       154.80319
        42.00000      1074.01237      1955.03423       107.86877       361.65090       341.95464         2.15746         1.24467       485.58744         1.36558         0.99277         4.43476        12.71957         0.00000       156.35757
        43.00000      1095.62184      1962.32110       107.57045       365.30825       345.56750         2.13629         1.24410       488.48872         1.36270         0.99046         4.45480        12.77393         0.00000       157.90024
        44.00000      1117.23130      1969.54821       107.27582       368.95788       349.17274         2.11561         1.24355       491.35918         1.35986         0.98814         4.47462        12.82793         0.00000       159.43146
        45.00000      1138.84077      1976.71707       106.98480       372.59999       352.77056         2.09541         1.24301       494.19960         1.35708         0.98582         4.49422        12.88158         0.00000       160.95144
        46.00000      1160.45023      1983.82920       106.69730       376.23475       356.36113         2.07567         1.24247       497.01072         1.35433         0.98349         4.51362        12.93489         0.00000       162.46042
        47.00000      1181.93728      1990.88593       106.41323       379.86234       359.94461         2.05636         1.24196       499.79324         1.35163         0.98116         4.53282        12.98787         0.00000       163.95861
        48.00000      1203.30755      1997.88880       106.13251       383.48293       363.52119         2.03748         1.24145       502.54785         1.34897         0.97883         4.55183        13.04052         0.00000       165.44622
        49.00000      1224.67783      2004.83914       105.85507       387.09667       367.09102         2.01902         1.24095       505.27520         1.34636         0.97650         4.57064        13.09287         0.00000       166.92345
        50.00000      1246.04810      2011.73832       105.58082       390.70373       370.65424         2.00095         1.24046       507.97594         1.34378         0.97417         4.58926        13.14491         0.00000       168.39050
        51.00000      1267.41837      2018.58764       105.30971       394.30424       374.21101         1.98326         1.23998       510.65066         1.34124         0.97184         4.60770        13.19665         0.00000       169.84756
        52.00000      1288.59275      2025.38840       105.04165       397.89836       377.76146         1.96594         1.23952       513.29996         1.33874         0.96952         4.62597        13.24811         0.00000       171.29481
        53.00000      1309.72768      2032.14354       104.77659       401.48617       381.30567         1.94899         1.23906       515.92435         1.33627         0.96721         4.64406        13.29931         0.00000       172.73237
        54.00000      1330.86262      2038.84980       104.51444       405.06790       384.84390         1.93238         1.23861       518.52450         1.33385         0.96490         4.66198        13.35022         0.00000       174.16059
        55.00000      1351.99755      2045.51447       104.25516       408.64349       388.37605         1.91610         1.23817       521.10077         1.33145         0.96260         4.67974        13.40090         0.00000       175.57947
        56.00000      1373.10913      2052.13337       103.99868       412.21333       391.90253         1.90015         1.23773       523.65382         1.32909         0.96031         4.69733        13.45130         0.00000       176.98919
        57.00000      1394.01259      2058.70706       103.74493       415.77759       395.42349         1.88452         1.23731       526.18414         1.32677         0.95803         4.71477        13.50144         0.00000       178.38988
        58.00000      1414.91605      2065.89388       103.49013       419.26882       398.85306         1.87020         1.23699       528.67521         1.32482         0.95578         4.73193        13.55647         0.00000       179.77254
        59.00000      1435.81951      2072.39235       103.24180       422.82303       402.36412         1.85515         1.23658       531.16134         1.32255         0.95352         4.74906        13.60620         0.00000       181.15514
        60.00000      1456.72297      2078.85087       102.99605       426.37182       405.86984         1.84038         1.23618       533.62607         1.32032         0.95127         4.76605        13.65569         0.00000       182.52921
        61.00000      1477.55340      2085.27082       102.75283       429.91533       409.37033         1.82589         1.23578       536.06983         1.31811         0.94903         4.78288        13.70497         0.00000       183.89487
        62.00000      1498.22650      2091.65306       102.51210       433.45365       412.86567         1.81168         1.23540       538.49302         1.31594         0.94681         4.79958        13.75404         0.00000       185.25225
        63.00000      1518.89960      2097.99859       102.27379       436.98686       416.35597         1.79772         1.23502       540.89606         1.31379         0.94460         4.81613        13.80290         0.00000       186.60150
        64.00000      1539.57270      2104.30841       102.03786       440.51507       419.84131         1.78402         1.23464       543.27933         1.31167         0.94240         4.83255        13.85156         0.00000       187.94273
        65.00000      1560.24580      2110.58324       101.80428       444.03835       423.32177         1.77057         1.23427       545.64321         1.30958         0.94021         4.84884        13.90002         0.00000       189.27607
        66.00000      1580.80840      2116.82413       101.57299       447.55679       426.79743         1.75736         1.23391       547.98807         1.30751         0.93804         4.86499        13.94830         0.00000       190.60165
        67.00000      1601.25118      2123.03363       101.34395       451.07038       430.26829         1.74439         1.23356       550.31423         1.30547         0.93588         4.88102        13.99640         0.00000       191.91960
        68.00000      1621.69397      2129.20812       101.11712       454.57952       433.73472         1.73164         1.23321       552.62213         1.30346         0.93373         4.89692        14.04431         0.00000       193.22992
        69.00000      1642.13676      2135.35200       100.89247       458.08368       437.19625         1.71911         1.23287       554.91202         1.30147         0.93160         4.91270        14.09205         0.00000       194.53299
        70.00000      1662.57955      2141.46692       100.66994       461.58369       440.65360         1.70680         1.23253       557.18421         1.29951         0.92948         4.92835        14.13964         0.00000       195.82857
        71.00000      1682.88578      2147.55013       100.44951       465.07911       444.10643         1.69470         1.23220       559.43911         1.29757         0.92738         4.94389        14.18705         0.00000       197.11701
        72.00000      1703.09638      2153.60444       100.23114       468.57015       447.55490         1.68281         1.23188       561.67696         1.29565         0.92529         4.95931        14.23430         0.00000       198.39831
        73.00000      1723.30698      2159.63029       100.01479       472.05688       450.99908         1.67111         1.23156       563.89808         1.29376         0.92321         4.97461        14.28141         0.00000       199.67262
        74.00000      1743.51758      2165.62836        99.80043       475.53935       454.43904         1.65961         1.23124       566.10275         1.29189         0.92115         4.98981        14.32836         0.00000       200.94000
        75.00000      1763.72818      2171.59777        99.58804       479.01772       457.87491         1.64829         1.23093       568.29129         1.29004         0.91910         5.00489        14.37516         0.00000       202.20054
        76.00000      1783.78811      2177.54222        99.37756       482.49189       461.30660         1.63716         1.23063       570.46392         1.28821         0.91707         5.01986        14.42182         0.00000       203.45438
        77.00000      1803.76336      2183.46079        99.16897       485.96199       464.73424         1.62621         1.23033       572.62093         1.28640         0.91505         5.03473        14.46836         0.00000       204.70159
        78.00000      1823.73861      2189.35402        98.96225       489.42809       468.15790         1.61543         1.23003       574.76258         1.28462         0.91304         5.04949        14.51475         0.00000       205.94225
        79.00000      1843.71386      2195.22249        98.75735       492.89024       471.57762         1.60483         1.22974       576.88914         1.28285         0.91105         5.06415        14.56102         0.00000       207.17644
        80.00000      1863.68911      2201.06858        98.55425       496.34833       474.99329         1.59439         1.22946       579.00080         1.28111         0.90908         5.07871        14.60718         0.00000       208.40430
        81.00000      1883.51189      2206.88722        98.35295       499.80292       478.40548         1.58411         1.22918       581.09794         1.27938         0.90712         5.09317        14.65318         0.00000       209.62578
        82.00000      1903.24666      2212.68444        98.15338       503.25355       481.81373         1.57399         1.22890       583.18066         1.27768         0.90517         5.10753        14.69907         0.00000       210.84110
        83.00000      1922.98143      2218.45886        97.95553       506.70045       485.21825         1.56402         1.22863       585.24924         1.27599         0.90324         5.12180        14.74485         0.00000       212.05027
        84.00000      1942.71619      2224.21091        97.75938       510.14367       488.61910         1.55421         1.22836       587.30391         1.27432         0.90132         5.13597        14.79051         0.00000       213.25339
        85.00000      1962.45096      2229.94099        97.56490       513.58325       492.01633         1.54454         1.22810       589.34488         1.27267         0.89941         5.15005        14.83606         0.00000       214.45052
        86.00000      1982.04577      2235.64949        97.37206       517.01924       495.40998         1.53502         1.22784       591.37237         1.27104         0.89752         5.16404        14.88150         0.00000       215.64175
        87.00000      2001.53363      2241.33676        97.18085       520.45169       498.80009         1.52564         1.22758       593.38658         1.26942         0.89564         5.17793        14.92682         0.00000       216.82714
        88.00000      2021.02148      2247.00315        96.99123       523.88064       502.18672         1.51639         1.22733       595.38773         1.26782         0.89378         5.19174        14.97204         0.00000       218.00677
        89.00000      2040.50934      2252.64901        96.80318       527.30615       505.56990         1.50728         1.22708       597.37600         1.26624         0.89193         5.20546        15.01716         0.00000       219.18070
        90.00000      2059.99719      2258.27456        96.61669       530.72824       508.94968         1.49830         1.22684       599.35161         1.26468         0.89009         5.21909        15.06217         0.00000       220.34901
        91.00000      2079.37392      2263.88013        96.43173       534.14696       512.32611         1.48945         1.22660       601.31473         1.26313         0.88827         5.23264        15.10708         0.00000       221.51175
        92.00000      2098.60653      2269.46771        96.24827       537.56213       515.69899         1.48072         1.22636       603.26552         1.26159         0.88646         5.24611        15.15190         0.00000       222.66904
        93.00000      2117.83915      2275.03307        96.06630       540.97441       519.06899         1.47211         1.22613       605.20426         1.26008         0.88466         5.25950        15.19660         0.00000       223.82084
        94.00000      2137.07176      2280.58015        95.88580       544.38328       522.43559         1.46363         1.22589       607.13104         1.25858         0.88288         5.27280        15.24121         0.00000       224.96730
        95.00000      2156.30438      2286.10816        95.70675       547.78894       525.79899         1.45526         1.22567       609.04606         1.25709         0.88111         5.28603        15.28572         0.00000       226.10845
        96.00000      2175.47443      2291.61731        95.52913       551.19143       529.15924         1.44701         1.22544       610.94950         1.25562         0.87935         5.29917        15.33013         0.00000       227.24436
        97.00000      2194.44184      2297.10776        95.35292       554.59078       532.51636         1.43887         1.22522       612.84151         1.25416         0.87761         5.31224        15.37445         0.00000       228.37509
        98.00000      2213.40925      2302.57969        95.17809       557.98703       535.87040         1.43083         1.22501       614.72226         1.25272         0.87588         5.32523        15.41867         0.00000       229.50070
        99.00000      2232.37665      2308.03322        95.00464       561.38022       539.22140         1.42291         1.22479       616.59191         1.25130         0.87416         5.33815        15.46280         0.00000       230.62124
       100.00000      2251.34406      2313.46849        94.83254       564.77038       542.56938         1.41509         1.22458       618.45062         1.24988         0.87245         5.35100        15.50683         0.00000       231.73678
       101.00000      2270.31147      2318.88562        94.66178       568.15754       545.91439         1.40738         1.22437       620.29855         1.24848         0.87076         5.36377        15.55076         0.00000       232.84736
       102.00000      2289.01274      2324.28471        94.49234       571.54174       549.25645         1.39976         1.22417       622.13583         1.24710         0.86908         5.37647        15.59460         0.00000       233.95305
       103.00000      2307.70399      2329.66584        94.32419       574.92300       552.59560         1.39224         1.22397       623.96263         1.24572         0.86741         5.38910        15.63835         0.00000       235.05390
       104.00000      2326.39524      2335.02911        94.15734       578.30137       555.93188         1.38482         1.22377       625.77908         1.24436         0.86575         5.40166        15.68201         0.00000       236.14996
       105.00000      2345.08649      2340.37458        93.99175       581.67687       559.26532         1.37750         1.22357       627.58532         1.24302         0.86410         5.41415        15.72556         0.00000       237.24129
       106.00000      2363.77773      2345.70233        93.82741       585.04953       562.59595         1.37027         1.22337       629.38149         1.24168         0.86247         5.42657        15.76903         0.00000       238.32793
       107.00000      2382.29127      2351.01239        93.66431       588.41938       565.92379         1.36313         1.22318       631.16773         1.24036         0.86085         5.43893        15.81240         0.00000       239.40994
       108.00000      2400.69289      2356.30483        93.50243       591.78645       569.24889         1.35607         1.22299       632.94417         1.23905         0.85924         5.45122        15.85568         0.00000       240.48737
       109.00000      2419.09451      2361.57967        93.34176       595.15077       572.57127         1.34911         1.22281       634.71095         1.23776         0.85764         5.46345        15.89886         0.00000       241.56027
       110.00000      2437.49614      2366.83695        93.18227       598.51237       575.89096         1.34223         1.22262       636.46818         1.23647         0.85605         5.47561        15.94194         0.00000       242.62869
       111.00000      2455.89776      2372.07669        93.02397       601.87127       579.20800         1.33543         1.22244       638.21599         1.23520         0.85448         5.48771        15.98493         0.00000       243.69267
       112.00000      2474.24475      2377.29891        92.86682       605.22750       582.52240         1.32872         1.22226       639.95450         1.23394         0.85291         5.49974        16.02783         0.00000       244.75226
       113.00000      2492.34170      2382.50368        92.71082       608.58109       585.83421         1.32209         1.22208       641.68384         1.23269         0.85136         5.51172        16.07063         0.00000       245.80750
       114.00000      2510.43864      2387.69086        92.55595       611.93206       589.14344         1.31554         1.22191       643.40413         1.23145         0.84981         5.52363        16.11333         0.00000       246.85847
       115.00000      2528.53558      2392.86059        92.40221       615.28045       592.45012         1.30906         1.22173       645.11547         1.23022         0.84828         5.53548        16.15593         0.00000       247.90519
       116.00000      2546.63253      2398.01284        92.24956       618.62626       595.75429         1.30266         1.22156       646.81798         1.22900         0.84676         5.54728        16.19844         0.00000       248.94769
       117.00000      2564.72947      2403.14916        92.09800       621.96954       599.05595         1.29634         1.22139       648.51174         1.22779         0.84525         5.55901        16.24086         0.00000       249.98604
       118.00000      2582.61700      2408.26486        91.94754       625.31030       602.35517         1.29009         1.22123       650.19695         1.22660         0.84375         5.57069        16.28316         0.00000       251.02027
       119.00000      2600.39350      2413.36464        91.79814       628.64856       605.65194         1.28391         1.22106       651.87363         1.22541         0.84226         5.58231        16.32538         0.00000       252.05043
       120.00000      2618.17000      2419.38362        91.63290       631.76265       608.74960         1.27739         1.22086       653.52558         1.22322         0.84079         5.59377        16.37489         0.00000       253.06718
       121.00000      2635.94650      2440.91601        91.18670       631.15887       608.55318         1.26389         1.22001       654.89958         1.20409         0.83958         5.60329        16.54698         0.00000       253.92337
       122.00000      2653.72300      2469.34851        90.61184       628.89030       606.88438         1.24709         1.21884       656.14732         1.17748         0.83847         5.61194        16.77367         0.00000       254.70303
       123.00000      2671.49146      2500.81212        89.97397       625.88583       604.56094         1.22883         1.21751       657.33652         1.14782         0.83742         5.62019        17.02442         0.00000       255.44303
       124.00000      2688.98186      2505.69688        89.82802       629.14585       607.79935         1.22270         1.21733       658.97978         1.14635         0.83598         5.63159        17.06524         0.00000       256.45491
       125.00000      2706.47225      2510.56421        89.68306       632.40332       611.03515         1.21664         1.21715       660.61505         1.14490         0.83454         5.64293        17.10596         0.00000       257.46298
       126.00000      2723.96264      2515.41422        89.53909       635.65829       614.26838         1.21066         1.21698       662.24243         1.14346         0.83311         5.65422        17.14657         0.00000       258.46729
       127.00000      2741.44849      2520.24664        89.39606       638.91093       617.49916         1.20475         1.21680       663.86200         1.14203         0.83169         5.66546        17.18709         0.00000       259.46754
       128.00000      2758.76354      2525.05956        89.25401       642.16099       620.72731         1.19890         1.21663       665.47390         1.14062         0.83028         5.67665        17.22748         0.00000       260.46408
       129.00000      2776.00929      2529.85649        89.11291       645.40864       623.95298         1.19313         1.21646       667.07814         1.13922         0.82888         5.68779        17.26779         0.00000       261.45698
       130.00000      2793.08810      2534.63648        88.97274       648.65384       627.17616         1.18742         1.21630       668.67485         1.13783         0.82749         5.69887        17.30799         0.00000       262.44626
       131.00000      2810.16691      2539.39957        88.83350       651.89664       630.39687         1.18178         1.21613       670.26409         1.13646         0.82610         5.70991        17.34810         0.00000       263.43197
       132.00000      2827.24572      2544.14584        88.69517       655.13703       633.61513         1.17620         1.21597       671.84596         1.13510         0.82473         5.72090        17.38810         0.00000       264.41414
       133.00000      2844.32452      2548.87539        88.55775       658.37506       636.83097         1.17068         1.21581       673.42054         1.13375         0.82337         5.73184        17.42801         0.00000       265.39279
       134.00000      2861.40333      2553.58829        88.42123       661.61072       640.04440         1.16523         1.21565       674.98791         1.13241         0.82201         5.74273        17.46782         0.00000       266.36797
       135.00000      2878.36916      2558.28462        88.28559       664.84404       643.25544         1.15984         1.21550       676.54814         1.13109         0.82067         5.75357        17.50753         0.00000       267.33971
       136.00000      2895.19009      2562.96445        88.15082       668.07505       646.46413         1.15450         1.21534       678.10132         1.12977         0.81933         5.76436        17.54715         0.00000       268.30804
       137.00000      2912.01101      2567.62783        88.01693       671.30375       649.67047         1.14923         1.21519       679.64751         1.12847         0.81800         5.77511        17.58667         0.00000       269.27298
       138.00000      2928.83193      2572.27486        87.88389       674.53017       652.87449         1.14401         1.21504       681.18681         1.12718         0.81668         5.78581        17.62609         0.00000       270.23458
       139.00000      2945.65286      2576.90559        87.75169       677.75432       656.07621         1.13885         1.21489       682.71928         1.12590         0.81537         5.79647        17.66541         0.00000       271.19286
       140.00000      2962.47378      2581.52003        87.62033       680.97622       659.27564         1.13375         1.21474       684.24499         1.12464         0.81407         5.80708        17.70463         0.00000       272.14786
         0.00000        -0.00000      1546.67962       155.12109        98.31417        91.97170         4.26926         1.25900       317.34923         1.04436         0.88713         3.24334         9.66892         0.00000        72.98437
         1.00000        36.28228      1561.62487       153.25985       104.54179        98.24726         3.98526         1.25258       323.08741         1.02946         0.91071         3.28596         9.78978         0.00000        75.25520
         2.00000        66.34476      1577.41447       151.61215       111.15412       104.91505         3.71687         1.24714       328.60579         1.01428         0.93051         3.32670         9.91554         0.00000        77.46359
         3.00000        96.41489      1592.47806       150.14669       117.06367       110.90146         3.49485         1.24254       334.01243         0.99838         0.94748         3.36641        10.03426         0.00000        79.65029
         4.00000       126.47625      1606.34077       148.84834       122.31794       116.25664         3.30648         1.23850       339.34102         0.98162         0.96207         3.40537        10.14243         0.00000        81.82742
         5.00000       156.54183      1619.31036       147.63229       127.32663       121.36551         3.14126         1.23494       344.57788         0.96560         0.97457         3.44348        10.24263         0.00000        83.98809
         6.00000       186.60540      1631.54238       146.47968       132.17840       126.31429         2.99399         1.23176       349.71919         0.95039         0.98522         3.48075        10.33623         0.00000        86.12937
         7.00000       216.66896      1643.14038       145.37899       136.92376       131.15217         2.86136         1.22891       354.76442         0.93599         0.99427         3.51718        10.42420         0.00000        88.24969
         8.00000       246.00169      1654.17332       144.32224       141.59362       135.90933         2.74106         1.22633       359.71501         0.92242         1.00192         3.55281        10.50719         0.00000        90.34838
         9.00000       275.15035      1664.68729       143.30284       146.21039       140.60750         2.63142         1.22400       364.57352         0.90967         1.00836         3.58766        10.58566         0.00000        92.42532
        10.00000       304.12654      1678.50970       142.14373       151.81628       145.56058         2.68542         1.22744       369.15338         0.95345         1.01352         3.62042        10.68990         0.00000        94.39864
        11.00000       332.88900      1688.55529       141.19261       156.21994       150.03438         2.59168         1.22539       373.81797         0.94209         1.01797         3.65370        10.76408         0.00000        96.42376
        12.00000       361.53749      1698.03160       140.25640       160.64841       154.53577         2.50263         1.22343       378.40705         0.93080         1.02160         3.68636        10.83358         0.00000        98.43101
        13.00000       389.98609      1706.76335       139.31326       165.16781       159.13735         2.41582         1.22146       382.93238         0.91906         1.02452         3.71850        10.89706         0.00000       100.42473
        14.00000       417.29753      1761.11013       132.66414       196.93004       187.72333         2.55250         1.23434       385.25343         1.09102         1.02579         3.73494        11.32031         0.00000       101.45280
        15.00000       443.99125      1766.03880       131.49995       203.56451       194.59667         2.43749         1.23084       389.80922         1.07056         1.02783         3.76719        11.35358         0.00000       103.48147
        16.00000       470.32792      1773.62725       130.68770       208.40827       199.58777         2.35918         1.22861       394.15099         1.05618         1.02927         3.79786        11.40778         0.00000       105.42787
        17.00000       496.56087      1782.53176       130.06787       212.36164       203.61355         2.30272         1.22715       398.34926         1.04671         1.03023         3.82746        11.47235         0.00000       107.32194
        18.00000       522.40358      1804.44119       128.69023       221.64619       213.20520         2.15846         1.22316       401.90726         1.01650         1.03074         3.85251        11.63949         0.00000       108.93594
        19.00000       548.18742      1834.32150       126.80709       235.04863       227.16340         1.95628         1.21733       405.06728         0.96732         1.03097         3.87472        11.86946         0.00000       110.37605
        20.00000       573.57014      1841.81386       126.27279       239.05084       231.23384         1.91365         1.21625       409.12167         0.95914         1.03098         3.90319        11.92291         0.00000       112.23423
        21.00000       598.92253      1863.01496       125.28633       245.64958       237.58798         1.88812         1.21657       412.53754         0.96461         1.03075         3.92715        12.08447         0.00000       113.80799
        22.00000       624.04227      1879.38104       124.21076       252.47294       244.03237         1.88132         1.21795       416.09802         0.97825         1.03030         3.95209        12.20796         0.00000       115.45640
        23.00000       649.12026      1883.97324       122.73037       260.28458       250.98939         1.93012         1.22260       420.07443         1.01846         1.02955         3.97991        12.23872         0.00000       117.30699
        24.00000       673.78483      1847.82349       114.10831       293.56690       274.28637         2.66229         1.26045       425.57452         1.42889         1.02813         4.01835        11.94877         0.00000       125.61846
        25.00000       696.50299      1856.70074       113.72168       297.41024       278.08309         2.62727         1.25951       429.22558         1.42477         1.02695         4.04383        12.01358         0.00000       127.42332
        26.00000       719.22116      1865.48025       113.34124       301.24003       281.86623         2.59336         1.25860       432.82328         1.42075         1.02563         4.06891        12.07772         0.00000       129.21037
        27.00000       741.81150      1874.16382       112.96680       305.05676       285.63630         2.56049         1.25772       436.36948         1.41682         1.02417         4.09361        12.14120         0.00000       130.98015
        28.00000       764.39099      1882.75414       112.59817       308.86089       289.39380         2.52862         1.25686       439.86594         1.41297         1.02260         4.11795        12.20406         0.00000       132.73313
        29.00000       786.82469      1891.25377       112.23517       312.65289       293.13920         2.49770         1.25603       443.31431         1.40921         1.02092         4.14193        12.26632         0.00000       134.46975
        30.00000       809.19806      1899.66519       111.87763       316.43317       296.87291         2.46768         1.25522       446.71616         1.40552         1.01915         4.16557        12.32799         0.00000       136.19043
        31.00000       831.57144      1907.99068       111.52539       320.20213       300.59536         2.43853         1.25443       450.07298         1.40191         1.01730         4.18888        12.38910         0.00000       137.89558
        32.00000       853.94481      1916.23270       111.17829       323.96013       304.30692         2.41019         1.25367       453.38617         1.39837         1.01538         4.21188        12.44966         0.00000       139.58558
        33.00000       876.25551      1924.39336       110.83618       327.70752       308.00794         2.38264         1.25293       456.65708         1.39490         1.01339         4.23457        12.50971         0.00000       141.26082
        34.00000       898.36522      1932.47481       110.49893       331.44465       311.69877         2.35583         1.25220       459.88699         1.39150         1.01135         4.25696        12.56924         0.00000       142.92165
        35.00000       920.47493      1940.47949       110.16639       335.17172       315.37962         2.32975         1.25149       463.07710         1.38816         1.00926         4.27906        12.62829         0.00000       144.56841
        36.00000       942.58464      1948.40824       109.83844       338.88933       319.05110         2.30435         1.25080       466.22861         1.38489         1.00712         4.30089        12.68686         0.00000       146.20143
        37.00000       964.69435      1956.26392       109.51495       342.59741       322.71314         2.27961         1.25013       469.34260         1.38167         1.00495         4.32244        12.74497         0.00000       147.82106
        38.00000       986.62271      1964.04877       109.19580       346.29648       326.36626         2.25550         1.24948       472.42011         1.37852         1.00275         4.34374        12.80263         0.00000       149.42752
        39.00000      1008.47872      1971.76375       108.88088       349.98664       330.01057         2.23200         1.24884       475.46218         1.37542         1.00052         4.36478        12.85987         0.00000       151.02118
        40.00000      1030.33473      1979.41077       108.57007       353.66821       333.64638         2.20907         1.24821       478.46977         1.37237         0.99827         4.38557        12.91668         0.00000       152.60229
        41.00000      1052.19073      1986.99184       108.26328       357.34138       337.27390         2.18671         1.24760       481.44379         1.36938         0.99600         4.40613        12.97309         0.00000       154.17113
        42.00000      1074.01237      1994.50856       107.96039       361.00639       340.89335         2.16488         1.24701       484.38513         1.36643         0.99371         4.42645        13.02910         0.00000       155.72797
        43.00000      1095.62184      2001.96246       107.66131       364.66344       344.50494         2.14358         1.24642       487.29464         1.36354         0.99141         4.44655        13.08474         0.00000       157.27304
        44.00000      1117.23130      2009.35546       107.36594       368.31272       348.10886         2.12276         1.24585       490.17312         1.36070         0.98910         4.46643        13.14000         0.00000       158.80661
        45.00000      1138.84077      2016.68826       107.07420       371.95449       351.70536         2.10243         1.24530       493.02138         1.35790         0.98678         4.48609        13.19490         0.00000       160.32888
        46.00000      1160.45023      2023.96319       106.78599       375.58885       355.29456         2.08256         1.24475       495.84013         1.35514         0.98446         4.50554        13.24945         0.00000       161.84010
        47.00000      1181.93728      2031.18144       106.50124       379.21602       358.87666         2.06313         1.24422       498.63011         1.35243         0.98214         4.52480        13.30366         0.00000       163.34048
        48.00000      1203.30755      2038.34448       106.21985       382.83615       362.45181         2.04414         1.24369       501.39200         1.34977         0.97981         4.54385        13.35755         0.00000       164.83023
        49.00000      1224.67783      2045.45366       105.94176       386.44942       366.02019         2.02556         1.24318       504.12647         1.34714         0.97748         4.56271        13.41111         0.00000       166.30956
        50.00000      1246.04810      2052.51038       105.66689       390.05597       369.58194         2.00738         1.24268       506.83416         1.34455         0.97515         4.58139        13.46436         0.00000       167.77865
        51.00000      1267.41837      2059.51597       105.39516       393.65595       373.13722         1.98958         1.24219       509.51568         1.34201         0.97283         4.59988        13.51731         0.00000       169.23771
        52.00000      1288.59275      2066.47174       105.12650       397.24952       376.68616         1.97217         1.24171       512.17163         1.33950         0.97051         4.61819        13.56997         0.00000       170.68692
        53.00000      1309.72768      2073.37896       104.86084       400.83680       380.22889         1.95511         1.24124       514.80257         1.33702         0.96820         4.63633        13.62235         0.00000       172.12645
        54.00000      1330.86262      2080.23888       104.59813       404.41793       383.76555         1.93840         1.24078       517.40905         1.33459         0.96589         4.65429        13.67445         0.00000       173.55647
        55.00000      1351.99755      2087.05271       104.33829       407.99304       387.29627         1.92203         1.24032       519.99162         1.33219         0.96360         4.67209        13.72628         0.00000       174.97716
        56.00000      1373.10913      2093.82166       104.08127       411.56225       390.82116         1.90599         1.23988       522.55077         1.32982         0.96131         4.68973        13.77786         0.00000       176.38866
        57.00000      1394.01259      2100.54688       103.82700       415.12568       394.34034         1.89027         1.23944       525.08701         1.32749         0.95902         4.70721        13.82918         0.00000       177.79115
        58.00000      1414.91605      2107.22950       103.57543       418.68345       397.85392         1.87485         1.23901       527.60082         1.32519         0.95675         4.72453        13.88026         0.00000       179.18477
        59.00000      1435.81951      2113.87062       103.32651       422.23566       401.36201         1.85974         1.23859       530.09264         1.32292         0.95449         4.74170        13.93110         0.00000       180.56967
        60.00000      1456.72297      2120.47134       103.08017       425.78242       404.86471         1.84491         1.23818       532.56295         1.32068         0.95224         4.75872        13.98172         0.00000       181.94599
        61.00000      1477.55340      2127.66046       102.83296       429.26084       408.28157         1.83128         1.23787       534.99619         1.31879         0.95002         4.77549        14.03703         0.00000       183.30458
        62.00000      1498.22650      2134.18559       102.59175       432.79839       411.77522         1.81698         1.23747       537.42481         1.31661         0.94779         4.79222        14.08722         0.00000       184.66357
        63.00000      1518.89960      2140.67578       102.35300       436.33064       415.26363         1.80295         1.23708       539.83309         1.31445         0.94558         4.80881        14.13722         0.00000       186.01445
        64.00000      1539.57270      2147.12321       102.11662       439.85823       418.74742         1.78918         1.23670       542.22166         1.31233         0.94337         4.82527        14.18697         0.00000       187.35716
        65.00000      1560.24580      2153.53858       101.88261       443.38062       422.22607         1.77566         1.23632       544.59065         1.31023         0.94118         4.84159        14.23654         0.00000       188.69205
        66.00000      1580.80840      2159.91792       101.65090       446.89823       425.69999         1.76238         1.23595       546.94054         1.30816         0.93901         4.85778        14.28592         0.00000       190.01911
        67.00000      1601.25118      2166.26193       101.42144       450.41117       429.16927         1.74933         1.23559       549.27172         1.30611         0.93685         4.87384        14.33510         0.00000       191.33844
        68.00000      1621.69397      2172.57362       101.19421       453.91933       432.63382         1.73652         1.23523       551.58445         1.30410         0.93470         4.88977        14.38410         0.00000       192.65025
        69.00000      1642.13676      2178.85276       100.96916       457.42288       436.09380         1.72393         1.23488       553.87913         1.30210         0.93256         4.90558        14.43292         0.00000       193.95460
        70.00000      1662.57955      2185.10015       100.74626       460.92189       439.54928         1.71155         1.23453       556.15606         1.30013         0.93044         4.92127        14.48157         0.00000       195.25160
        71.00000      1682.88578      2191.31654       100.52546       464.41644       443.00032         1.69939         1.23419       558.41557         1.29819         0.92833         4.93684        14.53004         0.00000       196.54137
        72.00000      1703.09638      2197.50268       100.30672       467.90660       446.44701         1.68744         1.23386       560.65797         1.29627         0.92624         4.95229        14.57836         0.00000       197.82400
        73.00000      1723.30698      2203.66110       100.09002       471.39234       449.88932         1.67568         1.23353       562.88353         1.29437         0.92416         4.96762        14.62653         0.00000       199.09962
        74.00000      1743.51758      2209.78707        99.87532       474.87401       453.32757         1.66412         1.23321       565.09265         1.29249         0.92209         4.98285        14.67451         0.00000       200.36825
        75.00000      1763.72818      2215.88837        99.66257       478.35130       456.76148         1.65275         1.23289       567.28546         1.29064         0.92004         4.99796        14.72238         0.00000       201.63009
        76.00000      1783.78811      2221.95866        99.45177       481.82463       460.19146         1.64156         1.23258       569.46239         1.28881         0.91800         5.01296        14.77006         0.00000       202.88513
        77.00000      1803.76336      2228.00375        99.24286       485.29381       463.61730         1.63056         1.23227       571.62361         1.28700         0.91598         5.02786        14.81762         0.00000       204.13354
        78.00000      1823.73861      2234.02251        99.03582       488.75898       467.03915         1.61973         1.23197       573.76941         1.28521         0.91397         5.04265        14.86504         0.00000       205.37538
        79.00000      1843.71386      2240.01521        98.83061       492.22013       470.45702         1.60907         1.23167       575.90005         1.28344         0.91198         5.05734        14.91232         0.00000       206.61078
        80.00000      1863.68911      2245.98322        98.62722       495.67752       473.87111         1.59858         1.23137       578.01578         1.28169         0.91000         5.07192        14.95947         0.00000       207.83970
        81.00000      1883.51189      2251.92622        98.42561       499.13099       477.28133         1.58825         1.23109       580.11684         1.27996         0.90803         5.08641        15.00648         0.00000       209.06235
        82.00000      1903.24666      2257.84499        98.22575       502.58068       480.68777         1.57808         1.23080       582.20347         1.27825         0.90608         5.10080        15.05338         0.00000       210.27876
        83.00000      1922.98143      2263.73999        98.02762       506.02663       484.09049         1.56807         1.23052       584.27591         1.27656         0.90414         5.11509        15.10014         0.00000       211.48903
        84.00000      1942.71619      2269.61169        97.83119       509.46889       487.48953         1.55821         1.23025       586.33437         1.27489         0.90222         5.12928        15.14679         0.00000       212.69322
        85.00000      1962.45096      2275.46043        97.63643       512.90751       490.88496         1.54850         1.22998       588.37909         1.27323         0.90031         5.14339        15.19331         0.00000       213.89141
        86.00000      1982.04577      2281.28668        97.44332       516.34254       494.27680         1.53893         1.22971       590.41027         1.27160         0.89842         5.15740        15.23972         0.00000       215.08369
        87.00000      2001.53363      2287.09082        97.25184       519.77403       497.66511         1.52950         1.22945       592.42813         1.26998         0.89653         5.17132        15.28602         0.00000       216.27011
        88.00000      2021.02148      2292.87318        97.06196       523.20202       501.04994         1.52022         1.22919       594.43287         1.26838         0.89467         5.18515        15.33220         0.00000       217.45075
        89.00000      2040.50934      2298.63411        96.87365       526.62655       504.43133         1.51106         1.22893       596.42470         1.26679         0.89281         5.19889        15.37827         0.00000       218.62568
        90.00000      2059.99719      2304.37393        96.68691       530.04767       507.80932         1.50204         1.22868       598.40381         1.26522         0.89097         5.21255        15.42423         0.00000       219.79498
        91.00000      2079.37392      2310.09290        96.50169       533.46542       511.18395         1.49315         1.22844       600.37038         1.26367         0.88915         5.22613        15.47008         0.00000       220.95870
        92.00000      2098.60653      2315.79134        96.31799       536.87985       514.55527         1.48438         1.22819       602.32462         1.26214         0.88733         5.23962        15.51583         0.00000       222.11692
        93.00000      2117.83915      2321.46950        96.13578       540.29099       517.92332         1.47574         1.22795       604.26670         1.26062         0.88553         5.25302        15.56147         0.00000       223.26970
        94.00000      2137.07176      2327.12839        95.95504       543.69881       521.28807         1.46721         1.22772       606.19679         1.25911         0.88374         5.26635        15.60702         0.00000       224.41711
        95.00000      2156.30438      2332.76666        95.77575       547.10350       524.64969         1.45881         1.22748       608.11509         1.25762         0.88197         5.27960        15.65245         0.00000       225.55920
        96.00000      2175.47443      2338.38531        95.59789       550.50501       528.00816         1.45052         1.22725       610.02176         1.25615         0.88021         5.29276        15.69779         0.00000       226.69603
        97.00000      2194.44184      2343.98450        95.42144       553.90339       531.36351         1.44234         1.22703       611.91697         1.25469         0.87846         5.30585        15.74302         0.00000       227.82768
        98.00000      2213.40925      2349.56449        95.24638       557.29867       534.71578         1.43427         1.22680       613.80088         1.25325         0.87672         5.31887        15.78815         0.00000       228.95420
        99.00000      2232.37665      2355.12546        95.07270       560.69088       538.06501         1.42631         1.22658       615.67365         1.25182         0.87500         5.33181        15.83318         0.00000       230.07563
       100.00000      2251.34406      2360.66747        94.90037       564.08007       541.41123         1.41846         1.22637       617.53544         1.25040         0.87329         5.34467        15.87812         0.00000       231.19206
       101.00000      2270.31147      2366.19070        94.72938       567.46625       544.75447         1.41071         1.22615       619.38640         1.24900         0.87159         5.35747        15.92296         0.00000       232.30353
       102.00000      2289.01274      2371.69526        94.55971       570.84948       548.09478         1.40306         1.22594       621.22668         1.24761         0.86991         5.37019        15.96769         0.00000       233.41009
       103.00000      2307.70399      2377.18128        94.39134       574.22978       551.43218         1.39552         1.22573       623.05644         1.24624         0.86823         5.38283        16.01233         0.00000       234.51180
       104.00000      2326.39524      2382.64886        94.22426       577.60717       554.76671         1.38806         1.22553       624.87582         1.24487         0.86657         5.39541        16.05688         0.00000       235.60872
       105.00000      2345.08649      2388.09810        94.05845       580.98170       558.09840         1.38071         1.22532       626.68495         1.24352         0.86492         5.40792        16.10132         0.00000       236.70090
       106.00000      2363.77773      2393.52907        93.89389       584.35340       561.42728         1.37344         1.22512       628.48397         1.24219         0.86329         5.42037        16.14567         0.00000       237.78839
       107.00000      2382.29127      2398.94185        93.73057       587.72228       564.75339         1.36627         1.22493       630.27303         1.24086         0.86166         5.43274        16.18992         0.00000       238.87124
       108.00000      2400.69289      2404.33651        93.56847       591.08839       568.07675         1.35919         1.22473       632.05226         1.23955         0.86005         5.44505        16.23407         0.00000       239.94951
       109.00000      2419.09451      2409.71310        93.40757       594.45175       571.39740         1.35220         1.22454       633.82178         1.23825         0.85844         5.45729        16.27813         0.00000       241.02323
       110.00000      2437.49614      2415.07169        93.24787       597.81239       574.71536         1.34529         1.22435       635.58172         1.23696         0.85685         5.46947        16.32208         0.00000       242.09247
       111.00000      2455.89776      2420.41228        93.08934       601.17033       578.03067         1.33847         1.22416       637.33222         1.23569         0.85527         5.48159        16.36594         0.00000       243.15727
       112.00000      2474.24475      2425.73498        92.93198       604.52561       581.34335         1.33173         1.22398       639.07338         1.23442         0.85370         5.49364        16.40971         0.00000       244.21768
       113.00000      2492.34170      2431.04132        92.77576       607.87818       584.65335         1.32507         1.22379       640.80531         1.23317         0.85215         5.50563        16.45338         0.00000       245.27372
       114.00000      2510.43864      2436.32670        92.62067       611.22827       587.96095         1.31849         1.22361       642.52820         1.23193         0.85060         5.51756        16.49694         0.00000       246.32549
       115.00000      2528.53558      2441.59683        92.46670       614.57568       591.26589         1.31199         1.22344       644.24208         1.23070         0.84906         5.52944        16.54041         0.00000       247.37301
       116.00000      2546.63253      2446.84957        92.31384       617.92060       594.56837         1.30556         1.22326       645.94708         1.22948         0.84754         5.54125        16.58379         0.00000       248.41627
       117.00000      2564.72947      2452.08202        92.16207       621.26290       597.86832         1.29921         1.22309       647.64338         1.22827         0.84602         5.55300        16.62705         0.00000       249.45543
       118.00000      2582.61700      2457.29900        92.01137       624.60278       601.16586         1.29294         1.22292       649.33099         1.22707         0.84452         5.56469        16.67023         0.00000       250.49041
       119.00000      2600.39350      2462.49499        91.86176       627.94001       604.46086         1.28674         1.22275       651.01013         1.22588         0.84303         5.57633        16.71328         0.00000       251.52137
       120.00000      2618.17000      2467.67729        91.71318       631.27497       607.75359         1.28060         1.22258       652.68077         1.22471         0.84154         5.58791        16.75626         0.00000       252.54823
       121.00000      2635.94650      2478.12592        91.47210       633.37090       609.94969         1.27225         1.22220       654.25074         1.21792         0.84015         5.59879        16.84088         0.00000       253.51748
       122.00000      2653.72300      2502.66015        90.98024       632.13656       609.20309         1.25762         1.22122       655.56744         1.19607         0.83899         5.60792        17.03683         0.00000       254.33842
       123.00000      2671.49146      2533.63449        90.36981       629.38910       607.11935         1.24001         1.21994       656.76574         1.16754         0.83793         5.61623        17.28375         0.00000       255.08648
       124.00000      2688.98186      2557.11067        89.88896       628.36355       606.55938         1.22567         1.21895       658.08872         1.14695         0.83676         5.62541        17.47154         0.00000       255.90608
       125.00000      2706.47225      2562.07355        89.74378       631.62059       609.79440         1.21958         1.21877       659.72648         1.14549         0.83532         5.63677        17.51310         0.00000       256.91476
       126.00000      2723.96264      2567.01693        89.59959       634.87507       613.02680         1.21357         1.21859       661.35634         1.14405         0.83389         5.64808        17.55454         0.00000       257.91960
       127.00000      2741.44849      2571.94343        89.45635       638.12712       616.25669         1.20763         1.21841       662.97836         1.14262         0.83246         5.65933        17.59589         0.00000       258.92072
       128.00000      2758.76354      2576.85243        89.31409       641.37668       619.48403         1.20176         1.21824       664.59263         1.14120         0.83105         5.67053        17.63713         0.00000       259.91814
       129.00000      2776.00929      2581.74396        89.17277       644.62379       622.70886         1.19596         1.21806       666.19924         1.13979         0.82964         5.68169        17.67828         0.00000       260.91191
       130.00000      2793.08810      2586.61812        89.03239       647.86847       625.93119         1.19022         1.21789       667.79829         1.13840         0.82825         5.69279        17.71932         0.00000       261.90206
       131.00000      2810.16691      2591.47502        88.89293       651.11074       629.15106         1.18455         1.21772       669.38986         1.13703         0.82686         5.70384        17.76026         0.00000       262.88862
       132.00000      2827.24572      2596.31476        88.75440       654.35061       632.36847         1.17895         1.21756       670.97402         1.13566         0.82549         5.71484        17.80109         0.00000       263.87163
       133.00000      2844.32452      2601.13743        88.61677       657.58811       635.58346         1.17341         1.21739       672.55087         1.13431         0.82412         5.72579        17.84183         0.00000       264.85112
       134.00000      2861.40333      2605.94311        88.48004       660.82326       638.79605         1.16793         1.21723       674.12048         1.13297         0.82276         5.73670        17.88247         0.00000       265.82712
       135.00000      2878.36916      2610.73189        88.34419       664.05607       642.00625         1.16251         1.21707       675.68294         1.13164         0.82141         5.74756        17.92301         0.00000       266.79968
       136.00000      2895.19009      2615.50384        88.20923       667.28656       645.21409         1.15715         1.21691       677.23832         1.13032         0.82007         5.75837        17.96345         0.00000       267.76881
       137.00000      2912.01101      2620.25905        88.07512       670.51476       648.41959         1.15185         1.21675       678.78669         1.12902         0.81874         5.76913        18.00379         0.00000       268.73456
       138.00000      2928.83193      2624.99760        87.94188       673.74067       651.62277         1.14661         1.21659       680.32814         1.12772         0.81742         5.77984        18.04403         0.00000       269.69696
       139.00000      2945.65286      2629.71958        87.80948       676.96432       654.82364         1.14143         1.21644       681.86274         1.12644         0.81610         5.79052        18.08417         0.00000       270.65603
       140.00000      2962.47378      2634.42505        87.67792       680.18572       658.02224         1.13630         1.21629       683.39056         1.12517         0.81480         5.80114        18.12421         0.00000       271.61180
         0.00000        -0.00000      1577.19777       155.27923        97.48002        90.96370         4.33155         1.26272       315.36533         1.04859         0.87820         3.22854         9.90580         0.00000        72.20537
         1.00000        36.28228      1592.83463       153.45606       103.75247        97.30194         4.03189         1.25584       321.11593         1.03227         0.90297         3.27134        10.03294         0.00000        74.47205
         2.00000        66.34476      1608.93929       151.84008       110.20370       103.82727         3.75769         1.25008       326.66840         1.01579         0.92386         3.31242        10.16188         0.00000        76.68555
         3.00000        96.41489      1624.53183       150.32732       116.32286       110.01240         3.52866         1.24529       332.09473         1.00065         0.94172         3.35235        10.28533         0.00000        78.87210
         4.00000       126.47625      1638.81201       149.01649       121.61537       115.40830         3.33601         1.24107       337.44918         0.98377         0.95712         3.39155        10.39725         0.00000        81.05198
         5.00000       156.54183      1652.16325       147.79027       126.65185       120.54762         3.16744         1.23736       342.71297         0.96763         0.97032         3.42992        10.50083         0.00000        83.21627
         6.00000       186.60540      1664.74560       146.62908       131.52455       125.52004         3.01747         1.23405       347.88178         0.95230         0.98159         3.46744        10.59749         0.00000        85.36185
         7.00000       216.66896      1676.66790       145.52088       136.28677       130.37742         2.88258         1.23109       352.95466         0.93780         0.99118         3.50412        10.68825         0.00000        87.48696
         8.00000       246.00169      1688.00304       144.45734       140.97119       135.15164         2.76036         1.22841       357.93277         0.92412         0.99930         3.53999        10.77380         0.00000        89.59079
         9.00000       275.15035      1698.80002       143.43159       145.60136       139.86547         2.64907         1.22599       362.81849         0.91129         1.00615         3.57508        10.85463         0.00000        91.67311
        10.00000       304.12654      1709.08789       142.43657       150.19931       144.53977         2.54744         1.22379       367.61508         0.89934         1.01188         3.60943        10.93107         0.00000        93.73417
        11.00000       332.88900      1723.16882       141.31511       155.65810       149.33108         2.60642         1.22735       372.11409         0.94336         1.01644         3.64155        11.03715         0.00000        95.68224
        12.00000       361.53749      1732.86509       140.37089       160.10214       153.85093         2.51603         1.22531       376.72958         0.93193         1.02035         3.67443        11.10841         0.00000        97.69559
        13.00000       389.98609      1741.77174       139.41616       164.64943       158.48451         2.42759         1.22325       381.28244         0.91997         1.02353         3.70679        11.17326         0.00000        99.69618
        14.00000       417.29753      1796.70149       132.75123       196.40792       186.99897         2.56440         1.23646       383.58440         1.09205         1.02490         3.72311        11.60119         0.00000       100.71318
        15.00000       443.99125      1801.36624       131.51903       203.36168       194.21934         2.44202         1.23263       388.18860         1.07007         1.02717         3.75572        11.63234         0.00000       102.75824
        16.00000       470.32792      1810.01759       130.80062       207.72278       198.69461         2.37288         1.23070       392.51503         1.05793         1.02878         3.78630        11.69489         0.00000       104.69299
        17.00000       496.56087      1819.14828       130.17824       211.67988       202.72631         2.31574         1.22919       396.73469         1.04840         1.02991         3.81608        11.76119         0.00000       106.59212
        18.00000       522.40358      1834.17518       129.22411       218.00322       209.22483         2.22078         1.22658       400.61668         1.03004         1.03059         3.84342        11.87400         0.00000       108.34961
        19.00000       548.18742      1872.34107       126.90201       234.33787       226.26644         1.96658         1.21907       403.43414         0.96880         1.03088         3.86324        12.16932         0.00000       109.63060
        20.00000       573.57014      1880.02208       126.36571       238.34329       230.34201         1.92350         1.21797       407.51045         0.96057         1.03101         3.89188        12.22418         0.00000       111.49450
        21.00000       598.92253      1894.54602       125.61769       243.59458       235.51366         1.88899         1.21753       411.22743         0.95876         1.03086         3.91796        12.33305         0.00000       113.20351
        22.00000       624.04227      1910.31224       123.91845       252.72551       243.70670         1.93505         1.22246       414.83196         1.00112         1.03048         3.94322        12.45175         0.00000       114.86931
        23.00000       649.12026      1922.49990       122.84902       259.42957       249.94456         1.93774         1.22432       418.52392         1.01867         1.02987         3.96907        12.54230         0.00000       116.58419
        24.00000       673.78483      1884.64440       114.22011       292.90464       273.21728         2.67365         1.26320       424.13615         1.43003         1.02854         4.00830        12.23871         0.00000       124.91578
        25.00000       696.50299      1893.72701       113.83222       296.74902       277.01407         2.63833         1.26223       427.80175         1.42590         1.02743         4.03389        12.30506         0.00000       126.72448
        26.00000       719.22116      1902.70947       113.45057       300.57974       280.79715         2.60413         1.26129       431.41349         1.42186         1.02617         4.05908        12.37071         0.00000       128.51527
        27.00000       741.81150      1911.59363       113.07494       304.39726       284.56705         2.57099         1.26038       434.97327         1.41791         1.02476         4.08389        12.43570         0.00000       130.28869
        28.00000       764.39099      1920.38226       112.70516       308.20210       288.32425         2.53886         1.25950       438.48285         1.41404         1.02324         4.10832        12.50004         0.00000       132.04521
        29.00000       786.82469      1929.07799       112.34104       311.99469       292.06925         2.50769         1.25864       441.94393         1.41026         1.02160         4.13240        12.56375         0.00000       133.78528
        30.00000       809.19806      1937.68294       111.98241       315.77542       295.80244         2.47743         1.25781       445.35810         1.40656         1.01987         4.15613        12.62687         0.00000       135.50935
        31.00000       831.57144      1946.20085       111.62911       319.54482       299.52433         2.44805         1.25700       448.72682         1.40293         1.01805         4.17953        12.68942         0.00000       137.21776
        32.00000       853.94481      1954.63275       111.28097       323.30315       303.23522         2.41949         1.25622       452.05157         1.39937         1.01616         4.20261        12.75141         0.00000       138.91097
        33.00000       876.25551      1962.98166       110.93786       327.05065       306.93535         2.39173         1.25545       455.33368         1.39589         1.01420         4.22539        12.81286         0.00000       140.58933
        34.00000       898.36522      1971.24916       110.59963       330.78808       310.62547         2.36473         1.25470       458.57447         1.39247         1.01219         4.24786        12.87379         0.00000       142.25319
        35.00000       920.47493      1979.43743       110.26614       334.51541       314.30559         2.33845         1.25398       461.77517         1.38912         1.01012         4.27004        12.93421         0.00000       143.90293
        36.00000       942.58464      1987.54900       109.93726       338.23298       317.97603         2.31287         1.25327       464.93694         1.38583         1.00801         4.29194        12.99415         0.00000       145.53886
        37.00000       964.69435      1995.58561       109.61287       341.94111       321.63712         2.28795         1.25258       468.06090         1.38261         1.00586         4.31357        13.05362         0.00000       147.16129
        38.00000       986.62271      2003.54898       109.29284       345.64007       325.28913         2.26367         1.25190       471.14813         1.37944         1.00367         4.33494        13.11263         0.00000       148.77054
        39.00000      1008.47872      2011.44129       108.97705       349.33017       328.93238         2.24000         1.25124       474.19964         1.37632         1.00146         4.35604        13.17121         0.00000       150.36689
        40.00000      1030.33473      2019.26423       108.66541       353.01157       332.56703         2.21692         1.25060       477.21642         1.37327         0.99922         4.37691        13.22935         0.00000       151.95065
        41.00000      1052.19073      2027.01952       108.35779       356.68455       336.19335         2.19440         1.24997       480.19938         1.37026         0.99696         4.39753        13.28707         0.00000       153.52207
        42.00000      1074.01237      2034.70887       108.05411       360.34933       339.81157         2.17243         1.24936       483.14944         1.36731         0.99468         4.41791        13.34440         0.00000       155.08142
        43.00000      1095.62184      2042.33393       107.75425       364.00611       343.42190         2.15098         1.24876       486.06745         1.36440         0.99239         4.43807        13.40133         0.00000       156.62895
        44.00000      1117.23130      2049.89633       107.45813       367.65510       347.02453         2.13003         1.24817       488.95422         1.36155         0.99009         4.45801        13.45788         0.00000       158.16491
        45.00000      1138.84077      2057.39763       107.16565       371.29650       350.61967         2.10957         1.24760       491.81055         1.35874         0.98777         4.47773        13.51406         0.00000       159.68954
        46.00000      1160.45023      2064.83936       106.87672       374.93049       354.20750         2.08957         1.24704       494.63719         1.35598         0.98546         4.49724        13.56988         0.00000       161.20305
        47.00000      1181.93728      2072.22302       106.59127       378.55725       357.78819         2.07002         1.24649       497.43486         1.35326         0.98313         4.51655        13.62536         0.00000       162.70568
        48.00000      1203.30755      2079.55008       106.30920       382.17695       361.36192         2.05090         1.24596       500.20427         1.35058         0.98081         4.53566        13.68050         0.00000       164.19762
        49.00000      1224.67783      2086.82194       106.03044       385.78975       364.92884         2.03220         1.24543       502.94609         1.34795         0.97849         4.55457        13.73531         0.00000       165.67910
        50.00000      1246.04810      2094.04000       105.75492       389.39581       368.48912         2.01391         1.24491       505.66095         1.34535         0.97616         4.57330        13.78981         0.00000       167.15030
        51.00000      1267.41837      2101.20561       105.48255       392.99528       372.04289         1.99601         1.24441       508.34949         1.34279         0.97384         4.59184        13.84399         0.00000       168.61141
        52.00000      1288.59275      2108.32009       105.21328       396.58830       375.59030         1.97848         1.24392       511.01230         1.34028         0.97153         4.61020        13.89787         0.00000       170.06262
        53.00000      1309.72768      2115.38473       104.94702       400.17502       379.13149         1.96132         1.24343       513.64995         1.33780         0.96922         4.62838        13.95147         0.00000       171.50411
        54.00000      1330.86262      2122.40087       104.68372       403.75557       382.66659         1.94452         1.24296       516.26300         1.33535         0.96691         4.64639        14.00478         0.00000       172.93605
        55.00000      1351.99755      2129.36952       104.42331       407.33007       386.19573         1.92805         1.24249       518.85200         1.33294         0.96461         4.66424        14.05781         0.00000       174.35862
        56.00000      1373.10913      2136.29210       104.16573       410.89865       389.71902         1.91192         1.24204       521.41746         1.33057         0.96232         4.68192        14.11058         0.00000       175.77197
        57.00000      1394.01259      2143.16982       103.91093       414.46124       393.23641         1.89610         1.24159       523.95986         1.32823         0.96004         4.69944        14.16309         0.00000       177.17634
        58.00000      1414.91605      2150.00428       103.65883       418.01848       396.74847         1.88060         1.24115       526.47969         1.32592         0.95777         4.71681        14.21536         0.00000       178.57167
        59.00000      1435.81951      2156.79450       103.40939       421.57008       400.25498         1.86540         1.24072       528.97747         1.32364         0.95550         4.73402        14.26737         0.00000       179.95827
        60.00000      1456.72297      2163.54391       103.16255       425.11615       403.75602         1.85048         1.24029       531.45359         1.32140         0.95325         4.75108        14.31914         0.00000       181.33628
        61.00000      1477.55340      2170.25275       102.91826       428.65686       407.25177         1.83586         1.23988       533.90850         1.31918         0.95101         4.76799        14.37069         0.00000       182.70582
        62.00000      1498.22650      2176.92212       102.67648       432.19232       410.74232         1.82150         1.23947       536.34263         1.31700         0.94878         4.78476        14.42202         0.00000       184.06701
        63.00000      1518.89960      2184.15283       102.43397       435.66233       414.15078         1.80826         1.23916       538.74126         1.31514         0.94658         4.80129        14.47783         0.00000       185.41136
        64.00000      1539.57270      2190.74714       102.19714       439.18904       417.63274         1.79441         1.23876       541.13514         1.31300         0.94438         4.81778        14.52874         0.00000       186.75570
        65.00000      1560.24580      2197.30434       101.96268       442.71069       421.10972         1.78081         1.23838       543.50944         1.31090         0.94218         4.83414        14.57944         0.00000       188.09211
        66.00000      1580.80840      2203.82532       101.73053       446.22749       424.58187         1.76746         1.23800       545.86453         1.30882         0.94001         4.85036        14.62994         0.00000       189.42069
        67.00000      1601.25118      2210.30974       101.50064       449.73960       428.04938         1.75435         1.23762       548.20080         1.30678         0.93784         4.86646        14.68023         0.00000       190.74152
        68.00000      1621.69397      2216.76080       101.27300       453.24691       431.51216         1.74147         1.23725       550.51856         1.30475         0.93569         4.88243        14.73034         0.00000       192.05479
        69.00000      1642.13676      2223.18036       101.04754       456.74950       434.97024         1.72881         1.23689       552.81811         1.30275         0.93355         4.89827        14.78028         0.00000       193.36061
        70.00000      1662.57955      2229.56484       100.82424       460.24764       438.42392         1.71637         1.23654       555.09989         1.30078         0.93142         4.91399        14.83002         0.00000       194.65903
        71.00000      1682.88578      2235.91509       100.60306       463.74142       441.87328         1.70415         1.23619       557.36422         1.29883         0.92931         4.92959        14.87957         0.00000       195.95015
        72.00000      1703.09638      2242.23825       100.38394       467.23059       445.31806         1.69213         1.23585       559.61126         1.29690         0.92722         4.94507        14.92899         0.00000       197.23417
        73.00000      1723.30698      2248.52864       100.16687       470.71552       448.75865         1.68031         1.23551       561.84147         1.29500         0.92513         4.96044        14.97822         0.00000       198.51110
        74.00000      1743.51758      2254.78909        99.95181       474.19619       452.19500         1.66869         1.23518       564.05509         1.29312         0.92306         4.97570        15.02729         0.00000       199.78107
        75.00000      1763.72818      2261.02032        99.73872       477.67266       455.62718         1.65726         1.23485       566.25241         1.29126         0.92101         4.99084        15.07620         0.00000       201.04417
        76.00000      1783.78811      2267.22295        99.52757       481.14499       459.05525         1.64602         1.23453       568.43371         1.28942         0.91897         5.00587        15.12495         0.00000       202.30051
        77.00000      1803.76336      2273.39553        99.31832       484.61333       462.47936         1.63496         1.23421       570.59931         1.28761         0.91694         5.02080        15.17354         0.00000       203.55013
        78.00000      1823.73861      2279.54277        99.11095       488.07757       465.89939         1.62408         1.23390       572.74938         1.28582         0.91493         5.03562        15.22200         0.00000       204.79320
        79.00000      1843.71386      2285.66324        98.90543       491.53784       469.31548         1.61337         1.23360       574.88422         1.28404         0.91293         5.05033        15.27032         0.00000       206.02976
        80.00000      1863.68911      2291.75736        98.70172       494.99421       472.72769         1.60283         1.23330       577.00409         1.28229         0.91095         5.06495        15.31850         0.00000       207.25991
        81.00000      1883.51189      2297.82577        98.49980       498.44673       476.13607         1.59245         1.23300       579.10924         1.28056         0.90898         5.07946        15.36654         0.00000       208.48373
        82.00000      1903.24666      2303.86896        98.29964       501.89546       479.54068         1.58223         1.23271       581.19990         1.27884         0.90702         5.09388        15.41445         0.00000       209.70130
        83.00000      1922.98143      2309.88738        98.10121       505.34045       482.94157         1.57217         1.23242       583.27630         1.27715         0.90508         5.10819        15.46223         0.00000       210.91270
        84.00000      1942.71619      2315.88211        97.90448       508.78178       486.33881         1.56226         1.23214       585.33867         1.27547         0.90315         5.12242        15.50988         0.00000       212.11799
        85.00000      1962.45096      2321.85184        97.70944       512.21939       489.73237         1.55250         1.23186       587.38726         1.27381         0.90124         5.13655        15.55740         0.00000       213.31731
        86.00000      1982.04577      2327.79860        97.51605       515.65345       493.12238         1.54289         1.23159       589.42224         1.27217         0.89934         5.15058        15.60481         0.00000       214.51067
        87.00000      2001.53363      2333.72236        97.32429       519.08395       496.50886         1.53342         1.23132       591.44386         1.27055         0.89745         5.16453        15.65209         0.00000       215.69816
        88.00000      2021.02148      2339.62329        97.13413       522.51095       499.89185         1.52409         1.23105       593.45231         1.26895         0.89558         5.17838        15.69925         0.00000       216.87987
        89.00000      2040.50934      2345.50221        96.94556       525.93451       503.27142         1.51489         1.23079       595.44778         1.26736         0.89372         5.19215        15.74630         0.00000       218.05584
        90.00000      2059.99719      2351.35888        96.75855       529.35465       506.64758         1.50583         1.23053       597.43050         1.26579         0.89188         5.20584        15.79323         0.00000       219.22617
        91.00000      2079.37392      2357.19409        96.57308       532.77142       510.02040         1.49689         1.23028       599.40063         1.26423         0.89005         5.21943        15.84005         0.00000       220.39091
        92.00000      2098.60653      2363.00775        96.38912       536.18485       513.38990         1.48809         1.23003       601.35838         1.26269         0.88823         5.23295        15.88676         0.00000       221.55014
        93.00000      2117.83915      2368.80034        96.20665       539.59500       516.75613         1.47940         1.22978       603.30393         1.26117         0.88642         5.24638        15.93336         0.00000       222.70391
        94.00000      2137.07176      2374.57420        96.02566       543.00174       520.11895         1.47084         1.22954       605.23741         1.25966         0.88463         5.25973        15.97986         0.00000       223.85230
        95.00000      2156.30438      2380.32550        95.84611       546.40546       523.47880         1.46240         1.22930       607.15908         1.25817         0.88285         5.27299        16.02624         0.00000       224.99539
        96.00000      2175.47443      2386.05475        95.66801       549.80604       526.83552         1.45407         1.22906       609.06911         1.25670         0.88109         5.28618        16.07251         0.00000       226.13318
        97.00000      2194.44184      2391.76536        95.49132       553.20342       530.18906         1.44586         1.22883       610.96761         1.25523         0.87934         5.29930        16.11868         0.00000       227.26578
        98.00000      2213.40925      2397.45596        95.31602       556.59771       533.53953         1.43775         1.22860       612.85477         1.25379         0.87760         5.31233        16.16474         0.00000       228.39324
        99.00000      2232.37665      2403.12798        95.14210       559.98882       536.88685         1.42976         1.22837       614.73072         1.25235         0.87587         5.32529        16.21071         0.00000       229.51563
       100.00000      2251.34406      2408.77929        94.96953       563.37707       540.23132         1.42187         1.22815       616.59568         1.25093         0.87415         5.33818        16.25657         0.00000       230.63298
       101.00000      2270.31147      2414.40973        94.79831       566.76232       543.57283         1.41409         1.22793       618.44980         1.24953         0.87245         5.35099        16.30232         0.00000       231.74536
       102.00000      2289.01274      2420.02225        94.62840       570.14455       546.91134         1.40640         1.22771       620.29317         1.24814         0.87076         5.36373        16.34797         0.00000       232.85283
       103.00000      2307.70399      2425.61556        94.45980       573.52385       550.24695         1.39882         1.22750       622.12598         1.24676         0.86909         5.37640        16.39352         0.00000       233.95545
       104.00000      2326.39524      2431.18983        94.29249       576.90026       553.57969         1.39134         1.22729       623.94836         1.24540         0.86742         5.38900        16.43897         0.00000       235.05327
       105.00000      2345.08649      2436.74517        94.12645       580.27380       556.90960         1.38395         1.22708       625.76047         1.24404         0.86577         5.40153        16.48432         0.00000       236.14634
       106.00000      2363.77773      2442.28169        93.96166       583.64450       560.23670         1.37666         1.22687       627.56244         1.24270         0.86413         5.41399        16.52957         0.00000       237.23471
       107.00000      2382.29127      2447.79948        93.79811       587.01240       563.56103         1.36945         1.22667       629.35440         1.24138         0.86250         5.42639        16.57472         0.00000       238.31844
       108.00000      2400.69289      2453.29863        93.63578       590.37752       566.88262         1.36234         1.22647       631.13649         1.24006         0.86088         5.43872        16.61977         0.00000       239.39757
       109.00000      2419.09451      2458.77922        93.47466       593.73989       570.20150         1.35532         1.22627       632.90884         1.23876         0.85927         5.45098        16.66471         0.00000       240.47216
       110.00000      2437.49614      2464.24131        93.31473       597.09954       573.51770         1.34838         1.22608       634.67158         1.23747         0.85768         5.46318        16.70956         0.00000       241.54225
       111.00000      2455.89776      2469.68599        93.15598       600.45647       576.83120         1.34153         1.22589       636.42482         1.23619         0.85609         5.47531        16.75432         0.00000       242.60791
       112.00000      2474.24475      2475.11027        92.99839       603.81080       580.14216         1.33476         1.22570       638.16873         1.23493         0.85452         5.48738        16.79896         0.00000       243.66915
       113.00000      2492.34170      2480.51731        92.84195       607.16247       583.45049         1.32807         1.22551       639.90338         1.23367         0.85296         5.49939        16.84350         0.00000       244.72603
       114.00000      2510.43864      2485.90594        92.68664       610.51151       586.75625         1.32147         1.22532       641.62891         1.23243         0.85141         5.51134        16.88795         0.00000       245.77864
       115.00000      2528.53558      2491.27642        92.53245       613.85797       590.05947         1.31494         1.22514       643.34543         1.23119         0.84987         5.52322        16.93229         0.00000       246.82697
       116.00000      2546.63253      2496.62869        92.37937       617.20187       593.36018         1.30849         1.22496       645.05306         1.22997         0.84834         5.53505        16.97653         0.00000       247.87109
       117.00000      2564.72947      2501.96362        92.22737       620.54320       596.65837         1.30211         1.22478       646.75189         1.22876         0.84682         5.54682        17.02068         0.00000       248.91105
       118.00000      2582.61700      2507.28172        92.07645       623.88213       599.95417         1.29581         1.22460       648.44203         1.22756         0.84531         5.55853        17.06474         0.00000       249.94683
       119.00000      2600.39350      2512.57674        91.92662       627.21846       603.24750         1.28959         1.22443       650.12369         1.22637         0.84381         5.57019        17.10866         0.00000       250.97860
       120.00000      2618.17000      2517.85724        91.77782       630.55233       606.53839         1.28343         1.22426       651.79682         1.22519         0.84233         5.58178        17.15250         0.00000       252.00630
       121.00000      2635.94650      2523.11919        91.63007       633.88379       609.82692         1.27734         1.22408       653.46161         1.22402         0.84085         5.59332        17.19623         0.00000       253.03000
       122.00000      2653.72300      2538.79317        91.30242       634.80957       610.99151         1.26689         1.22349       654.93537         1.21201         0.83955         5.60354        17.32225         0.00000       253.94260
       123.00000      2671.49146      2566.21911        90.76883       632.99835       609.74394         1.25125         1.22239       656.19649         1.18773         0.83843         5.61229        17.54119         0.00000       254.72888
       124.00000      2688.98186      2599.63347        90.12625       629.81574       607.28502         1.23293         1.22100       657.34691         1.15753         0.83741         5.62026        17.80754         0.00000       255.44622
       125.00000      2706.47225      2614.58302        89.80571       630.82259       608.52919         1.22256         1.22039       658.81407         1.14610         0.83612         5.63044        17.92810         0.00000       256.35181
       126.00000      2723.96264      2619.62524        89.66128       634.07660       611.76080         1.21652         1.22021       660.44644         1.14465         0.83468         5.64176        17.97041         0.00000       257.35756
       127.00000      2741.44849      2624.64933        89.51783       637.32810       614.98983         1.21055         1.22002       662.07095         1.14322         0.83326         5.65303        18.01262         0.00000       258.35960
       128.00000      2758.76354      2629.65537        89.37535       640.57712       618.21632         1.20465         1.21984       663.68768         1.14180         0.83184         5.66425        18.05472         0.00000       259.35793
       129.00000      2776.00929      2634.64354        89.23381       643.82370       621.44030         1.19882         1.21966       665.29674         1.14039         0.83043         5.67542        18.09672         0.00000       260.35259
       130.00000      2793.08810      2639.61396        89.09321       647.06785       624.66178         1.19305         1.21949       666.89820         1.13899         0.82903         5.68654        18.13861         0.00000       261.34362
       131.00000      2810.16691      2644.56673        88.95354       650.30959       627.88080         1.18736         1.21931       668.49216         1.13761         0.82765         5.69761        18.18040         0.00000       262.33106
       132.00000      2827.24572      2649.50196        88.81480       653.54893       631.09736         1.18173         1.21914       670.07869         1.13624         0.82627         5.70862        18.22209         0.00000       263.31493
       133.00000      2844.32452      2654.41975        88.67695       656.78591       634.31150         1.17616         1.21897       671.65787         1.13488         0.82490         5.71959        18.26367         0.00000       264.29528
       134.00000      2861.40333      2659.32018        88.54001       660.02053       637.52323         1.17065         1.21880       673.22980         1.13354         0.82353         5.73051        18.30516         0.00000       265.27214
       135.00000      2878.36916      2664.20335        88.40395       663.25282       640.73258         1.16521         1.21864       674.79455         1.13220         0.82218         5.74138        18.34654         0.00000       266.24554
       136.00000      2895.19009      2669.06937        88.26878       666.48279       643.93957         1.15983         1.21847       676.35220         1.13088         0.82084         5.75221        18.38782         0.00000       267.21551
       137.00000      2912.01101      2673.91833        88.13446       669.71047       647.14422         1.15451         1.21831       677.90282         1.12957         0.81950         5.76298        18.42899         0.00000       268.18209
       138.00000      2928.83193      2678.75031        88.00101       672.93587       650.34654         1.14924         1.21815       679.44649         1.12828         0.81818         5.77372        18.47007         0.00000       269.14530
       139.00000      2945.65286      2683.56540        87.86841       676.15901       653.54656         1.14403         1.21799       680.98329         1.12699         0.81686         5.78440        18.51105         0.00000       270.10519
       140.00000      2962.47378      2688.36368        87.73664       679.37991       656.74431         1.13888         1.21783       682.51328         1.12571         0.81555         5.79504        18.55193         0.00000       271.06177
         0.00000        -0.00000      1608.20028       155.43930        96.61490        89.91810         4.39780         1.26659       313.32080         1.05304         0.86855         3.21325        10.14600         0.00000        71.40588
         1.00000        36.28228      1624.58549       153.65830       102.93898        96.32817         4.08077         1.25922       319.08114         1.03518         0.89459         3.25622        10.27995         0.00000        73.66699
         2.00000        66.34476      1640.99748       152.08143       109.19586       102.68160         3.80069         1.25309       324.66989         1.01719         0.91666         3.29765        10.41210         0.00000        75.88605
         3.00000        96.41489      1657.15141       150.51340       115.56293       109.10032         3.56386         1.24811       330.11522         1.00300         0.93548         3.33780        10.54060         0.00000        78.07180
         4.00000       126.47625      1671.86241       149.18968       120.89460       114.53800         3.36669         1.24370       335.49624         0.98599         0.95174         3.37727        10.65644         0.00000        80.25435
         5.00000       156.54183      1685.60871       147.95284       125.95995       119.70896         3.19460         1.23983       340.78772         0.96973         0.96570         3.41590        10.76356         0.00000        82.42224
         6.00000       186.60540      1698.55429       146.78272       130.85436       124.70593         3.04176         1.23639       345.98487         0.95427         0.97764         3.45368        10.86344         0.00000        84.57212
         7.00000       216.66896      1710.81194       145.66670       135.63415       129.58367         2.90449         1.23330       351.08634         0.93965         0.98781         3.49062        10.95711         0.00000        86.70208
         8.00000       246.00169      1722.45923       144.59610       140.33377       134.37570         2.78025         1.23052       356.09295         0.92587         0.99644         3.52674        11.04532         0.00000        88.81114
         9.00000       275.15035      1733.54786       143.56380       144.97793       139.10590         2.66723         1.22801       361.00691         0.91295         1.00374         3.56208        11.12861         0.00000        90.89899
        10.00000       304.12654      1744.10934       142.56247       149.58963       143.79599         2.56413         1.22573       365.83135         0.90093         1.00986         3.59666        11.20732         0.00000        92.96579
        11.00000       332.88900      1758.42985       141.44058       155.08439       148.61278         2.62155         1.22933       370.35581         0.94465         1.01474         3.62900        11.31535         0.00000        94.91920
        12.00000       361.53749      1768.35331       140.48793       159.54497       153.15218         2.52974         1.22720       374.99873         0.93309         1.01897         3.66211        11.38845         0.00000        96.93882
        13.00000       389.98609      1777.43721       139.52068       164.12264       157.82060         2.43958         1.22505       379.58038         0.92089         1.02242         3.69470        11.45471         0.00000        98.94660
        14.00000       417.29753      1832.62300       132.87557       195.66486       186.08024         2.57483         1.23849       381.87861         1.09157         1.02390         3.71101        11.88473         0.00000        99.95925
        15.00000       443.99125      1837.55494       131.56211       203.01699       193.69343         2.44854         1.23450       386.50795         1.06984         1.02641         3.74382        11.91796         0.00000       102.01011
        16.00000       470.32792      1847.09239       130.91641       207.02180       197.78093         2.38696         1.23282       390.82756         1.05973         1.02821         3.77438        11.98747         0.00000       103.93687
        17.00000       496.56087      1856.45592       130.29140       210.98279       201.81878         2.32913         1.23126       395.06944         1.05014         1.02952         3.80433        12.05557         0.00000       105.84122
        18.00000       522.40358      1865.60939       129.68091       214.92692       205.83667         2.27419         1.22978       399.23869         1.04089         1.03039         3.83372        12.12199         0.00000       107.72472
        19.00000       548.18742      1911.09296       126.99932       233.61105       225.34892         1.97714         1.22084       401.74889         0.97033         1.03073         3.85138        12.47506         0.00000       108.86321
        20.00000       573.57014      1918.96813       126.46098       237.61978       229.42981         1.93360         1.21969       405.84802         0.96205         1.03100         3.88020        12.53137         0.00000       110.73304
        21.00000       598.92253      1926.67917       125.93385       241.61399       233.49387         1.89198         1.21860       409.87907         0.95403         1.03095         3.90850        12.58644         0.00000       112.58254
        22.00000       624.04227      1947.74388       124.12010       251.43534       242.29931         1.93883         1.22382       413.28373         0.99847         1.03067         3.93237        12.74687         0.00000       114.15276
        23.00000       649.12026      1961.71622       122.97462       258.53602       248.86183         1.94523         1.22603       416.92712         1.01871         1.03016         3.95789        12.85141         0.00000       115.84140
        24.00000       673.78483      1922.11766       114.33450       292.22883       272.12698         2.68524         1.26598       422.65631         1.43120         1.02894         3.99796        12.53388         0.00000       124.19412
        25.00000       696.50299      1931.41191       113.94533       296.07438       275.92392         2.64961         1.26498       426.33693         1.42705         1.02790         4.02367        12.60181         0.00000       126.00672
        26.00000       719.22116      1940.60246       113.56243       299.90608       279.70699         2.61511         1.26401       429.96320         1.42299         1.02669         4.04897        12.66902         0.00000       127.80135
        27.00000       741.81150      1949.69228       113.18559       303.72447       283.47674         2.58169         1.26308       433.53703         1.41902         1.02535         4.07388        12.73554         0.00000       129.57851
        28.00000       764.39099      1958.68420       112.81462       307.53005       287.23369         2.54930         1.26217       437.06021         1.41514         1.02387         4.09842        12.80140         0.00000       131.33868
        29.00000       786.82469      1967.58079       112.44935       311.32326       290.97830         2.51787         1.26129       440.53444         1.41134         1.02228         4.12259        12.86662         0.00000       133.08231
        30.00000       809.19806      1976.38475       112.08961       315.10450       294.71098         2.48737         1.26043       443.96134         1.40762         1.02059         4.14642        12.93122         0.00000       134.80984
        31.00000       831.57144      1985.09940       111.73522       318.87445       298.43239         2.45775         1.25960       447.34239         1.40397         1.01881         4.16992        12.99524         0.00000       136.52160
        32.00000       853.94481      1993.72580       111.38603       322.63314       302.14263         2.42897         1.25879       450.67910         1.40040         1.01696         4.19309        13.05868         0.00000       138.21811
        33.00000       876.25551      2002.26706       111.04189       326.38109       305.84218         2.40100         1.25800       453.97282         1.39690         1.01503         4.21594        13.12157         0.00000       139.89967
        34.00000       898.36522      2010.72526       110.70265       330.11863       309.53140         2.37379         1.25723       457.22487         1.39347         1.01304         4.23850        13.18393         0.00000       141.56667
        35.00000       920.47493      2019.10259       110.36819       333.84608       313.21061         2.34731         1.25648       460.43649         1.39011         1.01099         4.26076        13.24577         0.00000       143.21946
        36.00000       942.58464      2027.40112       110.03835       337.56374       316.88012         2.32154         1.25575       463.60887         1.38681         1.00890         4.28274        13.30711         0.00000       144.85836
        37.00000       964.69435      2035.62271       109.71303       341.27184       320.54016         2.29644         1.25504       466.74315         1.38356         1.00677         4.30445        13.36797         0.00000       146.48373
        38.00000       986.62271      2043.76987       109.39210       344.97086       324.19120         2.27199         1.25435       469.84040         1.38038         1.00460         4.32588        13.42837         0.00000       148.09578
        39.00000      1008.47872      2051.84400       109.07543       348.66066       327.83314         2.24815         1.25367       472.90167         1.37726         1.00240         4.34707        13.48831         0.00000       149.69495
        40.00000      1030.33473      2059.84694       108.76293       352.34214       331.46683         2.22491         1.25301       475.92794         1.37419         1.00018         4.36800        13.54780         0.00000       151.28137
        41.00000      1052.19073      2067.78071       108.45448       356.01495       335.09196         2.20223         1.25236       478.92016         1.37117         0.99793         4.38868        13.60688         0.00000       152.85543
        42.00000      1074.01237      2075.64693       108.14998       359.67952       338.70895         2.18011         1.25173       481.87922         1.36821         0.99566         4.40913        13.66554         0.00000       154.41736
        43.00000      1095.62184      2083.44732       107.84933       363.33605       342.31800         2.15851         1.25112       484.80600         1.36529         0.99338         4.42936        13.72380         0.00000       155.96742
        44.00000      1117.23130      2091.18352       107.55243       366.98475       345.91933         2.13742         1.25051       487.70133         1.36243         0.99109         4.44935        13.78167         0.00000       157.50585
        45.00000      1138.84077      2098.85713       107.25919       370.62583       349.51312         2.11682         1.24993       490.56601         1.35961         0.98878         4.46914        13.83916         0.00000       159.03288
        46.00000      1160.45023      2106.46970       106.96953       374.25946       353.09957         2.09669         1.24935       493.40079         1.35683         0.98647         4.48871        13.89629         0.00000       160.54875
        47.00000      1181.93728      2114.02277       106.68336       377.88582       356.67886         2.07701         1.24879       496.20641         1.35410         0.98416         4.50807        13.95306         0.00000       162.05368
        48.00000      1203.30755      2121.51785       106.40059       381.50489       360.25096         2.05778         1.24823       498.98358         1.35142         0.98184         4.52723        14.00948         0.00000       163.54794
        49.00000      1224.67783      2128.95632       106.12115       385.11724       363.81642         2.03896         1.24769       501.73298         1.34877         0.97952         4.54620        14.06557         0.00000       165.03162
        50.00000      1246.04810      2136.33947       105.84496       388.72280       367.37519         2.02055         1.24716       504.45526         1.34617         0.97720         4.56498        14.12133         0.00000       166.50498
        51.00000      1267.41837      2143.66895       105.57194       392.32199       370.92765         2.00254         1.24665       507.15104         1.34360         0.97488         4.58357        14.17678         0.00000       167.96812
        52.00000      1288.59275      2150.94592       105.30204       395.91449       374.47352         1.98490         1.24614       509.82093         1.34108         0.97257         4.60198        14.23191         0.00000       169.42140
        53.00000      1309.72768      2158.17177       105.03516       399.50066       378.01316         1.96764         1.24564       512.46551         1.33859         0.97026         4.62022        14.28675         0.00000       170.86491
        54.00000      1330.86262      2165.34763       104.77126       403.08063       381.54668         1.95073         1.24515       515.08535         1.33614         0.96795         4.63828        14.34129         0.00000       172.29883
        55.00000      1351.99755      2172.47492       104.51027       406.65453       385.07422         1.93416         1.24467       517.68098         1.33372         0.96565         4.65617        14.39556         0.00000       173.72333
        56.00000      1373.10913      2179.55475       104.25212       410.22250       388.59590         1.91793         1.24421       520.25293         1.33134         0.96336         4.67389        14.44955         0.00000       175.13857
        57.00000      1394.01259      2186.58852       103.99675       413.78444       392.11164         1.90203         1.24375       522.80171         1.32899         0.96108         4.69146        14.50327         0.00000       176.54479
        58.00000      1414.91605      2193.57770       103.74412       417.34103       395.62207         1.88643         1.24329       525.32778         1.32667         0.95881         4.70887        14.55674         0.00000       177.94193
        59.00000      1435.81951      2200.52224       103.49415       420.89188       399.12685         1.87114         1.24285       527.83165         1.32439         0.95654         4.72612        14.60996         0.00000       179.33034
        60.00000      1456.72297      2207.42299       103.24678       424.43735       402.62630         1.85614         1.24242       530.31379         1.32214         0.95429         4.74322        14.66292         0.00000       180.71006
        61.00000      1477.55340      2214.28374       103.00200       427.97726       406.12027         1.84143         1.24199       532.77455         1.31992         0.95205         4.76018        14.71566         0.00000       182.08134
        62.00000      1498.22650      2221.10167       102.75972       431.51208       409.60920         1.82700         1.24157       535.21448         1.31773         0.94982         4.77699        14.76815         0.00000       183.44417
        63.00000      1518.89960      2227.88208       102.51991       435.04154       413.09284         1.81283         1.24116       537.63388         1.31556         0.94760         4.79366        14.82044         0.00000       184.79884
        64.00000      1539.57270      2234.62257       102.28252       438.56601       416.57154         1.79893         1.24076       540.03322         1.31343         0.94539         4.81019        14.87250         0.00000       186.14536
        65.00000      1560.24580      2241.89487       102.04452       442.02826       419.97222         1.78605         1.24044       542.39862         1.31159         0.94321         4.82648        14.92882         0.00000       187.47582
        66.00000      1580.80840      2248.56105       101.81193       445.54421       423.44257         1.77262         1.24005       544.75906         1.30951         0.94103         4.84275        14.98046         0.00000       188.80595
        67.00000      1601.25118      2255.18897       101.58159       449.05551       426.90832         1.75944         1.23967       547.10061         1.30746         0.93886         4.85888        15.03189         0.00000       190.12834
        68.00000      1621.69397      2261.78267       101.35352       452.56198       430.36930         1.74649         1.23929       549.42353         1.30543         0.93670         4.87488        15.08314         0.00000       191.44312
        69.00000      1642.13676      2268.34153       101.12765       456.06381       433.82568         1.73376         1.23892       551.72822         1.30342         0.93456         4.89076        15.13419         0.00000       192.75040
        70.00000      1662.57955      2274.86644       100.90394       459.56109       437.27755         1.72126         1.23855       554.01499         1.30144         0.93243         4.90651        15.18505         0.00000       194.05027
        71.00000      1682.88578      2281.35801       100.68235       463.05388       440.72498         1.70897         1.23820       556.28419         1.29949         0.93032         4.92215        15.23573         0.00000       195.34286
        72.00000      1703.09638      2287.81714       100.46285       466.54225       444.16803         1.69689         1.23784       558.53612         1.29756         0.92822         4.93767        15.28624         0.00000       196.62826
        73.00000      1723.30698      2294.24454       100.24540       470.02629       447.60678         1.68501         1.23750       560.77108         1.29565         0.92613         4.95307        15.33657         0.00000       197.90657
        74.00000      1743.51758      2300.64273       100.02997       473.50587       451.04113         1.67333         1.23716       562.98934         1.29376         0.92406         4.96835        15.38674         0.00000       199.17795
        75.00000      1763.72818      2307.00920        99.81651       476.98148       454.47151         1.66184         1.23682       565.19125         1.29190         0.92200         4.98352        15.43674         0.00000       200.44237
        76.00000      1783.78811      2313.34317        99.60500       480.45299       457.89785         1.65054         1.23649       567.37714         1.29006         0.91996         4.99859        15.48656         0.00000       201.69998
        77.00000      1803.76336      2319.65038        99.39541       483.92030       461.32002         1.63943         1.23617       569.54716         1.28824         0.91793         5.01355        15.53624         0.00000       202.95093
        78.00000      1823.73861      2325.92915        99.18769       487.38359       464.73819         1.62849         1.23585       571.70163         1.28644         0.91591         5.02839        15.58576         0.00000       204.19527
        79.00000      1843.71386      2332.18004        98.98183       490.84292       468.15242         1.61772         1.23554       573.84081         1.28467         0.91391         5.04314        15.63514         0.00000       205.43309
        80.00000      1863.68911      2338.40361        98.77780       494.29833       471.56277         1.60713         1.23523       575.96495         1.28291         0.91192         5.05778        15.68437         0.00000       206.66447
        81.00000      1883.51189      2344.60043        98.57555       497.74989       474.96930         1.59670         1.23492       578.07430         1.28117         0.90994         5.07233        15.73346         0.00000       207.88950
        82.00000      1903.24666      2350.77099        98.37508       501.19765       478.37205         1.58643         1.23462       580.16911         1.27945         0.90798         5.08677        15.78241         0.00000       209.10827
        83.00000      1922.98143      2356.91584        98.17634       504.64166       481.77107         1.57632         1.23433       582.24960         1.27775         0.90604         5.10111        15.83122         0.00000       210.32085
        84.00000      1942.71619      2363.03536        97.97931       508.08198       485.16643         1.56637         1.23404       584.31601         1.27607         0.90411         5.11536        15.87990         0.00000       211.52732
        85.00000      1962.45096      2369.12996        97.78397       511.51864       488.55815         1.55656         1.23375       586.36856         1.27441         0.90219         5.12952        15.92845         0.00000       212.72776
        86.00000      1982.04577      2375.20021        97.59028       514.95171       491.94631         1.54690         1.23347       588.40747         1.27277         0.90029         5.14358        15.97686         0.00000       213.92225
        87.00000      2001.53363      2381.24967        97.39823       518.38094       495.33063         1.53738         1.23319       590.43288         1.27114         0.89840         5.15755        16.02518         0.00000       215.11091
        88.00000      2021.02148      2387.27255        97.20778       521.80703       498.71184         1.52801         1.23292       592.44513         1.26953         0.89652         5.17144        16.07335         0.00000       216.29372
        89.00000      2040.50934      2393.26850        97.01894       525.22980       502.08977         1.51877         1.23265       594.44445         1.26794         0.89466         5.18523        16.12137         0.00000       217.47074
        90.00000      2059.99719      2399.24489        96.83166       528.64891       505.46406         1.50966         1.23239       596.43087         1.26637         0.89281         5.19894        16.16929         0.00000       218.64215
        91.00000      2079.37392      2405.19914        96.64591       532.06471       508.83504         1.50069         1.23213       598.40467         1.26481         0.89097         5.21256        16.21710         0.00000       219.80794
        92.00000      2098.60653      2411.13065        96.46168       535.47713       512.20268         1.49184         1.23187       600.36603         1.26327         0.88915         5.22610        16.26479         0.00000       220.96822
        93.00000      2117.83915      2417.04040        96.27895       538.88627       515.56706         1.48311         1.23162       602.31515         1.26174         0.88734         5.23955        16.31236         0.00000       222.12304
        94.00000      2137.07176      2422.92847        96.09770       542.29216       518.92820         1.47451         1.23137       604.25219         1.26023         0.88554         5.25292        16.35983         0.00000       223.27245
        95.00000      2156.30438      2428.79514        95.91790       545.69484       522.28616         1.46603         1.23112       606.17734         1.25874         0.88376         5.26622        16.40717         0.00000       224.41654
        96.00000      2175.47443      2434.64154        95.73953       549.09427       525.64090         1.45766         1.23088       608.09076         1.25726         0.88199         5.27943        16.45442         0.00000       225.55536
        97.00000      2194.44184      2440.46610        95.56259       552.49064       528.99260         1.44941         1.23064       609.99265         1.25579         0.88024         5.29256        16.50154         0.00000       226.68895
        98.00000      2213.40925      2446.26992        95.38704       555.88392       532.34123         1.44127         1.23040       611.88315         1.25434         0.87849         5.30562        16.54856         0.00000       227.81740
        99.00000      2232.37665      2452.05323        95.21287       559.27412       535.68682         1.43324         1.23017       613.76243         1.25290         0.87676         5.31860        16.59547         0.00000       228.94075
       100.00000      2251.34406      2457.81624        95.04006       562.66130       539.02941         1.42532         1.22994       615.63065         1.25148         0.87504         5.33151        16.64227         0.00000       230.05907
       101.00000      2270.31147      2463.55911        94.86859       566.04548       542.36902         1.41750         1.22971       617.48796         1.25007         0.87334         5.34435        16.68897         0.00000       231.17242
       102.00000      2289.01274      2469.28201        94.69844       569.42670       545.70571         1.40978         1.22949       619.33452         1.24868         0.87164         5.35711        16.73556         0.00000       232.28085
       103.00000      2307.70399      2474.98509        94.52960       572.80499       549.03950         1.40217         1.22927       621.17047         1.24730         0.86996         5.36980        16.78204         0.00000       233.38441
       104.00000      2326.39524      2480.66851        94.36205       576.18039       552.37042         1.39465         1.22905       622.99596         1.24593         0.86829         5.38242        16.82842         0.00000       234.48316
       105.00000      2345.08649      2486.33240        94.19577       579.55291       555.69851         1.38723         1.22884       624.81113         1.24458         0.86663         5.39497        16.87469         0.00000       235.57716
       106.00000      2363.77773      2491.97688        94.03075       582.92260       559.02380         1.37990         1.22863       626.61612         1.24323         0.86499         5.40745        16.92086         0.00000       236.66645
       107.00000      2382.29127      2497.60206        93.86696       586.28949       562.34631         1.37267         1.22842       628.41107         1.24190         0.86335         5.41986        16.96693         0.00000       237.75109
       108.00000      2400.69289      2503.20806        93.70440       589.65360       565.66609         1.36553         1.22821       630.19611         1.24059         0.86173         5.43221        17.01289         0.00000       238.83113
       109.00000      2419.09451      2508.79496        93.54305       593.01497       568.98316         1.35847         1.22801       631.97138         1.23928         0.86012         5.44449        17.05875         0.00000       239.90661
       110.00000      2437.49614      2514.36287        93.38289       596.37361       572.29756         1.35151         1.22781       633.73700         1.23799         0.85852         5.45671        17.10450         0.00000       240.97760
       111.00000      2455.89776      2519.91349        93.22390       599.72954       575.60926         1.34463         1.22761       635.49307         1.23671         0.85693         5.46886        17.15017         0.00000       242.04414
       112.00000      2474.24475      2525.44328        93.06608       603.08283       578.91838         1.33783         1.22741       637.23978         1.23544         0.85536         5.48095        17.19572         0.00000       243.10627
       113.00000      2492.34170      2530.95337        92.90941       606.43352       582.22496         1.33111         1.22722       638.97724         1.23418         0.85379         5.49298        17.24115         0.00000       244.16403
       114.00000      2510.43864      2536.44761        92.75387       609.78153       585.52888         1.32448         1.22703       640.70548         1.23293         0.85224         5.50494        17.28651         0.00000       245.21750
       115.00000      2528.53558      2541.92161        92.59945       613.12701       588.83033         1.31793         1.22684       642.42471         1.23170         0.85069         5.51685        17.33175         0.00000       246.26668
       116.00000      2546.63253      2547.37899        92.44613       616.46997       592.12927         1.31145         1.22666       644.13498         1.23047         0.84916         5.52869        17.37690         0.00000       247.31161
       117.00000      2564.72947      2552.81586        92.29391       619.81036       595.42573         1.30505         1.22647       645.83647         1.22926         0.84764         5.54048        17.42193         0.00000       248.35240
       118.00000      2582.61700      2558.23433        92.14277       623.14822       598.71972         1.29872         1.22629       647.52925         1.22805         0.84613         5.55221        17.46686         0.00000       249.38907
       119.00000      2600.39350      2563.63190        91.99271       626.48352       602.01123         1.29247         1.22611       649.21349         1.22686         0.84462         5.56388        17.51167         0.00000       250.42169
       120.00000      2618.17000      2569.01374        91.84369       629.81645       605.30039         1.28628         1.22593       650.88918         1.22568         0.84313         5.57549        17.55640         0.00000       251.45020
       121.00000      2635.94650      2574.37552        91.69572       633.14695       608.58719         1.28017         1.22576       652.55652         1.22451         0.84165         5.58705        17.60100         0.00000       252.47471
       122.00000      2653.72300      2579.72032        91.54877       636.47501       611.87160         1.27413         1.22559       654.21555         1.22334         0.84018         5.59855        17.64552         0.00000       253.49526
       123.00000      2671.49146      2601.32720        91.12600       636.10611       611.89976         1.26137         1.22475       655.58025         1.20562         0.83897         5.60801        17.81854         0.00000       254.34287
       124.00000      2688.98186      2631.50680        90.55497       633.77562       610.20354         1.24486         1.22353       656.78798         1.17923         0.83791         5.61639        18.05937         0.00000       255.09554
       125.00000      2706.47225      2667.31523        89.88273       630.18783       607.39691         1.22590         1.22204       657.89106         1.14752         0.83693         5.62404        18.34480         0.00000       255.78252
       126.00000      2723.96264      2673.25859        89.72421       633.26258       610.46986         1.21950         1.22182       659.51195         1.14528         0.83551         5.63528        18.39432         0.00000       256.78075
       127.00000      2741.44849      2678.38192        89.58053       636.51353       613.69804         1.21350         1.22163       661.13903         1.14384         0.83408         5.64657        18.43740         0.00000       257.78372
       128.00000      2758.76354      2683.48722        89.43782       639.76202       616.92368         1.20757         1.22144       662.75831         1.14241         0.83266         5.65780        18.48038         0.00000       258.78298
       129.00000      2776.00929      2688.57422        89.29606       643.00806       620.14680         1.20171         1.22126       664.36988         1.14099         0.83124         5.66899        18.52325         0.00000       259.77856
       130.00000      2793.08810      2693.64305        89.15524       646.25167       623.36743         1.19592         1.22108       665.97383         1.13959         0.82984         5.68012        18.56601         0.00000       260.77051
       131.00000      2810.16691      2698.69381        89.01535       649.49288       626.58559         1.19020         1.22090       667.57024         1.13821         0.82845         5.69120        18.60867         0.00000       261.75885
       132.00000      2827.24572      2703.72662        88.87638       652.73169       629.80130         1.18454         1.22072       669.15921         1.13683         0.82707         5.70224        18.65123         0.00000       262.74362
       133.00000      2844.32452      2708.74159        88.73832       655.96813       633.01458         1.17894         1.22055       670.74081         1.13547         0.82569         5.71322        18.69368         0.00000       263.72486
       134.00000      2861.40333      2713.73883        88.60116       659.20223       636.22545         1.17341         1.22037       672.31512         1.13412         0.82433         5.72416        18.73602         0.00000       264.70260
       135.00000      2878.36916      2718.71845        88.46489       662.43399       639.43394         1.16794         1.22020       673.88223         1.13278         0.82297         5.73504        18.77826         0.00000       265.67687
       136.00000      2895.19009      2723.68056        88.32950       665.66344       642.64007         1.16254         1.22003       675.44221         1.13146         0.82162         5.74588        18.82040         0.00000       266.64770
       137.00000      2912.01101      2728.62525        88.19498       668.89060       645.84385         1.15719         1.21987       676.99514         1.13014         0.82028         5.75668        18.86243         0.00000       267.61513
       138.00000      2928.83193      2733.55261        88.06131       672.11548       649.04531         1.15190         1.21970       678.54111         1.12884         0.81895         5.76742        18.90436         0.00000       268.57919
       139.00000      2945.65286      2738.46276        87.92850       675.33811       652.24448         1.14667         1.21954       680.08017         1.12755         0.81763         5.77812        18.94619         0.00000       269.53992
       140.00000      2962.47378      2743.35577        87.79652       678.55849       655.44136         1.14150         1.21938       681.61241         1.12627         0.81632         5.78878        18.98792         0.00000       270.49733
         0.00000        -0.00000      1639.69998       155.60354        95.71766        88.83402         4.46808         1.27063       311.21276         1.05768         0.85811         3.19744        10.38954         0.00000        70.58509
         1.00000        36.28228      1656.88482       153.86682       102.10029        95.32474         4.13208         1.26271       316.98035         1.03819         0.88550         3.24057        10.53081         0.00000        72.83928
         2.00000        66.34476      1673.61951       152.32967       108.16136       101.50640         3.84571         1.25619       322.60619         1.01864         0.90885         3.28237        10.66639         0.00000        75.06376
         3.00000        96.41489      1690.34482       150.70507       114.78398       108.16507         3.60055         1.25101       328.07121         1.00544         0.92871         3.32274        10.80010         0.00000        77.24862
         4.00000       126.47625      1705.50033       149.36806       120.15553       113.64543         3.39860         1.24640       333.47954         0.98829         0.94591         3.36249        10.92004         0.00000        79.43376
         5.00000       156.54183      1719.65644       148.12018       125.25051       118.84895         3.22278         1.24235       338.79945         0.97189         0.96068         3.40140        11.03088         0.00000        81.60516
         6.00000       186.60540      1732.97753       146.94074       130.16743       123.87144         3.06692         1.23877       344.02584         0.95631         0.97333         3.43945        11.13411         0.00000        83.75935
         7.00000       216.66896      1745.58225       145.81659       134.96546       128.77035         2.92714         1.23556       349.15688         0.94156         0.98413         3.47666        11.23082         0.00000        85.89422
         8.00000       246.00169      1757.55193       144.73866       139.68090       133.58094         2.80078         1.23267       354.19304         0.92767         0.99331         3.51304        11.32182         0.00000        88.00862
         9.00000       275.15035      1768.94176       143.69956       144.33964       138.32821         2.68595         1.23005       359.13629         0.91465         1.00109         3.54863        11.40767         0.00000        90.10213
        10.00000       304.12654      1779.78550       142.69171       148.96569       143.03480         2.58130         1.22769       363.98964         0.90255         1.00764         3.58347        11.48874         0.00000        92.17483
        11.00000       332.88900      1794.34845       141.56909       154.49857       147.87919         2.63707         1.23132       368.54081         0.94598         1.01288         3.61603        11.59878         0.00000        94.13384
        12.00000       361.53749      1804.50657       140.60755       158.97681       152.43938         2.54378         1.22911       373.21224         0.93427         1.01743         3.64938        11.67378         0.00000        96.15993
        13.00000       389.98609      1813.77479       139.62706       163.58669       157.14469         2.45182         1.22686       377.82380         0.92183         1.02118         3.68221        11.74153         0.00000        98.17511
        14.00000       417.29753      1854.60632       134.69212       185.65373       177.17963         2.51175         1.23540       380.82395         1.02672         1.02324         3.70352        12.05829         0.00000        99.49411
        15.00000       443.99125      1875.03178       131.67820       202.32213       192.78071         2.46321         1.23668       384.74509         1.07162         1.02552         3.73133        12.21383         0.00000       101.22745
        16.00000       470.32792      1884.86219       131.03516       206.30494       196.84619         2.40145         1.23496       389.08643         1.06158         1.02754         3.76207        12.28563         0.00000       103.15872
        17.00000       496.56087      1894.46570       130.40746       210.26998       200.89044         2.34289         1.23335       393.35139         1.05192         1.02904         3.79220        12.35557         0.00000       105.06846
        18.00000       522.40358      1903.85262       129.79438       214.21795       204.91439         2.28728         1.23182       397.54297         1.04261         1.03008         3.82177        12.42378         0.00000       106.95726
        19.00000       548.18742      1942.82394       127.53847       229.71308       221.07561         2.03992         1.22428       400.35312         0.98583         1.03055         3.84156        12.72547         0.00000       108.22928
        20.00000       573.57014      1958.66478       126.55866       236.87994       228.49672         1.94396         1.22143       404.13220         0.96357         1.03092         3.86814        12.84458         0.00000       109.94902
        21.00000       598.92253      1966.57073       126.02951       240.87743       232.56604         1.90190         1.22030       408.18617         0.95550         1.03100         3.89662        12.90111         0.00000       111.80453
        22.00000       624.04227      1985.91217       124.40041       249.83231       240.64908         1.93637         1.22473       411.68655         0.99235         1.03083         3.92118        13.04789         0.00000       113.41518
        23.00000       649.12026      2001.62061       123.10852       257.59735       247.73600         1.95251         1.22771       415.28269         1.01853         1.03042         3.94637        13.16605         0.00000       115.07817
        24.00000       673.78483      1960.25516       114.45155       291.53934       271.01514         2.69708         1.26879       421.13335         1.43240         1.02931         3.98731        12.83438         0.00000       123.45271
        25.00000       696.50299      1969.76535       114.06106       295.38609       274.81226         2.66113         1.26777       424.82957         1.42823         1.02834         4.01314        12.90393         0.00000       125.26937
        26.00000       719.22116      1979.16924       113.67688       299.21885       278.59536         2.62633         1.26677       428.47091         1.42415         1.02721         4.03856        12.97274         0.00000       127.06796
        27.00000       741.81150      1988.46990       113.29879       303.03817       282.36501         2.59262         1.26581       432.05929         1.42016         1.02592         4.06358        13.04083         0.00000       128.84897
        28.00000       764.39099      1997.67026       112.92662       306.84456       286.12174         2.55995         1.26487       435.59655         1.41626         1.02450         4.08822        13.10825         0.00000       130.61289
        29.00000       786.82469      2006.77273       112.56017       310.63839       289.86595         2.52826         1.26396       439.08440         1.41244         1.02296         4.11250        13.17500         0.00000       132.36020
        30.00000       809.19806      2015.78102       112.19929       314.42037       293.59831         2.49751         1.26308       442.52446         1.40871         1.02132         4.13643        13.24113         0.00000       134.09124
        31.00000       831.57144      2024.69684       111.84378       318.19075       297.31912         2.46765         1.26222       445.91830         1.40505         1.01958         4.16002        13.30665         0.00000       135.80650
        32.00000       853.94481      2033.52289       111.49351       321.94987       301.02874         2.43864         1.26139       449.26739         1.40146         1.01775         4.18328        13.37158         0.00000       137.50638
        33.00000       876.25551      2042.26159       111.14831       325.69816       304.72759         2.41044         1.26057       452.57311         1.39794         1.01586         4.20623        13.43594         0.00000       139.19124
        34.00000       898.36522      2050.91524       110.80805       329.43595       308.41602         2.38302         1.25978       455.83680         1.39450         1.01390         4.22887        13.49976         0.00000       140.86146
        35.00000       920.47493      2059.48624       110.47259       333.16358       312.09436         2.35635         1.25901       459.05972         1.39112         1.01188         4.25122        13.56305         0.00000       142.51738
        36.00000       942.58464      2067.97640       110.14178       336.88137       315.76295         2.33038         1.25826       462.24308         1.38780         1.00981         4.27328        13.62583         0.00000       144.15934
        37.00000       964.69435      2076.38795       109.81551       340.58960       319.42207         2.30509         1.25753       465.38802         1.38455         1.00770         4.29506        13.68812         0.00000       145.78767
        38.00000       986.62271      2084.72290       109.49365       344.28856       323.07201         2.28046         1.25682       468.49565         1.38135         1.00555         4.31658        13.74992         0.00000       147.40267
        39.00000      1008.47872      2092.98294       109.17608       347.97841       326.71295         2.25645         1.25612       471.56702         1.37822         1.00337         4.33783        13.81126         0.00000       149.00467
        40.00000      1030.33473      2101.17046       108.86270       351.65971       330.34541         2.23304         1.25544       474.60311         1.37513         1.00116         4.35883        13.87215         0.00000       150.59387
        41.00000      1052.19073      2109.28703       108.55340       355.33238       333.96935         2.21021         1.25478       477.60488         1.37211         0.99892         4.37959        13.93260         0.00000       152.17065
        42.00000      1074.01237      2117.33445       108.24806       358.99675       337.58510         2.18793         1.25413       480.57326         1.36913         0.99667         4.40011        13.99263         0.00000       153.73523
        43.00000      1095.62184      2125.31442       107.94659       362.65305       341.19288         2.16618         1.25349       483.50912         1.36620         0.99440         4.42040        14.05225         0.00000       155.28788
        44.00000      1117.23130      2133.22878       107.64890       366.30150       344.79290         2.14495         1.25287       486.41329         1.36333         0.99211         4.44046        14.11147         0.00000       156.82883
        45.00000      1138.84077      2141.07871       107.35489       369.94225       348.38533         2.12421         1.25227       489.28659         1.36050         0.98982         4.46030        14.17030         0.00000       158.35835
        46.00000      1160.45023      2148.86670       107.06448       373.57551       351.97037         2.10394         1.25168       492.12977         1.35771         0.98751         4.47993        14.22876         0.00000       159.87665
        47.00000      1181.93728      2156.59272       106.77756       377.20151       355.54826         2.08413         1.25110       494.94362         1.35497         0.98520         4.49935        14.28685         0.00000       161.38394
        48.00000      1203.30755      2164.25979       106.49408       380.82039       359.11911         2.06477         1.25053       497.72881         1.35228         0.98289         4.51858        14.34459         0.00000       162.88044
        49.00000      1224.67783      2171.86876       106.21393       384.43229       362.68308         2.04583         1.24998       500.48604         1.34962         0.98057         4.53760        14.40198         0.00000       164.36639
        50.00000      1246.04810      2179.42182       105.93706       388.03719       366.24016         2.02730         1.24943       503.21595         1.34701         0.97826         4.55643        14.45904         0.00000       165.84199
        51.00000      1267.41837      2186.91841       105.66338       391.63589       369.79111         2.00918         1.24890       505.91923         1.34444         0.97594         4.57508        14.51577         0.00000       167.30733
        52.00000      1288.59275      2194.36174       105.39282       395.22786       373.33543         1.99143         1.24838       508.59643         1.34190         0.97363         4.59354        14.57219         0.00000       168.76272
        53.00000      1309.72768      2201.75254       105.12532       398.81348       376.87350         1.97406         1.24787       511.24817         1.33941         0.97132         4.61182        14.62829         0.00000       170.20831
        54.00000      1330.86262      2209.09208       104.86080       402.39289       380.40543         1.95705         1.24736       513.87501         1.33695         0.96902         4.62993        14.68410         0.00000       171.64426
        55.00000      1351.99755      2216.38166       104.59920       405.96620       383.93135         1.94038         1.24687       516.47750         1.33452         0.96672         4.64787        14.73962         0.00000       173.07074
        56.00000      1373.10913      2223.62244       104.34046       409.53356       387.45140         1.92405         1.24639       519.05616         1.33213         0.96443         4.66565        14.79486         0.00000       174.48793
        57.00000      1394.01259      2230.81567       104.08452       413.09508       390.96569         1.90805         1.24592       521.61151         1.32977         0.96215         4.68326        14.84983         0.00000       175.89598
        58.00000      1414.91605      2237.96248       103.83132       416.65088       394.47433         1.89236         1.24546       524.14404         1.32745         0.95987         4.70071        14.90452         0.00000       177.29505
        59.00000      1435.81951      2245.06507       103.58081       420.20099       397.97736         1.87698         1.24500       526.65420         1.32516         0.95761         4.71801        14.95897         0.00000       178.68531
        60.00000      1456.72297      2252.12212       103.33293       423.74562       401.47500         1.86189         1.24455       529.14251         1.32290         0.95536         4.73515        15.01315         0.00000       180.06688
        61.00000      1477.55340      2259.13682       103.08762       427.28497       404.96739         1.84710         1.24412       531.60937         1.32067         0.95311         4.75215        15.06710         0.00000       181.43986
        62.00000      1498.22650      2266.10909       102.84483       430.81897       408.45452         1.83258         1.24369       534.05522         1.31847         0.95088         4.76900        15.12080         0.00000       182.80446
        63.00000      1518.89960      2273.04034       102.60453       434.34779       411.93651         1.81833         1.24326       536.48049         1.31630         0.94866         4.78571        15.17427         0.00000       184.16078
        64.00000      1539.57270      2279.93153       102.36665       437.87151       415.41347         1.80435         1.24285       538.88557         1.31416         0.94645         4.80228        15.22752         0.00000       185.50896
        65.00000      1560.24580      2286.78220       102.13114       441.39034       418.88559         1.79062         1.24244       541.27089         1.31205         0.94425         4.81871        15.28054         0.00000       186.84908
        66.00000      1580.80840      2293.59611       101.89798       444.90414       422.35274         1.77714         1.24204       543.63677         1.30997         0.94207         4.83501        15.33335         0.00000       188.18134
        67.00000      1601.25118      2300.37269       101.66712       448.41312       425.81512         1.76390         1.24165       545.98360         1.30791         0.93990         4.85118        15.38596         0.00000       189.50583
        68.00000      1621.69397      2307.65299       101.43583       451.86429       429.20483         1.75158         1.24134       548.29843         1.30612         0.93775         4.86713        15.44260         0.00000       190.81475
        69.00000      1642.13676      2314.35661       101.20952       455.36526       432.65938         1.73879         1.24096       550.60836         1.30411         0.93560         4.88304        15.49480         0.00000       192.12357
        70.00000      1662.57955      2321.02513       100.98539       458.86167       436.10941         1.72622         1.24058       552.90029         1.30213         0.93347         4.89883        15.54681         0.00000       193.42495
        71.00000      1682.88578      2327.65924       100.76339       462.35357       439.55500         1.71386         1.24022       555.17455         1.30017         0.93135         4.91450        15.59863         0.00000       194.71901
        72.00000      1703.09638      2334.25971       100.54348       465.84105       442.99620         1.70172         1.23985       557.43146         1.29823         0.92925         4.93005        15.65026         0.00000       196.00586
        73.00000      1723.30698      2340.82729       100.32564       469.32418       446.43309         1.68978         1.23950       559.67133         1.29632         0.92716         4.94549        15.70172         0.00000       197.28561
        74.00000      1743.51758      2347.36271       100.10981       472.80302       449.86574         1.67804         1.23915       561.89446         1.29443         0.92508         4.96081        15.75299         0.00000       198.55834
        75.00000      1763.72818      2353.86666        99.89598       476.27764       453.29421         1.66649         1.23880       564.10113         1.29256         0.92302         4.97601        15.80410         0.00000       199.82416
        76.00000      1783.78811      2360.33976        99.68410       479.74810       456.71855         1.65513         1.23847       566.29164         1.29071         0.92097         4.99111        15.85504         0.00000       201.08318
        77.00000      1803.76336      2366.78272        99.47414       483.21447       460.13884         1.64396         1.23813       568.46627         1.28889         0.91894         5.00610        15.90581         0.00000       202.33546
        78.00000      1823.73861      2373.19613        99.26607       486.67681       463.55513         1.63296         1.23781       570.62527         1.28709         0.91692         5.02098        15.95643         0.00000       203.58112
        79.00000      1843.71386      2379.58058        99.05987       490.13518       466.96749         1.62214         1.23748       572.76891         1.28531         0.91491         5.03575        16.00689         0.00000       204.82024
        80.00000      1863.68911      2385.93666        98.85549       493.58962       470.37595         1.61150         1.23717       574.89745         1.28354         0.91292         5.05042        16.05720         0.00000       206.05290
        81.00000      1883.51189      2392.26513        98.65290       497.04022       473.78059         1.60101         1.23685       577.01114         1.28180         0.91094         5.06500        16.10736         0.00000       207.27920
        82.00000      1903.24666      2398.56610        98.45210       500.48699       477.18145         1.59069         1.23655       579.11022         1.28008         0.90898         5.07947        16.15737         0.00000       208.49920
        83.00000      1922.98143      2404.84002        98.25304       503.93002       480.57858         1.58053         1.23624       581.19493         1.27838         0.90703         5.09384        16.20723         0.00000       209.71301
        84.00000      1942.71619      2411.08797        98.05570       507.36935       483.97205         1.57053         1.23595       583.26549         1.27669         0.90509         5.10812        16.25696         0.00000       210.92069
        85.00000      1962.45096      2417.30998        97.86004       510.80502       487.36189         1.56067         1.23565       585.32213         1.27503         0.90317         5.12230        16.30656         0.00000       212.12232
        86.00000      1982.04577      2423.50663        97.66605       514.23709       490.74815         1.55097         1.23536       587.36508         1.27338         0.90126         5.13639        16.35601         0.00000       213.31799
        87.00000      2001.53363      2429.67830        97.47371       517.66560       494.13088         1.54140         1.23508       589.39454         1.27175         0.89936         5.15039        16.40534         0.00000       214.50776
        88.00000      2021.02148      2435.82541        97.28297       521.09061       497.51013         1.53198         1.23480       591.41072         1.27014         0.89748         5.16430        16.45453         0.00000       215.69172
        89.00000      2040.50934      2441.94835        97.09383       524.51215       500.88594         1.52270         1.23452       593.41384         1.26854         0.89562         5.17812        16.50360         0.00000       216.86992
        90.00000      2059.99719      2448.04747        96.90625       527.93027       504.25836         1.51355         1.23425       595.40409         1.26696         0.89376         5.19185        16.55254         0.00000       218.04244
        91.00000      2079.37392      2454.12313        96.72022       531.34502       507.62743         1.50453         1.23398       597.38166         1.26540         0.89192         5.20550        16.60135         0.00000       219.20935
        92.00000      2098.60653      2460.17573        96.53572       534.75643       510.99319         1.49564         1.23372       599.34674         1.26386         0.89010         5.21906        16.65005         0.00000       220.37073
        93.00000      2117.83915      2466.20546        96.35271       538.16455       514.35569         1.48687         1.23346       601.29953         1.26233         0.88828         5.23254        16.69862         0.00000       221.52662
        94.00000      2137.07176      2472.21259        96.17119       541.56941       517.71495         1.47823         1.23320       603.24020         1.26081         0.88648         5.24594        16.74707         0.00000       222.67711
        95.00000      2156.30438      2478.19755        95.99112       544.97107       521.07103         1.46971         1.23295       605.16894         1.25931         0.88470         5.25925        16.79541         0.00000       223.82225
        96.00000      2175.47443      2484.16054        95.81250       548.36954       524.42396         1.46130         1.23270       607.08591         1.25783         0.88292         5.27249        16.84363         0.00000       224.96210
        97.00000      2194.44184      2490.10182        95.63529       551.76488       527.77378         1.45301         1.23245       608.99128         1.25636         0.88116         5.28565        16.89173         0.00000       226.09674
        98.00000      2213.40925      2496.02162        95.45948       555.15712       531.12053         1.44484         1.23221       610.88523         1.25491         0.87941         5.29873        16.93973         0.00000       227.22622
        99.00000      2232.37665      2501.92016        95.28505       558.54629       534.46425         1.43677         1.23197       612.76791         1.25347         0.87768         5.31173        16.98760         0.00000       228.35059
       100.00000      2251.34406      2507.79765        95.11198       561.93243       537.80496         1.42881         1.23173       614.63948         1.25204         0.87595         5.32466        17.03537         0.00000       229.46992
       101.00000      2270.31147      2513.65749        94.94025       565.31537       541.14249         1.42096         1.23150       616.50005         1.25063         0.87424         5.33752        17.08305         0.00000       230.58430
       102.00000      2289.01274      2519.49096        94.76986       568.69570       544.47747         1.41321         1.23127       618.34993         1.24924         0.87254         5.35030        17.13058         0.00000       231.69369
       103.00000      2307.70399      2525.30644        94.60077       572.07296       547.80940         1.40556         1.23105       620.18911         1.24785         0.87086         5.36301        17.17801         0.00000       232.79823
       104.00000      2326.39524      2531.10156        94.43297       575.44732       551.13847         1.39801         1.23082       622.01780         1.24648         0.86918         5.37565        17.22534         0.00000       233.89796
       105.00000      2345.08649      2536.87651        94.26645       578.81882       554.46470         1.39055         1.23060       623.83612         1.24512         0.86752         5.38823        17.27256         0.00000       234.99292
       106.00000      2363.77773      2542.63146        94.10118       582.18748       557.78814         1.38319         1.23039       625.64423         1.24378         0.86587         5.40073        17.31967         0.00000       236.08317
       107.00000      2382.29127      2548.36651        93.93715       585.55333       561.10881         1.37593         1.23017       627.44226         1.24244         0.86423         5.41316        17.36667         0.00000       237.16876
       108.00000      2400.69289      2554.08180        93.77435       588.91641       564.42674         1.36875         1.22996       629.23035         1.24112         0.86261         5.42553        17.41357         0.00000       238.24974
       109.00000      2419.09451      2559.77744        93.61276       592.27675       567.74197         1.36167         1.22975       631.00862         1.23982         0.86099         5.43783        17.46036         0.00000       239.32616
       110.00000      2437.49614      2565.45487        93.45236       595.63430       571.05445         1.35467         1.22954       632.77718         1.23852         0.85939         5.45007        17.50705         0.00000       240.39808
       111.00000      2455.89776      2571.11024        93.29314       598.98929       574.36443         1.34776         1.22934       634.53624         1.23724         0.85780         5.46224        17.55362         0.00000       241.46552
       112.00000      2474.24475      2576.74885        93.13509       602.34149       577.67164         1.34093         1.22914       636.28581         1.23596         0.85622         5.47435        17.60010         0.00000       242.52854
       113.00000      2492.34170      2582.36577        92.97818       605.69120       580.97643         1.33419         1.22894       638.02612         1.23470         0.85465         5.48639        17.64646         0.00000       243.58723
       114.00000      2510.43864      2587.96454        92.82241       609.03822       584.27857         1.32753         1.22874       639.75722         1.23345         0.85309         5.49838        17.69271         0.00000       244.64159
       115.00000      2528.53558      2593.54652        92.66775       612.38259       587.57809         1.32094         1.22855       641.47921         1.23221         0.85154         5.51030        17.73888         0.00000       245.69166
       116.00000      2546.63253      2599.10517        92.51421       615.72455       590.87528         1.31444         1.22836       643.19231         1.23099         0.85000         5.52216        17.78492         0.00000       246.73753
       117.00000      2564.72947      2604.65070        92.36175       619.06390       594.16986         1.30801         1.22817       644.89646         1.22977         0.84848         5.53397        17.83089         0.00000       247.77916
       118.00000      2582.61700      2610.17359        92.21038       622.40079       597.46207         1.30166         1.22798       646.59194         1.22856         0.84696         5.54571        17.87672         0.00000       248.81670
       119.00000      2600.39350      2615.67761        92.06008       625.73516       600.75182         1.29538         1.22780       648.27879         1.22737         0.84546         5.55740        17.92246         0.00000       249.85014
       120.00000      2618.17000      2621.15954        91.91084       629.06703       604.03916         1.28917         1.22761       649.95718         1.22618         0.84396         5.56903        17.96805         0.00000       250.87955
       121.00000      2635.94650      2626.62843        91.76262       632.39657       607.32416         1.28303         1.22743       651.62705         1.22501         0.84248         5.58061        18.01359         0.00000       251.90488
       122.00000      2653.72300      2632.07421        91.61546       635.72356       610.60673         1.27697         1.22726       653.28869         1.22384         0.84100         5.59212        18.05899         0.00000       252.92631
       123.00000      2671.49146      2640.52306        91.41924       638.37841       613.29780         1.26977         1.22696       654.88865         1.21970         0.83959         5.60322        18.12815         0.00000       253.91220
       124.00000      2688.98186      2665.64783        90.94528       637.29322       612.70347         1.25577         1.22598       656.18651         1.19892         0.83844         5.61222        18.32909         0.00000       254.71890
       125.00000      2706.47225      2698.44884        90.34083       634.49544       610.60576         1.23850         1.22465       657.34292         1.17068         0.83742         5.62024        18.59079         0.00000       255.43907
       126.00000      2723.96264      2727.93432        89.78838       632.43267       609.15347         1.22252         1.22344       658.55211         1.14591         0.83635         5.62862        18.82640         0.00000       256.18870
       127.00000      2741.44849      2733.16025        89.64447       635.68310       612.38080         1.21649         1.22324       660.18182         1.14447         0.83492         5.63993        18.87038         0.00000       257.19264
       128.00000      2758.76354      2738.36708        89.50153       638.93105       615.60558         1.21053         1.22305       661.80372         1.14304         0.83349         5.65118        18.91426         0.00000       258.19285
       129.00000      2776.00929      2743.55516        89.35954       642.17655       618.82785         1.20464         1.22286       663.41787         1.14162         0.83208         5.66238        18.95802         0.00000       259.18939
       130.00000      2793.08810      2748.72461        89.21850       645.41963       622.04762         1.19883         1.22267       665.02438         1.14021         0.83067         5.67353        19.00167         0.00000       260.18227
       131.00000      2810.16691      2753.87556        89.07838       648.66029       625.26491         1.19307         1.22249       666.62334         1.13882         0.82927         5.68463        19.04522         0.00000       261.17154
       132.00000      2827.24572      2759.00813        88.93919       651.89857       628.47976         1.18739         1.22231       668.21481         1.13744         0.82789         5.69568        19.08866         0.00000       262.15724
       133.00000      2844.32452      2764.12245        88.80091       655.13448       631.69217         1.18177         1.22213       669.79889         1.13607         0.82651         5.70668        19.13199         0.00000       263.13939
       134.00000      2861.40333      2769.21864        88.66353       658.36805       634.90218         1.17621         1.22195       671.37566         1.13472         0.82514         5.71763        19.17521         0.00000       264.11803
       135.00000      2878.36916      2774.29682        88.52704       661.59928       638.10980         1.17071         1.22177       672.94520         1.13338         0.82378         5.72853        19.21833         0.00000       265.09320
       136.00000      2895.19009      2779.35710        88.39143       664.82820       641.31506         1.16528         1.22160       674.50759         1.13205         0.82243         5.73939        19.26134         0.00000       266.06493
       137.00000      2912.01101      2784.39958        88.25668       668.05483       644.51798         1.15991         1.22143       676.06291         1.13073         0.82109         5.75020        19.30425         0.00000       267.03324
       138.00000      2928.83193      2789.42438        88.12280       671.27919       647.71857         1.15459         1.22126       677.61123         1.12942         0.81975         5.76096        19.34705         0.00000       267.99817
       139.00000      2945.65286      2794.43159        87.98977       674.50130       650.91687         1.14934         1.22109       679.15263         1.12813         0.81843         5.77167        19.38975         0.00000       268.95976
       140.00000      2962.47378      2799.42132        87.85758       677.72116       654.11288         1.14414         1.22092       680.68718         1.12685         0.81711         5.78234        19.43234         0.00000       269.91803
         0.00000        -0.00000      1671.73220       155.77775        94.78537        87.70980         4.54213         1.27485       309.03662         1.06240         0.84678         3.18108        10.63661         0.00000        69.74157
         1.00000        36.28228      1689.73858       154.08183       101.23546        94.29047         4.18604         1.26632       314.81083         1.04131         0.87563         3.22437        10.78549         0.00000        71.98820
         2.00000        66.34476      1706.82448       152.58318       107.10864       100.30933         3.89279         1.25938       320.47375         1.02017         0.90037         3.26655        10.92483         0.00000        74.21762
         3.00000        96.41489      1724.11998       150.90248       113.98626       107.20666         3.63883         1.25400       325.95990         1.00798         0.92135         3.30717        11.06383         0.00000        76.40177
         4.00000       126.47625      1739.73391       149.55184       119.39793       112.73015         3.43182         1.24916       331.39629         0.99068         0.93956         3.34720        11.18806         0.00000        78.58938
         5.00000       156.54183      1754.31427       148.29247       124.52332       117.96720         3.25206         1.24494       336.74541         0.97414         0.95521         3.38639        11.30280         0.00000        80.76421
         6.00000       186.60540      1768.02479       147.10331       129.46336       123.01600         3.09302         1.24120       342.00194         0.95841         0.96864         3.42473        11.40955         0.00000        82.92270
         7.00000       216.66896      1780.98860       145.97069       134.28023       127.93686         2.95058         1.23785       347.16354         0.94353         0.98012         3.46222        11.50946         0.00000        85.06251
         8.00000       246.00169      1793.29149       144.88514       139.01209       132.76678         2.82199         1.23485       352.23032         0.92952         0.98989         3.49887        11.60337         0.00000        87.18236
         9.00000       275.15035      1804.99219       143.83898       143.68602       137.53187         2.70526         1.23213       357.20400         0.91639         0.99819         3.53473        11.69188         0.00000        89.28167
        10.00000       304.12654      1816.12742       142.82438       148.32703       142.25566         2.59896         1.22968       362.08739         0.90421         1.00519         3.56982        11.77541         0.00000        91.36042
        11.00000       332.88900      1826.71128       141.83070       152.96819       146.96815         2.50225         1.22747       366.88431         0.89316         1.01107         3.60419        11.85416         0.00000        93.41910
        12.00000       361.53749      1841.33620       140.72990       158.39708       151.71186         2.55818         1.23104       371.36765         0.93547         1.01573         3.63622        11.96448         0.00000        95.35806
        13.00000       389.98609      1850.79468       139.73531       163.04144       156.45659         2.46431         1.22869       376.01038         0.92278         1.01979         3.66930        12.03377         0.00000        97.38091
        14.00000       417.29753      1878.65096       136.29248       177.83864       170.17647         2.45680         1.23273       379.66087         0.97552         1.02247         3.69526        12.24814         0.00000        98.98205
        15.00000       443.99125      1913.25369       131.80293       201.58454       191.81733         2.47894         1.23892       382.92316         1.07360         1.02452         3.71841        12.51565         0.00000       100.42079
        16.00000       470.32792      1923.33814       131.15698       205.57180       195.88983         2.41636         1.23714       387.28936         1.06349         1.02677         3.74935        12.58943         0.00000       102.35772
        17.00000       496.56087      1933.18868       130.52648       209.54105       199.94072         2.35704         1.23547       391.57834         1.05376         1.02847         3.77968        12.66129         0.00000       104.27304
        18.00000       522.40358      1942.81603       129.91075       213.49301       203.97098         2.30074         1.23388       395.79312         1.04439         1.02970         3.80943        12.73135         0.00000       106.16732
        19.00000       548.18742      1972.09206       128.23541       224.81982       215.74609         2.12121         1.22839       399.05279         1.00538         1.03036         3.83240        12.95651         0.00000       107.63994
        20.00000       573.57014      1999.12484       126.65881       236.12338       227.54223         1.95460         1.22318       402.36071         0.96513         1.03079         3.85568        13.16392         0.00000       109.14159
        21.00000       598.92253      2007.23149       126.12758       240.12427       231.61700         1.91208         1.22202       406.43856         0.95701         1.03101         3.88435        13.22195         0.00000       111.00332
        22.00000       624.04227      2024.27409       124.73800       247.97267       238.79120         1.93025         1.22532       410.06205         0.98403         1.03094         3.90978        13.35054         0.00000       112.66668
        23.00000       649.12026      2023.16388       120.10311       267.27569       253.85122         2.24151         1.24610       414.38654         1.16613         1.03054         3.94010        13.33596         0.00000       116.55060
        24.00000       673.78483      1999.06554       114.57132       290.83590       269.88133         2.70919         1.27165       419.56568         1.43364         1.02966         3.97635        13.14028         0.00000       122.69091
        25.00000       696.50299      2008.79714       114.17948       294.68392       273.67869         2.67291         1.27059       423.27807         1.42944         1.02877         4.00230        13.21149         0.00000       124.51176
        26.00000       719.22116      2018.41979       113.79399       298.51781       277.46188         2.63779         1.26956       426.93503         1.42534         1.02771         4.02784        13.28193         0.00000       126.31442
        27.00000       741.81150      2027.93661       113.41463       302.33813       281.23148         2.60378         1.26857       430.53850         1.42133         1.02649         4.05297        13.35164         0.00000       128.09941
        28.00000       764.39099      2037.35064       113.04122       306.14539       284.98802         2.57083         1.26760       434.09034         1.41741         1.02512         4.07773        13.42065         0.00000       129.86719
        29.00000       786.82469      2046.66476       112.67357       309.94008       288.73201         2.53887         1.26667       437.59230         1.41358         1.02364         4.10212        13.48898         0.00000       131.61822
        30.00000       809.19806      2055.88173       112.31150       313.72265       292.46392         2.50786         1.26576       441.04602         1.40982         1.02204         4.12615        13.55667         0.00000       133.35295
        31.00000       831.57144      2065.00429       111.95486       317.49348       296.18412         2.47775         1.26488       444.45309         1.40615         1.02034         4.14984        13.62373         0.00000       135.07179
        32.00000       853.94481      2074.03476       111.60348       321.25300       299.89307         2.44850         1.26402       447.81499         1.40254         1.01856         4.17320        13.69019         0.00000       136.77516
        33.00000       876.25551      2082.97584       111.25721       325.00178       303.59134         2.42008         1.26318       451.13314         1.39901         1.01670         4.19624        13.75606         0.00000       138.46340
        34.00000       898.36522      2091.82980       110.91589       328.73987       307.27900         2.39245         1.26237       454.40888         1.39555         1.01477         4.21897        13.82138         0.00000       140.13692
        35.00000       920.47493      2100.59892       110.57940       332.46774       310.95651         2.36556         1.26157       457.64351         1.39216         1.01278         4.24140        13.88615         0.00000       141.79607
        36.00000       942.58464      2109.28541       110.24760       336.18568       314.62418         2.33939         1.26080       460.83823         1.38883         1.01073         4.26354        13.95040         0.00000       143.44118
        37.00000       964.69435      2117.89098       109.92035       339.89395       318.28227         2.31391         1.26005       463.99424         1.38556         1.00864         4.28541        14.01414         0.00000       145.07260
        38.00000       986.62271      2126.41867       109.59755       343.59302       321.93124         2.28909         1.25931       467.11259         1.38235         1.00651         4.30700        14.07739         0.00000       146.69057
        39.00000      1008.47872      2134.87020       109.27906       347.28285       325.57108         2.26491         1.25860       470.19438         1.37920         1.00435         4.32833        14.14016         0.00000       148.29547
        40.00000      1030.33473      2143.24638       108.96478       350.96387       329.20222         2.24133         1.25790       473.24063         1.37611         1.00216         4.34941        14.20247         0.00000       149.88760
        41.00000      1052.19073      2151.55043       108.65459       354.63658       332.82512         2.21833         1.25721       476.25229         1.37307         0.99994         4.37024        14.26434         0.00000       151.46713
        42.00000      1074.01237      2159.78346       108.34840       358.30079       336.43963         2.19589         1.25655       479.23029         1.37008         0.99770         4.39083        14.32577         0.00000       153.03444
        43.00000      1095.62184      2167.94705       108.04610       361.95673       340.04599         2.17399         1.25590       482.17554         1.36714         0.99544         4.41118        14.38677         0.00000       154.58979
        44.00000      1117.23130      2176.04396       107.74760       365.60505       343.64481         2.15261         1.25526       485.08885         1.36425         0.99316         4.43131        14.44738         0.00000       156.13331
        45.00000      1138.84077      2184.07480       107.45279       369.24547       347.23584         2.13173         1.25464       487.97106         1.36141         0.99087         4.45122        14.50758         0.00000       157.66538
        46.00000      1160.45023      2192.04152       107.16160       372.87847       350.81956         2.11132         1.25403       490.82296         1.35862         0.98858         4.47091        14.56740         0.00000       159.18615
        47.00000      1181.93728      2199.94576       106.87394       376.50410       354.39600         2.09138         1.25343       493.64528         1.35587         0.98627         4.49039        14.62684         0.00000       160.69587
        48.00000      1203.30755      2207.78900       106.58971       380.12255       357.96536         2.07189         1.25285       496.43876         1.35316         0.98396         4.50967        14.68592         0.00000       162.19476
        49.00000      1224.67783      2215.57261       106.30885       383.73405       361.52788         2.05283         1.25228       499.20408         1.35050         0.98165         4.52875        14.74465         0.00000       163.68303
        50.00000      1246.04810      2223.29822       106.03128       387.33870       365.08364         2.03418         1.25172       501.94191         1.34788         0.97934         4.54764        14.80303         0.00000       165.16087
        51.00000      1267.41837      2230.96647       105.75691       390.93673       368.63288         2.01593         1.25117       504.65292         1.34529         0.97703         4.56634        14.86107         0.00000       166.62847
        52.00000      1288.59275      2238.58008       105.48568       394.52819       372.17564         1.99807         1.25064       507.33769         1.34275         0.97472         4.58486        14.91880         0.00000       168.08605
        53.00000      1309.72768      2246.13978       105.21753       398.11328       375.71212         1.98059         1.25011       509.99682         1.34024         0.97241         4.60319        14.97621         0.00000       169.53376
        54.00000      1330.86262      2253.64684       104.95237       401.69212       379.24244         1.96347         1.24960       512.63089         1.33778         0.97011         4.62135        15.03331         0.00000       170.97180
        55.00000      1351.99755      2261.10250       104.69015       405.26485       382.76674         1.94670         1.24909       515.24045         1.33534         0.96781         4.63934        15.09011         0.00000       172.40033
        56.00000      1373.10913      2268.50803       104.43081       408.83160       386.28514         1.93027         1.24860       517.82605         1.33294         0.96552         4.65717        15.14662         0.00000       173.81953
        57.00000      1394.01259      2275.86527       104.17429       412.39235       389.79764         1.91417         1.24811       520.38817         1.33058         0.96324         4.67483        15.20286         0.00000       175.22960
        58.00000      1414.91605      2283.17353       103.92050       415.94764       393.30472         1.89839         1.24763       522.92737         1.32825         0.96097         4.69232        15.25881         0.00000       176.63053
        59.00000      1435.81951      2290.43634       103.66944       419.49696       396.80596         1.88291         1.24717       525.44406         1.32595         0.95870         4.70967        15.31450         0.00000       178.02273
        60.00000      1456.72297      2297.65257       103.42099       423.04117       400.30210         1.86774         1.24671       527.93877         1.32369         0.95645         4.72686        15.36993         0.00000       179.40605
        61.00000      1477.55340      2304.82494       103.17515       426.57976       403.79273         1.85285         1.24626       530.41190         1.32145         0.95420         4.74390        15.42511         0.00000       180.78087
        62.00000      1498.22650      2311.95529       102.93185       430.11295       407.27803         1.83825         1.24582       532.86388         1.31924         0.95197         4.76079        15.48005         0.00000       182.14728
        63.00000      1518.89960      2319.04205       102.69104       433.64103       410.75827         1.82392         1.24538       535.29517         1.31707         0.94974         4.77754        15.53474         0.00000       183.50535
        64.00000      1539.57270      2326.08601       102.45265       437.16411       414.23358         1.80985         1.24496       537.70622         1.31492         0.94753         4.79416        15.58919         0.00000       184.85520
        65.00000      1560.24580      2333.09102       102.21667       440.68206       417.70382         1.79605         1.24454       540.09732         1.31280         0.94533         4.81063        15.64342         0.00000       186.19704
        66.00000      1580.80840      2340.05660       101.98303       444.19508       421.16919         1.78249         1.24413       542.46890         1.31071         0.94315         4.82697        15.69743         0.00000       187.53096
        67.00000      1601.25118      2346.98373       101.75170       447.70327       424.62978         1.76918         1.24373       544.82134         1.30864         0.94097         4.84317        15.75123         0.00000       188.85707
        68.00000      1621.69397      2353.87313       101.52263       451.20669       428.08566         1.75610         1.24333       547.15499         1.30661         0.93881         4.85925        15.80482         0.00000       190.17550
        69.00000      1642.13676      2360.72583       101.29579       454.70544       431.53692         1.74325         1.24294       549.47021         1.30459         0.93666         4.87520        15.85820         0.00000       191.48636
        70.00000      1662.57955      2368.05289       101.06863       458.14923       434.91920         1.73126         1.24262       551.75484         1.30283         0.93454         4.89094        15.91539         0.00000       192.78253
        71.00000      1682.88578      2374.83283       100.84620       461.64025       438.36291         1.71883         1.24225       554.03433         1.30087         0.93242         4.90665        15.96837         0.00000       194.07812
        72.00000      1703.09638      2381.57806       100.62588       465.12683       441.80224         1.70662         1.24188       556.29638         1.29892         0.93031         4.92223        16.02116         0.00000       195.36647
        73.00000      1723.30698      2388.28905       100.40762       468.60904       445.23725         1.69462         1.24151       558.54131         1.29701         0.92821         4.93770        16.07376         0.00000       196.64770
        74.00000      1743.51758      2394.96681       100.19140       472.08696       448.66801         1.68281         1.24115       560.76941         1.29511         0.92613         4.95305        16.12618         0.00000       197.92189
        75.00000      1763.72818      2401.61202        99.97717       475.56065       452.09458         1.67121         1.24080       562.98099         1.29324         0.92407         4.96829        16.17842         0.00000       199.18915
        76.00000      1783.78811      2408.22518        99.76490       479.03017       455.51703         1.65979         1.24045       565.17632         1.29139         0.92201         4.98342        16.23049         0.00000       200.44957
        77.00000      1803.76336      2414.80704        99.55457       482.49559       458.93541         1.64856         1.24011       567.35569         1.28956         0.91998         4.99844        16.28238         0.00000       201.70325
        78.00000      1823.73861      2421.35829        99.34613       485.95697       462.34980         1.63750         1.23977       569.51936         1.28775         0.91795         5.01335        16.33411         0.00000       202.95027
        79.00000      1843.71386      2427.87949        99.13956       489.41437       465.76024         1.62663         1.23944       571.66761         1.28596         0.91594         5.02816        16.38568         0.00000       204.19074
        80.00000      1863.68911      2434.37123        98.93483       492.86784       469.16680         1.61593         1.23912       573.80069         1.28420         0.91394         5.04286        16.43708         0.00000       205.42473
        81.00000      1883.51189      2440.83414        98.73191       496.31745       472.56952         1.60539         1.23880       575.91885         1.28245         0.91196         5.05747        16.48834         0.00000       206.65233
        82.00000      1903.24666      2447.26856        98.53076       499.76324       475.96846         1.59502         1.23848       578.02233         1.28073         0.90999         5.07197        16.53943         0.00000       207.87363
        83.00000      1922.98143      2453.67524        98.33136       503.20527       479.36367         1.58481         1.23817       580.11137         1.27902         0.90804         5.08637        16.59038         0.00000       209.08871
        84.00000      1942.71619      2460.05454        98.13369       506.64360       482.75522         1.57475         1.23786       582.18622         1.27733         0.90610         5.10068        16.64119         0.00000       210.29764
        85.00000      1962.45096      2466.40701        97.93771       510.07826       486.14314         1.56485         1.23756       584.24708         1.27566         0.90417         5.11489        16.69185         0.00000       211.50052
        86.00000      1982.04577      2472.73308        97.74340       513.50932       489.52748         1.55509         1.23726       586.29418         1.27401         0.90226         5.12901        16.74236         0.00000       212.69741
        87.00000      2001.53363      2479.03331        97.55074       516.93683       492.90829         1.54548         1.23697       588.32775         1.27237         0.90036         5.14303        16.79274         0.00000       213.88839
        88.00000      2021.02148      2485.30778        97.35970       520.36081       496.28562         1.53601         1.23668       590.34798         1.27076         0.89847         5.15697        16.84299         0.00000       215.07353
        89.00000      2040.50934      2491.55723        97.17026       523.78132       499.65951         1.52668         1.23640       592.35509         1.26916         0.89660         5.17081        16.89310         0.00000       216.25291
        90.00000      2059.99719      2497.78195        96.98238       527.19842       503.03001         1.51749         1.23612       594.34928         1.26758         0.89474         5.18457        16.94307         0.00000       217.42660
        91.00000      2079.37392      2503.98217        96.79606       530.61212       506.39715         1.50843         1.23585       596.33073         1.26601         0.89290         5.19825        16.99292         0.00000       218.59466
        92.00000      2098.60653      2510.15862        96.61126       534.02251       509.76100         1.49949         1.23557       598.29965         1.26446         0.89107         5.21183        17.04264         0.00000       219.75717
        93.00000      2117.83915      2516.31113        96.42797       537.42959       513.12158         1.49069         1.23531       600.25623         1.26293         0.88925         5.22534        17.09224         0.00000       220.91420
        94.00000      2137.07176      2522.44096        96.24616       540.83345       516.47895         1.48200         1.23504       602.20062         1.26141         0.88745         5.23876        17.14171         0.00000       222.06577
        95.00000      2156.30438      2528.54636        96.06582       544.23401       519.83309         1.47344         1.23478       604.13305         1.25991         0.88565         5.25210        17.19105         0.00000       223.21204
        96.00000      2175.47443      2534.62974        95.88692       547.63145       523.18411         1.46499         1.23453       606.05366         1.25842         0.88388         5.26536        17.24028         0.00000       224.35299
        97.00000      2194.44184      2540.69054        95.70944       551.02574       526.53203         1.45667         1.23427       607.96263         1.25695         0.88211         5.27854        17.28938         0.00000       225.48870
        98.00000      2213.40925      2546.72905        95.53336       554.41693       529.87687         1.44845         1.23402       609.86012         1.25549         0.88036         5.29165        17.33837         0.00000       226.61925
        99.00000      2232.37665      2552.74553        95.35867       557.80505       533.21868         1.44035         1.23378       611.74630         1.25405         0.87862         5.30468        17.38724         0.00000       227.74468
       100.00000      2251.34406      2558.74021        95.18534       561.19014       536.55749         1.43235         1.23354       613.62134         1.25262         0.87689         5.31763        17.43599         0.00000       228.86506
       101.00000      2270.31147      2564.71606        95.01334       564.57204       539.89313         1.42446         1.23330       615.48533         1.25121         0.87518         5.33051        17.48465         0.00000       229.98049
       102.00000      2289.01274      2570.66780        94.84269       567.95123       543.22611         1.41667         1.23306       617.33853         1.24981         0.87347         5.34331        17.53318         0.00000       231.09092
       103.00000      2307.70399      2576.59824        94.67334       571.32744       546.55615         1.40899         1.23283       619.18105         1.24842         0.87178         5.35605        17.58158         0.00000       232.19649
       104.00000      2326.39524      2582.50575        94.50529       574.70082       549.88340         1.40140         1.23260       621.01306         1.24704         0.87010         5.36871        17.62986         0.00000       233.29720
       105.00000      2345.08649      2588.39647        94.33851       578.07118       553.20765         1.39392         1.23237       622.83459         1.24568         0.86844         5.38130        17.67806         0.00000       234.39317
       106.00000      2363.77773      2594.26240        94.17299       581.43887       556.52929         1.38652         1.23215       624.64595         1.24433         0.86678         5.39383        17.72612         0.00000       235.48440
       107.00000      2382.29127      2600.11156        94.00872       584.80353       559.84793         1.37923         1.23193       626.44712         1.24300         0.86514         5.40628        17.77409         0.00000       236.57099
       108.00000      2400.69289      2605.93700        93.84567       588.16570       563.16413         1.37202         1.23171       628.23837         1.24168         0.86351         5.41867        17.82193         0.00000       237.65294
       109.00000      2419.09451      2611.74391        93.68383       591.52499       566.47748         1.36490         1.23150       630.01974         1.24036         0.86189         5.43099        17.86967         0.00000       238.73033
       110.00000      2437.49614      2617.53346        93.52318       594.88148       569.78807         1.35788         1.23128       631.79133         1.23907         0.86028         5.44325        17.91732         0.00000       239.80320
       111.00000      2455.89776      2623.29915        93.36372       598.23538       573.09613         1.35093         1.23107       633.55340         1.23778         0.85869         5.45544        17.96484         0.00000       240.87162
       112.00000      2474.24475      2629.04444        93.20543       601.58666       576.40162         1.34408         1.23087       635.30602         1.23650         0.85710         5.46757        18.01224         0.00000       241.93559
       113.00000      2492.34170      2634.77162        93.04828       604.93524       579.70445         1.33730         1.23066       637.04926         1.23524         0.85553         5.47963        18.05954         0.00000       242.99520
       114.00000      2510.43864      2640.47940        92.89227       608.28123       583.00474         1.33061         1.23046       638.78326         1.23399         0.85397         5.49164        18.10674         0.00000       244.05049
       115.00000      2528.53558      2646.17060        92.73737       611.62457       586.30239         1.32400         1.23026       640.50810         1.23275         0.85241         5.50358        18.15385         0.00000       245.10148
       116.00000      2546.63253      2651.83929        92.58358       614.96547       589.59769         1.31747         1.23007       642.22400         1.23151         0.85087         5.51546        18.20083         0.00000       246.14824
       117.00000      2564.72947      2657.48539        92.43091       618.30379       592.89050         1.31101         1.22987       643.93109         1.23029         0.84934         5.52728        18.24768         0.00000       247.19085
       118.00000      2582.61700      2663.11796        92.27929       621.63957       596.18076         1.30463         1.22968       645.62929         1.22909         0.84782         5.53904        18.29446         0.00000       248.22927
       119.00000      2600.39350      2668.72506        92.12877       624.97293       599.46871         1.29832         1.22949       647.31895         1.22789         0.84631         5.55075        18.34109         0.00000       249.26362
       120.00000      2618.17000      2674.31808        91.97928       628.30376       602.75415         1.29209         1.22930       648.99996         1.22670         0.84481         5.56240        18.38765         0.00000       250.29391
       121.00000      2635.94650      2679.89232        91.83083       631.63226       606.03731         1.28593         1.22912       650.67251         1.22552         0.84333         5.57399        18.43410         0.00000       251.32012
       122.00000      2653.72300      2685.44328        91.68343       634.95822       609.31804         1.27984         1.22893       652.33679         1.22435         0.84185         5.58553        18.48042         0.00000       252.34243
       123.00000      2671.49146      2690.97838        91.53703       638.28186       612.59647         1.27382         1.22875       653.99277         1.22319         0.84038         5.59701        18.52665         0.00000       253.36076
       124.00000      2688.98186      2703.73663        91.27383       640.01737       614.48121         1.26503         1.22828       655.51210         1.21502         0.83904         5.60754        18.62997         0.00000       254.29865
       125.00000      2706.47225      2731.65497        90.76280       638.40317       613.43114         1.25015         1.22719       656.75565         1.19206         0.83794         5.61616        18.85313         0.00000       255.07156
       126.00000      2723.96264      2766.96919        90.12847       635.18319       610.97281         1.23222         1.22575       657.86237         1.16222         0.83696         5.62384        19.13483         0.00000       255.76016
       127.00000      2741.44849      2789.00314        89.70969       634.83651       611.03760         1.21952         1.22485       659.19851         1.14512         0.83578         5.63311        19.31171         0.00000       256.58587
       128.00000      2758.76354      2794.31420        89.56651       638.08390       614.26151         1.21354         1.22466       660.82309         1.14368         0.83435         5.64438        19.35650         0.00000       257.58707
       129.00000      2776.00929      2799.60570        89.42429       641.32886       617.48291         1.20762         1.22446       662.43992         1.14226         0.83293         5.65560        19.40117         0.00000       258.58458
       130.00000      2793.08810      2804.87807        89.28301       644.57140       620.70181         1.20177         1.22427       664.04907         1.14084         0.83152         5.66676        19.44573         0.00000       259.57843
       131.00000      2810.16691      2810.13149        89.14267       647.81153       623.91824         1.19599         1.22408       665.65063         1.13945         0.83012         5.67788        19.49019         0.00000       260.56867
       132.00000      2827.24572      2815.36609        89.00324       651.04927       627.13222         1.19027         1.22389       667.24469         1.13806         0.82873         5.68895        19.53453         0.00000       261.55531
       133.00000      2844.32452      2820.58201        88.86474       654.28464       630.34376         1.18463         1.22371       668.83133         1.13669         0.82735         5.69996        19.57876         0.00000       262.53841
       134.00000      2861.40333      2825.77936        88.72713       657.51767       633.55290         1.17904         1.22352       670.41063         1.13533         0.82598         5.71093        19.62288         0.00000       263.51799
       135.00000      2878.36916      2830.95829        88.59041       660.74837       636.75965         1.17352         1.22334       671.98268         1.13399         0.82461         5.72185        19.66689         0.00000       264.49408
       136.00000      2895.19009      2836.11890        88.45458       663.97676       639.96404         1.16806         1.22316       673.54755         1.13265         0.82326         5.73272        19.71080         0.00000       265.46672
       137.00000      2912.01101      2841.26133        88.31961       667.20286       643.16608         1.16266         1.22299       675.10532         1.13133         0.82191         5.74354        19.75460         0.00000       266.43594
       138.00000      2928.83193      2846.38568        88.18551       670.42669       646.36580         1.15732         1.22281       676.65608         1.13002         0.82058         5.75432        19.79829         0.00000       267.40178
       139.00000      2945.65286      2851.49206        88.05226       673.64827       649.56321         1.15204         1.22264       678.19988         1.12872         0.81925         5.76505        19.84187         0.00000       268.36426
       140.00000      2962.47378      2856.58057        87.91985       676.86761       652.75834         1.14682         1.22247       679.73682         1.12743         0.81793         5.77573        19.88535         0.00000       269.32341
         0.00000        -0.00000      1704.35916       155.97330        93.81089        86.54162         4.61910         1.27924       306.78572         1.06696         0.83444         3.16412        10.88758         0.00000        68.87315
         1.00000        36.28228      1723.15308       154.30361       100.34335        93.22397         4.24287         1.27009       312.56971         1.04455         0.86489         3.20760        11.04393         0.00000        71.11301
         2.00000        66.34476      1740.71061       152.80999       106.19034        99.22929         3.94068         1.26273       318.26362         1.02268         0.89110         3.25011        11.18811         0.00000        73.34447
         3.00000        96.41489      1758.48469       151.10581       113.17025       106.22529         3.67879         1.25707       323.77832         1.01064         0.91334         3.29103        11.33180         0.00000        75.53039
         4.00000       126.47625      1774.57146       149.74119       118.62195       111.79206         3.46645         1.25200       329.24351         0.99317         0.93264         3.33136        11.46052         0.00000        77.72035
         5.00000       156.54183      1789.59148       148.46987       123.77821       117.06332         3.28252         1.24759       334.62264         0.97647         0.94925         3.37085        11.57935         0.00000        79.89850
         6.00000       186.60540      1803.70553       147.27060       128.74168       122.13899         3.12010         1.24368       339.91021         0.96058         0.96352         3.40949        11.68980         0.00000        82.06126
         7.00000       216.66896      1817.04112       146.12913       133.57799       127.08259         2.97487         1.24020       345.10341         0.94556         0.97573         3.44727        11.79305         0.00000        84.20606
         8.00000       246.00169      1829.68840       145.03566       138.32684       131.93259         2.84392         1.23707       350.20195         0.93142         0.98615         3.48421        11.89001         0.00000        86.33144
         9.00000       275.15035      1841.70992       143.98218       143.01658       136.71627         2.72517         1.23424       355.20723         0.91818         0.99501         3.52035        11.98131         0.00000        88.43669
        10.00000       304.12654      1853.14549       142.96060       147.67317       141.45803         2.61716         1.23170       360.12188         0.90591         1.00250         3.55571        12.06739         0.00000        90.52167
        11.00000       332.88900      1864.01180       141.95991       152.33107       146.18903         2.51898         1.22941       364.94957         0.89480         1.00881         3.59033        12.14852         0.00000        92.58679
        12.00000       361.53749      1878.85263       140.85499       157.80573       150.96951         2.57294         1.23299       369.46244         0.93671         1.01384         3.62261        12.26064         0.00000        94.53235
        13.00000       389.98609      1888.50964       139.84544       162.48674       155.75608         2.47708         1.23053       374.13753         0.92375         1.01824         3.65596        12.33155         0.00000        96.56309
        14.00000       417.29753      1904.72906       137.69401       171.64535       164.58648         2.40932         1.23046       378.38803         0.93457         1.02159         3.68621        12.45407         0.00000        98.42274
        15.00000       443.99125      1952.18454       131.93090       200.83008       190.83148         2.49515         1.24120       381.04187         1.07565         1.02338         3.70506        12.82313         0.00000        99.59026
        16.00000       470.32792      1962.53086       131.28193       204.82196       194.91125         2.43172         1.23936       385.43393         1.06546         1.02588         3.73621        12.89897         0.00000       101.53302
        17.00000       496.56087      1972.63594       130.64857       208.79559       198.96905         2.37162         1.23762       389.74790         1.05566         1.02780         3.76674        12.97281         0.00000       103.45410
        18.00000       522.40358      1982.51095       130.03009       212.75171       203.00586         2.31460         1.23598       393.98685         1.04621         1.02922         3.79668        13.04478         0.00000       105.35405
        19.00000       548.18742      2002.61569       128.87684       220.43062       210.94736         2.19593         1.23236       397.68325         1.02227         1.03011         3.82275        13.19751         0.00000       107.02040
        20.00000       573.57014      2040.36130       126.76152       235.34970       226.56578         1.96554         1.22495       400.53109         0.96673         1.03058         3.84280        13.48950         0.00000       108.30984
        21.00000       598.92253      2048.67367       126.22816       239.35412       230.64621         1.92253         1.22375       404.63388         0.95856         1.03095         3.87166        13.54907         0.00000       110.17805
        22.00000       624.04227      2062.59867       125.15622       245.76276       236.65287         1.91883         1.22546       408.41948         0.97263         1.03100         3.89825        13.65298         0.00000       111.91160
        23.00000       649.12026      2046.53257       117.59636       276.33144       259.05416         2.50386         1.26247       413.40771         1.30153         1.03066         3.93324        13.52031         0.00000       117.81380
        24.00000       673.78483      2038.55847       114.69389       290.11824       268.72514         2.72157         1.27454       417.95158         1.43490         1.02998         3.96506        13.45167         0.00000       121.90801
        25.00000       696.50299      2048.51735       114.30067       293.96766       272.52282         2.68495         1.27345       421.68075         1.43069         1.02918         3.99114        13.52458         0.00000       123.73316
        26.00000       719.22116      2058.36396       113.91382       297.80273       276.30614         2.64951         1.27240       425.35391         1.42656         1.02819         4.01680        13.59669         0.00000       125.54004
        27.00000       741.81150      2068.10240       113.53316       301.62412       280.07573         2.61519         1.27137       428.97303         1.42254         1.02704         4.04205        13.66806         0.00000       127.32911
        28.00000       764.39099      2077.73538       113.15847       305.43232       283.83214         2.58194         1.27038       432.54000         1.41860         1.02574         4.06692        13.73870         0.00000       129.10087
        29.00000       786.82469      2087.26603       112.78959       309.22783       287.57586         2.54970         1.26941       436.05659         1.41474         1.02431         4.09142        13.80865         0.00000       130.85578
        30.00000       809.19806      2096.69717       112.42633       313.01111       291.30739         2.51843         1.26848       439.52447         1.41097         1.02276         4.11556        13.87793         0.00000       132.59428
        31.00000       831.57144      2106.03156       112.06852       316.78258       295.02715         2.48806         1.26756       442.94524         1.40728         1.02111         4.13935        13.94657         0.00000       134.31681
        32.00000       853.94481      2115.27183       111.71600       320.54255       298.73547         2.45858         1.26668       446.32041         1.40366         1.01936         4.16281        14.01459         0.00000       136.02375
        33.00000       876.25551      2124.42023       111.36862       324.29175       302.43306         2.42992         1.26582       449.65144         1.40011         1.01754         4.18595        14.08202         0.00000       137.71549
        34.00000       898.36522      2133.47944       111.02623       328.03019       306.11997         2.40206         1.26498       452.93968         1.39663         1.01564         4.20877        14.14886         0.00000       139.39241
        35.00000       920.47493      2142.45176       110.68869       331.75831       309.79664         2.37496         1.26416       456.18642         1.39322         1.01368         4.23129        14.21515         0.00000       141.05488
        36.00000       942.58464      2151.33942       110.35586       335.47645       313.46341         2.34859         1.26337       459.39291         1.38988         1.01167         4.25352        14.28091         0.00000       142.70323
        37.00000       964.69435      2160.14462       110.02762       339.18490       317.12059         2.32291         1.26259       462.56033         1.38660         1.00960         4.27547        14.34614         0.00000       144.33778
        38.00000       986.62271      2168.86916       109.70384       342.88398       320.76847         2.29790         1.26184       465.68982         1.38338         1.00749         4.29715        14.41086         0.00000       145.95886
        39.00000      1008.47872      2177.51565       109.38441       346.57391       324.40731         2.27353         1.26110       468.78242         1.38021         1.00535         4.31856        14.47510         0.00000       147.56677
        40.00000      1030.33473      2186.08578       109.06921       350.25497       328.03739         2.24978         1.26038       471.83918         1.37710         1.00317         4.33971        14.53887         0.00000       149.16180
        41.00000      1052.19073      2194.58147       108.75812       353.92742       331.65894         2.22661         1.25968       474.86107         1.37405         1.00097         4.36061        14.60217         0.00000       150.74424
        42.00000      1074.01237      2203.00456       108.45105       357.59148       335.27221         2.20401         1.25899       477.84904         1.37105         0.99874         4.38128        14.66504         0.00000       152.31436
        43.00000      1095.62184      2211.35685       108.14790       361.24737       338.87742         2.18195         1.25832       480.80399         1.36810         0.99649         4.40170        14.72747         0.00000       153.87241
        44.00000      1117.23130      2219.64009       107.84856       364.89532       342.47478         2.16042         1.25767       483.72677         1.36520         0.99423         4.42190        14.78948         0.00000       155.41865
        45.00000      1138.84077      2227.85597       107.55294       368.53551       346.06450         2.13939         1.25703       486.61820         1.36235         0.99195         4.44187        14.85108         0.00000       156.95332
        46.00000      1160.45023      2236.00613       107.26095       372.16816       349.64677         2.11884         1.25640       489.47910         1.35955         0.98966         4.46163        14.91229         0.00000       158.47665
        47.00000      1181.93728      2244.09230       106.97251       375.79325       353.22162         2.09877         1.25579       492.31020         1.35679         0.98737         4.48118        14.97312         0.00000       159.98895
        48.00000      1203.30755      2252.11577       106.68754       379.41130       356.78950         2.07914         1.25519       495.11224         1.35407         0.98506         4.50052        15.03357         0.00000       161.49029
        49.00000      1224.67783      2260.07874       106.40595       383.02253       360.35064         2.05995         1.25460       497.88592         1.35140         0.98276         4.51966        15.09366         0.00000       162.98089
        50.00000      1246.04810      2267.98125       106.12765       386.62659       363.90475         2.04118         1.25403       500.63194         1.34876         0.98045         4.53860        15.15340         0.00000       164.46113
        51.00000      1267.41837      2275.82561       105.85258       390.22429       367.45256         2.02281         1.25347       503.35093         1.34617         0.97814         4.55736        15.21279         0.00000       165.93097
        52.00000      1288.59275      2283.61356       105.58067       393.81525       370.99374         2.00484         1.25292       506.04351         1.34362         0.97583         4.57593        15.27185         0.00000       167.39079
        53.00000      1309.72768      2291.34611       105.31184       397.39980       374.52861         1.98724         1.25238       508.71028         1.34111         0.97353         4.59432        15.33058         0.00000       168.84071
        54.00000      1330.86262      2299.02551       105.04604       400.97801       378.05724         1.97001         1.25185       511.35180         1.33863         0.97123         4.61254        15.38901         0.00000       170.28092
        55.00000      1351.99755      2306.65026       104.78318       404.55023       381.57995         1.95313         1.25133       513.96871         1.33619         0.96893         4.63058        15.44712         0.00000       171.71154
        56.00000      1373.10913      2314.22447       104.52322       408.11638       385.09669         1.93660         1.25082       516.56146         1.33378         0.96665         4.64845        15.50493         0.00000       173.13280
        57.00000      1394.01259      2321.74828       104.26608       411.67664       388.60763         1.92040         1.25032       519.13062         1.33141         0.96436         4.66616        15.56246         0.00000       174.54485
        58.00000      1414.91605      2329.22301       104.01171       415.23114       392.11289         1.90452         1.24983       521.67667         1.32907         0.96209         4.68370        15.61970         0.00000       175.94782
        59.00000      1435.81951      2336.65116       103.76006       418.77992       395.61250         1.88895         1.24935       524.20007         1.32676         0.95982         4.70109        15.67668         0.00000       177.34191
        60.00000      1456.72297      2344.03099       103.51107       422.32322       399.10673         1.87368         1.24888       526.70137         1.32449         0.95757         4.71833        15.73338         0.00000       178.72723
        61.00000      1477.55340      2351.36386       103.26466       425.86121       402.59570         1.85871         1.24842       529.18101         1.32225         0.95532         4.73542        15.78981         0.00000       180.10389
        62.00000      1498.22650      2358.65481       103.02083       429.39367       406.07923         1.84402         1.24797       531.63933         1.32003         0.95308         4.75236        15.84600         0.00000       181.47214
        63.00000      1518.89960      2365.89922       102.77947       432.92112       409.55781         1.82960         1.24752       534.07690         1.31785         0.95086         4.76915        15.90193         0.00000       182.83197
        64.00000      1539.57270      2373.10243       102.54058       436.44334       413.03123         1.81545         1.24708       536.49402         1.31570         0.94865         4.78580        15.95763         0.00000       184.18363
        65.00000      1560.24580      2380.26400       102.30410       439.96052       416.49967         1.80157         1.24665       538.89112         1.31357         0.94644         4.80232        16.01309         0.00000       185.52721
        66.00000      1580.80840      2387.38484       102.06997       443.47276       419.96324         1.78793         1.24623       541.26860         1.31147         0.94425         4.81870        16.06833         0.00000       186.86284
        67.00000      1601.25118      2394.46597       101.83817       446.98014       423.42201         1.77454         1.24582       543.62683         1.30940         0.94208         4.83494        16.12334         0.00000       188.19063
        68.00000      1621.69397      2401.50810       101.60863       450.48275       426.87607         1.76139         1.24541       545.96617         1.30736         0.93991         4.85106        16.17814         0.00000       189.51071
        69.00000      1642.13676      2408.51225       101.38133       453.98068       430.32549         1.74847         1.24501       548.28698         1.30534         0.93776         4.86705        16.23272         0.00000       190.82319
        70.00000      1662.57955      2415.47922       101.15621       457.47399       433.77036         1.73577         1.24462       550.58959         1.30334         0.93562         4.88291        16.28710         0.00000       192.12818
        71.00000      1682.88578      2422.40983       100.93325       460.96277       437.21075         1.72330         1.24423       552.87435         1.30137         0.93350         4.89866        16.34128         0.00000       193.42579
        72.00000      1703.09638      2429.30490       100.71240       464.44711       440.64674         1.71103         1.24385       555.14157         1.29943         0.93138         4.91428        16.39526         0.00000       194.71612
        73.00000      1723.30698      2436.64412       100.49139       467.88063       444.01883         1.69954         1.24354       557.38002         1.29771         0.92930         4.92970        16.45281         0.00000       195.99234
        74.00000      1743.51758      2443.46760       100.27475       471.35762       447.44767         1.68767         1.24317       559.61326         1.29581         0.92721         4.94509        16.50640         0.00000       197.26804
        75.00000      1763.72818      2450.25726       100.06012       474.83037       450.87232         1.67600         1.24281       561.82988         1.29394         0.92514         4.96036        16.55979         0.00000       198.53678
        76.00000      1783.78811      2457.01386        99.84746       478.29894       454.29285         1.66452         1.24245       564.03019         1.29208         0.92309         4.97552        16.61301         0.00000       199.79866
        77.00000      1803.76336      2463.73800        99.63673       481.76340       457.70930         1.65323         1.24210       566.21445         1.29025         0.92104         4.99058        16.66605         0.00000       201.05378
        78.00000      1823.73861      2470.43036        99.42791       485.22381       461.12175         1.64212         1.24175       568.38295         1.28843         0.91901         5.00552        16.71892         0.00000       202.30222
        79.00000      1843.71386      2477.09156        99.22097       488.68023       464.53026         1.63118         1.24141       570.53595         1.28664         0.91700         5.02036        16.77162         0.00000       203.54409
        80.00000      1863.68911      2483.72220        99.01587       492.13272       467.93487         1.62042         1.24108       572.67370         1.28487         0.91500         5.03509        16.82415         0.00000       204.77945
        81.00000      1883.51189      2490.32284        98.81258       495.58134       471.33565         1.60983         1.24075       574.79646         1.28312         0.91301         5.04973        16.87652         0.00000       206.00841
        82.00000      1903.24666      2496.89406        98.61108       499.02613       474.73264         1.59941         1.24043       576.90449         1.28139         0.91104         5.06426        16.92873         0.00000       207.23105
        83.00000      1922.98143      2503.43637        98.41134       502.46716       478.12591         1.58914         1.24011       578.99801         1.27968         0.90908         5.07869        16.98078         0.00000       208.44745
        84.00000      1942.71619      2509.95030        98.21332       505.90447       481.51551         1.57904         1.23979       581.07726         1.27798         0.90714         5.09303        17.03268         0.00000       209.65769
        85.00000      1962.45096      2516.43633        98.01701       509.33812       484.90147         1.56908         1.23948       583.14247         1.27631         0.90520         5.10727        17.08443         0.00000       210.86186
        86.00000      1982.04577      2522.89496        97.82237       512.76816       488.28386         1.55928         1.23918       585.19386         1.27465         0.90329         5.12142        17.13604         0.00000       212.06001
        87.00000      2001.53363      2529.32664        97.62938       516.19463       491.66272         1.54962         1.23888       587.23165         1.27302         0.90138         5.13547        17.18750         0.00000       213.25225
        88.00000      2021.02148      2535.73176        97.43802       519.61758       495.03810         1.54010         1.23858       589.25606         1.27140         0.89949         5.14944        17.23881         0.00000       214.43863
        89.00000      2040.50934      2542.11079        97.24826       523.03706       498.41004         1.53073         1.23829       591.26728         1.26979         0.89762         5.16331        17.28999         0.00000       215.61924
        90.00000      2059.99719      2548.46412        97.06008       526.45311       501.77858         1.52149         1.23800       593.26552         1.26821         0.89575         5.17710        17.34103         0.00000       216.79414
        91.00000      2079.37392      2554.79212        96.87345       529.86578       505.14378         1.51238         1.23772       595.25098         1.26664         0.89391         5.19080        17.39193         0.00000       217.96340
        92.00000      2098.60653      2561.09524        96.68835       533.27510       508.50567         1.50340         1.23744       597.22385         1.26508         0.89207         5.20441        17.44270         0.00000       219.12709
        93.00000      2117.83915      2567.37363        96.50476       536.68113       511.86430         1.49455         1.23717       599.18433         1.26355         0.89025         5.21794        17.49334         0.00000       220.28528
        94.00000      2137.07176      2573.62776        96.32266       540.08390       515.21970         1.48583         1.23690       601.13258         1.26203         0.88844         5.23139        17.54385         0.00000       221.43804
        95.00000      2156.30438      2579.85800        96.14203       543.48345       518.57192         1.47722         1.23663       603.06880         1.26052         0.88664         5.24475        17.59423         0.00000       222.58543
        96.00000      2175.47443      2586.06452        95.96284       546.87982       521.92100         1.46874         1.23636       604.99315         1.25903         0.88486         5.25804        17.64448         0.00000       223.72751
        97.00000      2194.44184      2592.24771        95.78508       550.27305       525.26697         1.46037         1.23611       606.90582         1.25755         0.88309         5.27125        17.69461         0.00000       224.86435
        98.00000      2213.40925      2598.40780        95.60872       553.66317       528.60987         1.45211         1.23585       608.80697         1.25609         0.88133         5.28437        17.74462         0.00000       225.99600
        99.00000      2232.37665      2604.54508        95.43375       557.05023       531.94974         1.44397         1.23560       610.69676         1.25465         0.87959         5.29743        17.79450         0.00000       227.12253
       100.00000      2251.34406      2610.65976        95.26015       560.43425       535.28661         1.43594         1.23535       612.57536         1.25321         0.87785         5.31040        17.84426         0.00000       228.24400
       101.00000      2270.31147      2616.75879        95.08786       563.81515       538.62033         1.42801         1.23510       614.44279         1.25180         0.87613         5.32330        17.89395         0.00000       229.36046
       102.00000      2289.01274      2622.82324        94.91696       567.19327       541.95144         1.42019         1.23486       616.29958         1.25039         0.87443         5.33613        17.94343         0.00000       230.47200
       103.00000      2307.70399      2628.87151        94.74735       570.56840       545.27954         1.41247         1.23462       618.14553         1.24900         0.87273         5.34889        17.99283         0.00000       231.57862
       104.00000      2326.39524      2634.89808        94.57904       573.94064       548.60478         1.40485         1.23438       619.98089         1.24762         0.87105         5.36157        18.04212         0.00000       232.68040
       105.00000      2345.08649      2640.90313        94.41200       577.31001       551.92720         1.39732         1.23415       621.80581         1.24626         0.86938         5.37419        18.09129         0.00000       233.77741
       106.00000      2363.77773      2646.88685        94.24622       580.67655       555.24683         1.38990         1.23392       623.62044         1.24491         0.86772         5.38673        18.14034         0.00000       234.86968
       107.00000      2382.29127      2652.84943        94.08169       584.04028       558.56369         1.38257         1.23369       625.42491         1.24357         0.86607         5.39921        18.18928         0.00000       235.95728
       108.00000      2400.69289      2658.79098        93.91838       587.40124       561.87783         1.37533         1.23347       627.21935         1.24224         0.86444         5.41162        18.23811         0.00000       237.04025
       109.00000      2419.09451      2664.71175        93.75629       590.75945       565.18927         1.36818         1.23325       629.00390         1.24093         0.86281         5.42396        18.28682         0.00000       238.11865
       110.00000      2437.49614      2670.61181        93.59540       594.11495       568.49803         1.36112         1.23303       630.77870         1.23963         0.86120         5.43624        18.33542         0.00000       239.19252
       111.00000      2455.89776      2676.49408        93.43568       597.46770       571.80408         1.35415         1.23282       632.54381         1.23833         0.85960         5.44845        18.38393         0.00000       240.26192
       112.00000      2474.24475      2682.35226        93.27714       600.81781       575.10757         1.34726         1.23260       634.29948         1.23706         0.85801         5.46060        18.43229         0.00000       241.32689
       113.00000      2492.34170      2688.18903        93.11974       604.16543       578.40861         1.34046         1.23239       636.04580         1.23579         0.85643         5.47269        18.48054         0.00000       242.38747
       114.00000      2510.43864      2694.00815        92.96348       607.51035       581.70699         1.33374         1.23219       637.78280         1.23453         0.85487         5.48471        18.52869         0.00000       243.44372
       115.00000      2528.53558      2699.80788        92.80834       610.85272       585.00285         1.32710         1.23198       639.51064         1.23329         0.85331         5.49667        18.57674         0.00000       244.49566
       116.00000      2546.63253      2705.58483        92.65433       614.19246       588.29619         1.32053         1.23178       641.22951         1.23206         0.85177         5.50857        18.62466         0.00000       245.54341
       117.00000      2564.72947      2711.34873        92.50138       617.52967       591.58698         1.31405         1.23158       642.93933         1.23083         0.85023         5.52041        18.67252         0.00000       246.58692
       118.00000      2582.61700      2717.08467        92.34955       620.86442       594.87544         1.30764         1.23138       644.64051         1.22962         0.84871         5.53220        18.72020         0.00000       247.62632
       119.00000      2600.39350      2722.80181        92.19878       624.19673       598.16151         1.30131         1.23119       646.33297         1.22842         0.84719         5.54392        18.76778         0.00000       248.66157
       120.00000      2618.17000      2728.50153        92.04905       627.52655       601.44512         1.29505         1.23099       648.01680         1.22723         0.84569         5.55559        18.81527         0.00000       249.69277
       121.00000      2635.94650      2734.18175        91.90037       630.85393       604.72636         1.28886         1.23080       649.69215         1.22605         0.84420         5.56720        18.86265         0.00000       250.71993
       122.00000      2653.72300      2739.84404        91.75272       634.17885       608.00518         1.28274         1.23061       651.35909         1.22488         0.84272         5.57875        18.90992         0.00000       251.74313
       123.00000      2671.49146      2745.48551        91.60609       637.50146       611.28177         1.27669         1.23043       653.01779         1.22371         0.84124         5.59025        18.95708         0.00000       252.76236
       124.00000      2688.98186      2751.10857        91.46046       640.82170       614.55604         1.27071         1.23024       654.66828         1.22256         0.83978         5.60169        19.00414         0.00000       253.77769
       125.00000      2706.47225      2768.65301        91.12542       641.56285       615.57263         1.26023         1.22959       656.09811         1.21008         0.83852         5.61160        19.14541         0.00000       254.66175
       126.00000      2723.96264      2799.25330        90.58089       639.46648       614.10949         1.24458         1.22838       657.28908         1.18519         0.83747         5.61986        19.38990         0.00000       255.40173
       127.00000      2741.44849      2836.98764        89.91994       635.86378       611.32637         1.22606         1.22685       658.34747         1.15395         0.83653         5.62720        19.69086         0.00000       256.05960
       128.00000      2758.76354      2851.34792        89.63279       637.22025       612.89092         1.21658         1.22627       659.81559         1.14434         0.83524         5.63739        19.80724         0.00000       256.96514
       129.00000      2776.00929      2856.74536        89.49033       640.46466       616.11144         1.21064         1.22607       661.43516         1.14291         0.83382         5.64862        19.85285         0.00000       257.96366
       130.00000      2793.08810      2862.12307        89.34881       643.70665       619.32948         1.20476         1.22587       663.04703         1.14149         0.83240         5.65981        19.89834         0.00000       258.95851
       131.00000      2810.16691      2867.48134        89.20823       646.94624       622.54504         1.19895         1.22568       664.65128         1.14009         0.83100         5.67094        19.94372         0.00000       259.94973
       132.00000      2827.24572      2872.82031        89.06857       650.18345       625.75815         1.19320         1.22548       666.24800         1.13870         0.82960         5.68203        19.98898         0.00000       260.93736
       133.00000      2844.32452      2878.14014        88.92983       653.41828       628.96882         1.18753         1.22529       667.83728         1.13733         0.82822         5.69306        20.03413         0.00000       261.92143
       134.00000      2861.40333      2883.44096        88.79199       656.65077       632.17708         1.18191         1.22510       669.41919         1.13596         0.82684         5.70404        20.07917         0.00000       262.90197
       135.00000      2878.36916      2888.72291        88.65504       659.88094       635.38295         1.17636         1.22492       670.99382         1.13461         0.82547         5.71498        20.12410         0.00000       263.87902
       136.00000      2895.19009      2893.98611        88.51898       663.10879       638.58646         1.17088         1.22473       672.56125         1.13327         0.82411         5.72587        20.16892         0.00000       264.85260
       137.00000      2912.01101      2899.23070        88.38379       666.33436       641.78762         1.16545         1.22455       674.12156         1.13195         0.82276         5.73671        20.21363         0.00000       265.82276
       138.00000      2928.83193      2904.45680        88.24946       669.55766       644.98645         1.16009         1.22437       675.67482         1.13063         0.82142         5.74750        20.25822         0.00000       266.78953
       139.00000      2945.65286      2909.66452        88.11599       672.77870       648.18298         1.15478         1.22419       677.22110         1.12933         0.82009         5.75825        20.30271         0.00000       267.75293
       140.00000      2962.47378      2914.85400        87.98336       675.99752       651.37723         1.14953         1.22402       678.76050         1.12803         0.81876         5.76895        20.34709         0.00000       268.71299
         0.00000        -0.00000      1737.61653       156.19717        92.78502        85.32251         4.69885         1.28383       304.45487         1.07121         0.82098         3.14650        11.14259         0.00000        67.97827
         1.00000        36.28228      1757.13410       154.53244        99.42222        92.12331         4.30284         1.27400       310.25401         1.04792         0.85319         3.19022        11.30609         0.00000        70.21298
         2.00000        66.34476      1775.23864       153.02320       105.34534        98.20927         3.99001         1.26622       315.97548         1.02583         0.88099         3.23305        11.45583         0.00000        72.44461
         3.00000        96.41489      1793.44627       151.31515       112.33658       105.22128         3.72055         1.26025       321.52337         1.01343         0.90460         3.27432        11.60397         0.00000        74.63366
         4.00000       126.47625      1810.02082       149.93631       117.82784       110.83113         3.50257         1.25493       327.01811         0.99578         0.92509         3.31496        11.73740         0.00000        76.82579
         5.00000       156.54183      1825.49679       148.65258       123.01501       116.13689         3.31424         1.25031       332.42800         0.97889         0.94274         3.35476        11.86055         0.00000        79.00713
         6.00000       186.60540      1840.02961       147.44274       128.00234       121.24010         3.14825         1.24623       337.74752         0.96283         0.95792         3.39370        11.97489         0.00000        81.17408
         7.00000       216.66896      1853.75001       146.29210       132.85815       126.20682         3.00005         1.24260       342.97340         0.94765         0.97092         3.43178        12.08166         0.00000        83.32390
         8.00000       246.00169      1866.75376       145.19036       137.62465       131.07774         2.86660         1.23933       348.10484         0.93337         0.98204         3.46903        12.18181         0.00000        85.45490
         9.00000       275.15035      1879.10600       144.12928       142.33078       135.88079         2.74574         1.23640       353.14300         0.92001         0.99151         3.50545        12.27601         0.00000        87.56623
        10.00000       304.12654      1890.85120       143.10047       147.00360       140.64128         2.63592         1.23375       358.09018         0.90764         0.99954         3.54110        12.36477         0.00000        89.65761
        11.00000       332.88900      1902.00855       142.09271       151.67838       145.39112         2.53619         1.23137       362.94993         0.89646         1.00632         3.57600        12.44836         0.00000        91.72938
        12.00000       361.53749      1912.56981       141.08449       156.42465       150.19104         2.44654         1.22928       367.72700         0.88701         1.01200         3.61020        12.52682         0.00000        93.78247
        13.00000       389.98609      1926.93070       139.95757       161.92217       155.04266         2.49013         1.23239       372.20260         0.92473         1.01652         3.64216        12.63495         0.00000        95.72075
        14.00000       417.29753      1934.55149       138.71916       167.41857       160.71605         2.37693         1.22917       376.91760         0.90695         1.02050         3.67575        12.68959         0.00000        97.77802
        15.00000       443.99125      1991.83497       132.06221       200.05824       189.82247         2.51188         1.24352       379.09862         1.07776         1.02209         3.69125        13.13636         0.00000        98.73493
        16.00000       470.32792      2002.45115       131.41014       204.05497       193.90985         2.44756         1.24161       383.51761         1.06749         1.02486         3.72262        13.21433         0.00000       100.68373
        17.00000       496.56087      2012.81857       130.77381       208.03318       197.97486         2.38664         1.23981       387.85760         1.05761         1.02702         3.75336        13.29023         0.00000       102.61076
        18.00000       522.40358      2022.94874       130.15251       211.99361       202.01847         2.32886         1.23811       392.12169         1.04809         1.02865         3.78351        13.36417         0.00000       104.51657
        19.00000       548.18742      2034.24802       129.47436       216.41813       206.54608         2.26561         1.23623       396.24923         1.03705         1.02980         3.81264        13.44732         0.00000       106.37299
        20.00000       573.57014      2082.38722       126.86685       234.55848       225.56682         1.97678         1.22675       398.64076         0.96838         1.03029         3.82949        13.82141         0.00000       107.45281
        21.00000       598.92253      2090.91333       126.33127       238.56653       229.65308         1.93328         1.22550       402.76948         0.96016         1.03082         3.85855        13.88259         0.00000       109.32772
        22.00000       624.04227      2100.72802       125.66767       243.16490       234.20630         1.90121         1.22506       406.76535         0.95773         1.03101         3.88664        13.95398         0.00000       111.15298
        23.00000       649.12026      2074.77692       116.07244       281.99054       261.69817         2.68396         1.27408       412.21517         1.39247         1.03078         3.92488        13.74316         0.00000       118.47925
        24.00000       673.78483      2078.74331       114.81932       289.38610       267.54612         2.73424         1.27749       416.28926         1.43620         1.03027         3.95342        13.76861         0.00000       121.10326
        25.00000       696.50299      2088.93473       114.42468       293.23697       271.34419         2.69727         1.27636       420.03585         1.43196         1.02956         3.97963        13.84326         0.00000       122.93289
        26.00000       719.22116      2099.01155       114.03645       297.07338       275.12774         2.66149         1.27527       423.72582         1.42782         1.02865         4.00542        13.91710         0.00000       124.74408
        27.00000       741.81150      2108.97709       113.65444       300.89591       278.89738         2.62686         1.27421       427.36119         1.42377         1.02757         4.03081        13.99017         0.00000       126.53737
        28.00000       764.39099      2118.83472       113.27846       304.70511       282.65368         2.59331         1.27319       430.94384         1.41981         1.02634         4.05580        14.06249         0.00000       128.31323
        29.00000       786.82469      2128.58740       112.90831       308.50149       286.39718         2.56078         1.27219       434.47560         1.41594         1.02497         4.08041        14.13409         0.00000       130.07214
        30.00000       809.19806      2138.23805       112.54382       312.28553       290.12836         2.52923         1.27123       437.95816         1.41215         1.02347         4.10466        14.20501         0.00000       131.81453
        31.00000       831.57144      2147.78957       112.18481       316.05765       293.84765         2.49860         1.27029       441.39315         1.40844         1.02187         4.12856        14.27527         0.00000       133.54085
        32.00000       853.94481      2157.24515       111.83113       319.81833       297.55554         2.46887         1.26938       444.78207         1.40480         1.02017         4.15212        14.34489         0.00000       135.25144
        33.00000       876.25551      2166.60562       111.48262       323.56784       301.25236         2.43997         1.26849       448.12646         1.40124         1.01839         4.17536        14.41389         0.00000       136.94682
        34.00000       898.36522      2175.87514       111.13912       327.30666       304.93852         2.41188         1.26763       451.42764         1.39774         1.01653         4.19828        14.48231         0.00000       138.62725
        35.00000       920.47493      2185.05566       110.80051       331.03508       308.61437         2.38456         1.26679       454.68695         1.39432         1.01460         4.22089        14.55015         0.00000       140.29314
        36.00000       942.58464      2194.14945       110.46664       334.75344       312.28025         2.35798         1.26597       457.90563         1.39096         1.01261         4.24321        14.61744         0.00000       141.94482
        37.00000       964.69435      2203.15849       110.13737       338.46184       315.93627         2.33210         1.26517       461.08491         1.38766         1.01057         4.26525        14.68420         0.00000       143.58268
        38.00000       986.62271      2212.08539       109.81260       342.16122       319.58332         2.30689         1.26440       464.22589         1.38443         1.00849         4.28701        14.75044         0.00000       145.20689
        39.00000      1008.47872      2220.93208       109.49220       345.85118       323.22107         2.28234         1.26364       467.32969         1.38125         1.00636         4.30850        14.81618         0.00000       146.81790
        40.00000      1030.33473      2229.70053       109.17605       349.53222       326.84999         2.25840         1.26290       470.39733         1.37813         1.00421         4.32973        14.88143         0.00000       148.41597
        41.00000      1052.19073      2238.39270       108.86405       353.20458       330.47035         2.23506         1.26218       473.42982         1.37506         1.00202         4.35071        14.94621         0.00000       150.00136
        42.00000      1074.01237      2247.01049       108.55608       356.86851       334.08237         2.21229         1.26147       476.42810         1.37205         0.99981         4.37145        15.01054         0.00000       151.57436
        43.00000      1095.62184      2255.55609       108.25205       360.52410       337.68617         2.19007         1.26078       479.39308         1.36909         0.99757         4.39195        15.07443         0.00000       153.13527
        44.00000      1117.23130      2264.03068       107.95186       364.17192       341.28228         2.16838         1.26011       482.32565         1.36618         0.99532         4.41222        15.13788         0.00000       154.68425
        45.00000      1138.84077      2272.43554       107.65540       367.81189       344.87065         2.14720         1.25945       485.22665         1.36332         0.99305         4.43226        15.20092         0.00000       156.22160
        46.00000      1160.45023      2280.77354       107.36260       371.44423       348.45151         2.12651         1.25880       488.09685         1.36050         0.99077         4.45208        15.26355         0.00000       157.74758
        47.00000      1181.93728      2289.04578       107.07337       375.06916       352.02506         2.10629         1.25817       490.93704         1.35773         0.98848         4.47169        15.32578         0.00000       159.26239
        48.00000      1203.30755      2297.25428       106.78762       378.68667       355.59132         2.08653         1.25756       493.74794         1.35500         0.98619         4.49110        15.38764         0.00000       160.76630
        49.00000      1224.67783      2305.39937       106.50526       382.29753       359.15098         2.06721         1.25696       496.53030         1.35232         0.98389         4.51030        15.44912         0.00000       162.25937
        50.00000      1246.04810      2313.48367       106.22623       385.90129       362.70367         2.04831         1.25637       499.28477         1.34968         0.98159         4.52931        15.51024         0.00000       163.74198
        51.00000      1267.41837      2321.50834       105.95044       389.49833       366.24974         2.02982         1.25579       502.01201         1.34708         0.97928         4.54812        15.57101         0.00000       165.21424
        52.00000      1288.59275      2329.47472       105.67783       393.08879       369.78932         2.01172         1.25522       504.71267         1.34451         0.97698         4.56675        15.63143         0.00000       166.67638
        53.00000      1309.72768      2337.38421       105.40832       396.67281       373.32257         1.99401         1.25467       507.38734         1.34199         0.97468         4.58520        15.69153         0.00000       168.12857
        54.00000      1330.86262      2345.23816       105.14184       400.25054       376.84962         1.97667         1.25412       510.03661         1.33950         0.97238         4.60347        15.75129         0.00000       169.57098
        55.00000      1351.99755      2353.03793       104.87833       403.82211       380.37061         1.95968         1.25359       512.66105         1.33705         0.97008         4.62156        15.81075         0.00000       171.00380
        56.00000      1373.10913      2360.78461       104.61772       407.38765       383.88566         1.94304         1.25307       515.26122         1.33464         0.96780         4.63949        15.86989         0.00000       172.42719
        57.00000      1394.01259      2368.47961       104.35996       410.94729       387.39489         1.92674         1.25255       517.83762         1.33226         0.96551         4.65725        15.92874         0.00000       173.84132
        58.00000      1414.91605      2376.12534       104.10500       414.50105       390.89833         1.91076         1.25205       520.39074         1.32991         0.96324         4.67484        15.98731         0.00000       175.24638
        59.00000      1435.81951      2383.72052       103.85275       418.04923       394.39628         1.89509         1.25156       522.92114         1.32760         0.96097         4.69228        16.04558         0.00000       176.64246
        60.00000      1456.72297      2391.26709       103.60317       421.59180       397.88871         1.87973         1.25108       525.42926         1.32532         0.95872         4.70956        16.10358         0.00000       178.02977
        61.00000      1477.55340      2398.76732       103.35620       425.12904       401.37586         1.86466         1.25060       527.91555         1.32307         0.95647         4.72670        16.16131         0.00000       179.40837
        62.00000      1498.22650      2406.21957       103.11179       428.66100       404.85781         1.84988         1.25013       530.38050         1.32085         0.95423         4.74368        16.21876         0.00000       180.77844
        63.00000      1518.89960      2413.62840       102.86991       432.18761       408.33450         1.83538         1.24968       532.82446         1.31866         0.95200         4.76052        16.27598         0.00000       182.14017
        64.00000      1539.57270      2420.99307       102.63049       435.70906       411.80610         1.82115         1.24923       535.24790         1.31650         0.94979         4.77722        16.33294         0.00000       183.49367
        65.00000      1560.24580      2428.31492       102.39348       439.22546       415.27272         1.80718         1.24879       537.65120         1.31436         0.94758         4.79378        16.38966         0.00000       184.83905
        66.00000      1580.80840      2435.59464       102.15885       442.73691       418.73446         1.79346         1.24835       540.03477         1.31226         0.94539         4.81020        16.44615         0.00000       186.17644
        67.00000      1601.25118      2442.83438       101.92654       446.24351       422.19139         1.77999         1.24793       542.39895         1.31018         0.94321         4.82648        16.50241         0.00000       187.50593
        68.00000      1621.69397      2450.03191       101.69653       449.74528       425.64359         1.76677         1.24751       544.74419         1.30813         0.94104         4.84264        16.55843         0.00000       188.82775
        69.00000      1642.13676      2457.19100       101.46875       453.24237       429.09116         1.75377         1.24710       547.07077         1.30610         0.93889         4.85867        16.61424         0.00000       190.14191
        70.00000      1662.57955      2464.31178       101.24317       456.73484       432.53416         1.74100         1.24669       549.37906         1.30410         0.93675         4.87457        16.66984         0.00000       191.44855
        71.00000      1682.88578      2471.39488       101.01976       460.22276       435.97267         1.72845         1.24630       551.66940         1.30213         0.93462         4.89035        16.72523         0.00000       192.74779
        72.00000      1703.09638      2478.44117       100.79847       463.70622       439.40677         1.71612         1.24591       553.94211         1.30018         0.93250         4.90601        16.78042         0.00000       194.03972
        73.00000      1723.30698      2485.45145       100.57926       467.18528       442.83653         1.70400         1.24552       556.19751         1.29825         0.93040         4.92155        16.83541         0.00000       195.32447
        74.00000      1743.51758      2492.42639       100.36210       470.66002       446.26202         1.69208         1.24514       558.43590         1.29635         0.92831         4.93697        16.89020         0.00000       196.60212
        75.00000      1763.72818      2499.81717       100.14487       474.08653       449.62700         1.68087         1.24483       560.64680         1.29465         0.92625         4.95221        16.94834         0.00000       197.86654
        76.00000      1783.78811      2506.72057        99.93180       477.55415       453.04557         1.66933         1.24446       562.85223         1.29279         0.92419         4.96741        17.00273         0.00000       199.12994
        77.00000      1803.76336      2513.59033        99.72067       481.01764       456.46007         1.65797         1.24410       565.04155         1.29095         0.92214         4.98249        17.05694         0.00000       200.38654
        78.00000      1823.73861      2520.42717        99.51145       484.47708       459.87056         1.64680         1.24375       567.21502         1.28914         0.92011         4.99747        17.11097         0.00000       201.63646
        79.00000      1843.71386      2527.23168        99.30412       487.93251       463.27709         1.63581         1.24340       569.37291         1.28734         0.91809         5.01234        17.16482         0.00000       202.87977
        80.00000      1863.68911      2534.00457        99.09864       491.38401       466.67973         1.62500         1.24306       571.51549         1.28556         0.91608         5.02711        17.21851         0.00000       204.11656
        81.00000      1883.51189      2540.74631        98.89498       494.83162       470.07854         1.61435         1.24272       573.64300         1.28381         0.91409         5.04178        17.27202         0.00000       205.34693
        82.00000      1903.24666      2547.45753        98.69311       498.27540       473.47355         1.60387         1.24239       575.75571         1.28207         0.91211         5.05634        17.32536         0.00000       206.57096
        83.00000      1922.98143      2554.13876        98.49300       501.71542       476.86485         1.59355         1.24206       577.85384         1.28035         0.91015         5.07080        17.37855         0.00000       207.78873
        84.00000      1942.71619      2560.79056        98.29463       505.15170       480.25245         1.58339         1.24173       579.93764         1.27866         0.90820         5.08517        17.43157         0.00000       209.00033
        85.00000      1962.45096      2567.41338        98.09797       508.58433       483.63645         1.57339         1.24142       582.00733         1.27698         0.90627         5.09944        17.48444         0.00000       210.20582
        86.00000      1982.04577      2574.00793        97.90299       512.01334       487.01686         1.56353         1.24110       584.06314         1.27532         0.90434         5.11362        17.53715         0.00000       211.40530
        87.00000      2001.53363      2580.57416        97.70967       515.43876       490.39373         1.55382         1.24080       586.10530         1.27368         0.90244         5.12770        17.58971         0.00000       212.59884
        88.00000      2021.02148      2587.11302        97.51797       518.86066       493.76712         1.54426         1.24049       588.13400         1.27205         0.90054         5.14170        17.64213         0.00000       213.78651
        89.00000      2040.50934      2593.62478        97.32789       522.27909       497.13708         1.53483         1.24019       590.14946         1.27044         0.89866         5.15560        17.69439         0.00000       214.96839
        90.00000      2059.99719      2600.11012        97.13938       525.69409       500.50364         1.52555         1.23990       592.15188         1.26885         0.89679         5.16941        17.74652         0.00000       216.14454
        91.00000      2079.37392      2606.56865        96.95243       529.10569       503.86685         1.51639         1.23961       594.14147         1.26728         0.89494         5.18314        17.79850         0.00000       217.31505
        92.00000      2098.60653      2613.00155        96.76703       532.51396       507.22676         1.50737         1.23932       596.11841         1.26572         0.89310         5.19678        17.85034         0.00000       218.47997
        93.00000      2117.83915      2619.40890        96.58313       535.91892       510.58340         1.49848         1.23904       598.08290         1.26418         0.89127         5.21034        17.90205         0.00000       219.63937
        94.00000      2137.07176      2625.79108        96.40072       539.32062       513.93683         1.48971         1.23876       600.03512         1.26266         0.88946         5.22381        17.95362         0.00000       220.79333
        95.00000      2156.30438      2632.14847        96.21979       542.71910       517.28707         1.48106         1.23848       601.97525         1.26115         0.88766         5.23720        18.00506         0.00000       221.94191
        96.00000      2175.47443      2638.48130        96.04031       546.11439       520.63416         1.47254         1.23821       603.90347         1.25965         0.88587         5.25052        18.05636         0.00000       223.08517
        97.00000      2194.44184      2644.79283        95.86223       549.50647       523.97806         1.46413         1.23795       605.81989         1.25817         0.88409         5.26375        18.10756         0.00000       224.22316
        98.00000      2213.40925      2651.07862        95.68559       552.89536       527.31884         1.45583         1.23768       607.72478         1.25671         0.88233         5.27690        18.15862         0.00000       225.35603
        99.00000      2232.37665      2657.33542        95.51035       556.28155       530.65697         1.44765         1.23742       609.61837         1.25526         0.88058         5.28998        18.20950         0.00000       226.48365
       100.00000      2251.34406      2663.57304        95.33646       559.66449       533.99187         1.43958         1.23717       611.50064         1.25382         0.87884         5.30298        18.26029         0.00000       227.60626
       101.00000      2270.31147      2669.78758        95.16393       563.04443       537.32382         1.43161         1.23692       613.37182         1.25240         0.87712         5.31591        18.31096         0.00000       228.72384
       102.00000      2289.01274      2675.97913        94.99273       566.42140       540.65284         1.42375         1.23667       615.23208         1.25099         0.87541         5.32876        18.36150         0.00000       229.83646
       103.00000      2307.70399      2682.14810        94.82284       569.79544       543.97897         1.41600         1.23642       617.08156         1.24960         0.87371         5.34154        18.41193         0.00000       230.94419
       104.00000      2326.39524      2688.29555        94.65425       573.16652       547.30217         1.40834         1.23618       618.92040         1.24822         0.87202         5.35425        18.46223         0.00000       232.04708
       105.00000      2345.08649      2694.42009        94.48695       576.53457       550.62243         1.40078         1.23594       620.74876         1.24685         0.87035         5.36688        18.51241         0.00000       233.14524
       106.00000      2363.77773      2700.52202        94.32089       579.90024       553.94030         1.39332         1.23570       622.56680         1.24549         0.86868         5.37945        18.56247         0.00000       234.23851
       107.00000      2382.29127      2706.60242        94.15610       583.26289       557.25521         1.38596         1.23547       624.37463         1.24415         0.86703         5.39195        18.61241         0.00000       235.32717
       108.00000      2400.69289      2712.66120        93.99253       586.62275       560.56739         1.37868         1.23524       626.17240         1.24282         0.86539         5.40438        18.66223         0.00000       236.41119
       109.00000      2419.09451      2718.69846        93.83018       589.97988       563.87688         1.37150         1.23501       627.96024         1.24150         0.86376         5.41674        18.71194         0.00000       237.49063
       110.00000      2437.49614      2724.71465        93.66902       593.33429       567.18370         1.36441         1.23479       629.73828         1.24020         0.86215         5.42904        18.76153         0.00000       238.56553
       111.00000      2455.89776      2730.70925        93.50905       596.68600       570.48788         1.35741         1.23457       631.50665         1.23891         0.86054         5.44128        18.81100         0.00000       239.63596
       112.00000      2474.24475      2736.68307        93.35025       600.03507       573.78945         1.35049         1.23435       633.26548         1.23762         0.85895         5.45345        18.86035         0.00000       240.70194
       113.00000      2492.34170      2742.63599        93.19260       603.38150       577.08844         1.34366         1.23413       635.01488         1.23635         0.85737         5.46555        18.90959         0.00000       241.76354
       114.00000      2510.43864      2748.56826        93.03609       606.72532       580.38488         1.33690         1.23392       636.75498         1.23509         0.85579         5.47760        18.95872         0.00000       242.82079
       115.00000      2528.53558      2754.48204        92.88070       610.06662       583.67882         1.33023         1.23371       638.48587         1.23385         0.85423         5.48958        19.00775         0.00000       243.87371
       116.00000      2546.63253      2760.37106        92.72643       613.40527       586.97022         1.32364         1.23350       640.20776         1.23261         0.85268         5.50150        19.05663         0.00000       244.92246
       117.00000      2564.72947      2766.24187        92.57326       616.74143       590.25917         1.31713         1.23329       641.92067         1.23138         0.85114         5.51336        19.10541         0.00000       245.96697
       118.00000      2582.61700      2772.09432        92.42116       620.07500       593.54557         1.31069         1.23309       643.62470         1.23017         0.84962         5.52516        19.15410         0.00000       247.00732
       119.00000      2600.39350      2777.92641        92.27013       623.40627       596.82971         1.30433         1.23289       645.32001         1.22896         0.84810         5.53690        19.20267         0.00000       248.04353
       120.00000      2618.17000      2783.73526        92.12017       626.73491       600.11133         1.29805         1.23269       647.00675         1.22777         0.84659         5.54859        19.25111         0.00000       249.07568
       121.00000      2635.94650      2789.52588        91.97125       630.06123       603.39065         1.29183         1.23250       648.68495         1.22659         0.84510         5.56022        19.29944         0.00000       250.10379
       122.00000      2653.72300      2795.29442        91.82336       633.38524       606.66775         1.28569         1.23230       650.35477         1.22541         0.84361         5.57179        19.34765         0.00000       251.12791
       123.00000      2671.49146      2801.04534        91.67649       636.70676       609.94241         1.27961         1.23211       652.01624         1.22425         0.84213         5.58330        19.39576         0.00000       252.14808
       124.00000      2688.98186      2806.77909        91.53061       640.02587       613.21471         1.27361         1.23192       653.66946         1.22309         0.84067         5.59476        19.44378         0.00000       253.16434
       125.00000      2706.47225      2812.48825        91.38575       643.34273       616.48486         1.26767         1.23173       655.31465         1.22195         0.83921         5.60617        19.49164         0.00000       254.17672
       126.00000      2723.96264      2835.19207        90.97603       643.04170       616.59564         1.25543         1.23087       656.64785         1.20500         0.83803         5.61542        19.67380         0.00000       255.00218
       127.00000      2741.44849      2868.34322        90.40179       640.51211       614.76369         1.23910         1.22956       657.78828         1.17843         0.83703         5.62333        19.93859         0.00000       255.71035
       128.00000      2758.76354      2908.39505        89.71756       636.56647       611.69177         1.22009         1.22794       658.79986         1.14599         0.83613         5.63034        20.25800         0.00000       256.33845
       129.00000      2776.00929      2914.99409        89.55768       639.58369       614.71297         1.21370         1.22768       660.40272         1.14358         0.83472         5.64146        20.31320         0.00000       257.32610
       130.00000      2793.08810      2920.47941        89.41593       642.82506       617.93007         1.20779         1.22748       662.01739         1.14216         0.83330         5.65266        20.35964         0.00000       258.32200
       131.00000      2810.16691      2925.94501        89.27510       646.06412       621.14476         1.20195         1.22728       663.62442         1.14075         0.83190         5.66382        20.40596         0.00000       259.31424
       132.00000      2827.24572      2931.39079        89.13521       649.30078       624.35699         1.19618         1.22708       665.22388         1.13936         0.83050         5.67492        20.45217         0.00000       260.30287
       133.00000      2844.32452      2936.81693        88.99622       652.53508       627.56678         1.19047         1.22688       666.81588         1.13798         0.82911         5.68597        20.49826         0.00000       261.28794
       134.00000      2861.40333      2942.22359        88.85815       655.76703       630.77416         1.18483         1.22669       668.40048         1.13661         0.82773         5.69697        20.54424         0.00000       262.26947
       135.00000      2878.36916      2947.61092        88.72096       658.99666       633.97915         1.17925         1.22650       669.97777         1.13525         0.82635         5.70792        20.59010         0.00000       263.24751
       136.00000      2895.19009      2952.97904        88.58467       662.22398       637.18177         1.17374         1.22631       671.54784         1.13391         0.82499         5.71883        20.63585         0.00000       264.22207
       137.00000      2912.01101      2958.32810        88.44924       665.44901       640.38204         1.16829         1.22612       673.11075         1.13258         0.82364         5.72969        20.68149         0.00000       265.19319
       138.00000      2928.83193      2963.65824        88.31469       668.67177       643.57999         1.16289         1.22594       674.66660         1.13126         0.82229         5.74050        20.72701         0.00000       266.16091
       139.00000      2945.65286      2968.96959        88.18098       671.89228       646.77563         1.15756         1.22575       676.21544         1.12995         0.82095         5.75126        20.77242         0.00000       267.12526
       140.00000      2962.47378      2974.26228        88.04812       675.11056       649.96898         1.15229         1.22557       677.75737         1.12865         0.81963         5.76197        20.81773         0.00000       268.08627
         0.00000        -0.00000      1771.47782       156.44418        91.70059        84.04377         4.78280         1.28863       302.04311         1.07529         0.80626         3.12820        11.40129         0.00000        67.05705
         1.00000        36.28228      1791.68787       154.76856        98.47206        90.98810         4.36623         1.27810       307.86057         1.05142         0.84041         3.17220        11.57188         0.00000        69.28732
         2.00000        66.34476      1810.35777       153.24297       104.47906        97.16260         4.04177         1.26986       313.60983         1.02912         0.86994         3.21537        11.72749         0.00000        71.51869
         3.00000        96.41489      1829.02175       151.52982       111.48757       104.19657         3.76417         1.26354       319.19117         1.01636         0.89505         3.25699        11.88040         0.00000        73.71045
         4.00000       126.47625      1846.08855       150.13746       117.01579       109.84726         3.54030         1.25795       324.71689         0.99850         0.91684         3.29796        12.01870         0.00000        75.90483
         5.00000       156.54183      1862.03904       148.84080       122.23375       115.18768         3.34730         1.25311       330.15817         0.98142         0.93562         3.33808        12.14641         0.00000        78.08914
         6.00000       186.60540      1877.00642       147.61995       127.24477       120.31861         3.17753         1.24885       335.51056         0.96517         0.95178         3.37734        12.26485         0.00000        80.26020
         7.00000       216.66896      1891.12605       146.45968       132.12067       125.30925         3.02619         1.24505       340.77018         0.94981         0.96566         3.41574        12.37532         0.00000        82.41502
         8.00000       246.00169      1904.49746       145.34937       136.90499       130.20160         2.89010         1.24165       345.93580         0.93537         0.97753         3.45330        12.47881         0.00000        84.55173
         9.00000       275.15035      1917.19175       144.28040       141.62810       135.02477         2.76699         1.23859       351.00810         0.92188         0.98766         3.49003        12.57606         0.00000        86.66927
        10.00000       304.12654      1929.25581       143.24412       146.31776       139.80481         2.65526         1.23584       355.98918         0.90941         0.99628         3.52597        12.66761         0.00000        88.76725
        11.00000       332.88900      1940.71355       142.22891       151.01064       144.57472         2.55392         1.23337       360.88233         0.89815         1.00356         3.56116        12.75377         0.00000        90.84585
        12.00000       361.53749      1951.56064       141.21312       155.77693       149.39572         2.46290         1.23119       365.69209         0.88866         1.00969         3.59564        12.83464         0.00000        92.90592
        13.00000       389.98609      1966.07054       140.07203       161.34648       154.31501         2.50351         1.23427       370.20271         0.92574         1.01459         3.62789        12.94404         0.00000        94.85291
        14.00000       417.29753      1973.72877       138.78801       166.97975       160.13933         2.38573         1.23083       374.96139         0.90714         1.01894         3.66182        12.99904         0.00000        96.92262
        15.00000       443.99125      2032.21486       132.19697       199.26862       188.78972         2.52914         1.24588       377.09066         1.07993         1.02063         3.67697        13.45540         0.00000        97.85388
        16.00000       470.32792      2043.10977       131.54169       203.27040       192.88502         2.46389         1.24390       381.53768         1.06957         1.02369         3.70857        13.53559         0.00000        99.80890
        17.00000       496.56087      2053.74758       130.90230       207.25335       196.95749         2.40212         1.24204       385.90477         1.05962         1.02611         3.73953        13.61362         0.00000       101.74208
        18.00000       522.40358      2064.14077       130.27809       211.21829       201.00820         2.34356         1.24028       390.19506         1.05003         1.02798         3.76989        13.68961         0.00000       103.65395
        19.00000       548.18742      2074.30062       129.66836       215.16597       205.03818         2.28796         1.23861       394.41151         1.04078         1.02934         3.79967        13.76371         0.00000       105.54505
        20.00000       573.57014      2121.48314       127.16820       232.35477       223.06307         2.01126         1.22937       396.85835         0.97625         1.02994         3.81693        14.13027         0.00000       106.64699
        21.00000       598.92253      2133.96100       126.43704       237.76113       228.63709         1.94433         1.22727       400.84281         0.96180         1.03062         3.84499        14.22260         0.00000       108.45139
        22.00000       624.04227      2142.52361       125.91039       241.75815       232.71199         1.90227         1.22605       404.92880         0.95378         1.03097         3.87373        14.28402         0.00000       110.31277
        23.00000       649.12026      2109.07811       115.35048       284.77173       262.53019         2.78584         1.28167       410.75269         1.44191         1.03089         3.91462        14.01386         0.00000       118.42260
        24.00000       673.78483      2119.62945       114.94769       288.63937       266.34400         2.74721         1.28047       414.57681         1.43754         1.03052         3.94142        14.09119         0.00000       120.27591
        25.00000       696.50299      2130.05958       114.55158       292.49173       270.14246         2.70987         1.27931       418.34150         1.43328         1.02990         3.96778        14.16763         0.00000       122.11013
        26.00000       719.22116      2140.37260       114.16194       296.32952       273.92627         2.67376         1.27819       422.04891         1.42911         1.02909         3.99370        14.24324         0.00000       123.92577
        27.00000       741.81150      2150.57071       113.77856       300.15322       277.69598         2.63880         1.27710       425.70115         1.42504         1.02809         4.01922        14.31805         0.00000       125.72344
        28.00000       764.39099      2160.65856       113.40125       303.96349       281.45223         2.60493         1.27605       429.30010         1.42106         1.02693         4.04433        14.39208         0.00000       127.50353
        29.00000       786.82469      2170.64011       113.02981       307.76083       285.19552         2.57211         1.27502       432.84755         1.41717         1.02562         4.06906        14.46540         0.00000       129.26650
        30.00000       809.19806      2180.51466       112.66405       311.54566       288.92639         2.54027         1.27403       436.34540         1.41336         1.02418         4.09343        14.53798         0.00000       131.01297
        31.00000       831.57144      2190.28865       112.30381       315.31850       292.64527         2.50938         1.27306       439.79513         1.40963         1.02263         4.11744        14.60990         0.00000       132.74319
        32.00000       853.94481      2199.96443       111.94894       319.07979       296.35262         2.47938         1.27212       443.19834         1.40597         1.02098         4.14111        14.68116         0.00000       134.45758
        33.00000       876.25551      2209.54228       111.59926       322.82982       300.04882         2.45024         1.27121       446.55659         1.40239         1.01924         4.16445        14.75178         0.00000       136.15668
        34.00000       898.36522      2219.02735       111.25464       326.56905       303.73426         2.42191         1.27032       449.87119         1.39889         1.01741         4.18747        14.82180         0.00000       137.84074
        35.00000       920.47493      2228.42118       110.91492       330.29781       307.40931         2.39437         1.26945       453.14352         1.39544         1.01552         4.21018        14.89124         0.00000       139.51015
        36.00000       942.58464      2237.72616       110.57997       334.01620       311.07408         2.36757         1.26861       456.37485         1.39207         1.01357         4.23260        14.96010         0.00000       141.16533
        37.00000       964.69435      2246.94487       110.24967       337.72521       314.72952         2.34148         1.26779       459.56638         1.38876         1.01155         4.25472        15.02842         0.00000       142.80645
        38.00000       986.62271      2256.07891       109.92388       341.42447       318.37534         2.31607         1.26699       462.71929         1.38551         1.00950         4.27657        15.09621         0.00000       144.43398
        39.00000      1008.47872      2265.13032       109.60249       345.11451       322.01202         2.29132         1.26621       465.83469         1.38232         1.00740         4.29815        15.16348         0.00000       146.04819
        40.00000      1030.33473      2274.10191       109.28537       348.79555       325.63980         2.26720         1.26545       468.91362         1.37918         1.00526         4.31946        15.23026         0.00000       147.64938
        41.00000      1052.19073      2282.99534       108.97242       352.46786       329.25896         2.24368         1.26470       471.95708         1.37610         1.00309         4.34052        15.29655         0.00000       149.23782
        42.00000      1074.01237      2291.81251       108.66353       356.13168       332.86973         2.22074         1.26398       474.96605         1.37308         1.00089         4.36134        15.36237         0.00000       150.81380
        43.00000      1095.62184      2300.55627       108.35860       359.78731       336.47239         2.19835         1.26327       477.94141         1.37011         0.99867         4.38191        15.42775         0.00000       152.37752
        44.00000      1117.23130      2309.22546       108.05753       363.43473       340.06701         2.17650         1.26258       480.88415         1.36718         0.99643         4.40225        15.49267         0.00000       153.92944
        45.00000      1138.84077      2317.82588       107.76023       367.07430       343.65384         2.15517         1.26190       483.79499         1.36431         0.99418         4.42237        15.55718         0.00000       155.46958
        46.00000      1160.45023      2326.35535       107.46659       370.70649       347.23341         2.13433         1.26124       486.67486         1.36148         0.99191         4.44226        15.62126         0.00000       156.99827
        47.00000      1181.93728      2334.81837       107.17654       374.33109       350.80549         2.11397         1.26059       489.52445         1.35870         0.98963         4.46194        15.68494         0.00000       158.51574
        48.00000      1203.30755      2343.21557       106.88999       377.94820       354.37022         2.09406         1.25996       492.34453         1.35596         0.98734         4.48141        15.74823         0.00000       160.02228
        49.00000      1224.67783      2351.54822       106.60687       381.55869       357.92839         2.07461         1.25934       495.13585         1.35327         0.98504         4.50068        15.81113         0.00000       161.51787
        50.00000      1246.04810      2359.81897       106.32708       385.16182       361.47934         2.05558         1.25873       497.89905         1.35062         0.98275         4.51975        15.87367         0.00000       163.00302
        51.00000      1267.41837      2368.02718       106.05055       388.75860       365.02400         2.03696         1.25813       500.63487         1.34800         0.98045         4.53862        15.93584         0.00000       164.47768
        52.00000      1288.59275      2376.17621       105.77721       392.34856       368.56197         2.01874         1.25755       503.34388         1.34543         0.97815         4.55731        15.99766         0.00000       165.94220
        53.00000      1309.72768      2384.26786       105.50701       395.93198       372.09350         2.00091         1.25698       506.02669         1.34290         0.97585         4.57581        16.05915         0.00000       167.39675
        54.00000      1330.86262      2392.30037       105.23983       399.50924       375.61896         1.98345         1.25642       508.68399         1.34040         0.97355         4.59414        16.12028         0.00000       168.84143
        55.00000      1351.99755      2400.27821       104.97565       403.08023       379.13826         1.96636         1.25588       511.31625         1.33795         0.97126         4.61229        16.18111         0.00000       170.27649
        56.00000      1373.10913      2408.20160       104.71439       406.64518       382.65160         1.94961         1.25534       513.92407         1.33552         0.96897         4.63027        16.24161         0.00000       171.70209
        57.00000      1394.01259      2416.07303       104.45599       410.20409       386.15901         1.93320         1.25481       516.50794         1.33313         0.96669         4.64808        16.30182         0.00000       173.11841
        58.00000      1414.91605      2423.89129       104.20039       413.75729       389.66080         1.91711         1.25430       519.06843         1.33078         0.96442         4.66573        16.36172         0.00000       174.52555
        59.00000      1435.81951      2431.65876       103.94753       417.30481       393.15698         1.90135         1.25379       521.60603         1.32846         0.96215         4.68322        16.42133         0.00000       175.92371
        60.00000      1456.72297      2439.37660       103.69735       420.84675       396.64768         1.88589         1.25329       524.12119         1.32617         0.95989         4.70055        16.48065         0.00000       177.31303
        61.00000      1477.55340      2447.04600       103.44980       424.38322       400.13299         1.87073         1.25280       526.61439         1.32391         0.95765         4.71773        16.53970         0.00000       178.69365
        62.00000      1498.22650      2454.66644       103.20482       427.91448       403.61315         1.85586         1.25233       529.08613         1.32168         0.95541         4.73476        16.59846         0.00000       180.06567
        63.00000      1518.89960      2462.24166       102.96237       431.44031       407.08800         1.84127         1.25186       531.53675         1.31949         0.95318         4.75165        16.65697         0.00000       181.42935
        64.00000      1539.57270      2469.77174       102.72240       434.96101       410.55776         1.82695         1.25139       533.96671         1.31732         0.95096         4.76839        16.71523         0.00000       182.78474
        65.00000      1560.24580      2477.25746       102.48487       438.47663       414.02254         1.81289         1.25094       536.37642         1.31518         0.94875         4.78499        16.77324         0.00000       184.13198
        66.00000      1580.80840      2484.69989       102.24972       441.98728       417.48241         1.79909         1.25050       538.76628         1.31307         0.94656         4.80146        16.83100         0.00000       185.47120
        67.00000      1601.25118      2492.09993       102.01690       445.49304       420.93747         1.78554         1.25006       541.13666         1.31098         0.94438         4.81779        16.88852         0.00000       186.80252
        68.00000      1621.69397      2499.45840       101.78638       448.99401       424.38780         1.77224         1.24963       543.48794         1.30892         0.94220         4.83399        16.94581         0.00000       188.12607
        69.00000      1642.13676      2506.77630       101.55811       452.49026       427.83348         1.75917         1.24921       545.82048         1.30689         0.94005         4.85006        17.00288         0.00000       189.44197
        70.00000      1662.57955      2514.05446       101.33206       455.98188       431.27458         1.74632         1.24879       548.13463         1.30488         0.93790         4.86600        17.05972         0.00000       190.75032
        71.00000      1682.88578      2521.29371       101.10817       459.46894       434.71119         1.73370         1.24838       550.43073         1.30290         0.93577         4.88182        17.11635         0.00000       192.05123
        72.00000      1703.09638      2528.49489       100.88642       462.95152       438.14338         1.72130         1.24798       552.70910         1.30095         0.93365         4.89752        17.17277         0.00000       193.34483
        73.00000      1723.30698      2535.65876       100.66676       466.42969       441.57122         1.70911         1.24759       554.97007         1.29901         0.93154         4.91309        17.22898         0.00000       194.63120
        74.00000      1743.51758      2542.78602       100.44916       469.90352       444.99478         1.69712         1.24720       557.21394         1.29710         0.92945         4.92855        17.28498         0.00000       195.91047
        75.00000      1763.72818      2549.87749       100.23359       473.37308       448.41413         1.68533         1.24682       559.44103         1.29522         0.92737         4.94390        17.34080         0.00000       197.18271
        76.00000      1783.78811      2556.93390       100.02000       476.83845       451.82933         1.67374         1.24644       561.65162         1.29335         0.92531         4.95913        17.39641         0.00000       198.44805
        77.00000      1803.76336      2563.95593        99.80837       480.29969       455.24045         1.66234         1.24607       563.84600         1.29151         0.92326         4.97425        17.45185         0.00000       199.70656
        78.00000      1823.73861      2571.36376        99.59680       483.71651       458.59577         1.65157         1.24576       566.01451         1.28986         0.92123         4.98920        17.51038         0.00000       200.95243
        79.00000      1843.71386      2578.31497        99.38906       487.17094       462.00030         1.64052         1.24540       568.17746         1.28806         0.91921         5.00410        17.56542         0.00000       202.19725
        80.00000      1863.68911      2585.23335        99.18318       490.62141       465.40093         1.62964         1.24505       570.32501         1.28627         0.91720         5.01891        17.62027         0.00000       203.43553
        81.00000      1883.51189      2592.11968        98.97913       494.06804       468.79775         1.61894         1.24470       572.45743         1.28451         0.91520         5.03360        17.67495         0.00000       204.66735
        82.00000      1903.24666      2598.97429        98.77688       497.51080       472.19076         1.60840         1.24436       574.57496         1.28277         0.91322         5.04820        17.72946         0.00000       205.89282
        83.00000      1922.98143      2605.79779        98.57640       500.94978       475.58004         1.59803         1.24402       576.67786         1.28105         0.91125         5.06270        17.78379         0.00000       207.11201
        84.00000      1942.71619      2612.59076        98.37766       504.38504       478.96564         1.58782         1.24369       578.76635         1.27935         0.90930         5.07710        17.83797         0.00000       208.32501
        85.00000      1962.45096      2619.35370        98.18064       507.81662       482.34761         1.57776         1.24337       580.84066         1.27767         0.90736         5.09140        17.89197         0.00000       209.53190
        86.00000      1982.04577      2626.08712        97.98530       511.24457       485.72601         1.56785         1.24305       582.90103         1.27600         0.90543         5.10561        17.94582         0.00000       210.73274
        87.00000      2001.53363      2632.79196        97.79162       514.66895       489.10087         1.55809         1.24273       584.94767         1.27435         0.90352         5.11972        17.99951         0.00000       211.92763
        88.00000      2021.02148      2639.46729        97.59960       518.08977       492.47222         1.54848         1.24242       586.98081         1.27272         0.90162         5.13374        18.05305         0.00000       213.11662
        89.00000      2040.50934      2646.11588        97.40917       521.50717       495.84017         1.53901         1.24211       589.00063         1.27111         0.89973         5.14767        18.10644         0.00000       214.29979
        90.00000      2059.99719      2652.73515        97.22033       524.92109       499.20473         1.52967         1.24181       591.00738         1.26952         0.89786         5.16152        18.15966         0.00000       215.47729
        91.00000      2079.37392      2659.32798        97.03305       528.33163       502.56593         1.52047         1.24151       593.00122         1.26794         0.89600         5.17527        18.21275         0.00000       216.64908
        92.00000      2098.60653      2665.89384        96.84732       531.73881       505.92382         1.51140         1.24121       594.98236         1.26638         0.89416         5.18894        18.26569         0.00000       217.81528
        93.00000      2117.83915      2672.43345        96.66310       535.14270       509.27845         1.50247         1.24092       596.95098         1.26483         0.89232         5.20253        18.31849         0.00000       218.97594
        94.00000      2137.07176      2678.94672        96.48038       538.54331       512.62985         1.49365         1.24064       598.90729         1.26330         0.89050         5.21603        18.37115         0.00000       220.13115
        95.00000      2156.30438      2685.43415        96.29914       541.94069       515.97808         1.48496         1.24035       600.85145         1.26179         0.88870         5.22945        18.42366         0.00000       221.28097
        96.00000      2175.47443      2691.89631        96.11935       545.33489       519.32316         1.47639         1.24008       602.78365         1.26029         0.88691         5.24278        18.47604         0.00000       222.42545
        97.00000      2194.44184      2698.33333        95.94099       548.72595       522.66514         1.46794         1.23980       604.70406         1.25881         0.88513         5.25604        18.52829         0.00000       223.56466
        98.00000      2213.40925      2704.74562        95.76404       552.11390       526.00405         1.45961         1.23953       606.61286         1.25734         0.88336         5.26922        18.58040         0.00000       224.69866
        99.00000      2232.37665      2711.13338        95.58849       555.49877       529.33994         1.45139         1.23927       608.51019         1.25589         0.88160         5.28233        18.63238         0.00000       225.82752
       100.00000      2251.34406      2717.49691        95.41431       558.88060       532.67283         1.44327         1.23900       610.39624         1.25445         0.87986         5.29535        18.68422         0.00000       226.95130
       101.00000      2270.31147      2723.83769        95.24148       562.25921       536.00255         1.43527         1.23874       612.27114         1.25302         0.87813         5.30830        18.73595         0.00000       228.07007
       102.00000      2289.01274      2730.15370        95.06999       565.63521       539.32969         1.42737         1.23849       614.13508         1.25161         0.87642         5.32118        18.78754         0.00000       229.18384
       103.00000      2307.70399      2736.44615        94.89982       569.00816       542.65382         1.41958         1.23823       615.98821         1.25021         0.87471         5.33398        18.83900         0.00000       230.29270
       104.00000      2326.39524      2742.71543        94.73095       572.37820       545.97511         1.41189         1.23799       617.83066         1.24883         0.87302         5.34671        18.89033         0.00000       231.39671
       105.00000      2345.08649      2748.96176        94.56337       575.74537       549.29357         1.40429         1.23774       619.66258         1.24745         0.87134         5.35938        18.94154         0.00000       232.49591
       106.00000      2363.77773      2755.18535        94.39705       579.10971       552.60924         1.39680         1.23750       621.48413         1.24610         0.86967         5.37197        18.99263         0.00000       233.59037
       107.00000      2382.29127      2761.38642        94.23197       582.47124       555.92216         1.38940         1.23726       623.29543         1.24475         0.86802         5.38449        19.04359         0.00000       234.68013
       108.00000      2400.69289      2767.56516        94.06814       585.83000       559.23236         1.38209         1.23702       625.09662         1.24342         0.86637         5.39694        19.09443         0.00000       235.76524
       109.00000      2419.09451      2773.72178        93.90552       589.18602       562.53986         1.37488         1.23679       626.88784         1.24210         0.86474         5.40933        19.14515         0.00000       236.84576
       110.00000      2437.49614      2779.85643        93.74409       592.53931       565.84469         1.36775         1.23656       628.66923         1.24079         0.86312         5.42165        19.19575         0.00000       237.92174
       111.00000      2455.89776      2785.96931        93.58386       595.88992       569.14689         1.36071         1.23633       630.44090         1.23949         0.86151         5.43390        19.24623         0.00000       238.99323
       112.00000      2474.24475      2792.06302        93.42479       599.23776       572.44636         1.35376         1.23610       632.20294         1.23820         0.85991         5.44609        19.29661         0.00000       240.06029
       113.00000      2492.34170      2798.13039        93.26689       602.58320       575.74350         1.34690         1.23588       633.95562         1.23693         0.85832         5.45822        19.34683         0.00000       241.12291
       114.00000      2510.43864      2804.17891        93.11012       605.92592       579.03797         1.34012         1.23566       635.69891         1.23567         0.85675         5.47029        19.39695         0.00000       242.18120
       115.00000      2528.53558      2810.20882        92.95447       609.26593       582.32977         1.33342         1.23545       637.43293         1.23442         0.85518         5.48229        19.44698         0.00000       243.23520
       116.00000      2546.63253      2816.21588        92.79994       612.60357       585.61927         1.32680         1.23523       639.15789         1.23318         0.85363         5.49423        19.49688         0.00000       244.28493
       117.00000      2564.72947      2822.20020        92.64651       615.93860       588.90624         1.32025         1.23502       640.87389         1.23195         0.85208         5.50611        19.54664         0.00000       245.33045
       118.00000      2582.61700      2828.16277        92.49417       619.27127       592.19089         1.31379         1.23481       642.58104         1.23073         0.85055         5.51793        19.59628         0.00000       246.37178
       119.00000      2600.39350      2834.10689        92.34289       622.60136       595.47302         1.30740         1.23461       644.27938         1.22952         0.84903         5.52969        19.64582         0.00000       247.40900
       120.00000      2618.17000      2840.03055        92.19267       625.92900       598.75275         1.30108         1.23440       645.96907         1.22833         0.84752         5.54140        19.69525         0.00000       248.44213
       121.00000      2635.94650      2845.93638        92.04350       629.25413       602.03003         1.29484         1.23420       647.65015         1.22714         0.84602         5.55305        19.74458         0.00000       249.47123
       122.00000      2653.72300      2851.81663        91.89536       632.57701       605.30515         1.28867         1.23400       649.32289         1.22596         0.84453         5.56464        19.79375         0.00000       250.49632
       123.00000      2671.49146      2857.67931        91.74825       635.89743       608.57786         1.28257         1.23380       650.98723         1.22479         0.84305         5.57617        19.84283         0.00000       251.51745
       124.00000      2688.98186      2863.52197        91.60214       639.21550       611.84827         1.27654         1.23361       652.64333         1.22364         0.84158         5.58765        19.89180         0.00000       252.53466
       125.00000      2706.47225      2869.34482        91.45702       642.53123       615.11642         1.27057         1.23342       654.29127         1.22249         0.84012         5.59908        19.94066         0.00000       253.54799
       126.00000      2723.96264      2876.59046        91.29086       645.54422       618.12033         1.26416         1.23317       655.90522         1.22004         0.83869         5.61027        20.00079         0.00000       254.54183
       127.00000      2741.44849      2903.28803        90.82742       644.47707       617.57029         1.25066         1.23215       657.16221         1.19990         0.83758         5.61898        20.21464         0.00000       255.32050
       128.00000      2758.76354      2938.84151        90.22730       641.56290       615.41342         1.23377         1.23074       658.25447         1.17189         0.83661         5.62656        20.49854         0.00000       255.99822
       129.00000      2776.00929      2974.37123        89.62640       638.68536       613.28672         1.21681         1.22931       659.34170         1.14427         0.83566         5.63410        20.78237         0.00000       256.67142
       130.00000      2793.08810      2979.96718        89.48439       641.92629       616.50302         1.21087         1.22910       660.95925         1.14284         0.83423         5.64532        20.82978         0.00000       257.66836
       131.00000      2810.16691      2985.54259        89.34332       645.16480       619.71683         1.20500         1.22889       662.56914         1.14143         0.83282         5.65649        20.87707         0.00000       258.66165
       132.00000      2827.24572      2991.09769        89.20317       648.40093       622.92818         1.19920         1.22868       664.17143         1.14003         0.83142         5.66761        20.92424         0.00000       259.65133
       133.00000      2844.32452      2996.63265        89.06394       651.63469       626.13709         1.19346         1.22848       665.76623         1.13864         0.83002         5.67868        20.97129         0.00000       260.63743
       134.00000      2861.40333      3002.14763        88.92562       654.86610       629.34359         1.18779         1.22828       667.35360         1.13727         0.82864         5.68970        21.01823         0.00000       261.61998
       135.00000      2878.36916      3007.64302        88.78820       658.09519       632.54769         1.18218         1.22809       668.93363         1.13591         0.82726         5.70067        21.06505         0.00000       262.59903
       136.00000      2895.19009      3013.11823        88.65166       661.32197       635.74942         1.17664         1.22789       670.50642         1.13456         0.82589         5.71160        21.11175         0.00000       263.57459
       137.00000      2912.01101      3018.57418        88.51600       664.54646       638.94880         1.17116         1.22770       672.07202         1.13322         0.82454         5.72247        21.15833         0.00000       264.54672
       138.00000      2928.83193      3024.01074        88.38121       667.76868       642.14585         1.16574         1.22751       673.63053         1.13190         0.82319         5.73330        21.20480         0.00000       265.51542
       139.00000      2945.65286      3029.42805        88.24727       670.98865       645.34060         1.16038         1.22732       675.18201         1.13059         0.82185         5.74408        21.25116         0.00000       266.48075
       140.00000      2962.47378      3034.82627        88.11418       674.20639       648.53305         1.15508         1.22713       676.72655         1.12928         0.82051         5.75481        21.29740         0.00000       267.44273
         0.00000        -0.00000      1805.90986       156.70738        90.55816        82.70340         4.87244         1.29371       299.55000         1.07936         0.79017         3.10923        11.66326         0.00000        66.10984
         1.00000        36.28228      1826.81608       155.01234        97.49040        89.81567         4.43335         1.28238       305.38644         1.05508         0.82645         3.15352        11.84117         0.00000        68.33538
         2.00000        66.34476      1846.07681       153.46949       103.59137        96.08879         4.09614         1.27364       311.16313         1.03256         0.85786         3.19703        12.00302         0.00000        70.56580
         3.00000        96.41489      1865.21613       151.75017       110.62305       103.15070         3.80977         1.26694       316.77838         1.01943         0.88460         3.23902        12.16102         0.00000        72.75990
         4.00000       126.47625      1882.78610       150.34470       116.18708       108.84131         3.57972         1.26108       322.33615         1.00137         0.90780         3.28033        12.30440         0.00000        74.95642
         5.00000       156.54183      1899.22686       149.03475       121.43456       114.21553         3.38181         1.25600       327.80966         0.98407         0.92782         3.32078        12.43691         0.00000        77.14353
         6.00000       186.60540      1914.64602       147.80240       126.46886       119.37413         3.20803         1.25154       333.19579         0.96761         0.94506         3.36038        12.55969         0.00000        79.31856
         7.00000       216.66896      1929.17956       146.63211       131.36469       124.38891         3.05336         1.24757       338.49025         0.95205         0.95988         3.39911        12.67406         0.00000        81.47837
         8.00000       246.00169      1942.93193       145.51285       136.16726       129.30338         2.91446         1.24402       343.69128         0.93744         0.97257         3.43699        12.78107         0.00000        83.62084
         9.00000       275.15035      1955.97879       144.43567       140.90795       134.14753         2.78898         1.24083       348.79913         0.92381         0.98343         3.47404        12.88151         0.00000        85.74474
        10.00000       304.12654      1968.37133       143.39167       145.61503       138.94790         2.67522         1.23796       353.81556         0.91121         0.99267         3.51029        12.97598         0.00000        87.84950
        11.00000       332.88900      1980.13818       142.36885       150.32640       143.73847         2.57217         1.23540       358.74355         0.89987         1.00051         3.54579        13.06482         0.00000        89.93516
        12.00000       361.53749      1991.27995       141.34530       155.11343       148.58132         2.47971         1.23315       363.58742         0.89034         1.00713         3.58056        13.14819         0.00000        92.00243
        13.00000       389.98609      2001.78607       140.26574       160.16177       153.63440         2.40008         1.23131       368.35178         0.88431         1.01268         3.61466        13.22611         0.00000        94.05222
        14.00000       417.29753      2013.63735       138.85520       166.54182       159.56148         2.39450         1.23250       372.93931         0.90730         1.01719         3.64741        13.31431         0.00000        96.04123
        15.00000       443.99125      2073.33583       132.33527       198.46076       187.73256         2.54697         1.24830       375.01498         1.08217         1.01898         3.66219        13.78034         0.00000        96.94607
        16.00000       470.32792      2084.51740       131.67668       202.46776       191.83608         2.48075         1.24624       379.49126         1.07172         1.02236         3.69403        13.86283         0.00000        98.90754
        17.00000       496.56087      2095.43407       131.03415       206.45568       195.91634         2.41810         1.24431       383.88661         1.06168         1.02506         3.72523        13.94307         0.00000       100.84707
        18.00000       522.40358      2106.09840       130.40693       210.42531       199.97444         2.35872         1.24248       388.20421         1.05202         1.02717         3.75581        14.02118         0.00000       102.76521
        19.00000       548.18742      2116.52200       129.79434       214.37740       204.01139         2.30236         1.24076       392.44707         1.04270         1.02876         3.78580        14.09733         0.00000       104.66250
        20.00000       573.57014      2151.15380       127.97885       226.62762       216.81146         2.10589         1.23417       395.48994         0.99943         1.02962         3.80727        14.36473         0.00000       106.03005
        21.00000       598.92253      2177.83107       126.54553       236.93746       227.59763         1.95569         1.22907       398.85096         0.96349         1.03032         3.83096        14.56922         0.00000       107.54799
        22.00000       624.04227      2186.61328       126.01663       240.93824       231.67855         1.91314         1.22781       402.96431         0.95542         1.03084         3.85992        14.63230         0.00000       109.41647
        23.00000       649.12026      2150.43345       115.48341       284.00762       261.30313         2.79953         1.28475       408.96834         1.44330         1.03098         3.90210        14.34034         0.00000       117.56697
        24.00000       673.78483      2161.22625       115.07907       287.87757       265.11815         2.76050         1.28352       412.81224         1.43891         1.03072         3.92906        14.41949         0.00000       119.42513
        25.00000       696.50299      2171.90117       114.68147       291.73157       268.91711         2.72279         1.28232       416.59574         1.43462         1.03022         3.95556        14.49777         0.00000       121.26410
        26.00000       719.22116      2182.45571       114.29038       295.57077       272.70121         2.68632         1.28116       420.32131         1.43043         1.02949         3.98162        14.57519         0.00000       123.08439
        27.00000       741.81150      2192.89320       113.90559       299.39580       276.47109         2.65102         1.28004       423.99104         1.42634         1.02858         4.00727        14.65178         0.00000       124.88652
        28.00000       764.39099      2203.21673       113.52690       303.20722       280.22735         2.61683         1.27895       427.60693         1.42234         1.02749         4.03252        14.72758         0.00000       126.67100
        29.00000       786.82469      2213.43075       113.15413       307.00549       283.97045         2.58370         1.27789       431.17077         1.41843         1.02626         4.05737        14.80262         0.00000       128.43828
        30.00000       809.19806      2223.53680       112.78708       310.79127       287.70108         2.55157         1.27687       434.68440         1.41460         1.02488         4.08186        14.87693         0.00000       130.18884
        31.00000       831.57144      2233.53888       112.42559       314.56487       291.41956         2.52040         1.27587       438.14945         1.41085         1.02339         4.10599        14.95055         0.00000       131.92310
        32.00000       853.94481      2243.43931       112.06949       318.32679       295.12641         2.49014         1.27490       441.56752         1.40718         1.02179         4.12977        15.02348         0.00000       133.64147
        33.00000       876.25551      2253.24130       111.71862       322.07740       298.82199         2.46074         1.27396       444.94010         1.40358         1.02009         4.15321        15.09577         0.00000       135.34436
        34.00000       898.36522      2262.94724       111.37284       325.81709       302.50673         2.43217         1.27305       448.26863         1.40006         1.01831         4.17634        15.16744         0.00000       137.03215
        35.00000       920.47493      2272.56000       111.03200       329.54620       306.18096         2.40439         1.27216       451.55445         1.39660         1.01645         4.19915        15.23850         0.00000       138.70521
        36.00000       942.58464      2282.08137       110.69595       333.26512       309.84507         2.37736         1.27129       454.79889         1.39321         1.01453         4.22167        15.30898         0.00000       140.36388
        37.00000       964.69435      2291.51377       110.36458       336.97400       313.49926         2.35106         1.27044       458.00317         1.38988         1.01255         4.24389        15.37890         0.00000       142.00855
        38.00000       986.62271      2300.85989       110.03774       340.67339       317.14402         2.32545         1.26962       461.16846         1.38662         1.01052         4.26583        15.44827         0.00000       143.63947
        39.00000      1008.47872      2310.12162       109.71533       344.36367       320.77976         2.30050         1.26882       464.29588         1.38341         1.00844         4.28749        15.51711         0.00000       145.25694
        40.00000      1030.33473      2319.30130       109.39722       348.04473       324.40640         2.27619         1.26803       467.38649         1.38026         1.00632         4.30889        15.58544         0.00000       146.86135
        41.00000      1052.19073      2328.40085       109.08330       351.71700       328.02435         2.25248         1.26727       470.44133         1.37717         1.00418         4.33004        15.65327         0.00000       148.45294
        42.00000      1074.01237      2337.42223       108.77347       355.38072       331.63386         2.22937         1.26652       473.46137         1.37413         1.00200         4.35093        15.72063         0.00000       150.03199
        43.00000      1095.62184      2346.36739       108.46762       359.03615       335.23517         2.20681         1.26579       476.44755         1.37115         0.99979         4.37158        15.78752         0.00000       151.59878
        44.00000      1117.23130      2355.23825       108.16565       362.68348       338.82850         2.18480         1.26508       479.40076         1.36821         0.99757         4.39200        15.85396         0.00000       153.15355
        45.00000      1138.84077      2364.03705       107.86747       366.32272       342.41385         2.16330         1.26438       482.32185         1.36533         0.99532         4.41219        15.91996         0.00000       154.69657
        46.00000      1160.45023      2372.76357       107.57298       369.95469       345.99204         2.14231         1.26370       485.21170         1.36249         0.99306         4.43215        15.98552         0.00000       156.22807
        47.00000      1181.93728      2381.42156       107.28210       373.57896       349.56265         2.12180         1.26303       488.07103         1.35969         0.99079         4.45190        16.05068         0.00000       157.74829
        48.00000      1203.30755      2390.01231       106.99473       377.19597       353.12608         2.10175         1.26238       490.90062         1.35695         0.98851         4.47144        16.11543         0.00000       159.25743
        49.00000      1224.67783      2398.53699       106.71081       380.80583       356.68249         2.08215         1.26175       493.70121         1.35424         0.98623         4.49077        16.17979         0.00000       160.75573
        50.00000      1246.04810      2406.99730       106.43024       384.40874       360.23205         2.06299         1.26112       496.47349         1.35158         0.98394         4.50991        16.24377         0.00000       162.24340
        51.00000      1267.41837      2415.39469       106.15295       388.00485       363.77492         2.04424         1.26051       499.21813         1.34896         0.98164         4.52885        16.30738         0.00000       163.72063
        52.00000      1288.59275      2423.73069       105.87888       391.59432       367.31125         2.02590         1.25991       501.93580         1.34638         0.97935         4.54760        16.37063         0.00000       165.18762
        53.00000      1309.72768      2432.00669       105.60793       395.17730       370.84120         2.00795         1.25933       504.62710         1.34383         0.97705         4.56616        16.43352         0.00000       166.64456
        54.00000      1330.86262      2440.22471       105.34006       398.75372       374.36472         1.99037         1.25875       507.29262         1.34133         0.97476         4.58454        16.49608         0.00000       168.09172
        55.00000      1351.99755      2448.38545       105.07520       402.32425       377.88240         1.97316         1.25819       509.93296         1.33886         0.97247         4.60275        16.55830         0.00000       169.52904
        56.00000      1373.10913      2456.48904       104.81326       405.88846       381.39390         1.95630         1.25764       512.54872         1.33643         0.97018         4.62079        16.62019         0.00000       170.95697
        57.00000      1394.01259      2464.53894       104.55420       409.44694       384.89973         1.93978         1.25710       515.14036         1.33403         0.96790         4.63865        16.68178         0.00000       172.37545
        58.00000      1414.91605      2472.53526       104.29795       412.99953       388.39977         1.92359         1.25657       517.70845         1.33167         0.96563         4.65635        16.74305         0.00000       173.78476
        59.00000      1435.81951      2480.47749       104.04444       416.54649       391.89428         1.90772         1.25604       520.25352         1.32934         0.96336         4.67390        16.80401         0.00000       175.18503
        60.00000      1456.72297      2488.37024       103.79365       420.08775       395.38318         1.89217         1.25553       522.77598         1.32704         0.96110         4.69128        16.86468         0.00000       176.57645
        61.00000      1477.55340      2496.21282       103.54550       423.62351       398.86667         1.87691         1.25503       525.27634         1.32478         0.95885         4.70851        16.92507         0.00000       177.95914
        62.00000      1498.22650      2504.00667       103.29994       427.15389       402.34487         1.86194         1.25454       527.75504         1.32254         0.95661         4.72559        16.98519         0.00000       179.33325
        63.00000      1518.89960      2511.75270       103.05692       430.67899       405.81787         1.84726         1.25406       530.21253         1.32034         0.95438         4.74252        17.04503         0.00000       180.69890
        64.00000      1539.57270      2519.45209       102.81638       434.19890       409.28576         1.83285         1.25358       532.64924         1.31816         0.95216         4.75931        17.10461         0.00000       182.05626
        65.00000      1560.24580      2527.10571       102.57830       437.71376       412.74868         1.81871         1.25312       535.06557         1.31601         0.94995         4.77596        17.16392         0.00000       183.40541
        66.00000      1580.80840      2534.71460       102.34261       441.22361       416.20667         1.80483         1.25266       537.46192         1.31389         0.94776         4.79247        17.22299         0.00000       184.74652
        67.00000      1601.25118      2542.27975       102.10926       444.72856       419.65983         1.79120         1.25221       539.83869         1.31180         0.94557         4.80885        17.28181         0.00000       186.07970
        68.00000      1621.69397      2549.80206       101.87823       448.22870       423.10825         1.77781         1.25177       542.19624         1.30974         0.94340         4.82509        17.34039         0.00000       187.40508
        69.00000      1642.13676      2557.28239       101.64945       451.72410       426.55201         1.76466         1.25134       544.53494         1.30770         0.94124         4.84120        17.39874         0.00000       188.72278
        70.00000      1662.57955      2564.72169       101.42290       455.21485       429.99119         1.75174         1.25091       546.85514         1.30569         0.93909         4.85718        17.45685         0.00000       190.03290
        71.00000      1682.88578      2572.12078       101.19853       458.70103       433.42587         1.73904         1.25049       549.15718         1.30370         0.93695         4.87304        17.51474         0.00000       191.33555
        72.00000      1703.09638      2579.48051       100.97631       462.18272       436.85611         1.72657         1.25008       551.44140         1.30174         0.93483         4.88878        17.57242         0.00000       192.63086
        73.00000      1723.30698      2586.80160       100.75619       465.65999       440.28200         1.71430         1.24967       553.70813         1.29980         0.93272         4.90440        17.62988         0.00000       193.91893
        74.00000      1743.51758      2594.08493       100.53813       469.13291       443.70361         1.70225         1.24927       555.95766         1.29788         0.93062         4.91990        17.68713         0.00000       195.19985
        75.00000      1763.72818      2601.33112       100.32211       472.60155       447.12099         1.69039         1.24888       558.19031         1.29599         0.92854         4.93528        17.74417         0.00000       196.47374
        76.00000      1783.78811      2608.54103       100.10808       476.06599       450.53423         1.67873         1.24850       560.40638         1.29412         0.92647         4.95055        17.80102         0.00000       197.74069
        77.00000      1803.76336      2615.71531        99.89602       479.52628       453.94338         1.66727         1.24812       562.60615         1.29227         0.92442         4.96571        17.85767         0.00000       199.00080
        78.00000      1823.73861      2622.85466        99.68589       482.98250       457.34850         1.65598         1.24774       564.78990         1.29044         0.92238         4.98076        17.91412         0.00000       200.25415
        79.00000      1843.71386      2629.95960        99.47765       486.43469       460.74967         1.64488         1.24738       566.95792         1.28864         0.92035         4.99570        17.97039         0.00000       201.50086
        80.00000      1863.68911      2637.03094        99.27128       489.88292       464.14692         1.63396         1.24702       569.11045         1.28685         0.91833         5.01053        18.02648         0.00000       202.74100
        81.00000      1883.51189      2644.45827        99.06509       493.29031       467.49282         1.62361         1.24671       571.23867         1.28524         0.91634         5.02520        18.08543         0.00000       203.96912
        82.00000      1903.24666      2651.45970        98.86245       496.73205       470.88379         1.61302         1.24636       573.36119         1.28349         0.91436         5.03983        18.14113         0.00000       205.19608
        83.00000      1922.98143      2658.42892        98.66158       500.16999       474.27103         1.60259         1.24601       575.46899         1.28177         0.91238         5.05436        18.19664         0.00000       206.41675
        84.00000      1942.71619      2665.36649        98.46246       503.60420       477.65459         1.59232         1.24567       577.56232         1.28006         0.91042         5.06879        18.25199         0.00000       207.63120
        85.00000      1962.45096      2672.27296        98.26506       507.03473       481.03452         1.58221         1.24533       579.64140         1.27837         0.90848         5.08313        18.30716         0.00000       208.83952
        86.00000      1982.04577      2679.14897        98.06935       510.46163       484.41087         1.57225         1.24500       581.70647         1.27670         0.90655         5.09737        18.36217         0.00000       210.04179
        87.00000      2001.53363      2685.99463        97.87532       513.88494       487.78368         1.56244         1.24468       583.75775         1.27505         0.90463         5.11151        18.41702         0.00000       211.23808
        88.00000      2021.02148      2692.81077        97.68292       517.30471       491.15301         1.55277         1.24436       585.79546         1.27342         0.90272         5.12557        18.47170         0.00000       212.42847
        89.00000      2040.50934      2699.59774        97.49214       520.72100       494.51890         1.54325         1.24404       587.81980         1.27180         0.90083         5.13953        18.52622         0.00000       213.61303
        90.00000      2059.99719      2706.35605        97.30296       524.13385       497.88139         1.53386         1.24373       589.83098         1.27020         0.89896         5.15340        18.58059         0.00000       214.79184
        91.00000      2079.37392      2713.08611        97.11534       527.54329       501.24054         1.52462         1.24342       591.82920         1.26862         0.89709         5.16719        18.63480         0.00000       215.96497
        92.00000      2098.60653      2719.78833        96.92927       530.94939       504.59638         1.51550         1.24312       593.81467         1.26705         0.89524         5.18089        18.68887         0.00000       217.13249
        93.00000      2117.83915      2726.46308        96.74473       534.35217       507.94896         1.50652         1.24282       595.78757         1.26550         0.89341         5.19450        18.74278         0.00000       218.29447
        94.00000      2137.07176      2733.11088        96.56168       537.75167       511.29830         1.49766         1.24253       597.74808         1.26397         0.89158         5.20803        18.79655         0.00000       219.45098
        95.00000      2156.30438      2739.73370        96.38010       541.14766       514.64418         1.48893         1.24224       599.69636         1.26245         0.88977         5.22147        18.85019         0.00000       220.60210
        96.00000      2175.47443      2746.32862        96.19999       544.54092       517.98736         1.48031         1.24195       601.63266         1.26095         0.88797         5.23484        18.90367         0.00000       221.74783
        97.00000      2194.44184      2752.89510        96.02133       547.93101       521.32746         1.47182         1.24167       603.55717         1.25946         0.88619         5.24812        18.95699         0.00000       222.88827
        98.00000      2213.40925      2759.43809        95.84407       551.31785       524.66433         1.46344         1.24139       605.46996         1.25799         0.88442         5.26133        19.01019         0.00000       224.02352
        99.00000      2232.37665      2765.95573        95.66821       554.70161       527.99817         1.45518         1.24112       607.37124         1.25653         0.88266         5.27446        19.06325         0.00000       225.15361
       100.00000      2251.34406      2772.45109        95.49372       558.08214       531.32882         1.44703         1.24085       609.26113         1.25509         0.88091         5.28751        19.11620         0.00000       226.27860
       101.00000      2270.31147      2778.91616        95.32061       561.46004       534.65692         1.43898         1.24058       611.13996         1.25366         0.87918         5.30049        19.16897         0.00000       227.39855
       102.00000      2289.01274      2785.36090        95.14881       564.83468       537.98179         1.43105         1.24032       613.00767         1.25224         0.87746         5.31339        19.22164         0.00000       228.51354
       103.00000      2307.70399      2791.77996        94.97835       568.20650       541.30389         1.42322         1.24006       614.86455         1.25084         0.87575         5.32622        19.27416         0.00000       229.62359
       104.00000      2326.39524      2798.17505        94.80919       571.57542       544.62314         1.41549         1.23981       616.71071         1.24945         0.87405         5.33898        19.32656         0.00000       230.72876
       105.00000      2345.08649      2804.54644        94.64132       574.94147       547.93957         1.40786         1.23955       618.54630         1.24808         0.87236         5.35166        19.37882         0.00000       231.82913
       106.00000      2363.77773      2810.89435        94.47471       578.30468       551.25321         1.40032         1.23930       620.37146         1.24671         0.87069         5.36427        19.43096         0.00000       232.92473
       107.00000      2382.29127      2817.21903        94.30936       581.66509       554.56410         1.39289         1.23906       622.18633         1.24536         0.86903         5.37682        19.48296         0.00000       234.01563
       108.00000      2400.69289      2823.52079        94.14524       585.02273       557.87227         1.38555         1.23881       623.99105         1.24403         0.86738         5.38930        19.53485         0.00000       235.10187
       109.00000      2419.09451      2829.79948        93.98235       588.37760       561.17775         1.37830         1.23857       625.78576         1.24270         0.86574         5.40171        19.58660         0.00000       236.18352
       110.00000      2437.49614      2836.05936        93.82065       591.72963       564.48039         1.37114         1.23834       627.57052         1.24139         0.86412         5.41405        19.63826         0.00000       237.26062
       111.00000      2455.89776      2842.28946        93.66014       595.07926       567.78074         1.36407         1.23810       629.34567         1.24009         0.86250         5.42633        19.68974         0.00000       238.33319
       112.00000      2474.24475      2848.50096        93.50081       598.42608       571.07832         1.35709         1.23787       631.11112         1.23880         0.86090         5.43854        19.74113         0.00000       239.40133
       113.00000      2492.34170      2854.69046        93.34263       601.77028       574.37332         1.35019         1.23764       632.86708         1.23752         0.85931         5.45069        19.79239         0.00000       240.46505
       114.00000      2510.43864      2860.85771        93.18559       605.11183       577.66576         1.34338         1.23742       634.61366         1.23626         0.85773         5.46278        19.84353         0.00000       241.52444
       115.00000      2528.53558      2867.00842        93.02967       608.45077       580.95558         1.33665         1.23720       636.35089         1.23500         0.85616         5.47480        19.89459         0.00000       242.57949
       116.00000      2546.63253      2873.12797        92.87490       611.78734       584.24317         1.33000         1.23698       638.07915         1.23376         0.85460         5.48676        19.94546         0.00000       243.63025
       117.00000      2564.72947      2879.23473        92.72119       615.12120       587.52804         1.32342         1.23676       639.79823         1.23253         0.85305         5.49866        19.99627         0.00000       244.67682
       118.00000      2582.61700      2885.31226        92.56860       618.45272       590.81069         1.31693         1.23654       641.50855         1.23131         0.85151         5.51051        20.04690         0.00000       245.71920
       119.00000      2600.39350      2891.37261        92.41706       621.78168       594.09082         1.31051         1.23633       643.20999         1.23010         0.84999         5.52229        20.09744         0.00000       246.75745
       120.00000      2618.17000      2897.41195        92.26659       625.10819       597.36856         1.30417         1.23612       644.90274         1.22890         0.84847         5.53401        20.14787         0.00000       247.79160
       121.00000      2635.94650      2903.43402        92.11715       628.43221       600.64384         1.29790         1.23591       646.58683         1.22770         0.84697         5.54568        20.19821         0.00000       248.82172
       122.00000      2653.72300      2909.42819        91.96877       631.75397       603.91697         1.29170         1.23571       648.26258         1.22653         0.84547         5.55729        20.24837         0.00000       249.84781
       123.00000      2671.49146      2915.40828        91.82140       635.07319       607.18759         1.28557         1.23551       649.92982         1.22535         0.84399         5.56884        20.29847         0.00000       250.86995
       124.00000      2688.98186      2921.36457        91.67503       638.39015       610.45604         1.27951         1.23531       651.58885         1.22419         0.84251         5.58034        20.34842         0.00000       251.88816
       125.00000      2706.47225      2927.29783        91.52968       641.70483       613.72229         1.27352         1.23511       653.23974         1.22304         0.84105         5.59179        20.39824         0.00000       252.90245
       126.00000      2723.96264      2933.21362        91.38530       645.01713       616.98621         1.26760         1.23491       654.88250         1.22190         0.83959         5.60318        20.44797         0.00000       253.91292
       127.00000      2741.44849      2943.73860        91.17265       647.37714       619.42154         1.26012         1.23454       656.43369         1.21667         0.83822         5.61393        20.53414         0.00000       254.86891
       128.00000      2758.76354      2972.83389        90.68172       645.89738       618.52120         1.24600         1.23342       657.64283         1.19490         0.83715         5.62232        20.76706         0.00000       255.61769
       129.00000      2776.00929      3010.64468        90.05944       642.64546       616.08141         1.22862         1.23193       658.68922         1.16568         0.83623         5.62958        21.06894         0.00000       256.26640
       130.00000      2793.08810      3040.60647        89.55423       641.00997       615.04775         1.21400         1.23072       659.87167         1.14354         0.83519         5.63778        21.30892         0.00000       256.99707
       131.00000      2810.16691      3046.29438        89.41290       644.24794       618.26068         1.20810         1.23051       661.48450         1.14213         0.83377         5.64897        21.35720         0.00000       257.99144
       132.00000      2827.24572      3051.96141        89.27250       647.48353       621.47115         1.20227         1.23030       663.08971         1.14072         0.83236         5.66011        21.40535         0.00000       258.98219
       133.00000      2844.32452      3057.60784        89.13303       650.71676       624.67918         1.19650         1.23009       664.68738         1.13933         0.83097         5.67119        21.45339         0.00000       259.96935
       134.00000      2861.40333      3063.23360        88.99446       653.94763       627.88479         1.19080         1.22988       666.27762         1.13795         0.82958         5.68223        21.50130         0.00000       260.95295
       135.00000      2878.36916      3068.83911        88.85679       657.17618       631.08800         1.18516         1.22968       667.86048         1.13658         0.82820         5.69322        21.54909         0.00000       261.93304
       136.00000      2895.19009      3074.42443        88.72000       660.40242       634.28884         1.17959         1.22948       669.43606         1.13523         0.82682         5.70416        21.59676         0.00000       262.90964
       137.00000      2912.01101      3079.98974        88.58410       663.62637       637.48732         1.17408         1.22928       671.00444         1.13389         0.82546         5.71505        21.64432         0.00000       263.88279
       138.00000      2928.83193      3085.53518        88.44906       666.84805       640.68347         1.16864         1.22909       672.56569         1.13256         0.82411         5.72590        21.69176         0.00000       264.85252
       139.00000      2945.65286      3091.06091        88.31488       670.06748       643.87731         1.16325         1.22889       674.11989         1.13124         0.82276         5.73670        21.73908         0.00000       265.81885
       140.00000      2962.47378      3096.56707        88.18155       673.28469       647.06886         1.15792         1.22870       675.66712         1.12993         0.82143         5.74745        21.78628         0.00000       266.78183
         0.00000        -0.00000      1840.89854       156.98353        89.35584        81.29793         4.96900         1.29910       296.97374         1.08354         0.77255         3.08956        11.92818         0.00000        65.13651
         1.00000        36.28228      1862.52522       155.26402        96.47769        88.60600         4.50454         1.28687       302.82820         1.05889         0.81114         3.13414        12.11384         0.00000        67.35640
         2.00000        66.34476      1882.39915       153.70306       102.68215        94.98741         4.15330         1.27758       308.63207         1.03615         0.84461         3.17799        12.28232         0.00000        69.58518
         3.00000        96.41489      1902.02968       151.97688       109.74314       102.08344         3.85750         1.27048       314.28185         1.02266         0.87314         3.22038        12.44570         0.00000        71.78127
         4.00000       126.47625      1920.11540       150.55844       115.34224       107.81346         3.62095         1.26431       319.87260         1.00439         0.89789         3.26204        12.59443         0.00000        73.97975
         5.00000       156.54183      1937.06801       149.23468       120.61776       113.22041         3.41786         1.25899       325.37882         0.98685         0.91926         3.30284        12.73204         0.00000        76.16931
         6.00000       186.60540      1952.95758       147.99032       125.67446       118.40623         3.23984         1.25431       330.79949         0.97015         0.93767         3.34278        12.85941         0.00000        78.34811
         7.00000       216.66896      1967.92071       146.80954       130.59003       123.44537         3.08163         1.25016       336.12991         0.95437         0.95352         3.38186        12.97790         0.00000        80.51284
         8.00000       246.00169      1982.06792       145.68092       135.41112       128.38253         2.93976         1.24645       341.36762         0.93958         0.96712         3.42008        13.08862         0.00000        82.66112
         9.00000       275.15035      1995.47887       144.59521       140.16974       133.24832         2.81175         1.24313       346.51244         0.92578         0.97876         3.45747        13.19242         0.00000        84.79150
        10.00000       304.12654      2008.21043       143.54317       144.89499       138.06995         2.69585         1.24014       351.56570         0.91306         0.98869         3.49405        13.28993         0.00000        86.90322
        11.00000       332.88900      2020.29468       142.51257       149.62536       142.88194         2.59097         1.23747       356.53013         0.90162         0.99714         3.52985        13.38158         0.00000        88.99619
        12.00000       361.53749      2031.73977       141.48113       154.43359       147.74725         2.49699         1.23513       361.40963         0.89204         1.00428         3.56493        13.46757         0.00000        91.07090
        13.00000       389.98609      2042.54797       140.39376       159.50553       152.82336         2.41612         1.23323       366.20817         0.88601         1.01030         3.59932        13.54803         0.00000        93.12797
        14.00000       417.29753      2052.72544       138.97604       165.81266       158.94093         2.36174         1.23242       370.92928         0.89180         1.01531         3.63307        13.62311         0.00000        95.16795
        15.00000       443.99125      2115.20680       132.47724       197.63414       186.65029         2.56539         1.25077       372.86854         1.08447         1.01713         3.64689        14.11123         0.00000        96.01048
        16.00000       470.32792      2126.68474       131.81523       201.64660       190.76238         2.49816         1.24864       377.37530         1.07394         1.02085         3.67899        14.19613         0.00000        97.97860
        17.00000       496.56087      2137.88904       131.16945       205.63968       194.85075         2.43458         1.24663       381.80012         1.06382         1.02385         3.71042        14.27866         0.00000        99.92471
        18.00000       522.40358      2148.83289       130.53914       209.61419       198.91653         2.37436         1.24473       386.14622         1.05407         1.02623         3.74124        14.35898         0.00000       101.84934
        19.00000       548.18742      2159.52846       129.92358       213.57092       202.96076         2.31722         1.24294       390.41662         1.04468         1.02806         3.77145        14.43724         0.00000       103.75301
        20.00000       573.57014      2182.50295       128.71558       221.59387       211.29367         2.19169         1.23875       394.02909         1.01912         1.02924         3.79696        14.61250         0.00000       105.37274
        21.00000       598.92253      2222.53101       126.65690       236.09438       226.53349         1.96740         1.23090       396.79117         0.96522         1.02992         3.81645        14.92251         0.00000       106.61656
        22.00000       624.04227      2231.54659       126.12560       240.09973       230.62124         1.92432         1.22959       400.93280         0.95710         1.03063         3.84562        14.98736         0.00000       108.49227
        23.00000       649.12026      2192.49653       115.61946       283.22862       260.05235         2.81356         1.28789       407.12922         1.44473         1.03101         3.88919        14.67252         0.00000       116.68689
        24.00000       673.78483      2203.54280       115.21353       287.10050       263.86817         2.77412         1.28661       410.99346         1.44032         1.03088         3.91630        14.75358         0.00000       118.55011
        25.00000       696.50299      2214.46872       114.81440       290.95620       267.66770         2.73602         1.28538       414.79652         1.43601         1.03049         3.94296        14.83375         0.00000       120.39400
        26.00000       719.22116      2225.27108       114.42182       294.79698       271.45221         2.69918         1.28418       418.54096         1.43179         1.02987         3.96917        14.91303         0.00000       122.21906
        27.00000       741.81150      2235.95348       114.03559       298.62338       275.22230         2.66354         1.28302       422.22890         1.42768         1.02904         3.99496        14.99145         0.00000       124.02584
        28.00000       764.39099      2246.51900       113.65550       302.43602       278.97861         2.62902         1.28190       425.86237         1.42366         1.02804         4.02034        15.06906         0.00000       125.81484
        29.00000       786.82469      2256.97190       113.28136       306.23541       282.72165         2.59557         1.28081       429.44322         1.41972         1.02688         4.04533        15.14588         0.00000       127.58652
        30.00000       809.19806      2267.31466       112.91299       310.02208       286.45200         2.56314         1.27976       432.97328         1.41588         1.02557         4.06994        15.22196         0.00000       129.34136
        31.00000       831.57144      2277.55053       112.55021       313.79651       290.17011         2.53168         1.27873       436.45423         1.41211         1.02414         4.09418        15.29731         0.00000       131.07979
        32.00000       853.94481      2287.68224       112.19285       317.55913       293.87648         2.50114         1.27773       439.88770         1.40842         1.02259         4.11808        15.37197         0.00000       132.80222
        33.00000       876.25551      2297.71289       111.84077       321.31034       297.57147         2.47148         1.27676       443.27521         1.40480         1.02094         4.14164        15.44596         0.00000       134.50907
        34.00000       898.36522      2307.64517       111.49380       325.05053       301.25552         2.44266         1.27582       446.61820         1.40126         1.01920         4.16487        15.51931         0.00000       136.20072
        35.00000       920.47493      2317.48158       111.15180       328.78008       304.92899         2.41464         1.27490       449.91806         1.39779         1.01739         4.18779        15.59203         0.00000       137.87754
        36.00000       942.58464      2327.22485       110.81463       332.49929       308.59221         2.38738         1.27401       453.17610         1.39438         1.01550         4.21041        15.66416         0.00000       139.53989
        37.00000       964.69435      2336.87672       110.48215       336.20859       312.24560         2.36086         1.27314       456.39360         1.39104         1.01355         4.23272        15.73571         0.00000       141.18809
        38.00000       986.62271      2346.44017       110.15425       339.90818       315.88937         2.33504         1.27229       459.57171         1.38776         1.01155         4.25476        15.80670         0.00000       142.82250
        39.00000      1008.47872      2355.91747       109.83080       343.59829       319.52378         2.30988         1.27146       462.71159         1.38454         1.00950         4.27652        15.87715         0.00000       144.44344
        40.00000      1030.33473      2365.31003       109.51167       347.27949       323.14935         2.28537         1.27066       465.81434         1.38137         1.00741         4.29801        15.94707         0.00000       146.05115
        41.00000      1052.19073      2374.62069       109.19676       350.95175       326.76609         2.26148         1.26987       468.88098         1.37827         1.00528         4.31924        16.01649         0.00000       147.64599
        42.00000      1074.01237      2383.85123       108.88596       354.61540       330.37434         2.23818         1.26910       471.91250         1.37522         1.00312         4.34021        16.08541         0.00000       149.22822
        43.00000      1095.62184      2393.00358       108.57916       358.27069       333.97433         2.21545         1.26835       474.90986         1.37222         1.00093         4.36095        16.15385         0.00000       150.79811
        44.00000      1117.23130      2402.07967       108.27627       361.91785       337.56630         2.19326         1.26762       477.87397         1.36927         0.99872         4.38144        16.22183         0.00000       152.35592
        45.00000      1138.84077      2411.08148       107.97719       365.55705       341.15042         2.17161         1.26690       480.80568         1.36637         0.99649         4.40171        16.28936         0.00000       153.90190
        46.00000      1160.45023      2420.01022       107.68182       369.18858       344.72699         2.15045         1.26620       483.70586         1.36352         0.99424         4.42175        16.35644         0.00000       155.43630
        47.00000      1181.93728      2428.86846       107.39009       372.81232       348.29590         2.12979         1.26551       486.57527         1.36072         0.99199         4.44157        16.42311         0.00000       156.95942
        48.00000      1203.30755      2437.65786       107.10189       376.42914       351.85795         2.10960         1.26484       489.41469         1.35796         0.98971         4.46118        16.48936         0.00000       158.47128
        49.00000      1224.67783      2446.37801       106.81714       380.03868       355.41286         2.08986         1.26419       492.22491         1.35524         0.98744         4.48058        16.55520         0.00000       159.97228
        50.00000      1246.04810      2455.03315       106.53578       383.64094       358.96063         2.07056         1.26355       495.00658         1.35257         0.98515         4.49978        16.62066         0.00000       161.46269
        51.00000      1267.41837      2463.62344       106.25771       387.23682       362.50207         2.05168         1.26292       497.76040         1.34994         0.98286         4.51879        16.68573         0.00000       162.94243
        52.00000      1288.59275      2472.15082       105.98287       390.82580       366.03675         2.03320         1.26230       500.48702         1.34735         0.98057         4.53760        16.75044         0.00000       164.41197
        53.00000      1309.72768      2480.61658       105.71119       394.40826       369.56501         2.01513         1.26170       503.18708         1.34479         0.97828         4.55623        16.81478         0.00000       165.87140
        54.00000      1330.86262      2489.02343       105.44260       397.98426       373.08692         1.99743         1.26111       505.86114         1.34228         0.97599         4.57467        16.87878         0.00000       167.32095
        55.00000      1351.99755      2497.37010       105.17701       401.55408       376.60276         1.98010         1.26053       508.50989         1.33980         0.97370         4.59294        16.94243         0.00000       168.76074
        56.00000      1373.10913      2505.65946       104.91438       405.11783       380.11262         1.96312         1.25996       511.13382         1.33736         0.97142         4.61103        17.00574         0.00000       170.19095
        57.00000      1394.01259      2513.89094       104.65463       408.67570       383.61670         1.94649         1.25941       513.73354         1.33496         0.96914         4.62895        17.06872         0.00000       171.61175
        58.00000      1414.91605      2522.06891       104.39771       412.22761       387.11493         1.93020         1.25886       516.30950         1.33258         0.96687         4.64671        17.13139         0.00000       173.02334
        59.00000      1435.81951      2530.19312       104.14357       415.77379       390.60752         1.91422         1.25833       518.86223         1.33024         0.96460         4.66431        17.19375         0.00000       174.42586
        60.00000      1456.72297      2538.26475       103.89214       419.31435       394.09458         1.89856         1.25780       521.39223         1.32794         0.96234         4.68174        17.25581         0.00000       175.81946
        61.00000      1477.55340      2546.28497       103.64337       422.84939       397.57623         1.88321         1.25729       523.89998         1.32566         0.96009         4.69902        17.31758         0.00000       177.20428
        62.00000      1498.22650      2554.25488       103.39720       426.37904       401.05257         1.86815         1.25678       526.38594         1.32342         0.95785         4.71616        17.37905         0.00000       178.58049
        63.00000      1518.89960      2562.17559       103.15359       429.90339       404.52370         1.85337         1.25629       528.85054         1.32121         0.95562         4.73314        17.44025         0.00000       179.94820
        64.00000      1539.57270      2570.04813       102.91248       433.42255       407.98971         1.83887         1.25580       531.29422         1.31903         0.95340         4.74998        17.50118         0.00000       181.30757
        65.00000      1560.24580      2577.87357       102.67382       436.93660       411.45071         1.82464         1.25532       533.71740         1.31687         0.95119         4.76667        17.56184         0.00000       182.65873
        66.00000      1580.80840      2585.65288       102.43757       440.44564       414.90679         1.81067         1.25485       536.12047         1.31475         0.94899         4.78323        17.62224         0.00000       184.00180
        67.00000      1601.25118      2593.38704       102.20369       443.94976       418.35802         1.79695         1.25439       538.50383         1.31265         0.94680         4.79965        17.68238         0.00000       185.33691
        68.00000      1621.69397      2601.07691       101.97212       447.44904       421.80449         1.78348         1.25394       540.86786         1.31057         0.94462         4.81594        17.74228         0.00000       186.66418
        69.00000      1642.13676      2608.72366       101.74282       450.94360       425.24632         1.77025         1.25349       543.21293         1.30853         0.94246         4.83209        17.80193         0.00000       187.98373
        70.00000      1662.57955      2616.32792       101.51576       454.43349       428.68354         1.75726         1.25305       545.53938         1.30651         0.94031         4.84812        17.86135         0.00000       189.29568
        71.00000      1682.88578      2623.89065       101.29089       457.91879       432.11625         1.74448         1.25262       547.84757         1.30452         0.93817         4.86402        17.92053         0.00000       190.60015
        72.00000      1703.09638      2631.41267       101.06817       461.39958       435.54452         1.73193         1.25220       550.13784         1.30255         0.93604         4.87980        17.97949         0.00000       191.89723
        73.00000      1723.30698      2638.89481       100.84757       464.87594       438.96843         1.71960         1.25178       552.41050         1.30060         0.93393         4.89546        18.03822         0.00000       193.18705
        74.00000      1743.51758      2646.33787       100.62904       468.34794       442.38805         1.70747         1.25137       554.66588         1.29868         0.93183         4.91100        18.09674         0.00000       194.46970
        75.00000      1763.72818      2653.74258       100.41256       471.81565       445.80345         1.69554         1.25097       556.90428         1.29678         0.92974         4.92642        18.15505         0.00000       195.74528
        76.00000      1783.78811      2661.10964       100.19808       475.27914       449.21468         1.68382         1.25057       559.12601         1.29490         0.92767         4.94173        18.21315         0.00000       197.01391
        77.00000      1803.76336      2668.43986        99.98557       478.73847       452.62183         1.67228         1.25018       561.33134         1.29305         0.92561         4.95692        18.27104         0.00000       198.27566
        78.00000      1823.73861      2675.73389        99.77500       482.19372       456.02494         1.66094         1.24980       563.52058         1.29122         0.92356         4.97201        18.32874         0.00000       199.53065
        79.00000      1843.71386      2682.99239        99.56634       485.64494       459.42409         1.64977         1.24942       565.69399         1.28940         0.92153         4.98699        18.38624         0.00000       200.77896
        80.00000      1863.68911      2690.21620        99.35955       489.09220       462.81934         1.63879         1.24905       567.85183         1.28761         0.91951         5.00186        18.44355         0.00000       202.02067
        81.00000      1883.51189      2697.40542        99.15461       492.53553       466.21072         1.62798         1.24869       569.99439         1.28584         0.91751         5.01663        18.50067         0.00000       203.25591
        82.00000      1903.24666      2704.56113        98.95148       495.97502       469.59831         1.61734         1.24833       572.12190         1.28410         0.91552         5.03129        18.55760         0.00000       204.48472
        83.00000      1922.98143      2711.68395        98.75013       499.41074       472.98219         1.60686         1.24797       574.23461         1.28237         0.91354         5.04585        18.61436         0.00000       205.70721
        84.00000      1942.71619      2719.13344        98.54906       502.80892       476.31886         1.59690         1.24766       576.32446         1.28079         0.91158         5.06026        18.67376         0.00000       206.91832
        85.00000      1962.45096      2726.18691        98.35127       506.23839       479.69671         1.58673         1.24732       578.40846         1.27910         0.90963         5.07463        18.73013         0.00000       208.12813
        86.00000      1982.04577      2733.20865        98.15518       509.66421       483.07098         1.57672         1.24698       580.47839         1.27742         0.90770         5.08890        18.78632         0.00000       209.33186
        87.00000      2001.53363      2740.19935        97.96076       513.08644       486.44171         1.56685         1.24665       582.53444         1.27576         0.90577         5.10308        18.84234         0.00000       210.52961
        88.00000      2021.02148      2747.15915        97.76800       516.50514       489.80895         1.55714         1.24632       584.57686         1.27413         0.90386         5.11716        18.89820         0.00000       211.72143
        89.00000      2040.50934      2754.08921        97.57686       519.92035       493.17277         1.54756         1.24599       586.60585         1.27250         0.90197         5.13116        18.95389         0.00000       212.90741
        90.00000      2059.99719      2760.98885        97.38732       523.33209       496.53317         1.53813         1.24567       588.62162         1.27090         0.90009         5.14506        19.00942         0.00000       214.08763
        91.00000      2079.37392      2767.85987        97.19935       526.74045       499.89024         1.52883         1.24536       590.62436         1.26931         0.89822         5.15887        19.06479         0.00000       215.26214
        92.00000      2098.60653      2774.70140        97.01293       530.14543       503.24399         1.51967         1.24505       592.61429         1.26774         0.89636         5.17260        19.12000         0.00000       216.43104
        93.00000      2117.83915      2781.51481        96.82804       533.54710       506.59449         1.51064         1.24474       594.59159         1.26619         0.89452         5.18625        19.17505         0.00000       217.59437
        94.00000      2137.07176      2788.30019        96.64465       536.94550       509.94176         1.50173         1.24444       596.55645         1.26465         0.89269         5.19980        19.22996         0.00000       218.75221
        95.00000      2156.30438      2795.06013        96.46274       540.34038       513.28556         1.49296         1.24414       598.50901         1.26313         0.89087         5.21328        19.28473         0.00000       219.90466
        96.00000      2175.47443      2801.79066        96.28230       543.73246       516.62661         1.48430         1.24385       600.44954         1.26162         0.88907         5.22667        19.33933         0.00000       221.05172
        97.00000      2194.44184      2808.49200        96.10331       547.12147       519.96466         1.47576         1.24356       602.37823         1.26013         0.88728         5.23999        19.39377         0.00000       222.19345
        98.00000      2213.40925      2815.16890        95.92574       550.50717       523.29945         1.46734         1.24327       604.29514         1.25865         0.88550         5.25322        19.44809         0.00000       223.32999
        99.00000      2232.37665      2821.82189        95.74955       553.88954       526.63094         1.45904         1.24299       606.20045         1.25719         0.88374         5.26638        19.50227         0.00000       224.46137
       100.00000      2251.34406      2828.44448        95.57476       557.26939       529.95999         1.45084         1.24271       608.09446         1.25574         0.88199         5.27945        19.55629         0.00000       225.58760
       101.00000      2270.31147      2835.04364        95.40133       560.64597       533.28581         1.44276         1.24244       609.97720         1.25431         0.88025         5.29246        19.61017         0.00000       226.70880
       102.00000      2289.01274      2841.61753        95.22924       564.01958       536.60871         1.43478         1.24217       611.84886         1.25289         0.87852         5.30539        19.66392         0.00000       227.82501
       103.00000      2307.70399      2848.16638        95.05847       567.39025       539.92873         1.42691         1.24190       613.70960         1.25148         0.87681         5.31824        19.71754         0.00000       228.93628
       104.00000      2326.39524      2854.69048        94.88901       570.75802       543.24590         1.41914         1.24164       615.55958         1.25009         0.87511         5.33102        19.77101         0.00000       230.04267
       105.00000      2345.08649      2861.19009        94.72084       574.12292       546.56026         1.41148         1.24138       617.39894         1.24871         0.87342         5.34373        19.82436         0.00000       231.14424
       106.00000      2363.77773      2867.66545        94.55394       577.48499       549.87183         1.40391         1.24112       619.22783         1.24735         0.87174         5.35637        19.87757         0.00000       232.24104
       107.00000      2382.29127      2874.11683        94.38830       580.84424       553.18065         1.39644         1.24087       621.04638         1.24599         0.87007         5.36894        19.93065         0.00000       233.33312
       108.00000      2400.69289      2880.54447        94.22389       584.20072       556.48675         1.38906         1.24062       622.85474         1.24465         0.86842         5.38144        19.98359         0.00000       234.42053
       109.00000      2419.09451      2886.94936        94.06071       587.55432       559.79002         1.38178         1.24037       624.65303         1.24332         0.86678         5.39387        20.03642         0.00000       235.50334
       110.00000      2437.49614      2893.33022        93.89872       590.90540       563.09083         1.37458         1.24013       626.44141         1.24201         0.86515         5.40624        20.08911         0.00000       236.58159
       111.00000      2455.89776      2899.68778        93.73794       594.25374       566.38896         1.36748         1.23989       628.21999         1.24070         0.86353         5.41854        20.14167         0.00000       237.65532
       112.00000      2474.24475      2906.02230        93.57833       597.59942       569.68449         1.36047         1.23965       629.98892         1.23941         0.86192         5.43078        20.19410         0.00000       238.72456
       113.00000      2492.34170      2912.33439        93.41987       600.94246       572.97744         1.35354         1.23942       631.74830         1.23813         0.86032         5.44295        20.24641         0.00000       239.78942
       114.00000      2510.43864      2918.62380        93.26256       604.28290       576.26785         1.34669         1.23919       633.49826         1.23686         0.85874         5.45506        20.29860         0.00000       240.84990
       115.00000      2528.53558      2924.89103        93.10638       607.62073       579.55571         1.33993         1.23896       635.23892         1.23560         0.85716         5.46710        20.35066         0.00000       241.90608
       116.00000      2546.63253      2931.13575        92.95132       610.95609       582.84115         1.33324         1.23873       636.97041         1.23436         0.85560         5.47909        20.40259         0.00000       242.95793
       117.00000      2564.72947      2937.35862        92.79736       614.28888       586.12409         1.32664         1.23851       638.69284         1.23312         0.85405         5.49101        20.45440         0.00000       244.00558
       118.00000      2582.61700      2943.55964        92.64449       617.61917       589.40459         1.32012         1.23829       640.40631         1.23190         0.85251         5.50287        20.50609         0.00000       245.04903
       119.00000      2600.39350      2949.73895        92.49269       620.94699       592.68269         1.31367         1.23807       642.11095         1.23068         0.85097         5.51468        20.55766         0.00000       246.08835
       120.00000      2618.17000      2955.90288        92.34193       624.27226       595.95825         1.30730         1.23785       643.80674         1.22948         0.84945         5.52642        20.60916         0.00000       247.12358
       121.00000      2635.94650      2962.03308        92.19227       627.59531       599.23174         1.30100         1.23764       645.49414         1.22829         0.84794         5.53811        20.66043         0.00000       248.15471
       122.00000      2653.72300      2968.15107        92.04361       630.91569       602.50259         1.29477         1.23743       647.17285         1.22710         0.84644         5.54974        20.71166         0.00000       249.18186
       123.00000      2671.49146      2974.24489        91.89598       634.23391       605.77134         1.28862         1.23722       648.84320         1.22593         0.84495         5.56131        20.76275         0.00000       250.20504
       124.00000      2688.98186      2980.31771        91.74937       637.54969       609.03773         1.28253         1.23702       650.50524         1.22477         0.84347         5.57283        20.81372         0.00000       251.22425
       125.00000      2706.47225      2986.36720        91.60375       640.86330       612.30201         1.27651         1.23681       652.15911         1.22361         0.84201         5.58429        20.86454         0.00000       252.23956
       126.00000      2723.96264      2992.40301        91.45910       644.17441       615.56383         1.27056         1.23661       653.80474         1.22247         0.84055         5.59570        20.91531         0.00000       253.25104
       127.00000      2741.44849      2998.41163        91.31546       647.48321       618.82346         1.26468         1.23641       655.44246         1.22133         0.83910         5.60706        20.96591         0.00000       254.25870
       128.00000      2758.76354      3012.34996        91.05620       649.18128       620.68530         1.25614         1.23591       656.92816         1.21330         0.83778         5.61736        21.07918         0.00000       255.17486
       129.00000      2776.00929      3043.72725        90.54088       647.32864       619.47062         1.24147         1.23470       658.09128         1.19011         0.83676         5.62543        21.33026         0.00000       255.89474
       130.00000      2793.08810      3083.64126        89.90010       643.78479       616.78889         1.22371         1.23312       659.09428         1.15989         0.83587         5.63239        21.64889         0.00000       256.51596
       131.00000      2810.16691      3108.22101        89.48389       643.31322       616.77576         1.21125         1.23214       660.36951         1.14284         0.83475         5.64123        21.84649         0.00000       257.30302
       132.00000      2827.24572      3114.00250        89.34324       646.54825       619.98532         1.20539         1.23192       661.97773         1.14143         0.83334         5.65239        21.89565         0.00000       258.29488
       133.00000      2844.32452      3119.76292        89.20350       649.78093       623.19246         1.19959         1.23171       663.57838         1.14003         0.83194         5.66350        21.94469         0.00000       259.28313
       134.00000      2861.40333      3125.50229        89.06467       653.01127       626.39718         1.19386         1.23150       665.17156         1.13865         0.83054         5.67456        21.99360         0.00000       260.26782
       135.00000      2878.36916      3131.22078        88.92675       656.23928       629.59950         1.18819         1.23129       666.75734         1.13727         0.82916         5.68556        22.04239         0.00000       261.24899
       136.00000      2895.19009      3136.91856        88.78971       659.46498       632.79944         1.18259         1.23108       668.33581         1.13591         0.82778         5.69652        22.09105         0.00000       262.22666
       137.00000      2912.01101      3142.59581        88.65356       662.68839       635.99702         1.17706         1.23088       669.90705         1.13457         0.82642         5.70743        22.13960         0.00000       263.20086
       138.00000      2928.83193      3148.25269        88.51827       665.90953       639.19226         1.17158         1.23068       671.47113         1.13323         0.82506         5.71830        22.18802         0.00000       264.17164
       139.00000      2945.65286      3153.88936        88.38385       669.12842       642.38520         1.16616         1.23048       673.02813         1.13191         0.82371         5.72911        22.23633         0.00000       265.13901
       140.00000      2962.47378      3159.50598        88.25027       672.34508       645.57584         1.16081         1.23028       674.57814         1.13060         0.82237         5.73988        22.28451         0.00000       266.10302
         0.00000        -0.00000      1876.43560       157.27154        88.09065        79.82339         5.07363         1.30485       294.31216         1.08787         0.75323         3.06915        12.19576         0.00000        64.13681
         1.00000        36.28228      1898.81611       155.52399        95.43184        87.35670         4.58020         1.29160       300.18274         1.06289         0.79434         3.11403        12.38969         0.00000        66.34975
         2.00000        66.34476      1919.32803       153.94391       101.75317        93.85974         4.21343         1.28169       306.01319         1.03992         0.83006         3.15824        12.56524         0.00000        68.57605
         3.00000        96.41489      1939.46850       152.21008       108.85014       100.99658         3.90746         1.27416       311.69787         1.02608         0.86056         3.20102        12.73435         0.00000        70.77366
         4.00000       126.47625      1958.08288       150.77888       114.48308       106.76502         3.66410         1.26767       317.32249         1.00758         0.88701         3.24306        12.88870         0.00000        72.97385
         5.00000       156.54183      1975.57004       149.44080       119.78408       112.20266         3.45555         1.26208       322.86178         0.98978         0.90984         3.28421        13.03175         0.00000        75.16543
         6.00000       186.60540      1991.95050       148.18391       124.86153       117.41458         3.27305         1.25717       328.31772         0.97280         0.92955         3.32451        13.16401         0.00000        77.34773
         7.00000       216.66896      2007.36127       146.99215       129.79619       122.47788         3.11108         1.25283       333.68509         0.95679         0.94651         3.36395        13.28687         0.00000        79.51726
         8.00000       246.00169      2021.91705       145.85376       134.63577       127.43813         2.96604         1.24895       338.96084         0.94178         0.96110         3.40253        13.40150         0.00000        81.67137
         9.00000       275.15035      2035.70423       144.75916       139.41289       132.32641         2.83536         1.24548       344.14413         0.92781         0.97360         3.44027        13.50883         0.00000        83.80835
        10.00000       304.12654      2048.78428       143.69881       144.15678       137.17009         2.71718         1.24236       349.23587         0.91495         0.98428         3.47719        13.60954         0.00000        85.92725
        11.00000       332.88900      2061.19567       142.66017       148.90688       142.00438         2.61037         1.23958       354.23835         0.90341         0.99339         3.51333        13.70412         0.00000        88.02775
        12.00000       361.53749      2072.95245       141.62073       153.73677       146.89282         2.51477         1.23715       359.15512         0.89376         1.00112         3.54873        13.79283         0.00000        90.11017
        13.00000       389.98609      2084.07203       140.52578       158.83166       151.99157         2.43256         1.23518       363.98938         0.88770         1.00764         3.58343        13.87595         0.00000        92.17477
        14.00000       417.29753      2094.63855       139.10803       165.14085       158.10475         2.37759         1.23435       368.74062         0.89360         1.01309         3.61743        13.95425         0.00000        94.22030
        15.00000       443.99125      2157.83838       132.62299       196.78825       185.54220         2.58445         1.25330       370.64799         1.08685         1.01503         3.63105        14.44816         0.00000        95.04600
        16.00000       470.32792      2169.62237       131.95745       200.80641       189.66322         2.51616         1.25108       375.18654         1.07623         1.01913         3.66341        14.53556         0.00000        97.02098
        17.00000       496.56087      2181.12340       131.30832       204.80487       193.76004         2.45162         1.24900       379.64213         1.06601         1.02246         3.69510        14.62047         0.00000        98.97389
        18.00000       522.40358      2192.35560       130.67481       208.78447       197.83381         2.39050         1.24703       384.01796         1.05618         1.02513         3.72615        14.70308         0.00000       100.90524
        19.00000       548.18742      2203.33161       130.05620       212.74603       201.88564         2.33254         1.24518       388.31711         1.04672         1.02722         3.75660        14.78354         0.00000       102.81554
        20.00000       573.57014      2215.15528       129.40040       217.03279       206.27752         2.27146         1.24321       392.49076         1.03624         1.02877         3.78610        14.87063         0.00000       104.68207
        21.00000       598.92253      2268.06593       126.77134       235.23057       225.44325         1.97945         1.23276       394.66062         0.96700         1.02941         3.80142        15.28251         0.00000       105.65610
        22.00000       624.04227      2277.33007       126.23746       239.24161       229.53895         1.93584         1.23140       398.83145         0.95882         1.03032         3.83082        15.34925         0.00000       107.53916
        23.00000       649.12026      2235.28188       115.75872       282.43386       258.77683         2.82795         1.29109       405.23283         1.44621         1.03098         3.87586        15.01051         0.00000       115.78152
        24.00000       673.78483      2246.58889       115.35118       286.30776       262.59350         2.78810         1.28977       409.11820         1.44176         1.03098         3.90314        15.09354         0.00000       117.64993
        25.00000       696.50299      2257.77123       114.95045       290.16542       266.39382         2.74959         1.28849       412.94166         1.43743         1.03071         3.92996        15.17565         0.00000       119.49894
        26.00000       719.22116      2268.82788       114.55635       294.00781       270.17877         2.71237         1.28726       416.70573         1.43319         1.03020         3.95632        15.25684         0.00000       121.32895
        27.00000       741.81150      2279.76135       114.16864       297.83567       273.94913         2.67636         1.28606       420.41262         1.42905         1.02947         3.98226        15.33714         0.00000       123.14053
        28.00000       764.39099      2290.57497       113.78711       301.64961       277.70554         2.64150         1.28491       424.06438         1.42501         1.02856         4.00778        15.41660         0.00000       124.93420
        29.00000       786.82469      2301.27283       113.41157       305.45016       281.44855         2.60773         1.28378       427.66292         1.42106         1.02748         4.03290        15.49525         0.00000       126.71044
        30.00000       809.19806      2311.85818       113.04184       309.23782       285.17868         2.57499         1.28269       431.21006         1.41719         1.02624         4.05764        15.57313         0.00000       128.46971
        31.00000       831.57144      2322.33368       112.67774       313.01312       288.89647         2.54323         1.28164       434.70755         1.41340         1.02487         4.08202        15.65027         0.00000       130.21245
        32.00000       853.94481      2332.70226       112.31910       316.77651       292.60238         2.51241         1.28061       438.15703         1.40969         1.02338         4.10604        15.72668         0.00000       131.93908
        33.00000       876.25551      2342.96741       111.96576       320.52837       296.29681         2.48248         1.27961       441.56003         1.40606         1.02179         4.12971        15.80242         0.00000       133.65003
        34.00000       898.36522      2353.13162       111.61757       324.26911       299.98019         2.45340         1.27864       444.91805         1.40250         1.02010         4.15306        15.87749         0.00000       135.34566
        35.00000       920.47493      2363.19754       111.27439       327.99911       303.65290         2.42513         1.27769       448.23248         1.39900         1.01833         4.17608        15.95192         0.00000       137.02637
        36.00000       942.58464      2373.16818       110.93607       331.71869       307.31527         2.39764         1.27677       451.50464         1.39558         1.01648         4.19880        16.02574         0.00000       138.69251
        37.00000       964.69435      2383.04516       110.60247       335.42824       310.96769         2.37088         1.27588       454.73585         1.39222         1.01457         4.22122        16.09897         0.00000       140.34442
        38.00000       986.62271      2392.83128       110.27347       339.12804       314.61045         2.34484         1.27500       457.92729         1.38893         1.01260         4.24336        16.17161         0.00000       141.98244
        39.00000      1008.47872      2402.52885       109.94894       342.81832       318.24380         2.31948         1.27415       461.08012         1.38569         1.01058         4.26521        16.24370         0.00000       143.60689
        40.00000      1030.33473      2412.14016       109.62878       346.49957       321.86821         2.29476         1.27332       464.19544         1.38252         1.00851         4.28679        16.31526         0.00000       145.21804
        41.00000      1052.19073      2421.66628       109.31284       350.17184       325.48375         2.27067         1.27251       467.27435         1.37940         1.00640         4.30811        16.38628         0.00000       146.81625
        42.00000      1074.01237      2431.11101       109.00105       353.83545       329.09073         2.24719         1.27172       470.31779         1.37633         1.00426         4.32918        16.45680         0.00000       148.40176
        43.00000      1095.62184      2440.47559       108.69329       357.49063       332.68941         2.22427         1.27095       473.32674         1.37332         1.00209         4.35000        16.52683         0.00000       149.97485
        44.00000      1117.23130      2449.76191       108.38945       361.13763       336.28000         2.20192         1.27019       476.30214         1.37036         0.99990         4.37057        16.59639         0.00000       151.53579
        45.00000      1138.84077      2458.97223       108.08945       364.77638       339.86250         2.18009         1.26945       479.24486         1.36745         0.99768         4.39092        16.66548         0.00000       153.08491
        46.00000      1160.45023      2468.10731       107.79318       368.40790       343.43781         2.15878         1.26873       482.15576         1.36458         0.99545         4.41104        16.73412         0.00000       154.62223
        47.00000      1181.93728      2477.16995       107.50056       372.03158       347.00543         2.13796         1.26803       485.03565         1.36177         0.99320         4.43093        16.80232         0.00000       156.14820
        48.00000      1203.30755      2486.16212       107.21151       375.64771       350.56563         2.11761         1.26734       487.88528         1.35900         0.99094         4.45062        16.87011         0.00000       157.66305
        49.00000      1224.67783      2495.08364       106.92592       379.25698       354.11905         2.09773         1.26667       490.70545         1.35627         0.98867         4.47009        16.93747         0.00000       159.16681
        50.00000      1246.04810      2503.93847       106.64375       382.85887       357.66525         2.07828         1.26601       493.49683         1.35359         0.98639         4.48936        17.00443         0.00000       160.65995
        51.00000      1267.41837      2512.72719       106.36488       386.45417       361.20492         2.05926         1.26536       496.26012         1.35094         0.98411         4.50843        17.07101         0.00000       162.14242
        52.00000      1288.59275      2521.45055       106.08926       390.04267       364.73792         2.04066         1.26473       498.99603         1.34834         0.98183         4.52731        17.13720         0.00000       163.61459
        53.00000      1309.72768      2530.10929       105.81680       393.62470       368.26457         2.02245         1.26411       501.70520         1.34578         0.97954         4.54600        17.20301         0.00000       165.07659
        54.00000      1330.86262      2538.70887       105.54747       397.20014       371.78474         2.00463         1.26350       504.38813         1.34326         0.97726         4.56451        17.26848         0.00000       166.52866
        55.00000      1351.99755      2547.24663       105.28115       400.76941       375.29884         1.98718         1.26291       507.04555         1.34077         0.97497         4.58284        17.33359         0.00000       167.97092
        56.00000      1373.10913      2555.72528       105.01781       404.33254       378.80692         1.97009         1.26232       509.67798         1.33832         0.97269         4.60099        17.39835         0.00000       169.40358
        57.00000      1394.01259      2564.14445       104.75736       407.88979       382.30921         1.95334         1.26175       512.28602         1.33590         0.97041         4.61897        17.46277         0.00000       170.82675
        58.00000      1414.91605      2572.50868       104.49976       411.44105       385.80561         1.93694         1.26119       514.87011         1.33352         0.96814         4.63679        17.52687         0.00000       172.24068
        59.00000      1435.81951      2580.81761       104.24495       414.98655       389.29636         1.92085         1.26064       517.43081         1.33117         0.96587         4.65444        17.59065         0.00000       173.64550
        60.00000      1456.72297      2589.07244       103.99287       418.52641       392.78157         1.90509         1.26010       519.96862         1.32886         0.96362         4.67193        17.65413         0.00000       175.04135
        61.00000      1477.55340      2597.27436       103.74346       422.06074       396.26135         1.88963         1.25957       522.48403         1.32658         0.96137         4.68927        17.71730         0.00000       176.42839
        62.00000      1498.22650      2605.42448       103.49666       425.58965       399.73579         1.87447         1.25905       524.97748         1.32433         0.95912         4.70645        17.78017         0.00000       177.80676
        63.00000      1518.89960      2613.52394       103.25244       429.11324       403.20502         1.85960         1.25854       527.44944         1.32211         0.95689         4.72348        17.84275         0.00000       179.17661
        64.00000      1539.57270      2621.57378       103.01073       432.63161       406.66911         1.84500         1.25804       529.90034         1.31991         0.95467         4.74037        17.90506         0.00000       180.53808
        65.00000      1560.24580      2629.57513       102.77149       436.14487       410.12818         1.83068         1.25755       532.33059         1.31775         0.95245         4.75712        17.96709         0.00000       181.89129
        66.00000      1580.80840      2637.52881       102.53466       439.65309       413.58231         1.81662         1.25707       534.74062         1.31562         0.95025         4.77372        18.02885         0.00000       183.23639
        67.00000      1601.25118      2645.43600       102.30022       443.15639       417.03159         1.80282         1.25659       537.13080         1.31351         0.94806         4.79019        18.09034         0.00000       184.57349
        68.00000      1621.69397      2653.29763       102.06810       446.65484       420.47610         1.78927         1.25613       539.50153         1.31143         0.94588         4.80652        18.15158         0.00000       185.90272
        69.00000      1642.13676      2661.11452       101.83826       450.14852       423.91594         1.77595         1.25567       541.85318         1.30938         0.94371         4.82272        18.21257         0.00000       187.22420
        70.00000      1662.57955      2668.88766       101.61067       453.63752       427.35117         1.76288         1.25522       544.18610         1.30735         0.94156         4.83880        18.27332         0.00000       188.53806
        71.00000      1682.88578      2676.61790       101.38529       457.12193       430.78189         1.75003         1.25478       546.50065         1.30535         0.93942         4.85474        18.33382         0.00000       189.84439
        72.00000      1703.09638      2684.30614       101.16206       460.60182       434.20816         1.73740         1.25434       548.79716         1.30338         0.93729         4.87056        18.39409         0.00000       191.14331
        73.00000      1723.30698      2691.95316       100.94096       464.07726       437.63006         1.72499         1.25391       551.07596         1.30142         0.93517         4.88626        18.45413         0.00000       192.43494
        74.00000      1743.51758      2699.55976       100.72195       467.54832       441.04765         1.71279         1.25349       553.33738         1.29950         0.93307         4.90184        18.51394         0.00000       193.71938
        75.00000      1763.72818      2707.12673       100.50499       471.01509       444.46102         1.70079         1.25308       555.58172         1.29759         0.93097         4.91731        18.57354         0.00000       194.99672
        76.00000      1783.78811      2714.65482       100.29004       474.47763       447.87023         1.68900         1.25267       557.80929         1.29571         0.92890         4.93266        18.63292         0.00000       196.26708
        77.00000      1803.76336      2722.14507       100.07706       477.93597       451.27531         1.67739         1.25227       560.02037         1.29385         0.92683         4.94789        18.69209         0.00000       197.53056
        78.00000      1823.73861      2729.59822        99.86604       481.39027       454.67639         1.66598         1.25188       562.21525         1.29201         0.92478         4.96302        18.75106         0.00000       198.78717
        79.00000      1843.71386      2737.01300        99.65694       484.84049       458.07351         1.65475         1.25149       564.39425         1.29019         0.92275         4.97803        18.80981         0.00000       200.03720
        80.00000      1863.68911      2744.39264        99.44972       488.28675       461.46670         1.64370         1.25111       566.55759         1.28840         0.92072         4.99294        18.86837         0.00000       201.28056
        81.00000      1883.51189      2751.73685        99.24435       491.72908       464.85603         1.63283         1.25073       568.70554         1.28662         0.91871         5.00774        18.92673         0.00000       202.51741
        82.00000      1903.24666      2759.04621        99.04080       495.16756       468.24157         1.62213         1.25036       570.83837         1.28487         0.91672         5.02244        18.98491         0.00000       203.74782
        83.00000      1922.98143      2766.32136        98.83903       498.60224       471.62337         1.61159         1.25000       572.95633         1.28313         0.91473         5.03704        19.04289         0.00000       204.97189
        84.00000      1942.71619      2773.56284        98.63904       502.03317       475.00148         1.60122         1.24964       575.05965         1.28141         0.91277         5.05154        19.10069         0.00000       206.18970
        85.00000      1962.45096      2780.77131        98.44077       505.46041       478.37597         1.59100         1.24929       577.14858         1.27972         0.91081         5.06594        19.15832         0.00000       207.40132
        86.00000      1982.04577      2787.94709        98.24422       508.88401       481.74686         1.58095         1.24894       579.22335         1.27804         0.90887         5.08025        19.21576         0.00000       208.60685
        87.00000      2001.53363      2795.42168        98.04803       512.27320       485.07448         1.57135         1.24864       581.27662         1.27650         0.90695         5.09440        19.27562         0.00000       209.80163
        88.00000      2021.02148      2802.52892        97.85488       515.69081       488.43961         1.56158         1.24830       583.32390         1.27485         0.90503         5.10852        19.33267         0.00000       210.99494
        89.00000      2040.50934      2809.60479        97.66336       519.10490       491.80130         1.55195         1.24796       585.35769         1.27323         0.90313         5.12255        19.38956         0.00000       212.18240
        90.00000      2059.99719      2816.65107        97.47343       522.51558       495.15962         1.54247         1.24764       587.37816         1.27162         0.90125         5.13648        19.44628         0.00000       213.36404
        91.00000      2079.37392      2823.66482        97.28511       525.92279       498.51455         1.53312         1.24731       589.38560         1.27003         0.89937         5.15033        19.50282         0.00000       214.54002
        92.00000      2098.60653      2830.64960        97.09833       529.32665       501.86618         1.52391         1.24699       591.38013         1.26845         0.89751         5.16409        19.55921         0.00000       215.71033
        93.00000      2117.83915      2837.60509        96.91308       532.72720       505.21456         1.51483         1.24668       593.36197         1.26689         0.89566         5.17776        19.61543         0.00000       216.87507
        94.00000      2137.07176      2844.53159        96.72935       536.12448       508.55972         1.50588         1.24637       595.33131         1.26535         0.89383         5.19135        19.67150         0.00000       218.03430
        95.00000      2156.30438      2851.42942        96.54710       539.51851       511.90169         1.49706         1.24606       597.28834         1.26382         0.89201         5.20485        19.72741         0.00000       219.18809
        96.00000      2175.47443      2858.29903        96.36632       542.90935       515.24053         1.48835         1.24576       599.23323         1.26231         0.89020         5.21828        19.78316         0.00000       220.33651
        97.00000      2194.44184      2865.14079        96.18698       546.29703       518.57626         1.47977         1.24546       601.16618         1.26082         0.88841         5.23162        19.83876         0.00000       221.47962
        98.00000      2213.40925      2871.95506        96.00907       549.68160       521.90893         1.47131         1.24517       603.08734         1.25934         0.88662         5.24488        19.89421         0.00000       222.61749
        99.00000      2232.37665      2878.74503        95.83255       553.06284       525.23834         1.46296         1.24488       604.99683         1.25787         0.88485         5.25806        19.94954         0.00000       223.75022
       100.00000      2251.34406      2885.50249        95.65745       556.44152       528.56524         1.45472         1.24460       606.89500         1.25642         0.88310         5.27117        20.00467         0.00000       224.87773
       101.00000      2270.31147      2892.23632        95.48369       559.81695       531.88895         1.44660         1.24431       608.78182         1.25498         0.88135         5.28420        20.05968         0.00000       226.00022
       102.00000      2289.01274      2898.94398        95.31129       563.18940       535.20975         1.43858         1.24404       610.65753         1.25356         0.87962         5.29716        20.11455         0.00000       227.11771
       103.00000      2307.70399      2905.62577        95.14021       566.55892       538.52766         1.43067         1.24376       612.52226         1.25215         0.87790         5.31004        20.16928         0.00000       228.23025
       104.00000      2326.39524      2912.28198        94.97044       569.92553       541.84272         1.42286         1.24349       614.37618         1.25075         0.87620         5.32284        20.22386         0.00000       229.33790
       105.00000      2345.08649      2918.91288        94.80196       573.28927       545.15497         1.41516         1.24322       616.21943         1.24937         0.87450         5.33558        20.27831         0.00000       230.44071
       106.00000      2363.77773      2925.51877        94.63476       576.65018       548.46444         1.40755         1.24296       618.05216         1.24800         0.87282         5.34825        20.33262         0.00000       231.53874
       107.00000      2382.29127      2932.09991        94.46881       580.00827       551.77116         1.40004         1.24270       619.87451         1.24664         0.87115         5.36084        20.38679         0.00000       232.63205
       108.00000      2400.69289      2938.65647        94.30411       583.36358       555.07516         1.39263         1.24244       621.68662         1.24529         0.86949         5.37337        20.44083         0.00000       233.72067
       109.00000      2419.09451      2945.19077        94.14062       586.71598       558.37628         1.38531         1.24219       623.48859         1.24396         0.86784         5.38582        20.49474         0.00000       234.80468
       110.00000      2437.49614      2951.69832        93.97836       590.06594       561.67505         1.37808         1.24194       625.28065         1.24264         0.86620         5.39821        20.54851         0.00000       235.88410
       111.00000      2455.89776      2958.18267        93.81728       593.41309       564.97107         1.37095         1.24169       627.06285         1.24133         0.86458         5.41054        20.60215         0.00000       236.95903
       112.00000      2474.24475      2964.64341        93.65738       596.75760       568.26451         1.36390         1.24145       628.83535         1.24004         0.86297         5.42280        20.65565         0.00000       238.02946
       113.00000      2492.34170      2971.08082        93.49864       600.09949       571.55537         1.35693         1.24121       630.59827         1.23875         0.86137         5.43499        20.70903         0.00000       239.09546
       114.00000      2510.43864      2977.49451        93.34105       603.43871       574.84366         1.35005         1.24097       632.35173         1.23748         0.85978         5.44712        20.76227         0.00000       240.15710
       115.00000      2528.53558      2983.88628        93.18459       606.77546       578.12951         1.34326         1.24073       634.09584         1.23622         0.85820         5.45919        20.81540         0.00000       241.21438
       116.00000      2546.63253      2990.25477        93.02925       610.10962       581.41283         1.33655         1.24050       635.83074         1.23497         0.85663         5.47120        20.86839         0.00000       242.26738
       117.00000      2564.72947      2996.60051        92.87501       613.44124       584.69370         1.32991         1.24027       637.55653         1.23373         0.85507         5.48314        20.92125         0.00000       243.31615
       118.00000      2582.61700      3002.92401        92.72187       616.77037       587.97213         1.32336         1.24005       639.27334         1.23250         0.85352         5.49503        20.97399         0.00000       244.36072
       119.00000      2600.39350      3009.22496        92.56980       620.09702       591.24815         1.31688         1.23982       640.98127         1.23129         0.85199         5.50685        21.02661         0.00000       245.40114
       120.00000      2618.17000      3015.50388        92.41880       623.42123       594.52179         1.31048         1.23960       642.68043         1.23008         0.85046         5.51862        21.07910         0.00000       246.43744
       121.00000      2635.94650      3021.76098        92.26884       626.74301       597.79306         1.30415         1.23938       644.37093         1.22888         0.84895         5.53033        21.13147         0.00000       247.46968
       122.00000      2653.72300      3027.99619        92.11992       630.06239       601.06201         1.29789         1.23916       646.05288         1.22769         0.84744         5.54198        21.18371         0.00000       248.49789
       123.00000      2671.49146      3034.20976        91.97203       633.37940       604.32865         1.29171         1.23895       647.72638         1.22652         0.84595         5.55358        21.23583         0.00000       249.52211
       124.00000      2688.98186      3040.40183        91.82515       636.69405       607.59301         1.28560         1.23874       649.39153         1.22535         0.84447         5.56511        21.28783         0.00000       250.54240
       125.00000      2706.47225      3046.57566        91.67927       640.00620       610.85492         1.27955         1.23853       651.04837         1.22419         0.84299         5.57660        21.33973         0.00000       251.55879
       126.00000      2723.96264      3052.72205        91.53438       643.31638       614.11495         1.27357         1.23832       652.69718         1.22305         0.84153         5.58803        21.39147         0.00000       252.57128
       127.00000      2741.44849      3058.85032        91.39047       646.62409       617.37258         1.26766         1.23812       654.33787         1.22191         0.84007         5.59940        21.44310         0.00000       253.57996
       128.00000      2758.76354      3064.95772        91.24752       649.92955       620.62801         1.26182         1.23792       655.97061         1.22078         0.83863         5.61072        21.49462         0.00000       254.58485
       129.00000      2776.00929      3082.37285        90.94278       650.97409       621.92640         1.25225         1.23728       657.38931         1.21003         0.83738         5.62056        21.63549         0.00000       255.46012
       130.00000      2793.08810      3115.87521        90.40659       648.79422       620.43825         1.23713         1.23599       658.50897         1.18563         0.83639         5.62833        21.90349         0.00000       256.15258
       131.00000      2810.16691      3157.73811        89.75076       645.00107       617.55271         1.21907         1.23433       659.47109         1.15462         0.83554         5.63500        22.23764         0.00000       256.74785
       132.00000      2827.24572      3177.24081        89.41541       645.59468       618.47007         1.20856         1.23356       660.83450         1.14215         0.83434         5.64446        22.39528         0.00000       257.58883
       133.00000      2844.32452      3183.11898        89.27540       648.82685       621.67634         1.20274         1.23334       662.43821         1.14075         0.83294         5.65559        22.44535         0.00000       258.57820
       134.00000      2861.40333      3188.97461        89.13631       652.05665       624.88016         1.19697         1.23312       664.03442         1.13936         0.83154         5.66666        22.49529         0.00000       259.56401
       135.00000      2878.36916      3194.80880        88.99812       655.28412       628.08158         1.19128         1.23291       665.62321         1.13798         0.83015         5.67769        22.54509         0.00000       260.54628
       136.00000      2895.19009      3200.62174        88.86083       658.50928       631.28062         1.18565         1.23269       667.20465         1.13662         0.82877         5.68867        22.59478         0.00000       261.52505
       137.00000      2912.01101      3206.41360        88.72442       661.73215       634.47730         1.18008         1.23248       668.77884         1.13527         0.82740         5.69960        22.64433         0.00000       262.50034
       138.00000      2928.83193      3212.18457        88.58888       664.95275       637.67163         1.17457         1.23228       670.34584         1.13393         0.82603         5.71048        22.69377         0.00000       263.47220
       139.00000      2945.65286      3217.93481        88.45420       668.17110       640.86366         1.16913         1.23207       671.90573         1.13260         0.82468         5.72132        22.74308         0.00000       264.44065
       140.00000      2962.47378      3223.66449        88.32038       671.38721       644.05338         1.16375         1.23187       673.45860         1.13128         0.82334         5.73210        22.79227         0.00000       265.40572
         0.00000        -0.00000      1912.51533       157.57130        86.75775        78.27424         5.18760         1.31101       291.56292         1.09241         0.73200         3.04799        12.46570         0.00000        63.11049
         1.00000        36.28228      1935.68987       155.79259        94.35198        86.06648         4.66076         1.29658       297.44686         1.06707         0.77587         3.09315        12.66850         0.00000        65.31484
         2.00000        66.34476      1956.86666       154.19234       100.80440        92.70537         4.27675         1.28600       303.30293         1.04389         0.81405         3.13772        12.85159         0.00000        67.53766
         3.00000        96.41489      1977.53531       152.45013       107.94486        99.89051         3.95978         1.27800       309.02278         1.02970         0.84670         3.18091        13.02682         0.00000        69.73623
         4.00000       126.47625      1996.69155       151.00630       113.61213       105.69793         3.70925         1.27116       314.68210         1.01098         0.87502         3.22335        13.18710         0.00000        71.93783
         5.00000       156.54183      2014.73831       149.65344       118.93447       111.16275         3.49500         1.26528       320.25463         0.99287         0.89947         3.26486        13.33595         0.00000        74.13089
         6.00000       186.60540      2031.63279       148.38343       124.03024       116.39900         3.30775         1.26013       325.74636         0.97559         0.92058         3.30554        13.47343         0.00000        76.31632
         7.00000       216.66896      2047.51010       147.18015       128.98298       121.48598         3.14180         1.25558       331.15168         0.95930         0.93879         3.34535        13.60094         0.00000        78.49046
         8.00000       246.00169      2062.49072       146.03155       133.84104       126.46969         2.99340         1.25152       336.46673         0.94407         0.95445         3.38431        13.71973         0.00000        80.65037
         9.00000       275.15035      2076.66714       144.92766       138.63681       131.38100         2.85987         1.24789       341.69003         0.92991         0.96789         3.42241        13.83078         0.00000        82.79404
        10.00000       304.12654      2090.10763       143.85868       143.39994       136.24758         2.73927         1.24464       346.82186         0.91689         0.97941         3.45970        13.93486         0.00000        84.92026
        11.00000       332.88900      2102.85361       142.81179       148.17021       141.10499         2.63039         1.24174       351.86424         0.90522         0.98923         3.49619        14.03249         0.00000        87.02858
        12.00000       361.53749      2114.92954       141.76441       153.02153       146.01671         2.53304         1.23921       356.82011         0.89548         0.99759         3.53193        14.12405         0.00000        89.11902
        13.00000       389.98609      2126.37028       140.66182       158.13978       151.13858         2.44942         1.23716       361.69170         0.88940         1.00466         3.56695        14.20995         0.00000        91.19139
        14.00000       417.29753      2137.37782       139.24870       164.43344       157.22862         2.39421         1.23633       366.47221         0.89546         1.01060         3.60120        14.29190         0.00000        93.24171
        15.00000       443.99125      2197.05672       133.19930       193.39331       182.31961         2.58163         1.25416       368.57301         1.07084         1.01291         3.61622        14.75812         0.00000        94.14790
        16.00000       470.32792      2213.34086       132.10346       199.94668       188.53787         2.53478         1.25359       372.92152         1.07858         1.01717         3.64726        14.88119         0.00000        96.03353
        17.00000       496.56087      2225.14806       131.45086       203.95075       192.64350         2.46922         1.25142       377.40923         1.06828         1.02087         3.67922        14.96859         0.00000        97.99347
        18.00000       522.40358      2236.67772       130.81405       207.93566       196.72560         2.40718         1.24938       381.81613         1.05836         1.02386         3.71053        15.05358         0.00000        99.93177
        19.00000       548.18742      2247.94296       130.19230       211.90223       200.78532         2.34837         1.24746       386.14532         1.04882         1.02623         3.74122        15.13632         0.00000       101.84894
        20.00000       573.57014      2258.95591       129.58493       215.85123       204.82368         2.29254         1.24564       390.39975         1.03962         1.02805         3.77132        15.21697         0.00000       103.74547
        21.00000       598.92253      2306.04605       126.95781       233.28927       223.23123         2.00872         1.23522       392.85794         0.97268         1.02889         3.78869        15.58286         0.00000       105.05577
        22.00000       624.04227      2315.88473       126.34306       237.74283       227.80561         1.95710         1.23352       397.03663         0.96243         1.02998         3.81817        15.65410         0.00000       106.98141
        23.00000       649.12026      2278.78918       115.90126       281.62368       257.47673         2.84273         1.29435       403.27718         1.44772         1.03087         3.86211        15.35431         0.00000       114.84993
        24.00000       673.78483      2290.37065       115.49205       285.49931       261.29395         2.80243         1.29299       407.18424         1.44325         1.03101         3.88957        15.43943         0.00000       116.72381
        25.00000       696.50299      2301.81816       115.08972       289.35882       265.09491         2.76351         1.29167       411.02886         1.43889         1.03088         3.91655        15.52354         0.00000       118.57803
        26.00000       719.22116      2313.13533       114.69405       293.20296       268.88041         2.72590         1.29040       414.81338         1.43463         1.03048         3.94307        15.60669         0.00000       120.41315
        27.00000       741.81150      2324.32608       114.30482       297.03237       272.65112         2.68952         1.28916       418.54000         1.43047         1.02987         3.96916        15.68892         0.00000       122.22972
        28.00000       764.39099      2335.39416       113.92181       300.84770       276.40769         2.65430         1.28797       422.21080         1.42640         1.02905         3.99483        15.77029         0.00000       124.02823
        29.00000       786.82469      2346.34335       113.54484       304.64947       280.15070         2.62019         1.28681       425.82773         1.42242         1.02805         4.02009        15.85081         0.00000       125.80918
        30.00000       809.19806      2357.17702       113.17371       308.43823       283.88070         2.58713         1.28569       429.39266         1.41853         1.02689         4.04497        15.93054         0.00000       127.57302
        31.00000       831.57144      2367.89797       112.80826       312.21447       287.59819         2.55506         1.28460       432.90735         1.41472         1.02560         4.06947        16.00950         0.00000       129.32023
        32.00000       853.94481      2378.50973       112.44830       315.97865       291.30366         2.52395         1.28354       436.37346         1.41100         1.02417         4.09362        16.08773         0.00000       131.05122
        33.00000       876.25551      2389.01513       112.09368       319.73121       294.99756         2.49374         1.28251       439.79259         1.40734         1.02263         4.11741        16.16525         0.00000       132.76640
        34.00000       898.36522      2399.41701       111.74424       323.47255       298.68029         2.46439         1.28151       443.16622         1.40376         1.02100         4.14088        16.24208         0.00000       134.46616
        35.00000       920.47493      2409.71810       111.39984       327.20305       302.35225         2.43587         1.28053       446.49579         1.40026         1.01927         4.16402        16.31826         0.00000       136.15089
        36.00000       942.58464      2419.92154       111.06034       330.92303       306.01378         2.40813         1.27959       449.78264         1.39682         1.01746         4.18685        16.39381         0.00000       137.82095
        37.00000       964.69435      2430.02890       110.72558       334.63289       309.66527         2.38114         1.27866       453.02810         1.39344         1.01559         4.20937        16.46874         0.00000       139.47669
        38.00000       986.62271      2440.04253       110.39545       338.33296       313.30706         2.35487         1.27776       456.23341         1.39013         1.01365         4.23161        16.54308         0.00000       141.11844
        39.00000      1008.47872      2449.96585       110.06983       342.02347       316.93939         2.32929         1.27688       459.39969         1.38688         1.01166         4.25356        16.61685         0.00000       142.74652
        40.00000      1030.33473      2459.80059       109.74859       345.70474       320.56258         2.30437         1.27603       462.52809         1.38369         1.00962         4.27524        16.69007         0.00000       144.36126
        41.00000      1052.19073      2469.54897       109.43163       349.37703       324.17690         2.28008         1.27520       465.61968         1.38055         1.00754         4.29665        16.76275         0.00000       145.96293
        42.00000      1074.01237      2479.21308       109.11882       353.04060       327.78260         2.25640         1.27438       468.67548         1.37747         1.00542         4.31781        16.83491         0.00000       147.55183
        43.00000      1095.62184      2488.79496       108.81006       356.69569       331.37994         2.23330         1.27359       471.69648         1.37445         1.00328         4.33872        16.90656         0.00000       149.12824
        44.00000      1117.23130      2498.29664       108.50526       360.34254       334.96916         2.21076         1.27281       474.68360         1.37147         1.00110         4.35938        16.97773         0.00000       150.69242
        45.00000      1138.84077      2507.71997       108.20431       363.98137       338.55046         2.18876         1.27205       477.63774         1.36855         0.99890         4.37981        17.04842         0.00000       152.24463
        46.00000      1160.45023      2517.06682       107.90712       367.61238       342.12406         2.16728         1.27131       480.55977         1.36568         0.99668         4.40001        17.11864         0.00000       153.78512
        47.00000      1181.93728      2526.33899       107.61359       371.23577       345.69016         2.14630         1.27058       483.45051         1.36285         0.99444         4.41998        17.18842         0.00000       155.31413
        48.00000      1203.30755      2535.53823       107.32366       374.85174       349.24896         2.12580         1.26988       486.31074         1.36006         0.99219         4.43974        17.25776         0.00000       156.83188
        49.00000      1224.67783      2544.66621       107.03721       378.46047       352.80063         2.10576         1.26918       489.14123         1.35733         0.98993         4.45929        17.32668         0.00000       158.33860
        50.00000      1246.04810      2553.72457       106.75419       382.06213       356.34535         2.08617         1.26850       491.94271         1.35463         0.98767         4.47863        17.39519         0.00000       159.83451
        51.00000      1267.41837      2562.71494       106.47450       385.65689       359.88328         2.06702         1.26784       494.71587         1.35198         0.98539         4.49778        17.46329         0.00000       161.31981
        52.00000      1288.59275      2571.63876       106.19808       389.24491       363.41460         2.04827         1.26719       497.46140         1.34936         0.98311         4.51672        17.53100         0.00000       162.79471
        53.00000      1309.72768      2580.49761       105.92484       392.82634       366.93944         2.02993         1.26655       500.17994         1.34679         0.98083         4.53548        17.59833         0.00000       164.25939
        54.00000      1330.86262      2589.29292       105.65473       396.40134       370.45795         2.01198         1.26593       502.87211         1.34426         0.97855         4.55405        17.66529         0.00000       165.71406
        55.00000      1351.99755      2598.02621       105.38766       399.97002       373.97026         1.99441         1.26531       505.53851         1.34176         0.97627         4.57244        17.73188         0.00000       167.15889
        56.00000      1373.10913      2606.69853       105.12358       403.53258       377.47656         1.97719         1.26472       508.17974         1.33930         0.97399         4.59066        17.79813         0.00000       168.59405
        57.00000      1394.01259      2615.31155       104.86243       407.08909       380.97692         1.96033         1.26413       510.79635         1.33688         0.97172         4.60870        17.86402         0.00000       170.01972
        58.00000      1414.91605      2623.86642       104.60413       410.63969       384.47148         1.94381         1.26355       513.38887         1.33449         0.96944         4.62658        17.92959         0.00000       171.43607
        59.00000      1435.81951      2632.36442       104.34863       414.18451       387.96036         1.92762         1.26299       515.95782         1.33213         0.96718         4.64428        17.99482         0.00000       172.84326
        60.00000      1456.72297      2640.80681       104.09588       417.72368       391.44369         1.91175         1.26243       518.50372         1.32981         0.96492         4.66183        18.05974         0.00000       174.24144
        61.00000      1477.55340      2649.19468       103.84581       421.25728       394.92156         1.89619         1.26189       521.02705         1.32752         0.96267         4.67922        18.12434         0.00000       175.63077
        62.00000      1498.22650      2657.52930       103.59837       424.78544       398.39408         1.88092         1.26135       523.52827         1.32526         0.96043         4.69646        18.18864         0.00000       177.01140
        63.00000      1518.89960      2665.81169       103.35352       428.30827       401.86138         1.86595         1.26083       526.00785         1.32303         0.95819         4.71355        18.25264         0.00000       178.38346
        64.00000      1539.57270      2674.04302       103.11119       431.82585       405.32353         1.85126         1.26032       528.46621         1.32083         0.95597         4.73049        18.31635         0.00000       179.74709
        65.00000      1560.24580      2682.22432       102.87135       435.33830       408.78063         1.83685         1.25981       530.90380         1.31866         0.95375         4.74728        18.37978         0.00000       181.10244
        66.00000      1580.80840      2690.35663       102.63393       438.84571       412.23278         1.82270         1.25931       533.32101         1.31652         0.95155         4.76394        18.44293         0.00000       182.44964
        67.00000      1601.25118      2698.44094       102.39891       442.34816       415.68007         1.80880         1.25883       535.71826         1.31440         0.94936         4.78046        18.50581         0.00000       183.78880
        68.00000      1621.69397      2706.47825       102.16622       445.84576       419.12259         1.79516         1.25835       538.09592         1.31232         0.94717         4.79684        18.56842         0.00000       185.12006
        69.00000      1642.13676      2714.46945       101.93583       449.33857       422.56042         1.78177         1.25788       540.45437         1.31026         0.94500         4.81309        18.63078         0.00000       186.44354
        70.00000      1662.57955      2722.41550       101.70769       452.82668       425.99363         1.76861         1.25741       542.79398         1.30822         0.94285         4.82920        18.69288         0.00000       187.75936
        71.00000      1682.88578      2730.31730       101.48177       456.31019       429.42232         1.75568         1.25696       545.11509         1.30621         0.94070         4.84520        18.75473         0.00000       189.06763
        72.00000      1703.09638      2738.17586       101.25802       459.78917       432.84656         1.74297         1.25651       547.41806         1.30423         0.93857         4.86106        18.81634         0.00000       190.36845
        73.00000      1723.30698      2745.99153       101.03641       463.26367       436.26641         1.73048         1.25607       549.70321         1.30227         0.93645         4.87681        18.87771         0.00000       191.66196
        74.00000      1743.51758      2753.76567       100.81690       466.73380       439.68196         1.71821         1.25564       551.97087         1.30034         0.93434         4.89243        18.93885         0.00000       192.94825
        75.00000      1763.72818      2761.49878       100.59944       470.19961       443.09326         1.70614         1.25522       554.22136         1.29842         0.93224         4.90793        18.99976         0.00000       194.22742
        76.00000      1783.78811      2769.19174       100.38401       473.66118       446.50041         1.69427         1.25480       556.45496         1.29654         0.93016         4.92332        19.06045         0.00000       195.49957
        77.00000      1803.76336      2776.84526       100.17056       477.11857       449.90344         1.68260         1.25439       558.67199         1.29467         0.92809         4.93860        19.12092         0.00000       196.76481
        78.00000      1823.73861      2784.46010        99.95908       480.57185       453.30244         1.67112         1.25398       560.87274         1.29282         0.92604         4.95376        19.18118         0.00000       198.02323
        79.00000      1843.71386      2792.03692        99.74951       484.02108       456.69746         1.65982         1.25358       563.05747         1.29100         0.92400         4.96882        19.24122         0.00000       199.27493
        80.00000      1863.68911      2799.57632        99.54184       487.46632       460.08856         1.64871         1.25319       565.22648         1.28920         0.92197         4.98377        19.30106         0.00000       200.52000
        81.00000      1883.51189      2807.07912        99.33602       490.90764       463.47581         1.63777         1.25281       567.38001         1.28742         0.91995         4.99861        19.36070         0.00000       201.75852
        82.00000      1903.24666      2814.54593        99.13203       494.34509       466.85925         1.62701         1.25243       569.51834         1.28566         0.91795         5.01335        19.42014         0.00000       202.99059
        83.00000      1922.98143      2821.97719        98.92985       497.77873       470.23895         1.61641         1.25205       571.64171         1.28392         0.91596         5.02798        19.47938         0.00000       204.21630
        84.00000      1942.71619      2829.37376        98.72943       501.20862       473.61497         1.60598         1.25168       573.75036         1.28219         0.91399         5.04252        19.53843         0.00000       205.43572
        85.00000      1962.45096      2836.73595        98.53075       504.63480       476.98734         1.59571         1.25132       575.84455         1.28049         0.91203         5.05695        19.59730         0.00000       206.64895
        86.00000      1982.04577      2844.06529        98.33378       508.05736       480.35614         1.58559         1.25096       577.92448         1.27881         0.91008         5.07129        19.65598         0.00000       207.85603
        87.00000      2001.53363      2851.35976        98.13852       511.47626       483.72138         1.57563         1.25061       579.99044         1.27714         0.90815         5.08554        19.71447         0.00000       209.05712
        88.00000      2021.02148      2858.62258        97.94490       514.89166       487.08316         1.56581         1.25026       582.04259         1.27549         0.90623         5.09969        19.77279         0.00000       210.25222
        89.00000      2040.50934      2865.85321        97.75292       518.30356       490.44149         1.55614         1.24992       584.08117         1.27386         0.90433         5.11374        19.83093         0.00000       211.44144
        90.00000      2059.99719      2873.35553        97.56138       521.68393       493.76020         1.54689         1.24962       586.09952         1.27236         0.90244         5.12766        19.89128         0.00000       212.62054
        91.00000      2079.37392      2880.51800        97.37267       525.09004       497.11299         1.53749         1.24929       588.11175         1.27076         0.90056         5.14154        19.94903         0.00000       213.79798
        92.00000      2098.60653      2887.64956        97.18552       528.49278       500.46247         1.52823         1.24896       590.11103         1.26918         0.89870         5.15533        20.00662         0.00000       214.96976
        93.00000      2117.83915      2894.75065        96.99990       531.89219       503.80870         1.51910         1.24864       592.09755         1.26762         0.89684         5.16904        20.06404         0.00000       216.13596
        94.00000      2137.07176      2901.82175        96.81580       535.28833       507.15170         1.51010         1.24832       594.07152         1.26607         0.89500         5.18266        20.12129         0.00000       217.29663
        95.00000      2156.30438      2908.86315        96.63320       538.68122       510.49152         1.50123         1.24800       596.03311         1.26454         0.89318         5.19619        20.17838         0.00000       218.45184
        96.00000      2175.47443      2915.87540        96.45206       542.07091       513.82821         1.49248         1.24769       597.98250         1.26302         0.89136         5.20965        20.23531         0.00000       219.60167
        97.00000      2194.44184      2922.85884        96.27238       545.45744       517.16179         1.48385         1.24739       599.91989         1.26152         0.88956         5.22302        20.29209         0.00000       220.74618
        98.00000      2213.40925      2929.81380        96.09413       548.84084       520.49231         1.47534         1.24709       601.84544         1.26004         0.88778         5.23631        20.34870         0.00000       221.88542
        99.00000      2232.37665      2936.74067        95.91728       552.22116       523.81981         1.46695         1.24679       603.75932         1.25856         0.88600         5.24952        20.40516         0.00000       223.01947
       100.00000      2251.34406      2943.64207        95.74182       555.59812       527.14400         1.45867         1.24650       605.66165         1.25711         0.88424         5.26266        20.46149         0.00000       224.14842
       101.00000      2270.31147      2950.51165        95.56774       558.97270       530.46588         1.45051         1.24621       607.55274         1.25567         0.88249         5.27571        20.51763         0.00000       225.27222
       102.00000      2289.01274      2957.35641        95.39500       562.34398       533.78452         1.44245         1.24592       609.43261         1.25424         0.88075         5.28870        20.57364         0.00000       226.39103
       103.00000      2307.70399      2964.17443        95.22360       565.71233       537.10029         1.43450         1.24564       611.30146         1.25282         0.87903         5.30160        20.62951         0.00000       227.50488
       104.00000      2326.39524      2970.96603        95.05351       569.07777       540.41321         1.42665         1.24536       613.15944         1.25142         0.87732         5.31444        20.68523         0.00000       228.61383
       105.00000      2345.08649      2977.73150        94.88472       572.44033       543.72332         1.41890         1.24509       615.00670         1.25004         0.87562         5.32720        20.74080         0.00000       229.71794
       106.00000      2363.77773      2984.47114        94.71720       575.80006       547.03064         1.41126         1.24482       616.84340         1.24866         0.87393         5.33989        20.79623         0.00000       230.81724
       107.00000      2382.29127      2991.18521        94.55095       579.15697       550.33522         1.40371         1.24455       618.66966         1.24730         0.87225         5.35251        20.85152         0.00000       231.91181
       108.00000      2400.69289      2997.87546        94.38593       582.51099       553.63697         1.39626         1.24429       620.48561         1.24595         0.87059         5.36506        20.90668         0.00000       233.00171
       109.00000      2419.09451      3004.53925        94.22215       585.86239       556.93616         1.38891         1.24403       622.29144         1.24462         0.86893         5.37755        20.96170         0.00000       234.08695
       110.00000      2437.49614      3011.17799        94.05958       589.21107       560.23268         1.38164         1.24377       624.08726         1.24329         0.86729         5.38996        21.01657         0.00000       235.16761
       111.00000      2455.89776      3017.79232        93.89820       592.55705       563.52659         1.37447         1.24351       625.87320         1.24198         0.86566         5.40231        21.07131         0.00000       236.24374
       112.00000      2474.24475      3024.38240        93.73801       595.90038       566.81790         1.36739         1.24326       627.64938         1.24068         0.86405         5.41460        21.12591         0.00000       237.31538
       113.00000      2492.34170      3030.94828        93.57898       599.24108       570.10664         1.36039         1.24302       629.41594         1.23939         0.86244         5.42681        21.18038         0.00000       238.38258
       114.00000      2510.43864      3037.49034        93.42110       602.57917       573.39284         1.35348         1.24277       631.17300         1.23812         0.86084         5.43897        21.23472         0.00000       239.44539
       115.00000      2528.53558      3044.01076        93.26434       605.91474       576.67655         1.34665         1.24253       632.92064         1.23685         0.85926         5.45106        21.28893         0.00000       240.50384
       116.00000      2546.63253      3050.50368        93.10873       609.24765       579.95774         1.33990         1.24229       634.65909         1.23560         0.85769         5.46309        21.34299         0.00000       241.55804
       117.00000      2564.72947      3056.97540        92.95421       612.57809       583.23649         1.33324         1.24205       636.38836         1.23436         0.85612         5.47506        21.39693         0.00000       242.60796
       118.00000      2582.61700      3063.42404        92.80078       615.90604       586.51280         1.32665         1.24182       638.10861         1.23312         0.85457         5.48697        21.45075         0.00000       243.65368
       119.00000      2600.39350      3069.84979        92.64843       619.23151       589.78671         1.32014         1.24159       639.81993         1.23190         0.85303         5.49881        21.50443         0.00000       244.69523
       120.00000      2618.17000      3076.25285        92.49715       622.55453       593.05825         1.31371         1.24136       641.52245         1.23069         0.85150         5.51060        21.55799         0.00000       245.73267
       121.00000      2635.94650      3082.63337        92.34692       625.87513       596.32742         1.30735         1.24114       643.21628         1.22949         0.84998         5.52233        21.61142         0.00000       246.76602
       122.00000      2653.72300      3088.99153        92.19773       629.19333       599.59427         1.30107         1.24091       644.90151         1.22830         0.84847         5.53401        21.66472         0.00000       247.79535
       123.00000      2671.49146      3095.32749        92.04957       632.50915       602.85880         1.29485         1.24069       646.57825         1.22712         0.84697         5.54562        21.71790         0.00000       248.82067
       124.00000      2688.98186      3101.64141        91.90242       635.82262       606.12106         1.28871         1.24048       648.24661         1.22595         0.84549         5.55718        21.77095         0.00000       249.84205
       125.00000      2706.47225      3107.93356        91.75628       639.13376       609.38105         1.28264         1.24026       649.90668         1.22479         0.84401         5.56868        21.82388         0.00000       250.85951
       126.00000      2723.96264      3114.20405        91.61112       642.44260       612.63881         1.27663         1.24005       651.55857         1.22364         0.84254         5.58013        21.87669         0.00000       251.87308
       127.00000      2741.44849      3120.45436        91.46693       645.74919       615.89438         1.27070         1.23984       653.20234         1.22250         0.84108         5.59153        21.92938         0.00000       252.88280
       128.00000      2758.76354      3126.67974        91.32373       649.05341       619.14770         1.26483         1.23963       654.83817         1.22137         0.83963         5.60287        21.98193         0.00000       253.88878
       129.00000      2776.00929      3132.88565        91.18148       652.35544       622.39888         1.25902         1.23942       656.46608         1.22024         0.83819         5.61416        22.03437         0.00000       254.89097
       130.00000      2793.08810      3153.72824        90.83380       652.77484       623.16118         1.24848         1.23866       657.81828         1.20694         0.83700         5.62354        22.20244         0.00000       255.72531
       131.00000      2810.16691      3189.19457        90.28025       650.31316       621.43997         1.23300         1.23729       658.89715         1.18154         0.83605         5.63102        22.48609         0.00000       256.39205
       132.00000      2827.24572      3232.82557        89.61297       646.31573       618.39060         1.21473         1.23557       659.82139         1.14993         0.83523         5.63743        22.83433         0.00000       256.96323
       133.00000      2844.32452      3247.69696        89.34876       647.85414       620.13019         1.20594         1.23498       661.26580         1.14149         0.83396         5.64745        22.95553         0.00000       257.85395
       134.00000      2861.40333      3253.67169        89.20940       651.08340       623.33312         1.20014         1.23476       662.86515         1.14009         0.83256         5.65855        23.00651         0.00000       258.84091
       135.00000      2878.36916      3259.62439        89.07094       654.31033       626.53364         1.19442         1.23454       664.45703         1.13871         0.83117         5.66960        23.05736         0.00000       259.82432
       136.00000      2895.19009      3265.55527        88.93338       657.53496       629.73178         1.18875         1.23432       666.04155         1.13734         0.82978         5.68059        23.10808         0.00000       260.80422
       137.00000      2912.01101      3271.46452        88.79671       660.75729       632.92755         1.18315         1.23410       667.61877         1.13598         0.82841         5.69154        23.15868         0.00000       261.78064
       138.00000      2928.83193      3277.35231        88.66091       663.97734       636.12097         1.17762         1.23389       669.18879         1.13464         0.82704         5.70245        23.20914         0.00000       262.75361
       139.00000      2945.65286      3283.21883        88.52597       667.19515       639.31208         1.17215         1.23368       670.75166         1.13330         0.82568         5.71330        23.25948         0.00000       263.72316
       140.00000      2962.47378      3289.06427        88.39189       670.41072       642.50088         1.16673         1.23347       672.30748         1.13198         0.82433         5.72411        23.30969         0.00000       264.68932
         0.00000        -0.00000      1949.13021       157.88314        85.35076        76.64338         5.31246         1.31765       288.72387         1.09718         0.70864         3.02603        12.73762         0.00000        62.05741
         1.00000        36.28228      1973.14556       156.07037        93.23314        84.73019         4.74682         1.30186       294.61747         1.07144         0.75551         3.07147        12.94998         0.00000        64.25118
         2.00000        66.34476      1995.01761       154.44859        99.83785        91.52581         4.34342         1.29052       300.49765         1.04806         0.79640         3.11641        13.14115         0.00000        66.46927
         3.00000        96.41489      2016.23246       152.69709       107.03108        98.76841         4.01453         1.28200       306.25282         1.03354         0.83143         3.16003        13.32293         0.00000        68.66817
         4.00000       126.47625      2035.94190       151.24104       112.73322       104.61529         3.75650         1.27480       311.94771         1.01462         0.86181         3.20287        13.48946         0.00000        70.87085
         5.00000       156.54183      2054.57656       149.87292       118.07081       110.10199         3.53631         1.26862       317.55333         0.99615         0.88802         3.24476        13.64453         0.00000        73.06470
         6.00000       186.60540      2072.01134       148.58915       123.18117       115.35960         3.34407         1.26320       323.08114         0.97853         0.91068         3.28582        13.78762         0.00000        75.25272
         7.00000       216.66896      2088.37728       147.37380       128.15007       120.46904         3.17388         1.25842       328.52520         0.96193         0.93024         3.32602        13.92010         0.00000        77.43119
         8.00000       246.00169      2103.79982       146.21444       133.02624       125.47635         3.02191         1.25416       333.88085         0.94644         0.94709         3.36537        14.04330         0.00000        79.59681
         9.00000       275.15035      2118.37993       145.10086       137.84089       130.41131         2.88534         1.25037       339.14567         0.93207         0.96157         3.40386        14.15830         0.00000        81.74723
        10.00000       304.12654      2132.19064       144.02288       142.62378       135.30171         2.76216         1.24697       344.31944         0.91887         0.97399         3.44153        14.26591         0.00000        83.88099
        11.00000       332.88900      2145.28172       142.96742       147.41509       140.18333         2.65109         1.24395       349.40353         0.90707         0.98461         3.47839        14.36677         0.00000        85.99736
        12.00000       361.53749      2157.68608       141.91161       152.28950       145.12003         2.55190         1.24131       354.40033         0.89724         0.99366         3.51449        14.46130         0.00000        88.09608
        13.00000       389.98609      2169.45429       140.80201       157.42909       150.26364         2.46672         1.23918       359.31117         0.89108         1.00134         3.54984        14.55008         0.00000        90.17658
        14.00000       417.29753      2180.91830       139.39372       163.70788       156.33036         2.41134         1.23834       364.12209         0.89736         1.00780         3.58437        14.63586         0.00000        92.23175
        15.00000       443.99125      2224.07209       135.09045       183.12784       173.41002         2.51045         1.24961       367.12524         1.00368         1.01134         3.60587        14.97162         0.00000        93.52309
        16.00000       470.32792      2257.85040       132.25338       199.06688       187.38559         2.55405         1.25616       370.57654         1.08101         1.01496         3.63053        15.23308         0.00000        95.01502
        17.00000       496.56087      2269.97373       131.59720       203.07680       191.50039         2.48743         1.25391       375.09783         1.07061         1.01905         3.66277        15.32308         0.00000        96.98224
        18.00000       522.40358      2281.81041       130.95698       207.06724       195.59119         2.42442         1.25179       379.53719         1.06061         1.02239         3.69434        15.41055         0.00000        98.92774
        19.00000       548.18742      2293.37404       130.33198       211.03905       199.65913         2.36472         1.24979       383.89777         1.05098         1.02507         3.72529        15.49567         0.00000       100.85201
        20.00000       573.57014      2304.22840       129.71237       215.00629       203.72273         2.30776         1.24788       388.20451         1.04157         1.02717         3.75579        15.57504         0.00000       102.78429
        21.00000       598.92253      2331.48261       127.71983       227.30935       216.70497         2.10722         1.24037       391.63730         0.99603         1.02849         3.78006        15.78406         0.00000       104.74346
        22.00000       624.04227      2351.24093       126.44750       235.94965       225.76995         1.98325         1.23582       395.36989         0.96693         1.02959         3.80641        15.93372         0.00000       106.60471
        23.00000       649.12026      2323.04378       116.04718       280.79660       256.15038         2.85790         1.29768       401.25899         1.44927         1.03067         3.84791        15.70414         0.00000       113.89119
        24.00000       673.78483      2334.89956       115.63626       284.67455       259.96871         2.81715         1.29627       405.18899         1.44477         1.03098         3.87555        15.79134         0.00000       115.77067
        25.00000       696.50299      2346.61785       115.23228       288.53613       263.77053         2.77780         1.29491       409.05570         1.44039         1.03098         3.90270        15.87750         0.00000       117.63034
        26.00000       719.22116      2358.20231       114.83500       292.38211       267.55665         2.73978         1.29360       412.86152         1.43610         1.03072         3.92939        15.96267         0.00000       119.47076
        27.00000       741.81150      2369.65715       114.44420       296.21318       271.32778         2.70301         1.29232       416.60869         1.43192         1.03021         3.95564        16.04688         0.00000       121.29248
        28.00000       764.39099      2380.98599       114.05968       300.02998       275.08458         2.66743         1.29109       420.29932         1.42783         1.02950         3.98146        16.13020         0.00000       123.09600
        29.00000       786.82469      2392.19278       113.68124       303.83305       278.82764         2.63297         1.28990       423.93541         1.42383         1.02860         4.00687        16.21265         0.00000       124.88183
        30.00000       809.19806      2403.28109       113.30868       307.62297       282.55754         2.59957         1.28874       427.51885         1.41991         1.02752         4.03189        16.29427         0.00000       126.65042
        31.00000       831.57144      2414.25385       112.94184       311.40021       286.27478         2.56719         1.28761       431.05145         1.41608         1.02630         4.05653        16.37511         0.00000       128.40226
        32.00000       853.94481      2425.11457       112.58053       315.16527       289.97987         2.53577         1.28652       434.53489         1.41234         1.02494         4.08081        16.45518         0.00000       130.13775
        33.00000       876.25551      2435.86662       112.22460       318.91856       293.67323         2.50528         1.28546       437.97076         1.40866         1.02347         4.10473        16.53453         0.00000       131.85731
        34.00000       898.36522      2446.51210       111.87388       322.66054       297.35534         2.47565         1.28443       441.36064         1.40507         1.02189         4.12832        16.61317         0.00000       133.56135
        35.00000       920.47493      2457.05423       111.52823       326.39157       301.02657         2.44686         1.28342       444.70596         1.40154         1.02021         4.15158        16.69114         0.00000       135.25025
        36.00000       942.58464      2467.49570       111.18751       330.11203       304.68730         2.41887         1.28245       448.00811         1.39808         1.01845         4.17452        16.76846         0.00000       136.92437
        37.00000       964.69435      2477.83911       110.85157       333.82224       308.33788         2.39164         1.28150       451.26839         1.39469         1.01662         4.19716        16.84514         0.00000       138.58407
        38.00000       986.62271      2488.08696       110.52030       337.52255       311.97863         2.36514         1.28057       454.48806         1.39136         1.01472         4.21950        16.92122         0.00000       140.22969
        39.00000      1008.47872      2498.24099       110.19354       341.21329       315.60992         2.33933         1.27967       457.66834         1.38810         1.01276         4.24156        16.99670         0.00000       141.86154
        40.00000      1030.33473      2508.30481       109.87121       344.89468       319.23196         2.31420         1.27879       460.81032         1.38489         1.01075         4.26334        17.07162         0.00000       143.47996
        41.00000      1052.19073      2518.28005       109.55317       348.56702       322.84506         2.28970         1.27793       463.91512         1.38174         1.00870         4.28485        17.14599         0.00000       145.08522
        42.00000      1074.01237      2528.16886       109.23932       352.23058       326.44949         2.26582         1.27709       466.98377         1.37865         1.00660         4.30610        17.21982         0.00000       146.67764
        43.00000      1095.62184      2537.97334       108.92954       355.88560       330.04550         2.24253         1.27627       470.01726         1.37561         1.00448         4.32710        17.29314         0.00000       148.25748
        44.00000      1117.23130      2547.69557       108.62375       359.53231       333.63331         2.21981         1.27547       473.01655         1.37262         1.00232         4.34785        17.36595         0.00000       149.82502
        45.00000      1138.84077      2557.33746       108.32183       363.17098       337.21318         2.19763         1.27469       475.98255         1.36968         1.00014         4.36836        17.43827         0.00000       151.38050
        46.00000      1160.45023      2566.90072       108.02369       366.80174       340.78529         2.17598         1.27393       478.91614         1.36680         0.99793         4.38864        17.51012         0.00000       152.92420
        47.00000      1181.93728      2576.38742       107.72924       370.42486       344.34986         2.15483         1.27318       481.81814         1.36395         0.99571         4.40870        17.58151         0.00000       154.45634
        48.00000      1203.30755      2585.79929       107.43840       374.04051       347.90708         2.13417         1.27245       484.68936         1.36116         0.99347         4.42854        17.65245         0.00000       155.97716
        49.00000      1224.67783      2595.13804       107.15107       377.64887       351.45714         2.11398         1.27174       487.53057         1.35841         0.99122         4.44817        17.72295         0.00000       157.48689
        50.00000      1246.04810      2604.40531       106.86718       381.25013       355.00021         2.09424         1.27104       490.34251         1.35570         0.98897         4.46758        17.79303         0.00000       158.98574
        51.00000      1267.41837      2613.60276       106.58665       384.84445       358.53646         2.07494         1.27036       493.12589         1.35304         0.98670         4.48680        17.86270         0.00000       160.47392
        52.00000      1288.59275      2622.73194       106.30940       388.43199       362.06606         2.05605         1.26969       495.88140         1.35042         0.98443         4.50582        17.93196         0.00000       161.95163
        53.00000      1309.72768      2631.79433       106.03536       392.01292       365.58915         2.03758         1.26903       498.60969         1.34783         0.98215         4.52465        18.00083         0.00000       163.41908
        54.00000      1330.86262      2640.79161       105.76446       395.58738       369.10590         2.01949         1.26839       501.31139         1.34529         0.97988         4.54329        18.06932         0.00000       164.87644
        55.00000      1351.99755      2649.72479       105.49662       399.15549       372.61642         2.00179         1.26776       503.98712         1.34278         0.97760         4.56174        18.13744         0.00000       166.32394
        56.00000      1373.10913      2658.59567       105.23179       402.71743       376.12087         1.98445         1.26714       506.63747         1.34031         0.97532         4.58002        18.20519         0.00000       167.76170
        57.00000      1394.01259      2667.40637       104.96990       406.27338       379.61941         1.96747         1.26654       509.26297         1.33788         0.97305         4.59813        18.27260         0.00000       169.18987
        58.00000      1414.91605      2676.15550       104.71088       409.82326       383.11207         1.95083         1.26595       511.86425         1.33548         0.97078         4.61606        18.33965         0.00000       170.60879
        59.00000      1435.81951      2684.84705       104.45467       413.36740       386.59906         1.93453         1.26537       514.44176         1.33311         0.96852         4.63383        18.40637         0.00000       172.01844
        60.00000      1456.72297      2693.48136       104.20123       416.90585       390.08047         1.91855         1.26480       516.99603         1.33078         0.96626         4.65144        18.47276         0.00000       173.41904
        61.00000      1477.55340      2702.05977       103.95048       420.43874       393.55642         1.90288         1.26424       519.52756         1.32848         0.96401         4.66889        18.53883         0.00000       174.81073
        62.00000      1498.22650      2710.58306       103.70238       423.96614       397.02700         1.88751         1.26369       522.03684         1.32621         0.96177         4.68618        18.60458         0.00000       176.19369
        63.00000      1518.89960      2719.05277       103.45688       427.48820       400.49232         1.87244         1.26315       524.52430         1.32397         0.95953         4.70333        18.67003         0.00000       177.56804
        64.00000      1539.57270      2727.46988       103.21392       431.00499       403.95249         1.85765         1.26262       526.99040         1.32176         0.95731         4.72032        18.73518         0.00000       178.93392
        65.00000      1560.24580      2735.83545       102.97345       434.51663       407.40760         1.84314         1.26210       529.43557         1.31959         0.95509         4.73717        18.80003         0.00000       180.29148
        66.00000      1580.80840      2744.15056       102.73543       438.02321       410.85775         1.82889         1.26159       531.86023         1.31744         0.95288         4.75387        18.86460         0.00000       181.64084
        67.00000      1601.25118      2752.41620       102.49980       441.52481       414.30302         1.81491         1.26109       534.26478         1.31531         0.95069         4.77044        18.92889         0.00000       182.98215
        68.00000      1621.69397      2760.63337       102.26653       445.02154       417.74351         1.80118         1.26060       536.64961         1.31322         0.94850         4.78687        18.99291         0.00000       184.31551
        69.00000      1642.13676      2768.80304       102.03557       448.51347       421.17930         1.78770         1.26011       539.01511         1.31115         0.94633         4.80317        19.05666         0.00000       185.64106
        70.00000      1662.57955      2776.92613       101.80687       452.00070       424.61046         1.77445         1.25964       541.36164         1.30911         0.94417         4.81934        19.12014         0.00000       186.95891
        71.00000      1682.88578      2785.00355       101.58040       455.48329       428.03709         1.76144         1.25917       543.68955         1.30710         0.94202         4.83537        19.18337         0.00000       188.26918
        72.00000      1703.09638      2793.03620       101.35611       458.96134       431.45925         1.74865         1.25871       545.99920         1.30511         0.93988         4.85129        19.24635         0.00000       189.57199
        73.00000      1723.30698      2801.02492       101.13397       462.43491       434.87703         1.73609         1.25826       548.29092         1.30314         0.93776         4.86707        19.30909         0.00000       190.86744
        74.00000      1743.51758      2808.97053       100.91393       465.90408       438.29049         1.72373         1.25782       550.56503         1.30120         0.93564         4.88274        19.37158         0.00000       192.15564
        75.00000      1763.72818      2816.87387       100.69597       469.36893       441.69971         1.71159         1.25738       552.82186         1.29928         0.93355         4.89829        19.43384         0.00000       193.43670
        76.00000      1783.78811      2824.73573       100.48003       472.82952       445.10475         1.69965         1.25695       555.06171         1.29738         0.93146         4.91372        19.49586         0.00000       194.71072
        77.00000      1803.76336      2832.55676       100.26610       476.28592       448.50568         1.68791         1.25653       557.28489         1.29551         0.92939         4.92904        19.55766         0.00000       195.97779
        78.00000      1823.73861      2840.33825       100.05412       479.73822       451.90257         1.67636         1.25611       559.49166         1.29366         0.92733         4.94425        19.61925         0.00000       197.23802
        79.00000      1843.71386      2848.07960        99.84409       483.18642       455.29547         1.66499         1.25570       561.68236         1.29183         0.92528         4.95934        19.68060         0.00000       198.49151
        80.00000      1863.68911      2855.78286        99.63595       486.63064       458.68445         1.65381         1.25530       563.85722         1.29002         0.92325         4.97433        19.74175         0.00000       199.73833
        81.00000      1883.51189      2863.44803        99.42967       490.07093       462.06957         1.64281         1.25490       566.01652         1.28823         0.92123         4.98921        19.80269         0.00000       200.97860
        82.00000      1903.24666      2871.07603        99.22524       493.50733       465.45088         1.63198         1.25451       568.16052         1.28647         0.91922         5.00399        19.86342         0.00000       202.21240
        83.00000      1922.98143      2878.66751        99.02261       496.93993       468.82845         1.62132         1.25413       570.28948         1.28472         0.91723         5.01866        19.92395         0.00000       203.43978
        84.00000      1942.71619      2886.22263        98.82175       500.36875       472.20233         1.61083         1.25375       572.40365         1.28299         0.91525         5.03323        19.98427         0.00000       204.66089
        85.00000      1962.45096      2893.74250        98.62265       503.79387       475.57256         1.60050         1.25338       574.50327         1.28128         0.91329         5.04771        20.04441         0.00000       205.87577
        86.00000      1982.04577      2901.22745        98.42527       507.21533       478.93921         1.59032         1.25301       576.58857         1.27959         0.91133         5.06208        20.10435         0.00000       207.08451
        87.00000      2001.53363      2908.67825        98.22958       510.63317       482.30231         1.58030         1.25265       578.65978         1.27792         0.90940         5.07636        20.16410         0.00000       208.28719
        88.00000      2021.02148      2916.09513        98.03556       514.04748       485.66194         1.57043         1.25229       580.71713         1.27627         0.90747         5.09055        20.22367         0.00000       209.48389
        89.00000      2040.50934      2923.47883        97.84318       517.45827       489.01813         1.56071         1.25194       582.76083         1.27464         0.90556         5.10464        20.28306         0.00000       210.67468
        90.00000      2059.99719      2930.82976        97.65241       520.86561       492.37092         1.55112         1.25159       584.79110         1.27302         0.90366         5.11864        20.34226         0.00000       211.85965
        91.00000      2079.37392      2938.14845        97.46324       524.26954       495.72037         1.54168         1.25125       586.80815         1.27142         0.90178         5.13255        20.40129         0.00000       213.03885
        92.00000      2098.60653      2945.43536        97.27564       527.67009       499.06652         1.53238         1.25092       588.81218         1.26983         0.89991         5.14637        20.46014         0.00000       214.21238
        93.00000      2117.83915      2952.96834        97.08854       531.04180       502.37642         1.52345         1.25062       590.79715         1.26836         0.89806         5.16007        20.52100         0.00000       215.37640
        94.00000      2137.07176      2960.18759        96.90406       534.43677       505.71724         1.51440         1.25029       592.77589         1.26681         0.89621         5.17372        20.57947         0.00000       216.53857
        95.00000      2156.30438      2967.37622        96.72109       537.82851       509.05487         1.50548         1.24997       594.74218         1.26527         0.89438         5.18728        20.63777         0.00000       217.69526
        96.00000      2175.47443      2974.53407        96.53960       541.21699       512.38933         1.49668         1.24965       596.69624         1.26375         0.89256         5.20077        20.69590         0.00000       218.84655
        97.00000      2194.44184      2981.66315        96.35955       544.60239       515.72075         1.48801         1.24933       598.63820         1.26224         0.89075         5.21417        20.75387         0.00000       219.99250
        98.00000      2213.40925      2988.76234        96.18094       547.98462       519.04909         1.47945         1.24902       600.56827         1.26075         0.88896         5.22749        20.81168         0.00000       221.13317
        99.00000      2232.37665      2995.83247        96.00374       551.36376       522.37439         1.47102         1.24872       602.48662         1.25928         0.88718         5.24073        20.86933         0.00000       222.26863
       100.00000      2251.34406      3002.87660        95.82793       554.73955       525.69641         1.46269         1.24842       604.39335         1.25782         0.88541         5.25390        20.92684         0.00000       223.39898
       101.00000      2270.31147      3009.88973        95.65349       558.11275       529.01589         1.45448         1.24812       606.28875         1.25637         0.88366         5.26699        20.98417         0.00000       224.52420
       102.00000      2289.01274      3016.87486        95.48042       561.48286       532.33236         1.44638         1.24783       608.17292         1.25494         0.88192         5.28000        21.04135         0.00000       225.64438
       103.00000      2307.70399      3023.83016        95.30870       564.85020       535.64614         1.43839         1.24754       610.04606         1.25352         0.88019         5.29293        21.09836         0.00000       226.75956
       104.00000      2326.39524      3030.76052        95.13828       568.21445       538.95688         1.43050         1.24725       611.90823         1.25212         0.87847         5.30580        21.15524         0.00000       227.86986
       105.00000      2345.08649      3037.66564        94.96915       571.57554       542.26453         1.42272         1.24697       613.75960         1.25072         0.87676         5.31859        21.21198         0.00000       228.97533
       106.00000      2363.77773      3044.54252        94.80131       574.93421       545.56980         1.41503         1.24669       615.60038         1.24935         0.87507         5.33130        21.26856         0.00000       230.07595
       107.00000      2382.29127      3051.39095        94.63474       578.29007       548.87236         1.40745         1.24642       617.43072         1.24798         0.87339         5.34395        21.32498         0.00000       231.17180
       108.00000      2400.69289      3058.21519        94.46942       581.64300       552.17205         1.39996         1.24615       619.25069         1.24663         0.87172         5.35653        21.38127         0.00000       232.26298
       109.00000      2419.09451      3065.01503        94.30532       584.99300       555.46886         1.39256         1.24588       621.06044         1.24529         0.87006         5.36904        21.43743         0.00000       233.34953
       110.00000      2437.49614      3071.78797        94.14243       588.34055       558.76329         1.38526         1.24561       622.86015         1.24396         0.86841         5.38148        21.49343         0.00000       234.43146
       111.00000      2455.89776      3078.53546        93.98075       591.68534       562.05502         1.37805         1.24535       624.64993         1.24264         0.86678         5.39385        21.54930         0.00000       235.50884
       112.00000      2474.24475      3085.25786        93.82025       595.02746       565.34417         1.37093         1.24510       626.42992         1.24134         0.86516         5.40616        21.60502         0.00000       236.58173
       113.00000      2492.34170      3091.95548        93.66092       598.36696       568.63075         1.36390         1.24484       628.20023         1.24005         0.86354         5.41841        21.66061         0.00000       237.65017
       114.00000      2510.43864      3098.62853        93.50274       601.70385       571.91479         1.35696         1.24459       629.96100         1.23877         0.86194         5.43059        21.71605         0.00000       238.71422
       115.00000      2528.53558      3105.27723        93.34570       605.03816       575.19632         1.35009         1.24434       631.71235         1.23750         0.86035         5.44270        21.77137         0.00000       239.77390
       116.00000      2546.63253      3111.90211        93.18978       608.36991       578.47536         1.34332         1.24409       633.45439         1.23624         0.85878         5.45475        21.82655         0.00000       240.82928
       117.00000      2564.72947      3118.50241        93.03497       611.69916       581.75196         1.33662         1.24385       635.18725         1.23500         0.85721         5.46675        21.88159         0.00000       241.88040
       118.00000      2582.61700      3125.07942        92.88126       615.02587       585.02611         1.33000         1.24361       636.91104         1.23376         0.85565         5.47868        21.93650         0.00000       242.92733
       119.00000      2600.39350      3131.63281        92.72863       618.35017       588.29789         1.32346         1.24338       638.62587         1.23253         0.85411         5.49055        21.99127         0.00000       243.97004
       120.00000      2618.17000      3138.16293        92.57706       621.67199       591.56728         1.31699         1.24314       640.33186         1.23132         0.85257         5.50236        22.04592         0.00000       245.00864
       121.00000      2635.94650      3144.66987        92.42655       624.99138       594.83431         1.31061         1.24291       642.02911         1.23012         0.85105         5.51411        22.10044         0.00000       246.04315
       122.00000      2653.72300      3151.15387        92.27708       628.30838       598.09901         1.30429         1.24268       643.71773         1.22892         0.84953         5.52581        22.15482         0.00000       247.07362
       123.00000      2671.49146      3157.61512        92.12864       631.62300       601.36141         1.29805         1.24245       645.39782         1.22774         0.84803         5.53744        22.20908         0.00000       248.10009
       124.00000      2688.98186      3164.05377        91.98122       634.93527       604.62153         1.29188         1.24223       647.06949         1.22657         0.84654         5.54902        22.26321         0.00000       249.12259
       125.00000      2706.47225      3170.46998        91.83480       638.24521       607.87939         1.28578         1.24201       648.73284         1.22540         0.84505         5.56055        22.31721         0.00000       250.14117
       126.00000      2723.96264      3176.86447        91.68937       641.55284       611.13502         1.27974         1.24179       650.38795         1.22425         0.84358         5.57202        22.37109         0.00000       251.15585
       127.00000      2741.44849      3183.23576        91.54492       644.85818       614.38843         1.27378         1.24158       652.03496         1.22310         0.84212         5.58344        22.42484         0.00000       252.16671
       128.00000      2758.76354      3189.58565        91.40144       648.16126       617.63966         1.26788         1.24136       653.67393         1.22197         0.84066         5.59480        22.47846         0.00000       253.17375
       129.00000      2776.00929      3195.91368        91.25892       651.46210       620.88872         1.26205         1.24115       655.30497         1.22084         0.83922         5.60611        22.53196         0.00000       254.17702
       130.00000      2793.08810      3202.22048        91.11734       654.76073       624.13563         1.25628         1.24094       656.92815         1.21972         0.83778         5.61736        22.58534         0.00000       255.17655
       131.00000      2810.16691      3226.34202        90.73060       654.60230       624.40529         1.24488         1.24005       658.21616         1.20410         0.83665         5.62630        22.77944         0.00000       255.97113
       132.00000      2827.24572      3263.57385        90.16341       651.90770       622.49427         1.22913         1.23862       659.25761         1.17793         0.83573         5.63352        23.07717         0.00000       256.61419
       133.00000      2844.32452      3308.80467        89.48794       647.74656       619.31704         1.21072         1.23683       660.14678         1.14589         0.83495         5.63969        23.43817         0.00000       257.16314
       134.00000      2861.40333      3319.61479        89.28398       650.09114       621.75545         1.20337         1.23641       661.66265         1.14085         0.83362         5.65020        23.52744         0.00000       258.09789
       135.00000      2878.36916      3325.68894        89.14525       653.31754       624.95506         1.19761         1.23619       663.25773         1.13946         0.83222         5.66127        23.57935         0.00000       259.08248
       136.00000      2895.19009      3331.74065        89.00741       656.54163       628.15229         1.19192         1.23596       664.84541         1.13808         0.83083         5.67229        23.63114         0.00000       260.06354
       137.00000      2912.01101      3337.77013        88.87047       659.76342       631.34715         1.18629         1.23574       666.42577         1.13672         0.82945         5.68326        23.68279         0.00000       261.04112
       138.00000      2928.83193      3343.77759        88.73440       662.98294       634.53966         1.18072         1.23552       667.99889         1.13537         0.82808         5.69418        23.73431         0.00000       262.01523
       139.00000      2945.65286      3349.76322        88.59920       666.20020       637.72985         1.17522         1.23530       669.56484         1.13403         0.82671         5.70506        23.78570         0.00000       262.98592
       140.00000      2962.47378      3355.72720        88.46486       669.41523       640.91773         1.16978         1.23509       671.12371         1.13270         0.82536         5.71588        23.83696         0.00000       263.95322
         0.00000        -0.00000      1986.26896       158.20741        83.86255        74.92290         5.45006         1.32486       285.79333         1.10222         0.68289         3.00326        13.01106         0.00000        60.97768
         1.00000        36.28228      2011.18019       156.35770        92.07513        83.34707         4.83895         1.30745       291.69167         1.07603         0.73303         3.04895        13.23379         0.00000        63.15841
         2.00000        66.34476      2033.77701       154.71304        98.85475        90.32182         4.41365         1.29526       297.59415         1.05246         0.77689         3.09426        13.43362         0.00000        65.37039
         3.00000        96.41489      2055.55970       152.95125       106.11369        97.63433         4.07178         1.28618       303.38428         1.03764         0.81455         3.13832        13.62242         0.00000        67.56875
         4.00000       126.47625      2075.84673       151.48254       111.84935       103.51965         3.80587         1.27859       309.11456         1.01849         0.84719         3.18159        13.79567         0.00000        69.77172
         5.00000       156.54183      2095.08574       150.09960       117.19626       109.02277         3.57961         1.27208       314.75382         0.99966         0.87536         3.22387        13.95733         0.00000        71.96590
         6.00000       186.60540      2113.09181       148.80141       122.31517       114.29677         3.38211         1.26639       320.31762         0.98163         0.89973         3.26531        14.10646         0.00000        74.15583
         7.00000       216.66896      2129.97055       147.57330       127.29771       119.42693         3.20742         1.26136       325.80108         0.96469         0.92078         3.30592        14.24429         0.00000        76.33821
         8.00000       246.00169      2145.85543       146.40267       132.19100       124.45742         3.05165         1.25690       331.19842         0.94891         0.93893         3.34568        14.37221         0.00000        78.50936
         9.00000       275.15035      2160.85511       145.27892       137.02460       129.41652         2.91187         1.25292       336.50629         0.93430         0.95456         3.38458        14.49140         0.00000        80.66653
        10.00000       304.12654      2175.04899       144.19157       141.82763       134.33148         2.78594         1.24937       341.72377         0.92092         0.96797         3.42265        14.60276         0.00000        82.80796
        11.00000       332.88900      2188.49412       143.12727       146.64039       139.23814         2.67251         1.24621       346.85159         0.90895         0.97947         3.45990        14.70699         0.00000        84.93265
        12.00000       361.53749      2201.23315       142.06309       151.53766       144.20014         2.57131         1.24347       351.89147         0.89901         0.98928         3.49638        14.80463         0.00000        87.04003
        13.00000       389.98609      2213.29094       140.94116       156.71817       149.38605         2.48410         1.24123       356.84614         0.89271         0.99763         3.53211        14.89605         0.00000        89.13007
        14.00000       417.29753      2225.27712       139.54254       162.96600       155.41124         2.42906         1.24041       361.68582         0.89932         1.00466         3.56689        14.98623         0.00000        91.18895
        15.00000       443.99125      2253.91326       136.76011       175.13043       166.37923         2.45163         1.24577       365.50815         0.95187         1.00948         3.59429        15.20744         0.00000        92.82696
        16.00000       470.32792      2303.16129       132.40734       198.16646       186.20560         2.57401         1.25880       368.14764         1.08352         1.01246         3.61317        15.59131         0.00000        93.96417
        17.00000       496.56087      2315.61108       131.74745       202.18248       190.32997         2.50628         1.25646       372.70404         1.07302         1.01698         3.64570        15.68401         0.00000        95.93891
        18.00000       522.40358      2327.76471       131.10372       206.17869       194.42982         2.44226         1.25426       377.17736         1.06293         1.02070         3.67756        15.77406         0.00000        97.89186
        19.00000       548.18742      2339.63629       130.47537       210.15596       198.50634         2.38163         1.25218       381.57078         1.05321         1.02371         3.70878        15.86165         0.00000        99.82351
        20.00000       573.57014      2345.58799       129.74678       214.28684       202.78558         2.32011         1.24994       386.16795         1.04219         1.02624         3.74137        15.90224         0.00000       102.09445
        21.00000       598.92253      2356.75059       128.40238       221.94857       210.84694         2.19869         1.24533       390.41394         1.01612         1.02806         3.77142        15.98395         0.00000       104.49211
        22.00000       624.04227      2383.98189       126.55172       233.92603       223.49673         2.01354         1.23830       393.80826         0.97212         1.02917         3.79539        16.19272         0.00000       106.37849
        23.00000       649.12026      2368.04574       116.19656       279.95286       254.79783         2.87350         1.30108       399.17594         1.45087         1.03038         3.83324        16.05999         0.00000       112.90427
        24.00000       673.78483      2380.18311       115.78389       283.83324       258.61737         2.83227         1.29962       403.12987         1.44634         1.03085         3.86107        16.14934         0.00000       114.78955
        25.00000       696.50299      2392.17891       115.37820       287.69702       262.42016         2.79248         1.29822       407.01963         1.44193         1.03101         3.88840        16.23761         0.00000       116.65487
        26.00000       719.22116      2404.03750       114.97927       291.54498       266.20701         2.75403         1.29686       410.84767         1.43761         1.03089         3.91527        16.32484         0.00000       118.50079
        27.00000       741.81150      2415.76304       114.58687       295.37780       269.97864         2.71686         1.29555       414.61625         1.43340         1.03051         3.94168        16.41109         0.00000       120.32785
        28.00000       764.39099      2427.35944       114.20080       299.19614       273.73572         2.68089         1.29428       418.32755         1.42929         1.02991         3.96767        16.49641         0.00000       122.13657
        29.00000       786.82469      2438.83050       113.82085       303.00060       277.47890         2.64607         1.29304       421.98360         1.42527         1.02910         3.99323        16.58084         0.00000       123.92746
        30.00000       809.19806      2450.17980       113.44683       306.79174       281.20873         2.61233         1.29185       425.58634         1.42133         1.02812         4.01840        16.66441         0.00000       125.70098
        31.00000       831.57144      2461.41076       113.07856       310.57006       284.92577         2.57963         1.29069       429.13758         1.41748         1.02698         4.04318        16.74716         0.00000       127.45760
        32.00000       853.94481      2472.52644       112.71586       314.33601       288.63048         2.54790         1.28956       432.63906         1.41371         1.02570         4.06760        16.82913         0.00000       129.19778
        33.00000       876.25551      2483.53068       112.35858       318.09021       292.32344         2.51710         1.28847       436.09241         1.41002         1.02429         4.09166        16.91035         0.00000       130.92186
        34.00000       898.36522      2494.42577       112.00655       321.83288       296.00495         2.48719         1.28741       439.49920         1.40641         1.02277         4.11537        16.99085         0.00000       132.63033
        35.00000       920.47493      2505.21532       111.65962       325.56446       299.67544         2.45813         1.28637       442.86090         1.40286         1.02115         4.13875        17.07065         0.00000       134.32355
        36.00000       942.58464      2515.90057       111.31765       329.28544       303.33539         2.42988         1.28536       446.17895         1.39939         1.01944         4.16181        17.14977         0.00000       136.00188
        37.00000       964.69435      2526.48610       110.98050       332.99580       306.98485         2.40240         1.28438       449.45464         1.39598         1.01765         4.18457        17.22825         0.00000       137.66574
        38.00000       986.62271      2536.97368       110.64804       336.69662       310.62480         2.37565         1.28343       452.68927         1.39263         1.01579         4.20702        17.30610         0.00000       139.31531
        39.00000      1008.47872      2547.36464       110.32014       340.38759       314.25502         2.34962         1.28250       455.88408         1.38935         1.01387         4.22918        17.38334         0.00000       140.95107
        40.00000      1030.33473      2557.66336       109.99668       344.06900       317.87582         2.32426         1.28159       459.04018         1.38613         1.01189         4.25107        17.46001         0.00000       142.57335
        41.00000      1052.19073      2567.87186       109.67755       347.74149       321.48774         2.29955         1.28071       462.15867         1.38296         1.00987         4.27268        17.53611         0.00000       144.18228
        42.00000      1074.01237      2577.99059       109.36263       351.40504       325.09088         2.27547         1.27984       465.24068         1.37985         1.00780         4.29403        17.61165         0.00000       145.77836
        43.00000      1095.62184      2588.02315       109.05181       355.06002       328.68555         2.25198         1.27900       468.28717         1.37680         1.00570         4.31512        17.68666         0.00000       147.36175
        44.00000      1117.23130      2597.97075       108.74498       358.70643       332.27180         2.22906         1.27818       471.29912         1.37380         1.00356         4.33596        17.76115         0.00000       148.93282
        45.00000      1138.84077      2607.83577       108.44207       362.34517       335.85044         2.20670         1.27737       474.27746         1.37085         1.00140         4.35657        17.83514         0.00000       150.49163
        46.00000      1160.45023      2617.62083       108.14296       365.97573       339.42105         2.18487         1.27659       477.22305         1.36795         0.99921         4.37694        17.90865         0.00000       152.03865
        47.00000      1181.93728      2627.32726       107.84756       369.59858       342.98407         2.16356         1.27582       480.13675         1.36509         0.99700         4.39708        17.98168         0.00000       153.57404
        48.00000      1203.30755      2636.95685       107.55579       373.21392       346.53970         2.14273         1.27507       483.01937         1.36229         0.99478         4.41700        18.05425         0.00000       155.09804
        49.00000      1224.67783      2646.51144       107.26756       376.82193       350.08813         2.12238         1.27434       485.87171         1.35952         0.99254         4.43671        18.12638         0.00000       156.61087
        50.00000      1246.04810      2655.99260       106.98278       380.42279       353.62953         2.10248         1.27362       488.69451         1.35680         0.99029         4.45620        18.19806         0.00000       158.11277
        51.00000      1267.41837      2665.40343       106.70140       384.01654       357.16397         2.08303         1.27291       491.48845         1.35413         0.98804         4.47549        18.26934         0.00000       159.60397
        52.00000      1288.59275      2674.74255       106.42330       387.60354       360.69177         2.06400         1.27223       494.25432         1.35149         0.98577         4.49459        18.34019         0.00000       161.08464
        53.00000      1309.72768      2684.01384       106.14843       391.18417       364.21323         2.04539         1.27155       496.99272         1.34890         0.98350         4.51349        18.41064         0.00000       162.55478
        54.00000      1330.86262      2693.21603       105.87671       394.75806       367.72820         2.02717         1.27089       499.70436         1.34634         0.98123         4.53220        18.48068         0.00000       164.01506
        55.00000      1351.99755      2702.35421       105.60808       398.32562       371.23690         2.00933         1.27024       502.38976         1.34383         0.97896         4.55072        18.55035         0.00000       165.46529
        56.00000      1373.10913      2711.42825       105.34247       401.88695       374.73950         1.99187         1.26961       505.04956         1.34135         0.97669         4.56907        18.61965         0.00000       166.90575
        57.00000      1394.01259      2720.43951       105.07982       405.44220       378.23613         1.97476         1.26899       507.68434         1.33890         0.97442         4.58724        18.68859         0.00000       168.33663
        58.00000      1414.91605      2729.38943       104.82006       408.99149       381.72693         1.95801         1.26838       510.29465         1.33649         0.97215         4.60524        18.75717         0.00000       169.75807
        59.00000      1435.81951      2738.27901       104.56313       412.53494       385.21200         1.94158         1.26778       512.88103         1.33412         0.96989         4.62307        18.82540         0.00000       171.17028
        60.00000      1456.72297      2747.10982       104.30897       416.07269       388.69147         1.92549         1.26720       515.44399         1.33177         0.96763         4.64074        18.89329         0.00000       172.57337
        61.00000      1477.55340      2755.88298       104.05753       419.60483       392.16545         1.90971         1.26662       517.98403         1.32947         0.96538         4.65825        18.96086         0.00000       173.96753
        62.00000      1498.22650      2764.59976       103.80875       423.13147       395.63404         1.89423         1.26606       520.50163         1.32719         0.96314         4.67560        19.02810         0.00000       175.35290
        63.00000      1518.89960      2773.26116       103.56258       426.65276       399.09739         1.87906         1.26550       522.99727         1.32494         0.96090         4.69280        19.09502         0.00000       176.72961
        64.00000      1539.57270      2781.86843       103.31896       430.16876       402.55555         1.86417         1.26496       525.47138         1.32273         0.95868         4.70985        19.16164         0.00000       178.09783
        65.00000      1560.24580      2790.42266       103.07786       433.67958       406.00864         1.84956         1.26443       527.92441         1.32054         0.95646         4.72675        19.22795         0.00000       179.45767
        66.00000      1580.80840      2798.92490       102.83921       437.18532       409.45675         1.83522         1.26390       530.35678         1.31838         0.95425         4.74351        19.29397         0.00000       180.80929
        67.00000      1601.25118      2807.37618       102.60297       440.68607       412.89997         1.82114         1.26339       532.76890         1.31625         0.95205         4.76013        19.35970         0.00000       182.15281
        68.00000      1621.69397      2815.77752       102.36909       444.18192       416.33839         1.80732         1.26288       535.16116         1.31415         0.94987         4.77662        19.42515         0.00000       183.48835
        69.00000      1642.13676      2824.12989       102.13754       447.67297       419.77210         1.79375         1.26238       537.53394         1.31207         0.94769         4.79296        19.49033         0.00000       184.81604
        70.00000      1662.57955      2832.43425       101.90826       451.15928       423.20119         1.78041         1.26190       539.88763         1.31003         0.94553         4.80918        19.55523         0.00000       186.13601
        71.00000      1682.88578      2840.69152       101.68122       454.64096       426.62572         1.76732         1.26142       542.22258         1.30800         0.94337         4.82527        19.61987         0.00000       187.44836
        72.00000      1703.09638      2848.90262       101.45637       458.11807       430.04578         1.75445         1.26094       544.53914         1.30600         0.94123         4.84123        19.68425         0.00000       188.75321
        73.00000      1723.30698      2857.06832       101.23368       461.59069       433.46144         1.74180         1.26048       546.83766         1.30403         0.93910         4.85706        19.74837         0.00000       190.05067
        74.00000      1743.51758      2865.18960       101.01311       465.05890       436.87279         1.72937         1.26002       549.11845         1.30208         0.93699         4.87278        19.81225         0.00000       191.34086
        75.00000      1763.72818      2873.26721       100.79461       468.52278       440.27988         1.71715         1.25957       551.38185         1.30016         0.93488         4.88837        19.87588         0.00000       192.62388
        76.00000      1783.78811      2881.30196       100.57816       471.98238       443.68278         1.70514         1.25913       553.62816         1.29825         0.93279         4.90385        19.93927         0.00000       193.89982
        77.00000      1803.76336      2889.29467       100.36372       475.43778       447.08157         1.69332         1.25870       555.85768         1.29637         0.93072         4.91921        20.00243         0.00000       195.16880
        78.00000      1823.73861      2897.24602       100.15125       478.88904       450.47631         1.68170         1.25827       558.07072         1.29452         0.92865         4.93446        20.06536         0.00000       196.43091
        79.00000      1843.71386      2905.15679        99.94072       482.33624       453.86706         1.67026         1.25785       560.26756         1.29268         0.92660         4.94959        20.12807         0.00000       197.68624
        80.00000      1863.68911      2913.02767        99.73210       485.77943       457.25389         1.65902         1.25744       562.44847         1.29087         0.92456         4.96462        20.19055         0.00000       198.93490
        81.00000      1883.51189      2920.85936        99.52535       489.21867       460.63685         1.64795         1.25703       564.61373         1.28907         0.92254         4.97954        20.25281         0.00000       200.17696
        82.00000      1903.24666      2928.65285        99.32045       492.65405       464.01601         1.63705         1.25663       566.76360         1.28730         0.92053         4.99436        20.31487         0.00000       201.41252
        83.00000      1922.98143      2936.40775        99.11737       496.08554       467.39139         1.62633         1.25623       568.89835         1.28555         0.91853         5.00907        20.37671         0.00000       202.64169
        84.00000      1942.71619      2944.12585        98.91606       499.51330       470.76310         1.61577         1.25584       571.01821         1.28381         0.91655         5.02368        20.43834         0.00000       203.86452
        85.00000      1962.45096      2951.80724        98.71652       502.93734       474.13115         1.60538         1.25546       573.12343         1.28210         0.91458         5.03819        20.49978         0.00000       205.08111
        86.00000      1982.04577      2959.45258        98.51870       506.35771       477.49562         1.59515         1.25508       575.21426         1.28040         0.91262         5.05261        20.56101         0.00000       206.29155
        87.00000      2001.53363      2967.06242        98.32258       509.77446       480.85655         1.58507         1.25471       577.29092         1.27873         0.91068         5.06692        20.62205         0.00000       207.49590
        88.00000      2021.02148      2974.63739        98.12814       513.18766       484.21399         1.57514         1.25435       579.35363         1.27707         0.90875         5.08114        20.68290         0.00000       208.69425
        89.00000      2040.50934      2982.17879        97.93534       516.59738       487.56801         1.56536         1.25398       581.40261         1.27543         0.90683         5.09527        20.74356         0.00000       209.88665
        90.00000      2059.99719      2989.68452        97.74418       520.00347       490.91852         1.55572         1.25363       583.43812         1.27380         0.90493         5.10931        20.80402         0.00000       211.07326
        91.00000      2079.37392      2997.15865        97.55459       523.40636       494.26585         1.54622         1.25328       585.46029         1.27220         0.90304         5.12325        20.86431         0.00000       212.25407
        92.00000      2098.60653      3004.59845        97.36660       526.80578       497.60980         1.53687         1.25293       587.46941         1.27061         0.90116         5.13711        20.92441         0.00000       213.42917
        93.00000      2117.83915      3012.00651        97.18015       530.20188       500.95050         1.52764         1.25259       589.46561         1.26904         0.89930         5.15088        20.98434         0.00000       214.59864
        94.00000      2137.07176      3019.38291        96.99523       533.59469       504.28798         1.51855         1.25226       591.44912         1.26748         0.89745         5.16456        21.04409         0.00000       215.76254
        95.00000      2156.30438      3026.72728        96.81181       536.98426       507.62230         1.50959         1.25193       593.42013         1.26594         0.89561         5.17816        21.10367         0.00000       216.92096
        96.00000      2175.47443      3034.29426        96.62894       540.34742       510.92349         1.50096         1.25163       595.37317         1.26450         0.89379         5.19164        21.16506         0.00000       218.07047
        97.00000      2194.44184      3041.57118        96.44852       543.73161       514.25267         1.49224         1.25130       597.31989         1.26299         0.89198         5.20507        21.22425         0.00000       219.21793
        98.00000      2213.40925      3048.81819        96.26955       547.11265       517.57878         1.48364         1.25099       599.25463         1.26149         0.89018         5.21843        21.28328         0.00000       220.36008
        99.00000      2232.37665      3056.03519        96.09199       550.49061       520.90186         1.47516         1.25067       601.17759         1.26001         0.88840         5.23170        21.34214         0.00000       221.49700
       100.00000      2251.34406      3063.22260        95.91583       553.86551       524.22197         1.46679         1.25036       603.08893         1.25855         0.88662         5.24489        21.40084         0.00000       222.62876
       101.00000      2270.31147      3070.38086        95.74105       557.23739       527.53911         1.45853         1.25006       604.98881         1.25709         0.88486         5.25801        21.45938         0.00000       223.75541
       102.00000      2289.01274      3077.51283        95.56761       560.60595       530.85301         1.45039         1.24976       606.87736         1.25566         0.88311         5.27105        21.51777         0.00000       224.87706
       103.00000      2307.70399      3084.61083        95.39554       563.97225       534.16472         1.44235         1.24946       608.75489         1.25423         0.88138         5.28402        21.57597         0.00000       225.99364
       104.00000      2326.39524      3091.68343        95.22478       567.33529       537.47324         1.43442         1.24916       610.62138         1.25282         0.87966         5.29691        21.63403         0.00000       227.10533
       105.00000      2345.08649      3098.72817        95.05532       570.69545       540.77895         1.42660         1.24888       612.47706         1.25143         0.87794         5.30972        21.69194         0.00000       228.21215
       106.00000      2363.77773      3105.74539        94.88715       574.05277       544.08188         1.41887         1.24859       614.32206         1.25005         0.87625         5.32247        21.74969         0.00000       229.31414
       107.00000      2382.29127      3112.73538        94.72024       577.40727       547.38207         1.41125         1.24831       616.15653         1.24868         0.87456         5.33515        21.80730         0.00000       230.41137
       108.00000      2400.69289      3119.70023        94.55458       580.75876       550.67931         1.40372         1.24803       617.98058         1.24732         0.87288         5.34775        21.86477         0.00000       231.50392
       109.00000      2419.09451      3126.63698        94.39016       584.10779       553.97415         1.39629         1.24775       619.79441         1.24598         0.87122         5.36029        21.92208         0.00000       232.59176
       110.00000      2437.49614      3133.54497        94.22697       587.45422       557.26648         1.38895         1.24748       621.59819         1.24464         0.86957         5.37276        21.97922         0.00000       233.67500
       111.00000      2455.89776      3140.43093        94.06497       590.79758       560.55580         1.38170         1.24721       623.39190         1.24332         0.86793         5.38516        22.03625         0.00000       234.75368
       112.00000      2474.24475      3147.28878        93.90415       594.13857       563.84282         1.37455         1.24695       625.17581         1.24202         0.86630         5.39749        22.09312         0.00000       235.82789
       113.00000      2492.34170      3154.12128        93.74451       597.47684       567.12719         1.36748         1.24669       626.95001         1.24072         0.86468         5.40976        22.14984         0.00000       236.89761
       114.00000      2510.43864      3160.92853        93.58602       600.81251       570.40903         1.36050         1.24643       628.71461         1.23944         0.86308         5.42196        22.20643         0.00000       237.96292
       115.00000      2528.53558      3167.71071        93.42868       604.14560       573.68837         1.35360         1.24617       630.46974         1.23816         0.86148         5.43410        22.26288         0.00000       239.02387
       116.00000      2546.63253      3174.46806        93.27246       607.47614       576.96522         1.34679         1.24592       632.21553         1.23690         0.85990         5.44618        22.31918         0.00000       240.08050
       117.00000      2564.72947      3181.20081        93.11735       610.80415       580.23963         1.34006         1.24567       633.95209         1.23565         0.85833         5.45820        22.37535         0.00000       241.13286
       118.00000      2582.61700      3187.90917        92.96334       614.12967       583.51160         1.33341         1.24542       635.67953         1.23441         0.85676         5.47015        22.43138         0.00000       242.18099
       119.00000      2600.39350      3194.59337        92.81041       617.45271       586.78118         1.32683         1.24518       637.39798         1.23318         0.85521         5.48205        22.48728         0.00000       243.22493
       120.00000      2618.17000      3201.25359        92.65856       620.77331       590.04838         1.32034         1.24494       639.10754         1.23196         0.85367         5.49388        22.54304         0.00000       244.26474
       121.00000      2635.94650      3207.89005        92.50776       624.09148       593.31323         1.31392         1.24470       640.80832         1.23076         0.85214         5.50566        22.59867         0.00000       245.30045
       122.00000      2653.72300      3214.50238        92.35801       627.40724       596.57573         1.30757         1.24447       642.50045         1.22956         0.85062         5.51738        22.65415         0.00000       246.33209
       123.00000      2671.49146      3221.09248        92.20928       630.72066       599.83597         1.30130         1.24423       644.18398         1.22837         0.84912         5.52904        22.70952         0.00000       247.35974
       124.00000      2688.98186      3227.65881        92.06157       634.03171       603.09391         1.29510         1.24400       645.85907         1.22720         0.84762         5.54064        22.76475         0.00000       248.38341
       125.00000      2706.47225      3234.20215        91.91487       637.34042       606.34960         1.28897         1.24378       647.52580         1.22603         0.84613         5.55219        22.81985         0.00000       249.40314
       126.00000      2723.96264      3240.72264        91.76917       640.64684       609.60306         1.28291         1.24355       649.18426         1.22487         0.84465         5.56368        22.87482         0.00000       250.41898
       127.00000      2741.44849      3247.22049        91.62444       643.95096       612.85431         1.27691         1.24333       650.83457         1.22372         0.84318         5.57512        22.92966         0.00000       251.43096
       128.00000      2758.76354      3253.69723        91.48068       647.25284       616.10337         1.27099         1.24311       652.47678         1.22258         0.84172         5.58650        22.98438         0.00000       252.43913
       129.00000      2776.00929      3260.14912        91.33789       650.55246       619.35027         1.26513         1.24289       654.11107         1.22145         0.84027         5.59783        23.03895         0.00000       253.44350
       130.00000      2793.08810      3266.57965        91.19605       653.84985       622.59502         1.25933         1.24268       655.73746         1.22033         0.83884         5.60910        23.09341         0.00000       254.44416
       131.00000      2810.16691      3272.98887        91.05513       657.14506       625.83765         1.25360         1.24247       657.35605         1.21922         0.83741         5.62033        23.14774         0.00000       255.44110
       132.00000      2827.24572      3300.13876        90.63447       656.47510       625.67407         1.24146         1.24146       658.58406         1.20158         0.83632         5.62885        23.36589         0.00000       256.19839
       133.00000      2844.32452      3338.95590        90.05693       653.59035       623.61099         1.22552         1.23997       659.59116         1.17483         0.83544         5.63583        23.67626         0.00000       256.81967
       134.00000      2861.40333      3385.71372        89.37491       649.28456       620.32320         1.20701         1.23813       660.44633         1.14246         0.83468         5.64177        24.04944         0.00000       257.34698
       135.00000      2878.36916      3393.02396        89.22105       652.30544       623.34529         1.20087         1.23785       662.02416         1.14022         0.83330         5.65271        24.11123         0.00000       258.32009
       136.00000      2895.19009      3399.19953        89.08295       655.52890       626.54153         1.19514         1.23762       663.61511         1.13884         0.83190         5.66375        24.16409         0.00000       259.30236
       137.00000      2912.01101      3405.35221        88.94573       658.75016       629.73547         1.18948         1.23739       665.19871         1.13747         0.83052         5.67474        24.21683         0.00000       260.28113
       138.00000      2928.83193      3411.48227        88.80939       661.96914       632.92707         1.18388         1.23716       666.77503         1.13611         0.82914         5.68569        24.26942         0.00000       261.25643
       139.00000      2945.65286      3417.58991        88.67391       665.18586       636.11633         1.17835         1.23694       668.34415         1.13477         0.82777         5.69658        24.32189         0.00000       262.22829
       140.00000      2962.47378      3423.67532        88.53930       668.40034       639.30328         1.17288         1.23672       669.90616         1.13344         0.82642         5.70743        24.37422         0.00000       263.19675
         0.00000        -0.00000      2023.91813       158.54532        82.27740        73.09653         5.60313         1.33272       282.77002         1.10755         0.65445         2.97965        13.28552         0.00000        59.87156
         1.00000        36.28228      2049.78932       156.65522        90.87128        81.91023         4.93799         1.31341       288.66676         1.08084         0.70816         3.02556        13.51949         0.00000        62.03630
         2.00000        66.34476      2073.14469       154.98589        97.85927        89.09690         4.48757         1.30025       294.58891         1.05711         0.75530         3.07123        13.72866         0.00000        64.24048
         3.00000        96.41489      2095.51395       153.21289       105.19785        96.49269         4.13155         1.29055       300.41358         1.04203         0.79585         3.11574        13.92499         0.00000        66.43736
         4.00000       126.47625      2116.41215       151.73059       110.96449       102.41430         3.85741         1.28255       306.17815         1.02263         0.83100         3.15944        14.10554         0.00000        68.63946
         5.00000       156.54183      2136.26298       150.33394       116.31563       107.92890         3.62500         1.27570       311.85215         1.00344         0.86133         3.20214        14.27412         0.00000        70.83367
         6.00000       186.60540      2154.87647       149.02057       121.43433       113.21186         3.42201         1.26970       317.45132         0.98493         0.88757         3.24399        14.42980         0.00000        73.02455
         7.00000       216.66896      2172.29788       147.77899       126.42623       118.35947         3.24256         1.26441       322.97441         0.96758         0.91027         3.28501        14.57340         0.00000        75.21025
         8.00000       246.00169      2188.66786       146.59647       131.33506       123.41228         3.08273         1.25972       328.41442         0.95149         0.92987         3.32519        14.70640         0.00000        77.38663
         9.00000       275.15035      2204.10369       145.46204       136.18742       128.39586         2.93951         1.25555       333.76689         0.93663         0.94676         3.36452        14.83007         0.00000        79.55050
        10.00000       304.12654      2218.69535       144.36489       141.01093       133.33610         2.81067         1.25184       339.02984         0.92303         0.96127         3.40301        14.94542         0.00000        81.69970
        11.00000       332.88900      2232.50463       143.29141       145.84564       138.26873         2.69471         1.24854       344.20348         0.91088         0.97373         3.44067        15.05321         0.00000        83.83295
        12.00000       361.53749      2245.58490       142.21868       150.76614       143.25688         2.59136         1.24567       349.28871         0.90079         0.98439         3.47755        15.15409         0.00000        85.94936
        13.00000       389.98609      2258.08110       141.09110       155.96388       148.45398         2.50365         1.24339       354.28127         0.89481         0.99346         3.51362        15.24941         0.00000        88.04589
        14.00000       417.29753      2270.46231       139.69575       162.20585       154.46945         2.44736         1.24252       359.15917         0.90133         1.00112         3.54874        15.34304         0.00000        90.11198
        15.00000       443.99125      2286.39561       138.23144       168.77281       160.72399         2.40346         1.24257       363.72613         0.91130         1.00731         3.58152        15.46411         0.00000        92.06201
        16.00000       470.32792      2349.28360       132.56546       197.24484       184.99708         2.59469         1.26151       365.63061         1.08610         1.00962         3.59516        15.95591         0.00000        92.87961
        17.00000       496.56087      2362.07063       131.90176       201.26723       189.13145         2.52581         1.25908       370.22374         1.07550         1.01461         3.62800        16.05144         0.00000        94.86213
        18.00000       522.40358      2374.55153       131.25438       205.26947       193.24074         2.46072         1.25679       374.73260         1.06531         1.01875         3.66015        16.14420         0.00000        96.82280
        19.00000       548.18742      2384.54349       130.57794       209.32237       197.41844         2.39731         1.25451       379.27380         1.05481         1.02221         3.69246        16.21698         0.00000        98.89910
        20.00000       573.57014      2386.62979       129.76141       213.59195       201.87903         2.33191         1.25199       384.11689         1.04250         1.02519         3.72684        16.22699         0.00000       101.44398
        21.00000       598.92253      2384.66425       128.88219       217.94260       206.44006         2.26867         1.24952       389.04978         1.02991         1.02753         3.76177        16.20481         0.00000       104.23921
        22.00000       624.04227      2413.89498       126.65668       231.67993       220.99497         2.04803         1.24097       392.36592         0.97799         1.02873         3.78521        16.42940         0.00000       106.31242
        23.00000       649.12026      2413.80370       116.34951       279.09200       253.41848         2.88952         1.30455       397.02517         1.45251         1.02997         3.81808        16.42193         0.00000       111.88812
        24.00000       673.78483      2426.22967       115.93502       282.97497       257.23937         2.84781         1.30305       401.00408         1.44795         1.03064         3.84611        16.51349         0.00000       113.77944
        25.00000       696.50299      2438.51022       115.52759       286.84113       261.04327         2.80755         1.30160       404.91791         1.44351         1.03096         3.87363        16.60393         0.00000       115.65060
        26.00000       719.22116      2450.65000       115.12696       290.69118       264.83094         2.76867         1.30020       408.76912         1.43917         1.03099         3.90068        16.69329         0.00000       117.50222
        27.00000       741.81150      2462.65316       114.73292       294.52587       268.60315         2.73108         1.29884       412.56006         1.43493         1.03075         3.92727        16.78163         0.00000       119.33482
        28.00000       764.39099      2474.52378       114.34525       298.34587       272.36061         2.69472         1.29753       416.29292         1.43079         1.03027         3.95342        16.86901         0.00000       121.14893
        29.00000       786.82469      2486.26611       113.96375       302.15179       276.10395         2.65953         1.29626       419.96977         1.42675         1.02957         3.97915        16.95546         0.00000       122.94507
        30.00000       809.19806      2497.88313       113.58823       305.94423       279.83379         2.62543         1.29502       423.59261         1.42279         1.02869         4.00447        17.04103         0.00000       124.72370
        31.00000       831.57144      2509.37872       113.21849       309.72370       283.55067         2.59239         1.29383       427.16329         1.41892         1.02764         4.02941        17.12576         0.00000       126.48529
        32.00000       853.94481      2520.75624       112.85438       313.49071       287.25510         2.56033         1.29267       430.68357         1.41513         1.02643         4.05396        17.20967         0.00000       128.23028
        33.00000       876.25551      2532.01893       112.49571       317.24570       290.94757         2.52923         1.29154       434.15512         1.41142         1.02510         4.07816        17.29281         0.00000       129.95911
        34.00000       898.36522      2543.16989       112.14233       320.98913       294.62851         2.49902         1.29044       437.57953         1.40778         1.02364         4.10201        17.37520         0.00000       131.67217
        35.00000       920.47493      2554.21207       111.79409       324.72139       298.29836         2.46968         1.28937       440.95832         1.40422         1.02208         4.12552        17.45687         0.00000       133.36987
        36.00000       942.58464      2565.14794       111.45084       328.44271       301.95736         2.44116         1.28834       444.29291         1.40072         1.02042         4.14870        17.53785         0.00000       135.05261
        37.00000       964.69435      2575.98238       111.11246       332.15397       305.60631         2.41342         1.28733       447.58461         1.39730         1.01868         4.17158        17.61817         0.00000       136.72056
        38.00000       986.62271      2586.71319       110.77877       335.85490       309.24511         2.38643         1.28634       450.83489         1.39393         1.01687         4.19415        17.69783         0.00000       138.37440
        39.00000      1008.47872      2597.34766       110.44969       339.54608       312.87422         2.36015         1.28538       454.04481         1.39064         1.01498         4.21642        17.77687         0.00000       140.01421
        40.00000      1030.33473      2607.88742       110.12508       343.22774       316.49392         2.33457         1.28445       457.21558         1.38740         1.01304         4.23842        17.85532         0.00000       141.64040
        41.00000      1052.19073      2618.33312       109.80482       346.90025       320.10458         2.30964         1.28354       460.34838         1.38422         1.01105         4.26013        17.93318         0.00000       143.25326
        42.00000      1074.01237      2628.68695       109.48879       350.56392       323.70650         2.28534         1.28265       463.44430         1.38109         1.00901         4.28158        18.01047         0.00000       144.85307
        43.00000      1095.62184      2638.95289       109.17690       354.21886       327.29982         2.26165         1.28178       466.50430         1.37802         1.00694         4.30278        18.08721         0.00000       146.44015
        44.00000      1117.23130      2649.13224       108.86904       357.86537       330.88483         2.23854         1.28093       469.52939         1.37501         1.00482         4.32372        18.16343         0.00000       148.01476
        45.00000      1138.84077      2659.22697       108.56510       361.50370       334.46178         2.21599         1.28011       472.52052         1.37204         1.00268         4.34441        18.23913         0.00000       149.57717
        46.00000      1160.45023      2669.23906       108.26499       365.13405       338.03087         2.19398         1.27930       475.47857         1.36913         1.00051         4.36487        18.31433         0.00000       151.12763
        47.00000      1181.93728      2679.17051       107.96862       368.75665       341.59234         2.17248         1.27851       478.40443         1.36626         0.99832         4.38510        18.38904         0.00000       152.66638
        48.00000      1203.30755      2689.02298       107.67589       372.37168       345.14636         2.15149         1.27774       481.29891         1.36344         0.99611         4.40511        18.46328         0.00000       154.19368
        49.00000      1224.67783      2698.80011       107.38675       375.97925       348.69305         2.13097         1.27698       484.16276         1.36067         0.99389         4.42490        18.53707         0.00000       155.70975
        50.00000      1246.04810      2708.50040       107.10107       379.57971       352.23275         2.11092         1.27624       486.99683         1.35793         0.99165         4.44448        18.61040         0.00000       157.21480
        51.00000      1267.41837      2718.12708       106.81878       383.17315       355.76557         2.09131         1.27552       489.80183         1.35525         0.98940         4.46385        18.68330         0.00000       158.70906
        52.00000      1288.59275      2727.68003       106.53980       386.75986       359.29177         2.07214         1.27481       492.57850         1.35260         0.98715         4.48302        18.75576         0.00000       160.19270
        53.00000      1309.72768      2737.16417       106.26408       390.33977       362.81130         2.05338         1.27412       495.32741         1.34999         0.98489         4.50199        18.82781         0.00000       161.66598
        54.00000      1330.86262      2746.57948       105.99154       393.91314       366.32442         2.03502         1.27344       498.04927         1.34743         0.98262         4.52078        18.89947         0.00000       163.12906
        55.00000      1351.99755      2755.92743       105.72209       397.48012       369.83127         2.01705         1.27277       500.74470         1.34490         0.98035         4.53937        18.97073         0.00000       164.58214
        56.00000      1373.10913      2765.20944       105.45569       401.04085       373.33199         1.99945         1.27212       503.41432         1.34241         0.97809         4.55779        19.04160         0.00000       166.02540
        57.00000      1394.01259      2774.42683       105.19226       404.59544       376.82670         1.98222         1.27148       506.05870         1.33995         0.97582         4.57603        19.11210         0.00000       167.45903
        58.00000      1414.91605      2783.58123       104.93173       408.14408       380.31557         1.96534         1.27085       508.67840         1.33753         0.97356         4.59410        19.18224         0.00000       168.88317
        59.00000      1435.81951      2792.67377       104.67406       411.68686       383.79870         1.94880         1.27024       511.27398         1.33515         0.97130         4.61199        19.25202         0.00000       170.29800
        60.00000      1456.72297      2801.70575       104.41917       415.22389       387.27621         1.93258         1.26964       513.84594         1.33280         0.96904         4.62972        19.32145         0.00000       171.70369
        61.00000      1477.55340      2810.67844       104.16701       418.75529       390.74820         1.91669         1.26904       516.39480         1.33048         0.96679         4.64729        19.39054         0.00000       173.10039
        62.00000      1498.22650      2819.59307       103.91753       422.28119       394.21480         1.90110         1.26846       518.92105         1.32819         0.96455         4.66471        19.45930         0.00000       174.48825
        63.00000      1518.89960      2828.45078       103.67067       425.80168       397.67610         1.88582         1.26790       521.42515         1.32594         0.96231         4.68197        19.52774         0.00000       175.86743
        64.00000      1539.57270      2837.25277       103.42638       429.31687       401.13222         1.87083         1.26734       523.90757         1.32371         0.96009         4.69907        19.59585         0.00000       177.23805
        65.00000      1560.24580      2846.00023       103.18461       432.82687       404.58326         1.85611         1.26679       526.36874         1.32152         0.95787         4.71603        19.66366         0.00000       178.60027
        66.00000      1580.80840      2854.69397       102.94532       436.33176       408.02930         1.84168         1.26625       528.80910         1.31935         0.95566         4.73285        19.73116         0.00000       179.95423
        67.00000      1601.25118      2863.33533       102.70844       439.83164       411.47044         1.82750         1.26572       531.22906         1.31721         0.95346         4.74952        19.79836         0.00000       181.30004
        68.00000      1621.69397      2871.92528       102.47395       443.32662       414.90677         1.81359         1.26520       533.62901         1.31510         0.95127         4.76606        19.86528         0.00000       182.63784
        69.00000      1642.13676      2880.46471       102.24178       446.81676       418.33837         1.79992         1.26469       536.00935         1.31302         0.94909         4.78246        19.93190         0.00000       183.96775
        70.00000      1662.57955      2888.95464       102.01191       450.30217       421.76533         1.78650         1.26419       538.37046         1.31096         0.94692         4.79873        19.99825         0.00000       185.28990
        71.00000      1682.88578      2897.39604       101.78428       453.78291       425.18774         1.77332         1.26369       540.71269         1.30893         0.94477         4.81486        20.06433         0.00000       186.60440
        72.00000      1703.09638      2905.78984       101.55886       457.25908       428.60566         1.76037         1.26321       543.03641         1.30693         0.94262         4.83087        20.13014         0.00000       187.91138
        73.00000      1723.30698      2914.13685       101.33561       460.73074       432.01918         1.74764         1.26273       545.34196         1.30495         0.94049         4.84676        20.19568         0.00000       189.21093
        74.00000      1743.51758      2922.43801       101.11448       464.19798       435.42837         1.73513         1.26226       547.62966         1.30299         0.93837         4.86252        20.26097         0.00000       190.50317
        75.00000      1763.72818      2930.69412       100.89544       467.66086       438.83329         1.72283         1.26180       549.89986         1.30106         0.93626         4.87816        20.32601         0.00000       191.78822
        76.00000      1783.78811      2938.90601       100.67846       471.11946       442.23403         1.71073         1.26135       552.15285         1.29915         0.93417         4.89368        20.39080         0.00000       193.06616
        77.00000      1803.76336      2947.07447       100.46349       474.57385       445.63064         1.69884         1.26090       554.38895         1.29726         0.93209         4.90909        20.45535         0.00000       194.33711
        78.00000      1823.73861      2955.20027       100.25050       478.02409       449.02320         1.68715         1.26046       556.60846         1.29540         0.93002         4.92438        20.51966         0.00000       195.60116
        79.00000      1843.71386      2963.28414       100.03947       481.47025       452.41176         1.67564         1.26003       558.81166         1.29355         0.92796         4.93956        20.58374         0.00000       196.85841
        80.00000      1863.68911      2971.32684        99.83035       484.91239       455.79640         1.66432         1.25960       560.99883         1.29173         0.92592         4.95463        20.64758         0.00000       198.10896
        81.00000      1883.51189      2979.32905        99.62311       488.35058       459.17716         1.65319         1.25918       563.17026         1.28993         0.92389         4.96960        20.71121         0.00000       199.35289
        82.00000      1903.24666      2987.29124        99.41774       491.78485       462.55409         1.64222         1.25877       565.32620         1.28815         0.92187         4.98445        20.77461         0.00000       200.59030
        83.00000      1922.98143      2995.21470        99.21417       495.21531       465.92729         1.63144         1.25837       567.46692         1.28639         0.91987         4.99921        20.83779         0.00000       201.82128
        84.00000      1942.71619      3003.09936        99.01240       498.64197       469.29677         1.62082         1.25797       569.59267         1.28465         0.91788         5.01386        20.90076         0.00000       203.04592
        85.00000      1962.45096      3010.94642        98.81240       502.06492       472.66263         1.61036         1.25757       571.70368         1.28293         0.91591         5.02841        20.96353         0.00000       204.26428
        86.00000      1982.04577      3018.75606        98.61413       505.48419       476.02488         1.60006         1.25719       573.80022         1.28123         0.91394         5.04286        21.02608         0.00000       205.47646
        87.00000      2001.53363      3026.52905        98.41757       508.89983       479.38359         1.58992         1.25680       575.88251         1.27955         0.91200         5.05721        21.08844         0.00000       206.68255
        88.00000      2021.02148      3034.26593        98.22269       512.31191       482.73880         1.57994         1.25643       577.95077         1.27788         0.91006         5.07147        21.15059         0.00000       207.88261
        89.00000      2040.50934      3041.96727        98.02947       515.72046       486.09058         1.57010         1.25606       580.00523         1.27624         0.90814         5.08564        21.21255         0.00000       209.07673
        90.00000      2059.99719      3049.63360        97.83787       519.12555       489.43896         1.56040         1.25569       582.04611         1.27461         0.90623         5.09971        21.27431         0.00000       210.26499
        91.00000      2079.37392      3057.26552        97.64788       522.52721       492.78399         1.55085         1.25533       584.07361         1.27300         0.90433         5.11369        21.33588         0.00000       211.44744
        92.00000      2098.60653      3064.86332        97.45947       525.92548       496.12571         1.54144         1.25498       586.08795         1.27140         0.90245         5.12758        21.39727         0.00000       212.62418
        93.00000      2117.83915      3072.42770        97.27262       529.32042       499.46418         1.53216         1.25463       588.08933         1.26982         0.90058         5.14139        21.45847         0.00000       213.79527
        94.00000      2137.07176      3079.95908        97.08730       532.71208       502.79943         1.52302         1.25428       590.07794         1.26826         0.89873         5.15511        21.51949         0.00000       214.96078
        95.00000      2156.30438      3087.45769        96.90348       536.10044       506.13147         1.51401         1.25394       592.05397         1.26672         0.89688         5.16874        21.58032         0.00000       216.12080
        96.00000      2175.47443      3094.92459        96.72116       539.48569       509.46045         1.50512         1.25360       594.01761         1.26519         0.89505         5.18229        21.64099         0.00000       217.27533
        97.00000      2194.44184      3102.35963        96.54030       542.86772       512.78631         1.49636         1.25327       595.96906         1.26367         0.89324         5.19575        21.70147         0.00000       218.42450
        98.00000      2213.40925      3109.76404        96.36089       546.24666       516.10912         1.48771         1.25295       597.90846         1.26217         0.89143         5.20913        21.76179         0.00000       219.56835
        99.00000      2232.37665      3117.36636        96.18207       549.60140       519.40171         1.47937         1.25265       599.83096         1.26076         0.88965         5.22240        21.82374         0.00000       220.70391
       100.00000      2251.34406      3124.70332        96.00554       552.97509       522.71955         1.47096         1.25233       601.74700         1.25929         0.88787         5.23563        21.88367         0.00000       221.83717
       101.00000      2270.31147      3132.01004        95.83039       556.34576       526.03444         1.46266         1.25202       603.65153         1.25784         0.88610         5.24878        21.94343         0.00000       222.96531
       102.00000      2289.01274      3139.28697        95.65661       559.71344       529.34642         1.45447         1.25171       605.54471         1.25639         0.88435         5.26185        22.00303         0.00000       224.08839
       103.00000      2307.70399      3146.53446        95.48417       563.07818       532.65552         1.44639         1.25140       607.42670         1.25497         0.88261         5.27484        22.06247         0.00000       225.20646
       104.00000      2326.39524      3153.75616        95.31304       566.43975       535.96151         1.43842         1.25110       609.29759         1.25355         0.88088         5.28776        22.12177         0.00000       226.31962
       105.00000      2345.08649      3160.94259        95.14325       569.79894       539.26524         1.43055         1.25080       611.15774         1.25215         0.87916         5.30061        22.18086         0.00000       227.42782
       106.00000      2363.77773      3168.10372        94.97473       573.15502       542.56591         1.42279         1.25051       613.00710         1.25076         0.87746         5.31339        22.23981         0.00000       228.53124
       107.00000      2382.29127      3175.23687        94.80749       576.50830       545.86385         1.41512         1.25022       614.84587         1.24939         0.87576         5.32609        22.29861         0.00000       229.62987
       108.00000      2400.69289      3182.34426        94.64149       579.85853       549.15881         1.40755         1.24993       616.67417         1.24803         0.87408         5.33872        22.35727         0.00000       230.72380
       109.00000      2419.09451      3189.42016        94.47675       583.20653       552.45162         1.40008         1.24965       618.49224         1.24668         0.87241         5.35129        22.41575         0.00000       231.81300
       110.00000      2437.49614      3196.47090        94.31322       586.55155       555.74152         1.39270         1.24937       620.30012         1.24534         0.87076         5.36378        22.47409         0.00000       232.89761
       111.00000      2455.89776      3203.49648        94.15089       589.89361       559.02854         1.38542         1.24909       622.09793         1.24402         0.86911         5.37621        22.53230         0.00000       233.97768
       112.00000      2474.24475      3210.49381        93.98975       593.23340       562.31334         1.37823         1.24882       623.88589         1.24271         0.86748         5.38857        22.59034         0.00000       235.05319
       113.00000      2492.34170      3217.46464        93.82978       596.57043       565.59548         1.37112         1.24855       625.66408         1.24141         0.86585         5.40087        22.64824         0.00000       236.12424
       114.00000      2510.43864      3224.40942        93.67098       599.90486       568.87508         1.36411         1.24829       627.43264         1.24012         0.86424         5.41310        22.70599         0.00000       237.19086
       115.00000      2528.53558      3231.32838        93.51332       603.23671       572.15218         1.35717         1.24803       629.19168         1.23884         0.86264         5.42526        22.76359         0.00000       238.25311
       116.00000      2546.63253      3238.22179        93.35679       606.56601       575.42680         1.35033         1.24777       630.94133         1.23758         0.86105         5.43737        22.82105         0.00000       239.31103
       117.00000      2564.72947      3245.08989        93.20138       609.89279       578.69897         1.34356         1.24751       632.68170         1.23632         0.85948         5.44941        22.87837         0.00000       240.36466
       118.00000      2582.61700      3251.93290        93.04706       613.21706       581.96871         1.33688         1.24726       634.41292         1.23508         0.85791         5.46139        22.93555         0.00000       241.41406
       119.00000      2600.39350      3258.75106        92.89383       616.53887       585.23606         1.33027         1.24701       636.13510         1.23385         0.85635         5.47331        22.99259         0.00000       242.45926
       120.00000      2618.17000      3265.54458        92.74168       619.85822       588.50104         1.32374         1.24676       637.84835         1.23263         0.85481         5.48517        23.04949         0.00000       243.50031
       121.00000      2635.94650      3272.31370        92.59058       623.17515       591.76366         1.31729         1.24651       639.55278         1.23141         0.85327         5.49697        23.10625         0.00000       244.53726
       122.00000      2653.72300      3279.05859        92.44053       626.48969       595.02397         1.31091         1.24627       641.24850         1.23021         0.85175         5.50871        23.16287         0.00000       245.57014
       123.00000      2671.49146      3285.77950        92.29151       629.80184       598.28197         1.30461         1.24603       642.93561         1.22902         0.85023         5.52039        23.21936         0.00000       246.59899
       124.00000      2688.98186      3292.47659        92.14352       633.11165       601.53770         1.29838         1.24580       644.61422         1.22784         0.84873         5.53202        23.27572         0.00000       247.62386
       125.00000      2706.47225      3299.15016        91.99653       636.41913       604.79118         1.29222         1.24556       646.28444         1.22667         0.84724         5.54359        23.33194         0.00000       248.64479
       126.00000      2723.96264      3305.80014        91.85054       639.72431       608.04243         1.28613         1.24533       647.94635         1.22551         0.84575         5.55510        23.38802         0.00000       249.66180
       127.00000      2741.44849      3312.43101        91.70551       643.02726       611.29149         1.28011         1.24510       649.59999         1.22436         0.84428         5.56656        23.44401         0.00000       250.67491
       128.00000      2758.76354      3319.03122        91.56150       646.32782       614.53833         1.27415         1.24488       651.24567         1.22321         0.84282         5.57796        23.49980         0.00000       251.68429
       129.00000      2776.00929      3325.61171        91.41843       649.62620       617.78302         1.26826         1.24466       652.88328         1.22208         0.84136         5.58932        23.55549         0.00000       252.68984
       130.00000      2793.08810      3332.17044        91.27630       652.92237       621.02557         1.26244         1.24443       654.51296         1.22096         0.83992         5.60061        23.61106         0.00000       253.69162
       131.00000      2810.16691      3338.70588        91.13512       656.21632       624.26599         1.25668         1.24422       656.13482         1.21984         0.83848         5.61186        23.66649         0.00000       254.68969
       132.00000      2827.24572      3345.21868        90.99486       659.50812       627.50434         1.25098         1.24400       657.74896         1.21874         0.83706         5.62306        23.72179         0.00000       255.68410
       133.00000      2844.32452      3375.05144        90.54637       658.40747       626.97900         1.23825         1.24289       658.92295         1.19945         0.83603         5.63120        23.96125         0.00000       256.40767
       134.00000      2861.40333      3415.25406        89.96179       655.37594       624.80196         1.22221         1.24135       659.89916         1.17231         0.83517         5.63797        24.28268         0.00000       257.00926
       135.00000      2878.36916      3461.65133        89.29844       651.27337       621.70343         1.20419         1.23953       660.75514         1.14101         0.83441         5.64391        24.65314         0.00000       257.53650
       136.00000      2895.19009      3467.95374        89.16004       654.49639       624.89884         1.19843         1.23929       662.34946         1.13962         0.83301         5.65497        24.70711         0.00000       258.52001
       137.00000      2912.01101      3474.23268        89.02253       657.71711       628.09187         1.19274         1.23906       663.93639         1.13824         0.83162         5.66598        24.76095         0.00000       259.50000
       138.00000      2928.83193      3480.48838        88.88591       660.93555       631.28254         1.18711         1.23883       665.51602         1.13688         0.83024         5.67695        24.81465         0.00000       260.47652
       139.00000      2945.65286      3486.72103        88.75015       664.15173       634.47088         1.18154         1.23860       667.08842         1.13553         0.82887         5.68786        24.86822         0.00000       261.44959
       140.00000      2962.47378      3492.93086        88.61526       667.36568       637.65690         1.17604         1.23837       668.65367         1.13419         0.82751         5.69873        24.92164         0.00000       262.41925
         0.00000        -0.00000      2062.05635       158.89775        80.57925        71.14729         5.77511         1.34140       279.65367         1.11322         0.62301         2.95517        13.56033         0.00000        58.73976
         1.00000        36.28228      2088.96649       156.96341        89.62023        80.41767         5.04476         1.31977       285.54038         1.08589         0.68058         3.00126        13.80661         0.00000        60.88483
         2.00000        66.34476      2113.11598       155.26743        96.85581        87.85471         4.56530         1.30550       291.47885         1.06203         0.73133         3.04729        14.02584         0.00000        63.07920
         3.00000        96.41489      2136.08854       153.48215       104.29459        95.35322         4.19375         1.29513       297.33739         1.04676         0.77510         3.09227        14.23025         0.00000        65.27357
         4.00000       126.47625      2157.61727       151.98645       110.08965       101.30856         3.91116         1.28669       303.13587         1.02712         0.81303         3.13641        14.41861         0.00000        67.47386
         5.00000       156.54183      2178.10042       150.57646       115.43658       106.82666         3.67256         1.27949       308.84454         1.00756         0.84575         3.17953        14.59458         0.00000        69.66732
         6.00000       186.60540      2197.36596       149.24709       120.54152       112.10688         3.46391         1.27316       314.47768         0.98847         0.87406         3.22178        14.75744         0.00000        71.85786
         7.00000       216.66896      2215.36440       147.99116       125.53602       117.26666         3.27938         1.26758       320.04021         0.97064         0.89859         3.26324        14.90732         0.00000        74.04606
         8.00000       246.00169      2232.24392       146.79607       130.45820       122.34046         3.11524         1.26265       325.52373         0.95419         0.91978         3.30386        15.04579         0.00000        76.22726
         9.00000       275.15035      2248.13762       145.65042       135.32890       127.34854         2.96838         1.25828       330.92206         0.93904         0.93806         3.34363        15.17427         0.00000        78.39765
        10.00000       304.12654      2263.14279       144.54299       140.17313       132.31473         2.83643         1.25438       336.23228         0.92521         0.95380         3.38256        15.29388         0.00000        80.55464
        11.00000       332.88900      2277.32806       143.45994       145.03023       137.27420         2.71778         1.25093       341.45384         0.91287         0.96732         3.42067        15.40545         0.00000        82.69668
        12.00000       361.53749      2290.75983       142.37851       149.97421       142.28905         2.61213         1.24793       346.58663         0.90262         0.97891         3.45797        15.50976         0.00000        84.82239
        13.00000       389.98609      2303.76399       141.24727       155.18456       147.48877         2.52458         1.24563       351.61551         0.89715         0.98878         3.49437        15.60961         0.00000        86.92418
        14.00000       417.29753      2316.48735       139.85325       161.42773       153.50503         2.46629         1.24468       356.53726         0.90339         0.99715         3.52987        15.70634         0.00000        88.99932
        15.00000       443.99125      2329.36633       138.72730       166.65117       158.63115         2.40411         1.24328       361.33287         0.90281         1.00418         3.56435        15.80359         0.00000        91.03826
        16.00000       470.32792      2396.22715       132.72790       196.30143       183.75918         2.61615         1.26430       363.02092         1.08877         1.00641         3.57646        16.32694         0.00000        91.75992
        17.00000       496.56087      2409.36265       132.06024       200.33048       187.90399         2.54605         1.26177       367.65251         1.07806         1.01192         3.60962        16.42544         0.00000        93.75047
        18.00000       522.40358      2422.18162       131.40911       204.33900       192.02313         2.47985         1.25939       372.19860         1.06778         1.01651         3.64209        16.52102         0.00000        95.71913
        19.00000       548.18742      2426.89649       130.61535       208.58300       196.45361         2.41059         1.25670       377.07193         1.05537         1.02062         3.67680        16.55213         0.00000        98.15117
        20.00000       573.57014      2427.07018       129.75037       212.93319       201.01790         2.34288         1.25401       382.06567         1.04241         1.02401         3.71228        16.54704         0.00000       100.85028
        21.00000       598.92253      2423.12574       128.82696       217.35268       205.67119         2.27755         1.25140       387.14779         1.02916         1.02670         3.74831        16.50918         0.00000       103.80067
        22.00000       624.04227      2441.83724       126.76692       229.29647       218.35378         2.08532         1.24378       391.00489         0.98418         1.02827         3.77559        16.65052         0.00000       106.35273
        23.00000       649.12026      2460.32469       116.50609       278.21378       252.01187         2.90601         1.30811       394.80370         1.45419         1.02945         3.80241        16.79002         0.00000       110.84163
        24.00000       673.78483      2473.04696       116.08975       282.09953       255.83428         2.86378         1.30656       398.80871         1.44961         1.03032         3.83065        16.88386         0.00000       112.73919
        25.00000       696.50299      2485.61987       115.68052       285.96812       259.63934         2.82304         1.30506       402.74766         1.44513         1.03082         3.85837        16.97653         0.00000       114.61645
        26.00000       719.22116      2498.04807       115.27816       289.82039       263.42793         2.78371         1.30361       406.62307         1.44077         1.03101         3.88561        17.06808         0.00000       116.47398
        27.00000       741.81150      2510.33598       114.88243       293.65706       267.20082         2.74569         1.30221       410.43735         1.43650         1.03091         3.91238        17.15858         0.00000       118.31233
        28.00000       764.39099      2522.48780       114.49312       297.47883       270.95874         2.70892         1.30085       414.19272         1.43234         1.03056         3.93871        17.24807         0.00000       120.13205
        29.00000       786.82469      2534.50753       114.11003       301.28634       274.70235         2.67334         1.29954       417.89131         1.42827         1.02999         3.96461        17.33660         0.00000       121.93362
        30.00000       809.19806      2546.39899       113.73296       305.08018       278.43226         2.63888         1.29827       421.53514         1.42429         1.02921         3.99009        17.42421         0.00000       123.71755
        31.00000       831.57144      2558.16580       113.36172       308.86088       282.14904         2.60548         1.29703       425.12609         1.42039         1.02826         4.01518        17.51096         0.00000       125.48431
        32.00000       853.94481      2569.81198       112.99615       312.62894       285.85318         2.57309         1.29583       428.66596         1.41658         1.02714         4.03989        17.59687         0.00000       127.23433
        33.00000       876.25551      2581.33982       112.63606       316.38487       289.54525         2.54167         1.29467       432.15648         1.41285         1.02589         4.06423        17.68197         0.00000       128.96805
        34.00000       898.36522      2592.75301       112.28130       320.12911       293.22566         2.51116         1.29354       435.59927         1.40919         1.02450         4.08822        17.76631         0.00000       130.68588
        35.00000       920.47493      2604.05458       111.93172       323.86205       296.89484         2.48153         1.29244       438.99584         1.40561         1.02300         4.11186        17.84990         0.00000       132.38822
        36.00000       942.58464      2615.24683       111.58715       327.58414       300.55324         2.45272         1.29137       442.34770         1.40210         1.02140         4.13518        17.93277         0.00000       134.07544
        37.00000       964.69435      2626.33451       111.24749       331.29562       304.20112         2.42472         1.29033       445.65614         1.39865         1.01971         4.15818        18.01497         0.00000       135.74793
        38.00000       986.62271      2637.31838       110.91257       334.99695       307.83894         2.39747         1.28931       448.92258         1.39527         1.01795         4.18087        18.09650         0.00000       137.40601
        39.00000      1008.47872      2648.20079       110.58226       338.68847       311.46705         2.37095         1.28833       452.14829         1.39196         1.01611         4.20326        18.17738         0.00000       139.05002
        40.00000      1030.33473      2658.98694       110.25648       342.37033       315.08560         2.34513         1.28736       455.33435         1.38870         1.01420         4.22537        18.25765         0.00000       140.68031
        41.00000      1052.19073      2669.67553       109.93505       346.04304       318.69511         2.31997         1.28643       458.48206         1.38550         1.01225         4.24720        18.33731         0.00000       142.29717
        42.00000      1074.01237      2680.27176       109.61791       349.70670       322.29568         2.29546         1.28551       461.59240         1.38236         1.01024         4.26875        18.41639         0.00000       143.90090
        43.00000      1095.62184      2690.77691       109.30492       353.36163       325.88765         2.27156         1.28462       464.66645         1.37928         1.00819         4.29005        18.49491         0.00000       145.49181
        44.00000      1117.23130      2701.19313       108.99598       357.00806       329.47124         2.24825         1.28374       467.70522         1.37625         1.00610         4.31109        18.57289         0.00000       147.07015
        45.00000      1138.84077      2711.52257       108.69099       360.64626       333.04671         2.22550         1.28289       470.70967         1.37327         1.00398         4.33188        18.65033         0.00000       148.63621
        46.00000      1160.45023      2721.76723       108.38986       364.27642       336.61428         2.20330         1.28206       473.68070         1.37034         1.00184         4.35244        18.72726         0.00000       150.19023
        47.00000      1181.93728      2731.92909       108.09249       367.89879       340.17418         2.18162         1.28124       476.61919         1.36746         0.99966         4.37276        18.80369         0.00000       151.73248
        48.00000      1203.30755      2742.00999       107.79879       371.51352       343.72658         2.16045         1.28045       479.52599         1.36463         0.99747         4.39286        18.87964         0.00000       153.26319
        49.00000      1224.67783      2752.01180       107.50867       375.12084       347.27169         2.13977         1.27967       482.40191         1.36184         0.99526         4.41273        18.95511         0.00000       154.78259
        50.00000      1246.04810      2761.93629       107.22205       378.72093       350.80969         2.11955         1.27891       485.24771         1.35910         0.99304         4.43239        19.03012         0.00000       156.29091
        51.00000      1267.41837      2771.78518       106.93885       382.31395       354.34077         2.09979         1.27817       488.06415         1.35640         0.99080         4.45185        19.10468         0.00000       157.78837
        52.00000      1288.59275      2781.56015       106.65899       385.90009       357.86508         2.08046         1.27744       490.85193         1.35374         0.98855         4.47110        19.17881         0.00000       159.27517
        53.00000      1309.72768      2791.26279       106.38240       389.47949       361.38280         2.06155         1.27672       493.61175         1.35112         0.98630         4.49015        19.25251         0.00000       160.75153
        54.00000      1330.86262      2800.89471       106.10900       393.05232       364.89407         2.04304         1.27602       496.34427         1.34854         0.98404         4.50901        19.32579         0.00000       162.21763
        55.00000      1351.99755      2810.45745       105.83872       396.61873       368.39904         2.02493         1.27534       499.05013         1.34600         0.98178         4.52768        19.39867         0.00000       163.67366
        56.00000      1373.10913      2819.95235       105.57150       400.17885       371.89786         2.00720         1.27467       501.72994         1.34350         0.97952         4.54617        19.47116         0.00000       165.11982
        57.00000      1394.01259      2829.38206       105.30727       403.73289       375.39068         1.98984         1.27401       504.38425         1.34104         0.97726         4.56448        19.54327         0.00000       166.55621
        58.00000      1414.91605      2838.74514       105.04596       407.28082       378.87758         1.97283         1.27337       507.01372         1.33860         0.97500         4.58261        19.61499         0.00000       167.98318
        59.00000      1435.81951      2848.04489       104.78751       410.82287       382.35871         1.95617         1.27274       509.61885         1.33621         0.97274         4.60058        19.68635         0.00000       169.40078
        60.00000      1456.72297      2857.28282       104.53187       414.35918       385.83421         1.93983         1.27212       512.20016         1.33385         0.97049         4.61838        19.75735         0.00000       170.80916
        61.00000      1477.55340      2866.45978       104.27898       417.88984       389.30419         1.92382         1.27151       514.75817         1.33152         0.96824         4.63601        19.82800         0.00000       172.20850
        62.00000      1498.22650      2875.57699       104.02878       421.41496       392.76875         1.90813         1.27091       517.29339         1.32922         0.96600         4.65349        19.89831         0.00000       173.59896
        63.00000      1518.89960      2884.63574       103.78121       424.93467       396.22800         1.89273         1.27033       519.80627         1.32696         0.96376         4.67081        19.96828         0.00000       174.98067
        64.00000      1539.57270      2893.63702       103.53623       428.44904       399.68205         1.87763         1.26975       522.29731         1.32473         0.96153         4.68798        20.03793         0.00000       176.35381
        65.00000      1560.24580      2902.58213       103.29378       431.95820       403.13099         1.86281         1.26919       524.76693         1.32252         0.95931         4.70500        20.10726         0.00000       177.71849
        66.00000      1580.80840      2911.47213       103.05382       435.46224       406.57493         1.84827         1.26863       527.21557         1.32035         0.95710         4.72187        20.17627         0.00000       179.07486
        67.00000      1601.25118      2920.30809       102.81629       438.96125       410.01394         1.83400         1.26809       529.64365         1.31820         0.95490         4.73860        20.24498         0.00000       180.42305
        68.00000      1621.69397      2929.09108       102.58116       442.45534       413.44815         1.81999         1.26755       532.05157         1.31608         0.95271         4.75519        20.31339         0.00000       181.76319
        69.00000      1642.13676      2937.82205       102.34836       445.94457       416.87761         1.80623         1.26703       534.43974         1.31399         0.95053         4.77165        20.38150         0.00000       183.09541
        70.00000      1662.57955      2946.50208       102.11787       449.42906       420.30242         1.79272         1.26651       536.80853         1.31192         0.94836         4.78797        20.44933         0.00000       184.41982
        71.00000      1682.88578      2955.13206       101.88964       452.90886       423.72266         1.77945         1.26601       539.15831         1.30989         0.94620         4.80415        20.51687         0.00000       185.73656
        72.00000      1703.09638      2963.71295       101.66363       456.38407       427.13841         1.76641         1.26551       541.48944         1.30787         0.94405         4.82022        20.58414         0.00000       187.04573
        73.00000      1723.30698      2972.24569       101.43979       459.85477       430.54975         1.75359         1.26502       543.80227         1.30588         0.94191         4.83615        20.65114         0.00000       188.34744
        74.00000      1743.51758      2980.73107       101.21809       463.32101       433.95674         1.74100         1.26453       546.09714         1.30392         0.93979         4.85196        20.71787         0.00000       189.64182
        75.00000      1763.72818      2989.16995       100.99849       466.78290       437.35947         1.72862         1.26406       548.37437         1.30198         0.93768         4.86765        20.78435         0.00000       190.92897
        76.00000      1783.78811      2997.56326       100.78096       470.24049       440.75801         1.71645         1.26359       550.63428         1.30006         0.93558         4.88322        20.85056         0.00000       192.20898
        77.00000      1803.76336      3005.91175       100.56545       473.69385       444.15241         1.70448         1.26314       552.87719         1.29817         0.93349         4.89867        20.91653         0.00000       193.48198
        78.00000      1823.73861      3014.21623       100.35193       477.14306       447.54274         1.69271         1.26268       555.10338         1.29630         0.93142         4.91401        20.98225         0.00000       194.74804
        79.00000      1843.71386      3022.47746       100.14037       480.58817       450.92908         1.68113         1.26224       557.31317         1.29445         0.92936         4.92924        21.04773         0.00000       196.00728
        80.00000      1863.68911      3030.69616        99.93074       484.02925       454.31147         1.66974         1.26180       559.50682         1.29262         0.92731         4.94435        21.11298         0.00000       197.25979
        81.00000      1883.51189      3038.87305        99.72300       487.46637       457.69001         1.65853         1.26137       561.68463         1.29081         0.92528         4.95936        21.17799         0.00000       198.50565
        82.00000      1903.24666      3047.00886        99.51712       490.89958       461.06471         1.64750         1.26095       563.84685         1.28903         0.92326         4.97426        21.24277         0.00000       199.74497
        83.00000      1922.98143      3055.10423        99.31307       494.32894       464.43566         1.63665         1.26053       565.99375         1.28726         0.92125         4.98905        21.30733         0.00000       200.97784
        84.00000      1942.71619      3063.15990        99.11083       497.75451       467.80290         1.62596         1.26012       568.12558         1.28552         0.91926         5.00375        21.37166         0.00000       202.20432
        85.00000      1962.45096      3071.17640        98.91035       501.17634       471.16649         1.61544         1.25972       570.24260         1.28379         0.91727         5.01834        21.43578         0.00000       203.42453
        86.00000      1982.04577      3079.15445        98.71162       504.59449       474.52649         1.60508         1.25932       572.34504         1.28208         0.91531         5.03283        21.49969         0.00000       204.63853
        87.00000      2001.53363      3087.09458        98.51460       508.00901       477.88294         1.59488         1.25892       574.43314         1.28039         0.91335         5.04722        21.56339         0.00000       205.84641
        88.00000      2021.02148      3094.99770        98.31926       511.41992       481.23587         1.58483         1.25854       576.50713         1.27872         0.91141         5.06152        21.62688         0.00000       207.04826
        89.00000      2040.50934      3102.86358        98.12560       514.82736       484.58541         1.57493         1.25816       578.56725         1.27707         0.90948         5.07572        21.69016         0.00000       208.24412
        90.00000      2059.99719      3110.69353        97.93357       518.23130       487.93152         1.56518         1.25778       580.61370         1.27543         0.90757         5.08983        21.75325         0.00000       209.43410
        91.00000      2079.37392      3118.48784        97.74315       521.63180       491.27428         1.55558         1.25741       582.64670         1.27382         0.90567         5.10385        21.81614         0.00000       210.61827
        92.00000      2098.60653      3126.24697        97.55431       525.02884       494.61368         1.54611         1.25705       584.66646         1.27222         0.90378         5.11778        21.87883         0.00000       211.79673
        93.00000      2117.83915      3133.97197        97.36704       528.42270       497.94994         1.53678         1.25669       586.67316         1.27063         0.90190         5.13162        21.94134         0.00000       212.96946
        94.00000      2137.07176      3141.66229        97.18130       531.81317       501.28292         1.52758         1.25633       588.66704         1.26907         0.90004         5.14537        22.00365         0.00000       214.13663
        95.00000      2156.30438      3149.31905        96.99709       535.20040       504.61272         1.51851         1.25598       590.64827         1.26752         0.89819         5.15904        22.06578         0.00000       215.29826
        96.00000      2175.47443      3156.94276        96.81436       538.58441       507.93940         1.50957         1.25564       592.61704         1.26598         0.89636         5.17262        22.12772         0.00000       216.45444
        97.00000      2194.44184      3164.53374        96.63311       541.96525       511.26298         1.50076         1.25530       594.57354         1.26446         0.89454         5.18612        22.18949         0.00000       217.60522
        98.00000      2213.40925      3172.09244        96.45331       545.34297       514.58351         1.49207         1.25496       596.51795         1.26296         0.89273         5.19954        22.25107         0.00000       218.75066
        99.00000      2232.37665      3179.61898        96.27494       548.71758       517.90101         1.48350         1.25463       598.45044         1.26147         0.89093         5.21288        22.31248         0.00000       219.89085
       100.00000      2251.34406      3187.11465        96.09797       552.08917       521.21556         1.47504         1.25430       600.37118         1.25999         0.88914         5.22613        22.37372         0.00000       221.02582
       101.00000      2270.31147      3194.57898        95.92239       555.45772       524.52717         1.46670         1.25398       602.28035         1.25853         0.88737         5.23931        22.43478         0.00000       222.15565
       102.00000      2289.01274      3202.01265        95.74819       558.82330       527.83587         1.45847         1.25366       604.17812         1.25709         0.88561         5.25241        22.49567         0.00000       223.28040
       103.00000      2307.70399      3209.61915        95.57463       562.16770       531.11804         1.45051         1.25337       606.06021         1.25572         0.88387         5.26541        22.55799         0.00000       224.39731
       104.00000      2326.39524      3216.98699        95.40315       565.52828       534.42201         1.44249         1.25306       607.93578         1.25430         0.88214         5.27836        22.61850         0.00000       225.51193
       105.00000      2345.08649      3224.32517        95.23299       568.88598       537.72317         1.43458         1.25276       609.80042         1.25289         0.88041         5.29124        22.67885         0.00000       226.62165
       106.00000      2363.77773      3231.63393        95.06412       572.24082       541.02155         1.42677         1.25245       611.65427         1.25150         0.87870         5.30404        22.73904         0.00000       227.72652
       107.00000      2382.29127      3238.91381        94.89652       575.59285       544.31719         1.41907         1.25216       613.49748         1.25012         0.87700         5.31677        22.79906         0.00000       228.82660
       108.00000      2400.69289      3246.16752        94.73018       578.94180       547.60983         1.41146         1.25186       615.33015         1.24876         0.87532         5.32944        22.85895         0.00000       229.92196
       109.00000      2419.09451      3253.39092        94.56507       582.28842       550.90020         1.40395         1.25157       617.15251         1.24740         0.87364         5.34203        22.91866         0.00000       231.01261
       110.00000      2437.49614      3260.58303        94.40122       585.63235       554.18799         1.39653         1.25128       618.96473         1.24606         0.87198         5.35455        22.97818         0.00000       232.09860
       111.00000      2455.89776      3267.75233        94.23855       588.97317       557.47273         1.38921         1.25100       620.76676         1.24473         0.87033         5.36701        23.03760         0.00000       233.18006
       112.00000      2474.24475      3274.89004        94.07709       592.31183       560.75539         1.38198         1.25072       622.55894         1.24342         0.86869         5.37940        23.09682         0.00000       234.25694
       113.00000      2492.34170      3282.00408        93.91680       595.64733       564.03498         1.37483         1.25044       624.34123         1.24211         0.86706         5.39172        23.15592         0.00000       235.32938
       114.00000      2510.43864      3289.09038        93.75766       598.98063       567.31241         1.36778         1.25017       626.11386         1.24082         0.86544         5.40398        23.21487         0.00000       236.39736
       115.00000      2528.53558      3296.14953        93.59968       602.31122       570.58723         1.36081         1.24990       627.87693         1.23954         0.86384         5.41617        23.27366         0.00000       237.46095
       116.00000      2546.63253      3303.18238        93.44283       605.63926       573.85957         1.35393         1.24963       629.63057         1.23827         0.86224         5.42830        23.33230         0.00000       238.52020
       117.00000      2564.72947      3310.18917        93.28710       608.96477       577.12947         1.34713         1.24937       631.37488         1.23701         0.86066         5.44037        23.39079         0.00000       239.57515
       118.00000      2582.61700      3317.17005        93.13247       612.28778       580.39694         1.34041         1.24911       633.11000         1.23576         0.85909         5.45237        23.44914         0.00000       240.62585
       119.00000      2600.39350      3324.12553        92.97893       615.60833       583.66203         1.33377         1.24885       634.83603         1.23453         0.85753         5.46432        23.50735         0.00000       241.67236
       120.00000      2618.17000      3331.05568        92.82647       618.92642       586.92474         1.32721         1.24860       636.55308         1.23330         0.85598         5.47620        23.56542         0.00000       242.71470
       121.00000      2635.94650      3337.96071        92.67506       622.24209       590.18510         1.32072         1.24835       638.26128         1.23209         0.85444         5.48802        23.62334         0.00000       243.75292
       122.00000      2653.72300      3344.84081        92.52471       625.55537       593.44315         1.31431         1.24810       639.96072         1.23088         0.85291         5.49979        23.68112         0.00000       244.78706
       123.00000      2671.49146      3351.69654        92.37539       628.86627       596.69890         1.30798         1.24785       641.65151         1.22969         0.85139         5.51150        23.73876         0.00000       245.81716
       124.00000      2688.98186      3358.52731        92.22710       632.17481       599.95237         1.30172         1.24761       643.33376         1.22850         0.84988         5.52315        23.79626         0.00000       246.84328
       125.00000      2706.47225      3365.33410        92.07982       635.48102       603.20359         1.29553         1.24737       645.00758         1.22733         0.84838         5.53474        23.85363         0.00000       247.86544
       126.00000      2723.96264      3372.11704        91.93354       638.78494       606.45259         1.28941         1.24713       646.67305         1.22616         0.84689         5.54628        23.91086         0.00000       248.88368
       127.00000      2741.44849      3378.87638        91.78824       642.08658       609.69939         1.28335         1.24690       648.33028         1.22501         0.84541         5.55776        23.96795         0.00000       249.89805
       128.00000      2758.76354      3385.61108        91.64392       645.38593       612.94400         1.27737         1.24667       649.97938         1.22386         0.84394         5.56919        24.02490         0.00000       250.90858
       129.00000      2776.00929      3392.32283        91.50056       648.68306       616.18645         1.27145         1.24644       651.62043         1.22272         0.84248         5.58056        24.08173         0.00000       251.91532
       130.00000      2793.08810      3399.01218        91.35815       651.97799       619.42678         1.26560         1.24621       653.25351         1.22160         0.84103         5.59188        24.13842         0.00000       252.91828
       131.00000      2810.16691      3405.67682        91.21668       655.27067       622.66496         1.25981         1.24599       654.87875         1.22048         0.83960         5.60315        24.19497         0.00000       253.91754
       132.00000      2827.24572      3412.31929        91.07615       658.56121       625.90106         1.25409         1.24576       656.49622         1.21937         0.83817         5.61437        24.25140         0.00000       254.91310
       133.00000      2844.32452      3418.93906        90.93653       661.84958       629.13509         1.24842         1.24554       658.10600         1.21827         0.83675         5.62553        24.30769         0.00000       255.90500
       134.00000      2861.40333      3451.01996        90.46714       660.41196       628.32999         1.23527         1.24436       659.23368         1.19775         0.83575         5.63335        24.56503         0.00000       256.59952
       135.00000      2878.36916      3492.40895        89.87862       657.27527       626.07530         1.21920         1.24277       660.18249         1.17039         0.83492         5.63994        24.89595         0.00000       257.18362
       136.00000      2895.19009      3538.02470        89.23871       653.44372       623.22361         1.20179         1.24099       661.04725         1.14042         0.83416         5.64594        25.26035         0.00000       257.71577
       137.00000      2912.01101      3544.43365        89.10092       656.66386       626.41568         1.19606         1.24075       662.63761         1.13904         0.83276         5.65697        25.31533         0.00000       258.69703
       138.00000      2928.83193      3550.81810        88.96400       659.88177       629.60543         1.19040         1.24051       664.22065         1.13767         0.83137         5.66796        25.37015         0.00000       259.67481
       139.00000      2945.65286      3557.17889        88.82796       663.09742       632.79284         1.18480         1.24027       665.79643         1.13631         0.83000         5.67889        25.42484         0.00000       260.64913
       140.00000      2962.47378      3563.51622        88.69278       666.31082       635.97793         1.17926         1.24004       667.36502         1.13497         0.82863         5.68978        25.47939         0.00000       261.62002
         0.00000        -0.00000      2100.65833       159.26620        78.74190        69.04795         5.97109         1.35108       276.44487         1.11929         0.58820         2.92982        13.83475         0.00000        57.58333
         1.00000        36.28228      2128.70299       157.28319        88.30902        78.85647         5.16066         1.32660       282.31066         1.09117         0.64996         2.97602        14.09454         0.00000        59.70419
         2.00000        66.34476      2153.68332       155.55791        95.84997        86.60005         4.64690         1.31103       288.26125         1.06727         0.70469         3.02240        14.32463         0.00000        61.88647
         3.00000        96.41489      2177.27235       153.75925       103.41702        94.22764         4.25815         1.29993       294.15279         1.05190         0.75204         3.06786        14.53772         0.00000        64.07714
         4.00000       126.47625      2199.44915       152.25041       109.23928       100.21499         3.96700         1.29103       299.98453         1.03206         0.79304         3.11246        14.73445         0.00000        66.27457
         5.00000       156.54183      2220.58316       150.82777       114.57083       105.72590         3.72235         1.28346       305.72767         1.01211         0.82842         3.15602        14.91831         0.00000        68.46639
         6.00000       186.60540      2240.55458       149.48152       119.64208       110.98592         3.50795         1.27678       311.39237         0.99231         0.85902         3.19867        15.08907         0.00000        70.65489
         7.00000       216.66896      2259.17315       148.21027       124.62876       116.14936         3.31806         1.27089       316.99335         0.97390         0.88555         3.24055        15.24584         0.00000        72.84441
         8.00000       246.00169      2276.59314       147.00180       129.56051       121.24149         3.14931         1.26569       322.52073         0.95702         0.90852         3.28163        15.39026         0.00000        75.02980
         9.00000       275.15035      2292.96703       145.84430       134.44866       126.27383         2.99858         1.26110       327.96616         0.94157         0.92835         3.32187        15.52394         0.00000        77.20642
        10.00000       304.12654      2308.40348       144.72605       139.31372       131.26654         2.86331         1.25701       333.32539         0.92749         0.94545         3.36127        15.64812         0.00000        79.37118
        11.00000       332.88900      2322.97855       143.63299       144.19359       136.25367         2.74180         1.25339       338.59697         0.91493         0.96015         3.39983        15.76373         0.00000        81.52214
        12.00000       361.53749      2336.90901       142.54518       149.16030       141.28368         2.63569         1.25034       343.77124         0.90513         0.97275         3.43752        15.87275         0.00000        83.65397
        13.00000       389.98609      2350.28187       141.40664       154.39236       146.50475         2.54635         1.24795       348.84755         0.89961         0.98352         3.47434        15.97613         0.00000        85.76502
        14.00000       417.29753      2363.36436       140.01514       160.63138       152.51750         2.48590         1.24690       353.81496         0.90551         0.99267         3.51024        16.07619         0.00000        87.84936
        15.00000       443.99125      2376.59838       138.88624       165.86326       157.65196         2.42221         1.24542       358.65373         0.90478         1.00038         3.54510        16.17663         0.00000        89.89714
        16.00000       470.32792      2444.00130       132.89479       195.33561       182.49104         2.63842         1.26718       360.31375         1.09152         1.00277         3.55702        16.70442         0.00000        90.60357
        17.00000       496.56087      2457.49728       132.22304       199.37163       186.64675         2.56704         1.26454       364.98560         1.08071         1.00885         3.59053        16.80604         0.00000        92.60241
        18.00000       522.40358      2466.58217       131.48498       203.52659       190.96158         2.49567         1.26180       369.79396         1.06889         1.01418         3.62492        16.87228         0.00000        94.82806
        19.00000       548.18742      2468.84794       130.63118       207.87426       195.52733         2.42313         1.25887       374.85590         1.05556         1.01885         3.66102        16.88413         0.00000        97.44403
        20.00000       573.57014      2466.59682       129.70763       212.32287       200.21839         2.35268         1.25598       380.03100         1.04179         1.02272         3.69784        16.85989         0.00000       100.33202
        21.00000       598.92253      2460.01116       128.72675       216.83328       204.99204         2.28483         1.25320       385.29885         1.02771         1.02581         3.73521        16.80112         0.00000       103.48476
        22.00000       624.04227      2465.70789       126.87636       226.63834       215.43487         2.12801         1.24683       389.83149         0.99111         1.02784         3.76729        16.83944         0.00000       106.62311
        23.00000       649.12026      2505.55937       116.93597       275.38978       249.32942         2.89858         1.30980       392.60896         1.43919         1.02881         3.78692        17.14803         0.00000       109.81799
        24.00000       673.78483      2520.64317       116.24817       281.20641       254.40143         2.88022         1.31015       396.54058         1.45131         1.02987         3.81466        17.26051         0.00000       111.66770
        25.00000       696.50299      2533.51590       115.83710       285.07763       258.20782         2.83898         1.30860       400.50580         1.44680         1.03057         3.84259        17.35548         0.00000       113.55127
        26.00000       719.22116      2546.23997       115.43294       288.93225       261.99745         2.79917         1.30710       404.40652         1.44241         1.03094         3.87003        17.44929         0.00000       115.41494
        27.00000       741.81150      2558.81995       115.03548       292.77103       265.77112         2.76070         1.30565       408.24518         1.43812         1.03100         3.89700        17.54200         0.00000       117.25927
        28.00000       764.39099      2571.26017       114.64449       296.59469       269.52959         2.72352         1.30425       412.02406         1.43393         1.03080         3.92351        17.63366         0.00000       119.08480
        29.00000       786.82469      2583.56477       114.25977       300.40387       273.27352         2.68753         1.30290       415.74535         1.42983         1.03035         3.94958        17.72433         0.00000       120.89204
        30.00000       809.19806      2595.73766       113.88111       304.19919       277.00357         2.65269         1.30158       419.41109         1.42583         1.02969         3.97524        17.81405         0.00000       122.68147
        31.00000       831.57144      2607.78260       113.50833       307.98121       280.72030         2.61893         1.30031       423.02322         1.42191         1.02884         4.00049        17.90286         0.00000       124.45359
        32.00000       853.94481      2619.70316       113.14126       311.75045       284.42427         2.58619         1.29907       426.58357         1.41807         1.02782         4.02535        17.99081         0.00000       126.20883
        33.00000       876.25551      2631.50341       112.77972       315.50735       288.11593         2.55444         1.29787       430.09387         1.41432         1.02665         4.04985        18.07794         0.00000       127.94763
        34.00000       898.36522      2643.18532       112.42354       319.25246       291.79585         2.52362         1.29670       433.55582         1.41064         1.02534         4.07398        18.16426         0.00000       129.67042
        35.00000       920.47493      2654.75282       112.07257       322.98617       295.46442         2.49368         1.29557       436.97095         1.40704         1.02391         4.09777        18.24982         0.00000       131.37758
        36.00000       942.58464      2666.20875       111.72667       326.70882       299.12202         2.46459         1.29447       440.34076         1.40351         1.02237         4.12122        18.33465         0.00000       133.06951
        37.00000       964.69435      2677.55517       111.38568       330.42091       302.76913         2.43631         1.29339       443.66671         1.40004         1.02074         4.14435        18.41876         0.00000       134.74658
        38.00000       986.62271      2688.79652       111.04948       334.12267       306.40600         2.40880         1.29235       446.95006         1.39664         1.01903         4.16717        18.50219         0.00000       136.40913
        39.00000      1008.47872      2699.93468       110.71794       337.81447       310.03301         2.38202         1.29133       450.19215         1.39331         1.01723         4.18968        18.58495         0.00000       138.05752
        40.00000      1030.33473      2710.97222       110.39093       341.49662       313.65048         2.35596         1.29034       453.39419         1.39004         1.01537         4.21191        18.66708         0.00000       139.69206
        41.00000      1052.19073      2721.91162       110.06833       345.16943       317.25872         2.33057         1.28937       456.55734         1.38683         1.01345         4.23385        18.74860         0.00000       141.31308
        42.00000      1074.01237      2732.75526       109.75003       348.83318       320.85801         2.30583         1.28843       459.68274         1.38367         1.01148         4.25552        18.82951         0.00000       142.92088
        43.00000      1095.62184      2743.50541       109.43591       352.48811       324.44861         2.28171         1.28751       462.77143         1.38057         1.00946         4.27692        18.90985         0.00000       144.51575
        44.00000      1117.23130      2754.16444       109.12587       356.13449       328.03078         2.25819         1.28661       465.82444         1.37752         1.00740         4.29807        18.98962         0.00000       146.09797
        45.00000      1138.84077      2764.73547       108.81982       359.77242       331.60464         2.23524         1.28573       468.84271         1.37453         1.00531         4.31896        19.06886         0.00000       147.66785
        46.00000      1160.45023      2775.21706       108.51763       363.40257       335.17082         2.21285         1.28487       471.82728         1.37159         1.00318         4.33961        19.14755         0.00000       149.22554
        47.00000      1181.93728      2785.61488       108.21923       367.02469       338.72912         2.19098         1.28403       474.77893         1.36869         1.00103         4.36003        19.22573         0.00000       150.77141
        48.00000      1203.30755      2795.92962       107.92452       370.63915       342.27988         2.16963         1.28321       477.69855         1.36584         0.99885         4.38022        19.30342         0.00000       152.30567
        49.00000      1224.67783      2806.16317       107.63343       374.24614       345.82331         2.14877         1.28241       480.58696         1.36304         0.99666         4.40019        19.38062         0.00000       153.82854
        50.00000      1246.04810      2816.31734       107.34585       377.84585       349.35958         2.12839         1.28163       483.44495         1.36029         0.99445         4.41994        19.45734         0.00000       155.34026
        51.00000      1267.41837      2826.39387       107.06171       381.43845       352.88889         2.10846         1.28086       486.27329         1.35757         0.99222         4.43948        19.53361         0.00000       156.84104
        52.00000      1288.59275      2836.39449       106.78094       385.02412       356.41141         2.08897         1.28011       489.07269         1.35490         0.98999         4.45881        19.60943         0.00000       158.33110
        53.00000      1309.72768      2846.32082       106.50344       388.60303       359.92729         2.06991         1.27938       491.84385         1.35227         0.98775         4.47794        19.68481         0.00000       159.81064
        54.00000      1330.86262      2856.17453       106.22917       392.17532       363.43668         2.05126         1.27866       494.58745         1.34968         0.98550         4.49688        19.75976         0.00000       161.27987
        55.00000      1351.99755      2865.95712       105.95803       395.74115       366.93975         2.03301         1.27796       497.30413         1.34713         0.98324         4.51563        19.83430         0.00000       162.73898
        56.00000      1373.10913      2875.67071       105.68997       399.30071       370.43666         2.01514         1.27727       499.99450         1.34462         0.98099         4.53420        19.90843         0.00000       164.18810
        57.00000      1394.01259      2885.31494       105.42491       402.85401       373.92748         1.99764         1.27659       502.65922         1.34214         0.97873         4.55258        19.98217         0.00000       165.62755
        58.00000      1414.91605      2894.89306       105.16279       406.40130       377.41240         1.98050         1.27593       505.29880         1.33970         0.97648         4.57079        20.05552         0.00000       167.05737
        59.00000      1435.81951      2904.40584       104.90356       409.94268       380.89154         1.96371         1.27528       507.91383         1.33730         0.97422         4.58882        20.12849         0.00000       168.47779
        60.00000      1456.72297      2913.85462       104.64715       413.47826       384.36501         1.94725         1.27464       510.50484         1.33493         0.97197         4.60669        20.20109         0.00000       169.88895
        61.00000      1477.55340      2923.24084       104.39349       417.00819       387.83295         1.93112         1.27401       513.07234         1.33259         0.96972         4.62439        20.27334         0.00000       171.29102
        62.00000      1498.22650      2932.56541       104.14255       420.53253       391.29543         1.91531         1.27340       515.61686         1.33028         0.96748         4.64193        20.34523         0.00000       172.68417
        63.00000      1518.89960      2941.82990       103.89426       424.05144       394.75259         1.89980         1.27280       518.13887         1.32801         0.96525         4.65932        20.41678         0.00000       174.06853
        64.00000      1539.57270      2951.03529       103.64856       427.56500       398.20453         1.88459         1.27221       520.63884         1.32576         0.96302         4.67655        20.48799         0.00000       175.44426
        65.00000      1560.24580      2960.18298       103.40542       431.07332       401.65136         1.86966         1.27163       523.11721         1.32355         0.96080         4.69363        20.55887         0.00000       176.81149
        66.00000      1580.80840      2969.27375       103.16477       434.57649       405.09315         1.85502         1.27106       525.57445         1.32137         0.95858         4.71056        20.62943         0.00000       178.17037
        67.00000      1601.25118      2978.30905       102.92657       438.07461       408.53001         1.84064         1.27050       528.01095         1.31921         0.95638         4.72735        20.69967         0.00000       179.52103
        68.00000      1621.69397      2987.28968       102.69077       441.56781       411.96206         1.82653         1.26995       530.42715         1.31708         0.95419         4.74400        20.76961         0.00000       180.86359
        69.00000      1642.13676      2996.21681       102.45734       445.05613       415.38935         1.81268         1.26941       532.82343         1.31498         0.95200         4.76051        20.83924         0.00000       182.19820
        70.00000      1662.57955      3005.09143       102.22621       448.53966       418.81196         1.79907         1.26888       535.20019         1.31291         0.94983         4.77688        20.90858         0.00000       183.52496
        71.00000      1682.88578      3013.91452       101.99736       452.01853       422.23001         1.78571         1.26836       537.55779         1.31086         0.94767         4.79313        20.97762         0.00000       184.84402
        72.00000      1703.09638      3022.68702       101.77073       455.49277       425.64355         1.77258         1.26784       539.89661         1.30884         0.94552         4.80924        21.04638         0.00000       186.15546
        73.00000      1723.30698      3031.40988       101.54629       458.96248       429.05267         1.75968         1.26734       542.21698         1.30685         0.94338         4.82523        21.11486         0.00000       187.45942
        74.00000      1743.51758      3040.08391       101.32400       462.42774       432.45744         1.74700         1.26684       544.51927         1.30488         0.94125         4.84109        21.18307         0.00000       188.75602
        75.00000      1763.72818      3048.71008       101.10383       465.88861       435.85793         1.73454         1.26636       546.80379         1.30293         0.93914         4.85683        21.25101         0.00000       190.04534
        76.00000      1783.78811      3057.28903       100.88572       469.34510       439.25416         1.72228         1.26588       549.07087         1.30100         0.93703         4.87245        21.31868         0.00000       191.32753
        77.00000      1803.76336      3065.82213       100.66966       472.79751       442.64637         1.71024         1.26541       551.32082         1.29910         0.93494         4.88795        21.38610         0.00000       192.60261
        78.00000      1823.73861      3074.30965       100.45559       476.24566       446.03445         1.69839         1.26494       553.55395         1.29722         0.93286         4.90333        21.45327         0.00000       193.87076
        79.00000      1843.71386      3082.75251       100.24349       479.68972       449.41853         1.68674         1.26448       555.77055         1.29537         0.93080         4.91861        21.52018         0.00000       195.13206
        80.00000      1863.68911      3091.15153       100.03333       483.12973       452.79866         1.67527         1.26404       557.97091         1.29353         0.92875         4.93377        21.58685         0.00000       196.38660
        81.00000      1883.51189      3099.50740        99.82507       486.56576       456.17491         1.66399         1.26359       560.15532         1.29172         0.92671         4.94882        21.65328         0.00000       197.63447
        82.00000      1903.24666      3107.82087        99.61868       489.99788       459.54734         1.65289         1.26316       562.32403         1.28993         0.92468         4.96376        21.71947         0.00000       198.87577
        83.00000      1922.98143      3116.09261        99.41412       493.42613       462.91600         1.64197         1.26273       564.47733         1.28815         0.92267         4.97860        21.78543         0.00000       200.11058
        84.00000      1942.71619      3124.32331        99.21138       496.85059       466.28095         1.63121         1.26231       566.61546         1.28640         0.92067         4.99334        21.85117         0.00000       201.33900
        85.00000      1962.45096      3132.51365        99.01042       500.27130       469.64226         1.62063         1.26189       568.73868         1.28467         0.91868         5.00797        21.91667         0.00000       202.56111
        86.00000      1982.04577      3140.66422        98.81120       503.68831       472.99996         1.61020         1.26148       570.84723         1.28295         0.91671         5.02250        21.98196         0.00000       203.77699
        87.00000      2001.53363      3148.77570        98.61371       507.10169       476.35411         1.59994         1.26108       572.94135         1.28126         0.91475         5.03694        22.04703         0.00000       204.98672
        88.00000      2021.02148      3156.84866        98.41792       510.51149       479.70477         1.58983         1.26068       575.02128         1.27958         0.91280         5.05128        22.11189         0.00000       206.19039
        89.00000      2040.50934      3164.88488        98.22377       513.91776       483.05197         1.57987         1.26029       577.08721         1.27792         0.91087         5.06552        22.17654         0.00000       207.38808
        90.00000      2059.99719      3172.88135        98.03131       517.32052       486.39578         1.57006         1.25990       579.13945         1.27628         0.90895         5.07967        22.24097         0.00000       208.57986
        91.00000      2079.37392      3180.84226        97.84044       520.71985       489.73624         1.56039         1.25952       581.17812         1.27466         0.90704         5.09372        22.30521         0.00000       209.76580
        92.00000      2098.60653      3188.76684        97.65117       524.11579       493.07339         1.55087         1.25915       583.20348         1.27305         0.90515         5.10769        22.36924         0.00000       210.94598
        93.00000      2117.83915      3196.65577        97.46346       527.50838       496.40728         1.54148         1.25878       585.21571         1.27146         0.90327         5.12157        22.43308         0.00000       212.12048
        94.00000      2137.07176      3204.50949        97.27730       530.89766       499.73794         1.53223         1.25841       587.21503         1.26989         0.90140         5.13536        22.49672         0.00000       213.28936
        95.00000      2156.30438      3212.32835        97.09266       534.28370       503.06544         1.52311         1.25805       589.20163         1.26833         0.89954         5.14906        22.56016         0.00000       214.45269
        96.00000      2175.47443      3220.11290        96.90952       537.66651       506.38980         1.51412         1.25770       591.17570         1.26679         0.89770         5.16268        22.62342         0.00000       215.61054
        97.00000      2194.44184      3227.86381        96.72786       541.04615       509.71107         1.50525         1.25735       593.13742         1.26527         0.89587         5.17621        22.68649         0.00000       216.76297
        98.00000      2213.40925      3235.58128        96.54766       544.42265       513.02928         1.49651         1.25700       595.08698         1.26376         0.89406         5.18966        22.74938         0.00000       217.91006
        99.00000      2232.37665      3243.26592        96.36888       547.79606       516.34448         1.48789         1.25666       597.02456         1.26226         0.89225         5.20303        22.81208         0.00000       219.05187
       100.00000      2251.34406      3250.91847        96.19152       551.16637       519.65667         1.47939         1.25633       598.95032         1.26078         0.89046         5.21633        22.87460         0.00000       220.18846
       101.00000      2270.31147      3258.53816        96.01556       554.53374       522.96600         1.47100         1.25600       600.86445         1.25932         0.88869         5.22954        22.93694         0.00000       221.31988
       102.00000      2289.01274      3266.12660        95.84097       557.89809       526.27238         1.46272         1.25567       602.76711         1.25787         0.88692         5.24267        22.99911         0.00000       222.44621
       103.00000      2307.70399      3273.68406        95.66774       561.25947       529.57588         1.45456         1.25535       604.65845         1.25643         0.88517         5.25573        23.06111         0.00000       223.56749
       104.00000      2326.39524      3281.21010        95.49584       564.61798       532.87660         1.44650         1.25503       606.53865         1.25501         0.88343         5.26871        23.12293         0.00000       224.68380
       105.00000      2345.08649      3288.70593        95.32525       567.97360       536.17449         1.43855         1.25472       608.40784         1.25360         0.88170         5.28162        23.18458         0.00000       225.79517
       106.00000      2363.77773      3296.35475        95.15535       571.30987       539.44827         1.43084         1.25443       610.26224         1.25226         0.87999         5.29443        23.24751         0.00000       226.89927
       107.00000      2382.29127      3303.78516        94.98739       574.66064       542.74158         1.42309         1.25412       612.11003         1.25087         0.87828         5.30719        23.30878         0.00000       228.00084
       108.00000      2400.69289      3311.18595        94.82069       578.00862       546.03219         1.41544         1.25382       613.94728         1.24950         0.87659         5.31988        23.36990         0.00000       229.09766
       109.00000      2419.09451      3318.55754        94.65524       581.35384       549.32011         1.40789         1.25352       615.77413         1.24815         0.87491         5.33250        23.43084         0.00000       230.18978
       110.00000      2437.49614      3325.90026        94.49102       584.69633       552.60539         1.40043         1.25322       617.59070         1.24680         0.87324         5.34506        23.49163         0.00000       231.27725
       111.00000      2455.89776      3333.21675        94.32801       588.03584       555.88776         1.39307         1.25293       619.39710         1.24547         0.87158         5.35754        23.55227         0.00000       232.36015
       112.00000      2474.24475      3340.50033        94.16621       591.37326       559.16814         1.38580         1.25264       621.19360         1.24415         0.86994         5.36996        23.61272         0.00000       233.43846
       113.00000      2492.34170      3347.75829        94.00558       594.70776       562.44566         1.37862         1.25236       622.98018         1.24284         0.86830         5.38231        23.67304         0.00000       234.51229
       114.00000      2510.43864      3354.99151        93.84610       598.03947       565.72046         1.37153         1.25208       624.75697         1.24154         0.86668         5.39459        23.73322         0.00000       235.58168
       115.00000      2528.53558      3362.19368        93.68779       601.36874       568.99294         1.36452         1.25180       626.52423         1.24026         0.86507         5.40682        23.79321         0.00000       236.64667
       116.00000      2546.63253      3369.36931        93.53061       604.69557       572.26303         1.35760         1.25153       628.28198         1.23898         0.86347         5.41897        23.85306         0.00000       237.70730
       117.00000      2564.72947      3376.51818        93.37455       608.01980       575.53061         1.35076         1.25126       630.03037         1.23772         0.86188         5.43107        23.91276         0.00000       238.76363
       118.00000      2582.61700      3383.64064        93.21960       611.34154       578.79578         1.34401         1.25099       631.76950         1.23647         0.86030         5.44310        23.97231         0.00000       239.81568
       119.00000      2600.39350      3390.74098        93.06571       614.66082       582.05852         1.33734         1.25073       633.49942         1.23523         0.85874         5.45507        24.03174         0.00000       240.86349
       120.00000      2618.17000      3397.80677        92.91296       617.97762       585.31896         1.33074         1.25046       635.22049         1.23400         0.85718         5.46698        24.09096         0.00000       241.90719
       121.00000      2635.94650      3404.85101        92.76125       621.29201       588.57702         1.32422         1.25021       636.93257         1.23278         0.85563         5.47883        24.15007         0.00000       242.94672
       122.00000      2653.72300      3411.86969        92.61058       624.60400       591.83276         1.31778         1.24995       638.63586         1.23157         0.85410         5.49062        24.20904         0.00000       243.98217
       123.00000      2671.49146      3418.86302        92.46096       627.91362       595.08621         1.31141         1.24970       640.33045         1.23037         0.85257         5.50235        24.26785         0.00000       245.01357
       124.00000      2688.98186      3425.83125        92.31236       631.22088       598.33739         1.30512         1.24945       642.01646         1.22918         0.85106         5.51402        24.32653         0.00000       246.04097
       125.00000      2706.47225      3432.77498        92.16477       634.52582       601.58632         1.29890         1.24920       643.69398         1.22800         0.84955         5.52564        24.38507         0.00000       247.06440
       126.00000      2723.96264      3439.69325        92.01819       637.82845       604.83303         1.29274         1.24896       645.36314         1.22683         0.84806         5.53720        24.44346         0.00000       248.08391
       127.00000      2741.44849      3446.58763        91.87260       641.12878       608.07752         1.28666         1.24872       647.02401         1.22567         0.84658         5.54871        24.50172         0.00000       249.09953
       128.00000      2758.76354      3453.45737        91.72798       644.42688       611.31987         1.28065         1.24848       648.67670         1.22452         0.84510         5.56016        24.55983         0.00000       250.11131
       129.00000      2776.00929      3460.30349        91.58433       647.72274       614.56004         1.27470         1.24824       650.32130         1.22338         0.84364         5.57156        24.61782         0.00000       251.11927
       130.00000      2793.08810      3467.12523        91.44163       651.01636       617.79807         1.26882         1.24801       651.95791         1.22225         0.84218         5.58290        24.67566         0.00000       252.12346
       131.00000      2810.16691      3473.92361        91.29987       654.30779       621.03399         1.26300         1.24778       653.58663         1.22113         0.84074         5.59419        24.73336         0.00000       253.12392
       132.00000      2827.24572      3480.69837        91.15905       657.59705       624.26781         1.25725         1.24755       655.20753         1.22002         0.83930         5.60543        24.79094         0.00000       254.12068
       133.00000      2844.32452      3487.45010        91.01914       660.88415       627.49957         1.25156         1.24732       656.82071         1.21891         0.83788         5.61662        24.84838         0.00000       255.11377
       134.00000      2861.40333      3495.67759        90.86110       663.89593       630.49616         1.24550         1.24704       658.39814         1.21670         0.83649         5.62756        24.91751         0.00000       256.08581
       135.00000      2878.36916      3527.98442        90.39752       662.50031       629.73612         1.23253         1.24585       659.51711         1.19651         0.83550         5.63532        25.17676         0.00000       256.77451
       136.00000      2895.19009      3570.36883        89.80786       659.29610       627.43647         1.21650         1.24423       660.44191         1.16909         0.83469         5.64174        25.51566         0.00000       257.34324
       137.00000      2912.01101      3615.97660        89.18091       655.59005       624.70627         1.19945         1.24246       661.30110         1.13985         0.83393         5.64770        25.88010         0.00000       257.87148
       138.00000      2928.83193      3622.49381        89.04370       658.80739       627.89505         1.19375         1.24221       662.88764         1.13847         0.83254         5.65871        25.93609         0.00000       258.85056
       139.00000      2945.65286      3628.98594        88.90736       662.02250       631.08153         1.18812         1.24197       664.46690         1.13711         0.83116         5.66967        25.99193         0.00000       259.82616
       140.00000      2962.47378      3635.45395        88.77189       665.23537       634.26569         1.18255         1.24173       666.03896         1.13576         0.82978         5.68058        26.04762         0.00000       260.79833
