        -0.00000         0.00000      1217.04113      1089.39016
        36.28228         1.00000      1227.05015      1089.39014
        66.34476         2.00000      1238.66276      1089.39017
        96.41489         3.00000      1249.16448      1089.39021
       126.47625         4.00000      1258.98478      1089.39023
       156.54183         5.00000      1268.26927      1089.39024
       186.60540         6.00000      1277.10265      1089.39025
       216.66896         7.00000      1285.53799      1089.39027
       246.00169         8.00000      1296.45483      1089.39029
       275.15035         9.00000      1304.63553      1089.39030
       304.12654        10.00000      1312.50758      1089.39032
       332.88900        11.00000      1320.07350      1089.39034
       361.53749        12.00000      1327.32146      1089.39038
       389.98609        13.00000      1373.93412      1089.39033
       417.29753        14.00000      1380.74363      1089.39043
       443.99125        15.00000      1386.68640      1089.39065
       470.32792        16.00000      1417.64783      1089.38704
       496.56087        17.00000      1443.39129      1089.38007
       522.40358        18.00000      1451.73883      1089.37997
       548.18742        19.00000      1458.94372      1089.37991
       573.57014        20.00000      1465.34703      1089.37991
       598.92253        21.00000      1471.07655      1089.37985
       624.04227        22.00000      1474.51838      1089.37999
       649.12026        23.00000      1479.78229      1089.37999
       673.78483        24.00000      1465.70718      1089.38016
       696.50299        25.00000      1460.14388      1089.38071
       719.22116        26.00000      1466.84104      1089.38071
       741.81150        27.00000      1473.46624      1089.38072
       764.39099        28.00000      1480.02187      1089.38072
       786.82469        29.00000      1486.50938      1089.38072
       809.19806        30.00000      1492.93088      1089.38072
       831.57144        31.00000      1499.28710      1089.38073
       853.94481        32.00000      1505.58109      1089.38073
       876.25551        33.00000      1511.81377      1089.38073
       898.36522        34.00000      1517.98668      1089.38073
       920.47493        35.00000      1524.10132      1089.38074
       942.58464        36.00000      1530.15933      1089.38074
       964.69435        37.00000      1536.16201      1089.38074
       986.62271        38.00000      1542.89104      1089.38074
      1008.47872        39.00000      1548.79798      1089.38074
      1030.33473        40.00000      1554.65375      1089.38074
      1052.19073        41.00000      1560.45987      1089.38074
      1074.01237        42.00000      1566.21700      1089.38074
      1095.62184        43.00000      1571.92747      1089.38074
      1117.23130        44.00000      1577.59110      1089.38074
      1138.84077        45.00000      1583.21042      1089.38074
      1160.45023        46.00000      1588.78523      1089.38074
      1181.93728        47.00000      1594.31801      1089.38074
      1203.30755        48.00000      1599.80934      1089.38074
      1224.67783        49.00000      1605.26045      1089.38074
      1246.04810        50.00000      1610.67239      1089.38074
      1267.41837        51.00000      1616.04666      1089.38074
      1288.59275        52.00000      1621.38368      1089.38074
      1309.72768        53.00000      1626.68410      1089.38074
      1330.86262        54.00000      1631.95015      1089.38073
      1351.99755        55.00000      1637.18233      1089.38073
      1373.10913        56.00000      1642.38165      1089.38073
      1394.01259        57.00000      1647.54908      1089.38073
      1414.91605        58.00000      1652.68530      1089.38073
      1435.81951        59.00000      1657.79215      1089.38072
      1456.72297        60.00000      1662.86972      1089.38072
      1477.55340        61.00000      1667.91906      1089.38072
      1498.22650        62.00000      1672.94187      1089.38072
      1518.89960        63.00000      1677.93990      1089.38071
      1539.57270        64.00000      1682.90825      1089.38071
      1560.24580        65.00000      1687.85367      1089.38071
      1580.80840        66.00000      1692.77471      1089.38070
      1601.25118        67.00000      1697.67339      1089.38070
      1621.69397        68.00000      1702.55171      1089.38070
      1642.13676        69.00000      1707.40642      1089.38069
      1662.57955        70.00000      1712.23983      1089.38069
      1682.88578        71.00000      1717.05439      1089.38068
      1703.09638        72.00000      1721.84662      1089.38068
      1723.30698        73.00000      1726.62208      1089.38067
      1743.51758        74.00000      1731.37931      1089.38067
      1763.72818        75.00000      1736.11889      1089.38067
      1783.78811        76.00000      1740.84139      1089.38066
      1803.76336        77.00000      1745.54733      1089.38066
      1823.73861        78.00000      1750.23889      1089.38065
      1843.71386        79.00000      1754.91321      1089.38065
      1863.68911        80.00000      1759.57066      1089.38064
      1883.51189        81.00000      1764.21507      1089.38064
      1903.24666        82.00000      1768.84544      1089.38063
      1922.98143        83.00000      1773.46142      1089.38063
      1942.71619        84.00000      1778.06370      1089.38062
      1962.45096        85.00000      1782.65253      1089.38061
      1982.04577        86.00000      1787.22842      1089.38061
      2001.53363        87.00000      1791.79087      1089.38060
      2021.02148        88.00000      1796.34061      1089.38058
      2040.50934        89.00000      1800.87784      1089.38057
      2059.99719        90.00000      1805.40254      1089.38056
      2079.37392        91.00000      1809.91522      1089.38058
      2098.60653        92.00000      1814.41491      1089.38054
      2117.83915        93.00000      1818.90299      1089.38057
      2137.07176        94.00000      1823.37781      1089.38051
      2156.30438        95.00000      1827.84105      1089.38056
      2175.47443        96.00000      1832.29183      1089.38055
      2194.44184        97.00000      1836.72995      1089.38054
      2213.40925        98.00000      1841.15572      1089.38054
      2232.37665        99.00000      1845.56889      1089.38053
      2251.34406       100.00000      1849.96935      1089.38053
      2270.31147       101.00000      1854.35685      1089.38052
      2289.01274       102.00000      1858.73143      1089.38051
      2307.70399       103.00000      1863.09301      1089.38051
      2326.39524       104.00000      1867.44107      1089.38050
      2345.08649       105.00000      1871.77591      1089.38050
      2363.77773       106.00000      1876.09673      1089.38049
      2382.29127       107.00000      1880.40371      1089.38048
      2400.69289       108.00000      1884.69654      1089.38048
      2419.09451       109.00000      1888.97507      1089.38047
      2437.49614       110.00000      1893.23954      1089.38047
      2455.89776       111.00000      1897.48820      1089.38046
      2474.24475       112.00000      1901.72290      1089.38046
      2492.34170       113.00000      1905.94436      1089.38045
      2510.43864       114.00000      1918.61984      1089.38057
      2528.53558       115.00000      1937.94549      1089.38077
      2546.63253       116.00000      1958.76539      1089.38094
      2564.72947       117.00000      1973.23070      1089.38103
      2582.61700       118.00000      1977.25958      1089.38101
      2600.39350       119.00000      1981.27442      1089.38100
      2618.17000       120.00000      1985.27518      1089.38098
      2635.94650       121.00000      1989.26185      1089.38097
      2653.72300       122.00000      1993.23441      1089.38096
      2671.49146       123.00000      1997.19286      1089.38094
      2688.98186       124.00000      2001.13718      1089.38093
      2706.47225       125.00000      2005.06736      1089.38091
      2723.96264       126.00000      2008.98365      1089.38090
      2741.44849       127.00000      2012.88533      1089.38089
      2758.76354       128.00000      2016.77321      1089.38087
      2776.00929       129.00000      2020.64720      1089.38086
      2793.08810       130.00000      2024.50699      1089.38085
      2810.16691       131.00000      2028.35157      1089.38083
      2827.24572       132.00000      2032.18142      1089.38082
      2844.32452       133.00000      2035.99794      1089.38081
      2861.40333       134.00000      2039.80017      1089.38080
      2878.36916       135.00000      2043.58810      1089.38078
      2895.19009       136.00000      2047.36169      1089.38077
      2912.01101       137.00000      2051.12093      1089.38076
      2928.83193       138.00000      2054.86581      1089.38075
      2945.65286       139.00000      2058.59630      1089.38074
      2962.47378       140.00000      2062.31241      1089.38073
        -0.00000         0.00000      1242.00326      1101.76959
        36.28228         1.00000      1252.26943      1101.76955
        66.34476         2.00000      1264.21180      1101.76960
        96.41489         3.00000      1275.02261      1101.76964
       126.47625         4.00000      1285.11924      1101.76966
       156.54183         5.00000      1294.65670      1101.76967
       186.60540         6.00000      1303.72481      1101.76969
       216.66896         7.00000      1312.37958      1101.76970
       246.00169         8.00000      1323.50310      1101.76972
       275.15035         9.00000      1331.88477      1101.76973
       304.12654        10.00000      1339.94616      1101.76975
       332.88900        11.00000      1347.68907      1101.76978
       361.53749        12.00000      1355.09905      1101.76982
       389.98609        13.00000      1402.43337      1101.76978
       417.29753        14.00000      1409.35294      1101.76989
       443.99125        15.00000      1415.30493      1101.77014
       470.32792        16.00000      1441.56606      1101.76798
       496.56087        17.00000      1471.63849      1101.75949
       522.40358        18.00000      1481.03790      1101.75934
       548.18742        19.00000      1488.84599      1101.75926
       573.57014        20.00000      1495.58580      1101.75926
       598.92253        21.00000      1501.64648      1101.75930
       624.04227        22.00000      1505.41952      1101.75931
       649.12026        23.00000      1510.75907      1101.75931
       673.78483        24.00000      1493.27294      1101.75961
       696.50299        25.00000      1490.03714      1101.76004
       719.22116        26.00000      1496.88515      1101.76005
       741.81150        27.00000      1503.66073      1101.76005
       764.39099        28.00000      1510.36429      1101.76005
       786.82469        29.00000      1516.99824      1101.76006
       809.19806        30.00000      1523.56379      1101.76006
       831.57144        31.00000      1530.06381      1101.76006
       853.94481        32.00000      1536.49939      1101.76006
       876.25551        33.00000      1542.87218      1101.76006
       898.36522        34.00000      1549.18373      1101.76007
       920.47493        35.00000      1555.43558      1101.76007
       942.58464        36.00000      1561.62960      1101.76007
       964.69435        37.00000      1567.76693      1101.76007
       986.62271        38.00000      1573.84819      1101.76007
      1008.47872        39.00000      1579.87526      1101.76007
      1030.33473        40.00000      1586.64005      1101.76007
      1052.19073        41.00000      1592.57514      1101.76008
      1074.01237        42.00000      1598.46020      1101.76008
      1095.62184        43.00000      1604.29718      1101.76008
      1117.23130        44.00000      1610.08610      1101.76008
      1138.84077        45.00000      1615.82954      1101.76008
      1160.45023        46.00000      1621.52812      1101.76008
      1181.93728        47.00000      1627.18305      1101.76008
      1203.30755        48.00000      1632.79550      1101.76007
      1224.67783        49.00000      1638.36663      1101.76007
      1246.04810        50.00000      1643.89755      1101.76007
      1267.41837        51.00000      1649.38921      1101.76007
      1288.59275        52.00000      1654.84346      1101.76007
      1309.72768        53.00000      1660.26018      1101.76007
      1330.86262        54.00000      1665.64154      1101.76007
      1351.99755        55.00000      1670.98774      1101.76006
      1373.10913        56.00000      1676.30069      1101.76006
      1394.01259        57.00000      1681.57982      1101.76006
      1414.91605        58.00000      1686.82880      1101.76006
      1435.81951        59.00000      1692.04479      1101.76006
      1456.72297        60.00000      1697.23207      1101.76006
      1477.55340        61.00000      1702.39036      1101.76005
      1498.22650        62.00000      1707.52053      1101.76005
      1518.89960        63.00000      1712.62440      1101.76005
      1539.57270        64.00000      1717.70125      1101.76004
      1560.24580        65.00000      1722.75270      1101.76004
      1580.80840        66.00000      1727.77868      1101.76004
      1601.25118        67.00000      1732.78434      1101.76003
      1621.69397        68.00000      1737.76340      1101.76003
      1642.13676        69.00000      1742.72098      1101.76003
      1662.57955        70.00000      1747.65769      1101.76002
      1682.88578        71.00000      1752.57086      1101.76002
      1703.09638        72.00000      1757.46603      1101.76001
      1723.30698        73.00000      1762.34352      1101.76001
      1743.51758        74.00000      1767.20026      1101.76001
      1763.72818        75.00000      1772.03861      1101.76000
      1783.78811        76.00000      1776.85765      1101.76000
      1803.76336        77.00000      1781.66118      1101.75999
      1823.73861        78.00000      1786.44802      1101.75999
      1843.71386        79.00000      1791.21863      1101.75998
      1863.68911        80.00000      1795.97478      1101.75998
      1883.51189        81.00000      1800.71292      1101.75997
      1903.24666        82.00000      1805.43739      1101.75997
      1922.98143        83.00000      1810.14721      1101.75996
      1942.71619        84.00000      1814.84321      1101.75996
      1962.45096        85.00000      1819.52446      1101.75995
      1982.04577        86.00000      1824.19210      1101.75994
      2001.53363        87.00000      1828.84607      1101.75993
      2021.02148        88.00000      1833.48676      1101.75992
      2040.50934        89.00000      1838.11423      1101.75991
      2059.99719        90.00000      1842.72863      1101.75990
      2079.37392        91.00000      1847.33006      1101.75989
      2098.60653        92.00000      1851.91860      1101.75988
      2117.83915        93.00000      1856.49432      1101.75987
      2137.07176        94.00000      1861.05759      1101.75990
      2156.30438        95.00000      1865.60774      1101.75989
      2175.47443        96.00000      1870.14507      1101.75989
      2194.44184        97.00000      1874.66955      1101.75988
      2213.40925        98.00000      1879.18112      1101.75987
      2232.37665        99.00000      1883.67970      1101.75987
      2251.34406       100.00000      1888.16533      1101.75986
      2270.31147       101.00000      1892.63767      1101.75986
      2289.01274       102.00000      1897.09635      1101.75985
      2307.70399       103.00000      1901.54201      1101.75984
      2326.39524       104.00000      1905.97514      1101.75984
      2345.08649       105.00000      1910.39220      1101.75983
      2363.77773       106.00000      1914.79634      1101.75983
      2382.29127       107.00000      1919.18640      1101.75982
      2400.69289       108.00000      1923.56215      1101.75981
      2419.09451       109.00000      1927.92343      1101.75981
      2437.49614       110.00000      1932.27035      1101.75980
      2455.89776       111.00000      1936.60196      1101.75980
      2474.24475       112.00000      1940.92081      1101.75979
      2492.34170       113.00000      1945.22251      1101.75978
      2510.43864       114.00000      1951.88026      1101.75981
      2528.53558       115.00000      1969.13041      1101.75999
      2546.63253       116.00000      1990.42824      1101.76019
      2564.72947       117.00000      2011.17002      1101.76034
      2582.61700       118.00000      2018.35580      1101.76035
      2600.39350       119.00000      2022.44902      1101.76034
      2618.17000       120.00000      2026.52803      1101.76032
      2635.94650       121.00000      2030.59272      1101.76031
      2653.72300       122.00000      2034.64308      1101.76030
      2671.49146       123.00000      2038.67910      1101.76028
      2688.98186       124.00000      2042.70079      1101.76027
      2706.47225       125.00000      2046.70814      1101.76026
      2723.96264       126.00000      2050.70123      1101.76024
      2741.44849       127.00000      2054.68004      1101.76023
      2758.76354       128.00000      2058.64423      1101.76022
      2776.00929       129.00000      2062.59470      1101.76020
      2793.08810       130.00000      2066.53074      1101.76019
      2810.16691       131.00000      2070.45171      1101.76018
      2827.24572       132.00000      2074.35757      1101.76016
      2844.32452       133.00000      2078.24998      1101.76015
      2861.40333       134.00000      2082.12799      1101.76014
      2878.36916       135.00000      2085.99158      1101.76013
      2895.19009       136.00000      2089.84072      1101.76011
      2912.01101       137.00000      2093.67542      1101.76010
      2928.83193       138.00000      2097.49565      1101.76009
      2945.65286       139.00000      2101.30141      1101.76008
      2962.47378       140.00000      2105.09268      1101.76007
        -0.00000         0.00000      1267.40721      1114.14902
        36.28228         1.00000      1277.94865      1114.14896
        66.34476         2.00000      1290.22734      1114.14902
        96.41489         3.00000      1301.35680      1114.14907
       126.47625         4.00000      1311.73950      1114.14909
       156.54183         5.00000      1321.53845      1114.14911
       186.60540         6.00000      1330.84899      1114.14912
       216.66896         7.00000      1339.73025      1114.14913
       246.00169         8.00000      1351.06582      1114.14915
       275.15035         9.00000      1359.65435      1114.14917
       304.12654        10.00000      1367.91039      1114.14919
       332.88900        11.00000      1375.83482      1114.14922
       361.53749        12.00000      1383.41067      1114.14926
       389.98609        13.00000      1431.46375      1114.14923
       417.29753        14.00000      1438.49434      1114.14935
       443.99125        15.00000      1444.44219      1114.14964
       470.32792        16.00000      1465.71798      1114.14883
       496.56087        17.00000      1499.75909      1114.13894
       522.40358        18.00000      1510.48878      1114.13873
       548.18742        19.00000      1519.08696      1114.13862
       573.57014        20.00000      1526.30060      1114.13861
       598.92253        21.00000      1532.53056      1114.13864
       624.04227        22.00000      1536.89273      1114.13864
       649.12026        23.00000      1542.27393      1114.13863
       673.78483        24.00000      1520.52470      1114.13908
       696.50299        25.00000      1520.47166      1114.13938
       719.22116        26.00000      1527.47610      1114.13938
       741.81150        27.00000      1534.40426      1114.13938
       764.39099        28.00000      1541.25937      1114.13938
       786.82469        29.00000      1548.04266      1114.13939
       809.19806        30.00000      1554.75678      1114.13939
       831.57144        31.00000      1561.40333      1114.13939
       853.94481        32.00000      1567.98385      1114.13940
       876.25551        33.00000      1574.50007      1114.13940
       898.36522        34.00000      1580.95356      1114.13940
       920.47493        35.00000      1587.34591      1114.13940
       942.58464        36.00000      1593.67864      1114.13940
       964.69435        37.00000      1599.95320      1114.13940
       986.62271        38.00000      1606.17114      1114.13941
      1008.47872        39.00000      1612.33386      1114.13941
      1030.33473        40.00000      1618.44266      1114.13941
      1052.19073        41.00000      1624.61699      1114.13941
      1074.01237        42.00000      1631.29863      1114.13941
      1095.62184        43.00000      1637.26482      1114.13941
      1117.23130        44.00000      1643.18303      1114.13941
      1138.84077        45.00000      1649.05404      1114.13941
      1160.45023        46.00000      1654.87906      1114.13941
      1181.93728        47.00000      1660.65934      1114.13941
      1203.30755        48.00000      1666.39605      1114.13941
      1224.67783        49.00000      1672.09061      1114.13941
      1246.04810        50.00000      1677.74345      1114.13941
      1267.41837        51.00000      1683.35645      1114.13941
      1288.59275        52.00000      1688.93038      1114.13940
      1309.72768        53.00000      1694.46665      1114.13940
      1330.86262        54.00000      1699.96579      1114.13940
      1351.99755        55.00000      1705.42932      1114.13940
      1373.10913        56.00000      1710.85815      1114.13940
      1394.01259        57.00000      1716.25335      1114.13940
      1414.91605        58.00000      1721.61576      1114.13939
      1435.81951        59.00000      1726.94697      1114.13939
      1456.72297        60.00000      1732.24659      1114.13939
      1477.55340        61.00000      1737.51685      1114.13939
      1498.22650        62.00000      1742.75908      1114.13938
      1518.89960        63.00000      1747.97169      1114.13938
      1539.57270        64.00000      1753.15806      1114.13938
      1560.24580        65.00000      1758.31823      1114.13938
      1580.80840        66.00000      1763.45301      1114.13937
      1601.25118        67.00000      1768.56418      1114.13937
      1621.69397        68.00000      1773.64968      1114.13936
      1642.13676        69.00000      1778.71312      1114.13936
      1662.57955        70.00000      1783.75599      1114.13936
      1682.88578        71.00000      1788.77599      1114.13935
      1703.09638        72.00000      1793.77466      1114.13935
      1723.30698        73.00000      1798.75314      1114.13935
      1743.51758        74.00000      1803.70988      1114.13934
      1763.72818        75.00000      1808.64974      1114.13934
      1783.78811        76.00000      1813.57124      1114.13933
      1803.76336        77.00000      1818.47470      1114.13933
      1823.73861        78.00000      1823.36233      1114.13932
      1843.71386        79.00000      1828.23008      1114.13932
      1863.68911        80.00000      1833.08339      1114.13931
      1883.51189        81.00000      1837.92028      1114.13931
      1903.24666        82.00000      1842.74139      1114.13930
      1922.98143        83.00000      1847.54678      1114.13930
      1942.71619        84.00000      1852.33753      1114.13929
      1962.45096        85.00000      1857.11358      1114.13929
      1982.04577        86.00000      1861.87520      1114.13928
      2001.53363        87.00000      1866.62253      1114.13927
      2021.02148        88.00000      1871.35595      1114.13926
      2040.50934        89.00000      1876.07556      1114.13925
      2059.99719        90.00000      1880.78150      1114.13924
      2079.37392        91.00000      1885.47389      1114.13923
      2098.60653        92.00000      1890.15284      1114.13922
      2117.83915        93.00000      1894.81873      1114.13924
      2137.07176        94.00000      1899.47101      1114.13923
      2156.30438        95.00000      1904.10999      1114.13923
      2175.47443        96.00000      1908.73566      1114.13922
      2194.44184        97.00000      1913.34802      1114.13922
      2213.40925        98.00000      1917.94702      1114.13921
      2232.37665        99.00000      1922.53261      1114.13920
      2251.34406       100.00000      1927.10464      1114.13920
      2270.31147       101.00000      1931.66370      1114.13919
      2289.01274       102.00000      1936.20812      1114.13919
      2307.70399       103.00000      1940.73929      1114.13918
      2326.39524       104.00000      1945.25647      1114.13917
      2345.08649       105.00000      1949.75957      1114.13917
      2363.77773       106.00000      1954.24846      1114.13916
      2382.29127       107.00000      1958.72299      1114.13916
      2400.69289       108.00000      1963.18301      1114.13915
      2419.09451       109.00000      1967.62838      1114.13914
      2437.49614       110.00000      1972.05895      1114.13914
      2455.89776       111.00000      1976.47456      1114.13913
      2474.24475       112.00000      1980.87517      1114.13913
      2492.34170       113.00000      1985.26231      1114.13912
      2510.43864       114.00000      1989.63217      1114.13911
      2528.53558       115.00000      2001.62956      1114.13922
      2546.63253       116.00000      2021.67961      1114.13941
      2564.72947       117.00000      2044.21803      1114.13960
      2582.61700       118.00000      2060.25403      1114.13969
      2600.39350       119.00000      2064.42743      1114.13968
      2618.17000       120.00000      2068.58622      1114.13966
      2635.94650       121.00000      2072.73043      1114.13965
      2653.72300       122.00000      2076.86006      1114.13964
      2671.49146       123.00000      2080.97512      1114.13962
      2688.98186       124.00000      2085.07562      1114.13961
      2706.47225       125.00000      2089.16156      1114.13960
      2723.96264       126.00000      2093.23297      1114.13958
      2741.44849       127.00000      2097.28996      1114.13957
      2758.76354       128.00000      2101.33214      1114.13956
      2776.00929       129.00000      2105.36033      1114.13954
      2793.08810       130.00000      2109.37403      1114.13953
      2810.16691       131.00000      2113.37295      1114.13952
      2827.24572       132.00000      2117.35585      1114.13951
      2844.32452       133.00000      2121.32544      1114.13949
      2861.40333       134.00000      2125.28050      1114.13948
      2878.36916       135.00000      2129.22100      1114.13947
      2895.19009       136.00000      2133.14693      1114.13946
      2912.01101       137.00000      2137.05830      1114.13944
      2928.83193       138.00000      2140.95510      1114.13943
      2945.65286       139.00000      2144.83731      1114.13942
      2962.47378       140.00000      2148.70494      1114.13941
        -0.00000         0.00000      1293.25816      1126.52844
        36.28228         1.00000      1304.09513      1126.52837
        66.34476         2.00000      1316.71480      1126.52845
        96.41489         3.00000      1328.17434      1126.52849
       126.47625         4.00000      1338.85315      1126.52852
       156.54183         5.00000      1348.92256      1126.52854
       186.60540         6.00000      1358.48335      1126.52855
       216.66896         7.00000      1367.59849      1126.52856
       246.00169         8.00000      1376.30938      1126.52858
       275.15035         9.00000      1387.95321      1126.52860
       304.12654        10.00000      1396.40931      1126.52863
       332.88900        11.00000      1404.52018      1126.52866
       361.53749        12.00000      1412.26583      1126.52870
       389.98609        13.00000      1461.03734      1126.52868
       417.29753        14.00000      1468.17588      1126.52881
       443.99125        15.00000      1474.10731      1126.52915
       470.32792        16.00000      1489.93360      1126.52959
       496.56087        17.00000      1527.64128      1126.51844
       522.40358        18.00000      1539.96902      1126.51815
       548.18742        19.00000      1549.58601      1126.51800
       573.57014        20.00000      1557.45895      1126.51797
       598.92253        21.00000      1563.58728      1126.51798
       624.04227        22.00000      1568.94116      1126.51797
       649.12026        23.00000      1574.30565      1126.51796
       673.78483        24.00000      1547.19567      1126.51859
       696.50299        25.00000      1551.45771      1126.51871
       719.22116        26.00000      1558.62015      1126.51871
       741.81150        27.00000      1565.70547      1126.51871
       764.39099        28.00000      1572.71646      1126.51872
       786.82469        29.00000      1579.65289      1126.51872
       809.19806        30.00000      1586.51884      1126.51872
       831.57144        31.00000      1593.31584      1126.51873
       853.94481        32.00000      1600.04442      1126.51873
       876.25551        33.00000      1606.70800      1126.51873
       898.36522        34.00000      1613.30644      1126.51873
       920.47493        35.00000      1619.84313      1126.51873
       942.58464        36.00000      1626.31779      1126.51874
       964.69435        37.00000      1632.73350      1126.51874
       986.62271        38.00000      1639.09193      1126.51874
      1008.47872        39.00000      1645.39314      1126.51874
      1030.33473        40.00000      1651.63917      1126.51874
      1052.19073        41.00000      1657.83147      1126.51874
      1074.01237        42.00000      1663.97143      1126.51874
      1095.62184        43.00000      1670.84390      1126.51874
      1117.23130        44.00000      1676.89340      1126.51874
      1138.84077        45.00000      1682.89575      1126.51874
      1160.45023        46.00000      1688.85003      1126.51874
      1181.93728        47.00000      1694.75891      1126.51874
      1203.30755        48.00000      1700.62341      1126.51874
      1224.67783        49.00000      1706.44387      1126.51874
      1246.04810        50.00000      1712.22261      1126.51874
      1267.41837        51.00000      1717.96073      1126.51874
      1288.59275        52.00000      1723.65709      1126.51874
      1309.72768        53.00000      1729.31558      1126.51874
      1330.86262        54.00000      1734.93628      1126.51874
      1351.99755        55.00000      1740.52031      1126.51873
      1373.10913        56.00000      1746.06867      1126.51873
      1394.01259        57.00000      1751.58266      1126.51873
      1414.91605        58.00000      1757.06350      1126.51873
      1435.81951        59.00000      1762.51018      1126.51873
      1456.72297        60.00000      1767.92624      1126.51872
      1477.55340        61.00000      1773.31155      1126.51872
      1498.22650        62.00000      1778.66814      1126.51872
      1518.89960        63.00000      1783.99402      1126.51872
      1539.57270        64.00000      1789.29305      1126.51871
      1560.24580        65.00000      1794.56589      1126.51871
      1580.80840        66.00000      1799.81192      1126.51871
      1601.25118        67.00000      1805.03091      1126.51870
      1621.69397        68.00000      1810.22668      1126.51870
      1642.13676        69.00000      1815.40076      1126.51870
      1662.57955        70.00000      1820.55007      1126.51869
      1682.88578        71.00000      1825.67413      1126.51869
      1703.09638        72.00000      1830.77904      1126.51868
      1723.30698        73.00000      1835.86546      1126.51868
      1743.51758        74.00000      1840.92650      1126.51868
      1763.72818        75.00000      1845.97029      1126.51867
      1783.78811        76.00000      1850.99491      1126.51867
      1803.76336        77.00000      1856.00087      1126.51866
      1823.73861        78.00000      1860.98970      1126.51866
      1843.71386        79.00000      1865.96001      1126.51865
      1863.68911        80.00000      1870.91295      1126.51865
      1883.51189        81.00000      1875.84915      1126.51864
      1903.24666        82.00000      1880.76893      1126.51864
      1922.98143        83.00000      1885.67272      1126.51863
      1942.71619        84.00000      1890.56050      1126.51863
      1962.45096        85.00000      1895.43423      1126.51862
      1982.04577        86.00000      1900.29093      1126.51862
      2001.53363        87.00000      1905.13364      1126.51860
      2021.02148        88.00000      1909.96179      1126.51860
      2040.50934        89.00000      1914.77548      1126.51859
      2059.99719        90.00000      1919.57488      1126.51858
      2079.37392        91.00000      1924.36013      1126.51857
      2098.60653        92.00000      1929.13161      1126.51858
      2117.83915        93.00000      1933.88891      1126.51858
      2137.07176        94.00000      1938.63233      1126.51857
      2156.30438        95.00000      1943.36191      1126.51856
      2175.47443        96.00000      1948.07768      1126.51856
      2194.44184        97.00000      1952.77963      1126.51855
      2213.40925        98.00000      1957.46776      1126.51855
      2232.37665        99.00000      1962.14203      1126.51854
      2251.34406       100.00000      1966.80238      1126.51853
      2270.31147       101.00000      1971.44867      1126.51853
      2289.01274       102.00000      1976.08115      1126.51852
      2307.70399       103.00000      1980.69956      1126.51852
      2326.39524       104.00000      1985.30305      1126.51851
      2345.08649       105.00000      1989.89271      1126.51850
      2363.77773       106.00000      1994.46779      1126.51850
      2382.29127       107.00000      1999.02826      1126.51849
      2400.69289       108.00000      2003.57401      1126.51849
      2419.09451       109.00000      2008.10508      1126.51848
      2437.49614       110.00000      2012.62118      1126.51847
      2455.89776       111.00000      2017.12172      1126.51847
      2474.24475       112.00000      2021.60717      1126.51846
      2492.34170       113.00000      2026.07950      1126.51845
      2510.43864       114.00000      2030.53396      1126.51845
      2528.53558       115.00000      2036.17559      1126.51846
      2546.63253       116.00000      2053.65887      1126.51863
      2564.72947       117.00000      2076.01089      1126.51883
      2582.61700       118.00000      2099.03802      1126.51900
      2600.39350       119.00000      2107.22560      1126.51902
      2618.17000       120.00000      2111.46569      1126.51900
      2635.94650       121.00000      2115.69098      1126.51899
      2653.72300       122.00000      2119.90142      1126.51898
      2671.49146       123.00000      2124.09703      1126.51896
      2688.98186       124.00000      2128.27784      1126.51895
      2706.47225       125.00000      2132.44385      1126.51894
      2723.96264       126.00000      2136.59509      1126.51892
      2741.44849       127.00000      2140.73172      1126.51891
      2758.76354       128.00000      2144.85330      1126.51890
      2776.00929       129.00000      2148.96057      1126.51888
      2793.08810       130.00000      2153.05334      1126.51887
      2810.16691       131.00000      2157.13138      1126.51886
      2827.24572       132.00000      2161.19377      1126.51885
      2844.32452       133.00000      2165.24096      1126.51883
      2861.40333       134.00000      2169.27438      1126.51882
      2878.36916       135.00000      2173.29309      1126.51881
      2895.19009       136.00000      2177.29711      1126.51880
      2912.01101       137.00000      2181.28642      1126.51879
      2928.83193       138.00000      2185.26103      1126.51877
      2945.65286       139.00000      2189.22094      1126.51876
      2962.47378       140.00000      2193.16616      1126.51875
        -0.00000         0.00000      1319.56025      1138.90787
        36.28228         1.00000      1330.71621      1138.90779
        66.34476         2.00000      1343.68126      1138.90787
        96.41489         3.00000      1355.48218      1138.90792
       126.47625         4.00000      1366.46769      1138.90795
       156.54183         5.00000      1376.81689      1138.90797
       186.60540         6.00000      1386.63642      1138.90798
       216.66896         7.00000      1395.99286      1138.90800
       246.00169         8.00000      1404.93021      1138.90801
       275.15035         9.00000      1416.79031      1138.90804
       304.12654        10.00000      1425.45241      1138.90806
       332.88900        11.00000      1433.75456      1138.90810
       361.53749        12.00000      1441.67408      1138.90815
       389.98609        13.00000      1487.95694      1138.90813
       417.29753        14.00000      1498.40742      1138.90828
       443.99125        15.00000      1504.30872      1138.90868
       470.32792        16.00000      1514.74278      1138.91004
       496.56087        17.00000      1551.23635      1138.89993
       522.40358        18.00000      1569.36609      1138.89760
       548.18742        19.00000      1580.24224      1138.89739
       573.57014        20.00000      1589.01179      1138.89727
       598.92253        21.00000      1595.12441      1138.89732
       624.04227        22.00000      1601.56587      1138.89729
       649.12026        23.00000      1606.80856      1138.89729
       673.78483        24.00000      1575.59837      1138.89804
       696.50299        25.00000      1583.00406      1138.89804
       719.22116        26.00000      1590.32913      1138.89804
       741.81150        27.00000      1597.57559      1138.89805
       764.39099        28.00000      1604.74431      1138.89805
       786.82469        29.00000      1611.83855      1138.89805
       809.19806        30.00000      1618.86044      1138.89806
       831.57144        31.00000      1625.81013      1138.89806
       853.94481        32.00000      1632.69114      1138.89806
       876.25551        33.00000      1639.50516      1138.89806
       898.36522        34.00000      1646.25251      1138.89807
       920.47493        35.00000      1652.93617      1138.89807
       942.58464        36.00000      1659.55739      1138.89807
       964.69435        37.00000      1666.11771      1138.89807
       986.62271        38.00000      1672.61913      1138.89807
      1008.47872        39.00000      1679.06265      1138.89807
      1030.33473        40.00000      1685.44843      1138.89807
      1052.19073        41.00000      1691.78006      1138.89807
      1074.01237        42.00000      1698.05885      1138.89807
      1095.62184        43.00000      1704.28410      1138.89808
      1117.23130        44.00000      1710.45932      1138.89808
      1138.84077        45.00000      1717.36526      1138.89808
      1160.45023        46.00000      1723.45359      1138.89808
      1181.93728        47.00000      1729.49389      1138.89808
      1203.30755        48.00000      1735.48900      1138.89808
      1224.67783        49.00000      1741.43958      1138.89808
      1246.04810        50.00000      1747.34678      1138.89807
      1267.41837        51.00000      1753.21186      1138.89807
      1288.59275        52.00000      1759.03591      1138.89807
      1309.72768        53.00000      1764.82007      1138.89807
      1330.86262        54.00000      1770.56548      1138.89807
      1351.99755        55.00000      1776.27352      1138.89807
      1373.10913        56.00000      1781.94535      1138.89806
      1394.01259        57.00000      1787.58095      1138.89807
      1414.91605        58.00000      1793.18105      1138.89806
      1435.81951        59.00000      1798.74864      1138.89806
      1456.72297        60.00000      1804.28373      1138.89806
      1477.55340        61.00000      1809.78727      1138.89806
      1498.22650        62.00000      1815.26023      1138.89805
      1518.89960        63.00000      1820.70416      1138.89805
      1539.57270        64.00000      1826.11915      1138.89805
      1560.24580        65.00000      1831.50580      1138.89804
      1580.80840        66.00000      1836.86542      1138.89804
      1601.25118        67.00000      1842.19882      1138.89804
      1621.69397        68.00000      1847.50557      1138.89803
      1642.13676        69.00000      1852.78891      1138.89803
      1662.57955        70.00000      1858.04835      1138.89803
      1682.88578        71.00000      1863.28464      1138.89802
      1703.09638        72.00000      1868.50133      1138.89802
      1723.30698        73.00000      1873.69047      1138.89802
      1743.51758        74.00000      1878.86131      1138.89801
      1763.72818        75.00000      1884.01160      1138.89801
      1783.78811        76.00000      1889.14191      1138.89800
      1803.76336        77.00000      1894.25280      1138.89800
      1823.73861        78.00000      1899.34604      1138.89799
      1843.71386        79.00000      1904.41834      1138.89799
      1863.68911        80.00000      1909.47392      1138.89798
      1883.51189        81.00000      1914.51326      1138.89798
      1903.24666        82.00000      1919.53399      1138.89797
      1922.98143        83.00000      1924.53810      1138.89797
      1942.71619        84.00000      1929.52635      1138.89796
      1962.45096        85.00000      1934.49704      1138.89796
      1982.04577        86.00000      1939.45288      1138.89795
      2001.53363        87.00000      1944.39314      1138.89795
      2021.02148        88.00000      1949.31799      1138.89793
      2040.50934        89.00000      1954.22779      1138.89793
      2059.99719        90.00000      1959.12265      1138.89792
      2079.37392        91.00000      1964.00293      1138.89792
      2098.60653        92.00000      1968.86839      1138.89792
      2117.83915        93.00000      1973.71929      1138.89791
      2137.07176        94.00000      1978.55574      1138.89791
      2156.30438        95.00000      1983.37778      1138.89790
      2175.47443        96.00000      1988.18546      1138.89790
      2194.44184        97.00000      1992.97882      1138.89789
      2213.40925        98.00000      1997.75785      1138.89788
      2232.37665        99.00000      2002.52254      1138.89788
      2251.34406       100.00000      2007.27287      1138.89787
      2270.31147       101.00000      2012.00879      1138.89786
      2289.01274       102.00000      2016.73015      1138.89786
      2307.70399       103.00000      2021.43718      1138.89785
      2326.39524       104.00000      2026.12950      1138.89785
      2345.08649       105.00000      2030.80712      1138.89784
      2363.77773       106.00000      2035.46995      1138.89783
      2382.29127       107.00000      2040.11790      1138.89783
      2400.69289       108.00000      2044.75086      1138.89782
      2419.09451       109.00000      2049.36872      1138.89782
      2437.49614       110.00000      2053.97136      1138.89781
      2455.89776       111.00000      2058.55884      1138.89780
      2474.24475       112.00000      2063.13071      1138.89780
      2492.34170       113.00000      2067.68696      1138.89779
      2510.43864       114.00000      2072.22962      1138.89779
      2528.53558       115.00000      2076.75442      1138.89778
      2546.63253       116.00000      2087.32812      1138.89786
      2564.72947       117.00000      2107.79060      1138.89805
      2582.61700       118.00000      2131.92073      1138.89824
      2600.39350       119.00000      2150.85956      1138.89836
      2618.17000       120.00000      2155.18260      1138.89834
      2635.94650       121.00000      2159.49058      1138.89833
      2653.72300       122.00000      2163.78343      1138.89832
      2671.49146       123.00000      2168.06117      1138.89830
      2688.98186       124.00000      2172.32385      1138.89829
      2706.47225       125.00000      2176.57147      1138.89828
      2723.96264       126.00000      2180.80408      1138.89826
      2741.44849       127.00000      2185.02187      1138.89825
      2758.76354       128.00000      2189.22454      1138.89824
      2776.00929       129.00000      2193.41215      1138.89823
      2793.08810       130.00000      2197.58542      1138.89821
      2810.16691       131.00000      2201.74368      1138.89820
      2827.24572       132.00000      2205.88634      1138.89819
      2844.32452       133.00000      2210.01342      1138.89818
      2861.40333       134.00000      2214.12657      1138.89816
      2878.36916       135.00000      2218.22486      1138.89815
      2895.19009       136.00000      2222.30829      1138.89814
      2912.01101       137.00000      2226.37687      1138.89813
      2928.83193       138.00000      2230.43060      1138.89812
      2945.65286       139.00000      2234.46950      1138.89810
      2962.47378       140.00000      2238.49356      1138.89809
        -0.00000         0.00000      1346.31764      1151.28729
        36.28228         1.00000      1357.81919      1151.28720
        66.34476         2.00000      1371.13607      1151.28729
        96.41489         3.00000      1383.28739      1151.28735
       126.47625         4.00000      1394.59082      1151.28738
       156.54183         5.00000      1405.22944      1151.28740
       186.60540         6.00000      1415.31631      1151.28741
       216.66896         7.00000      1424.92198      1151.28743
       246.00169         8.00000      1434.09299      1151.28745
       275.15035         9.00000      1446.17473      1151.28747
       304.12654        10.00000      1455.04875      1151.28749
       332.88900        11.00000      1463.54757      1151.28753
       361.53749        12.00000      1471.64712      1151.28759
       389.98609        13.00000      1506.70273      1151.28761
       417.29753        14.00000      1529.19450      1151.28776
       443.99125        15.00000      1535.05416      1151.28821
       470.32792        16.00000      1541.59620      1151.28956
       496.56087        17.00000      1574.28350      1151.28159
       522.40358        18.00000      1598.57790      1151.27710
       548.18742        19.00000      1610.94474      1151.27682
       573.57014        20.00000      1620.87892      1151.27671
       598.92253        21.00000      1627.30591      1151.27666
       624.04227        22.00000      1634.76018      1151.27663
       649.12026        23.00000      1639.67898      1151.27662
       673.78483        24.00000      1607.54612      1151.27737
       696.50299        25.00000      1615.12102      1151.27737
       719.22116        26.00000      1622.61268      1151.27738
       741.81150        27.00000      1630.02305      1151.27738
       764.39099        28.00000      1637.35525      1151.27738
       786.82469        29.00000      1644.60944      1151.27739
       809.19806        30.00000      1651.78990      1151.27739
       831.57144        31.00000      1658.89760      1151.27739
       853.94481        32.00000      1665.93540      1151.27739
       876.25551        33.00000      1672.90314      1151.27740
       898.36522        34.00000      1679.80330      1151.27740
       920.47493        35.00000      1686.63779      1151.27740
       942.58464        36.00000      1693.40927      1151.27740
       964.69435        37.00000      1700.11675      1151.27740
       986.62271        38.00000      1706.76456      1151.27740
      1008.47872        39.00000      1713.35311      1151.27741
      1030.33473        40.00000      1719.88397      1151.27741
      1052.19073        41.00000      1726.35855      1151.27741
      1074.01237        42.00000      1732.77829      1151.27741
      1095.62184        43.00000      1739.14472      1151.27741
      1117.23130        44.00000      1745.45909      1151.27741
      1138.84077        45.00000      1751.72280      1151.27741
      1160.45023        46.00000      1757.93719      1151.27741
      1181.93728        47.00000      1764.87712      1151.27741
      1203.30755        48.00000      1771.00610      1151.27741
      1224.67783        49.00000      1777.08986      1151.27741
      1246.04810        50.00000      1783.12922      1151.27741
      1267.41837        51.00000      1789.12535      1151.27741
      1288.59275        52.00000      1795.07943      1151.27741
      1309.72768        53.00000      1800.99263      1151.27741
      1330.86262        54.00000      1806.86605      1151.27740
      1351.99755        55.00000      1812.70081      1151.27740
      1373.10913        56.00000      1818.49863      1151.27740
      1394.01259        57.00000      1824.25875      1151.27740
      1414.91605        58.00000      1829.98390      1151.27740
      1435.81951        59.00000      1835.67468      1151.27740
      1456.72297        60.00000      1841.33202      1151.27739
      1477.55340        61.00000      1846.95690      1151.27739
      1498.22650        62.00000      1852.55032      1151.27739
      1518.89960        63.00000      1858.11431      1151.27739
      1539.57270        64.00000      1863.64619      1151.27738
      1560.24580        65.00000      1869.15186      1151.27738
      1580.80840        66.00000      1874.62695      1151.27738
      1601.25118        67.00000      1880.07764      1151.27737
      1621.69397        68.00000      1885.50001      1151.27737
      1642.13676        69.00000      1890.89686      1151.27737
      1662.57955        70.00000      1896.26964      1151.27736
      1682.88578        71.00000      1901.61841      1151.27736
      1703.09638        72.00000      1906.94385      1151.27736
      1723.30698        73.00000      1912.24664      1151.27735
      1743.51758        74.00000      1917.52741      1151.27735
      1763.72818        75.00000      1922.78678      1151.27734
      1783.78811        76.00000      1928.02537      1151.27734
      1803.76336        77.00000      1933.24367      1151.27733
      1823.73861        78.00000      1938.44225      1151.27733
      1843.71386        79.00000      1943.62160      1151.27732
      1863.68911        80.00000      1948.78219      1151.27732
      1883.51189        81.00000      1953.92444      1151.27731
      1903.24666        82.00000      1959.04879      1151.27731
      1922.98143        83.00000      1964.15710      1151.27730
      1942.71619        84.00000      1969.24634      1151.27730
      1962.45096        85.00000      1974.31802      1151.27729
      1982.04577        86.00000      1979.37424      1151.27729
      2001.53363        87.00000      1984.41481      1151.27728
      2021.02148        88.00000      1989.43886      1151.27727
      2040.50934        89.00000      1994.44783      1151.27727
      2059.99719        90.00000      1999.43925      1151.27726
      2079.37392        91.00000      2004.41618      1151.27725
      2098.60653        92.00000      2009.37804      1151.27726
      2117.83915        93.00000      2014.32425      1151.27723
      2137.07176        94.00000      2019.25562      1151.27722
      2156.30438        95.00000      2024.17242      1151.27724
      2175.47443        96.00000      2029.07349      1151.27723
      2194.44184        97.00000      2033.96014      1151.27723
      2213.40925        98.00000      2038.83193      1151.27722
      2232.37665        99.00000      2043.68888      1151.27721
      2251.34406       100.00000      2048.53098      1151.27721
      2270.31147       101.00000      2053.35823      1151.27720
      2289.01274       102.00000      2058.17058      1151.27720
      2307.70399       103.00000      2062.96799      1151.27719
      2326.39524       104.00000      2067.75041      1151.27718
      2345.08649       105.00000      2072.51777      1151.27718
      2363.77773       106.00000      2077.27001      1151.27717
      2382.29127       107.00000      2082.00704      1151.27717
      2400.69289       108.00000      2086.72880      1151.27716
      2419.09451       109.00000      2091.43519      1151.27715
      2437.49614       110.00000      2096.12611      1151.27715
      2455.89776       111.00000      2100.80150      1151.27714
      2474.24475       112.00000      2105.46117      1151.27714
      2492.34170       113.00000      2110.10554      1151.27713
      2510.43864       114.00000      2114.73314      1151.27712
      2528.53558       115.00000      2119.34753      1151.27712
      2546.63253       116.00000      2123.94345      1151.27711
      2564.72947       117.00000      2140.74288      1151.27726
      2582.61700       118.00000      2163.82947      1151.27746
      2600.39350       119.00000      2189.11620      1151.27765
      2618.17000       120.00000      2199.75438      1151.27768
      2635.94650       121.00000      2204.14568      1151.27767
      2653.72300       122.00000      2208.52260      1151.27766
      2671.49146       123.00000      2212.88411      1151.27764
      2688.98186       124.00000      2217.23027      1151.27763
      2706.47225       125.00000      2221.56111      1151.27762
      2723.96264       126.00000      2225.87665      1151.27760
      2741.44849       127.00000      2230.17704      1151.27759
      2758.76354       128.00000      2234.46237      1151.27758
      2776.00929       129.00000      2238.73200      1151.27757
      2793.08810       130.00000      2242.98718      1151.27755
      2810.16691       131.00000      2247.22721      1151.27754
      2827.24572       132.00000      2251.45184      1151.27753
      2844.32452       133.00000      2255.65998      1151.27752
      2861.40333       134.00000      2259.85429      1151.27750
      2878.36916       135.00000      2264.03355      1151.27749
      2895.19009       136.00000      2268.19778      1151.27748
      2912.01101       137.00000      2272.34700      1151.27747
      2928.83193       138.00000      2276.48121      1151.27746
      2945.65286       139.00000      2280.60043      1151.27745
      2962.47378       140.00000      2284.70468      1151.27743
        -0.00000         0.00000      1373.53646      1163.66672
        36.28228         1.00000      1385.41126      1163.66661
        66.34476         2.00000      1399.07924      1163.66672
        96.41489         3.00000      1411.59777      1163.66678
       126.47625         4.00000      1423.23016      1163.66681
       156.54183         5.00000      1434.16827      1163.66683
       186.60540         6.00000      1444.53149      1163.66685
       216.66896         7.00000      1454.39457      1163.66686
       246.00169         8.00000      1463.80676      1163.66688
       275.15035         9.00000      1476.11553      1163.66691
       304.12654        10.00000      1485.20772      1163.66694
       332.88900        11.00000      1493.90861      1163.66697
       361.53749        12.00000      1502.18825      1163.66704
       389.98609        13.00000      1527.39871      1163.66708
       417.29753        14.00000      1560.54940      1163.66723
       443.99125        15.00000      1566.35000      1163.66775
       470.32792        16.00000      1569.05852      1163.66906
       496.56087        17.00000      1597.71484      1163.66304
       522.40358        18.00000      1627.48780      1163.65665
       548.18742        19.00000      1641.58926      1163.65628
       573.57014        20.00000      1652.95522      1163.65611
       598.92253        21.00000      1660.51762      1163.65602
       624.04227        22.00000      1668.51902      1163.65597
       649.12026        23.00000      1666.95824      1163.65587
       673.78483        24.00000      1640.06770      1163.65670
       696.50299        25.00000      1647.81531      1163.65671
       719.22116        26.00000      1655.47762      1163.65671
       741.81150        27.00000      1663.05702      1163.65671
       764.39099        28.00000      1670.55559      1163.65672
       786.82469        29.00000      1677.97564      1163.65672
       809.19806        30.00000      1685.31918      1163.65672
       831.57144        31.00000      1692.58935      1163.65672
       853.94481        32.00000      1699.78467      1163.65673
       876.25551        33.00000      1706.91045      1163.65673
       898.36522        34.00000      1713.96844      1163.65673
       920.47493        35.00000      1720.95700      1163.65673
       942.58464        36.00000      1727.88134      1163.65674
       964.69435        37.00000      1734.74170      1163.65674
       986.62271        38.00000      1741.54004      1163.65674
      1008.47872        39.00000      1748.27776      1163.65674
      1030.33473        40.00000      1754.95647      1163.65674
      1052.19073        41.00000      1761.57758      1163.65674
      1074.01237        42.00000      1768.14264      1163.65674
      1095.62184        43.00000      1774.65366      1163.65674
      1117.23130        44.00000      1781.11027      1163.65674
      1138.84077        45.00000      1787.51562      1163.65674
      1160.45023        46.00000      1793.87050      1163.65674
      1181.93728        47.00000      1800.17624      1163.65674
      1203.30755        48.00000      1806.82751      1163.65674
      1224.67783        49.00000      1813.40731      1163.65674
      1246.04810        50.00000      1819.58224      1163.65674
      1267.41837        51.00000      1825.71343      1163.65674
      1288.59275        52.00000      1831.80159      1163.65674
      1309.72768        53.00000      1837.84596      1163.65674
      1330.86262        54.00000      1843.85134      1163.65674
      1351.99755        55.00000      1849.81711      1163.65674
      1373.10913        56.00000      1855.74366      1163.65674
      1394.01259        57.00000      1861.63201      1163.65673
      1414.91605        58.00000      1867.48401      1163.65673
      1435.81951        59.00000      1873.30119      1163.65673
      1456.72297        60.00000      1879.08399      1163.65673
      1477.55340        61.00000      1884.83409      1163.65672
      1498.22650        62.00000      1890.55163      1163.65672
      1518.89960        63.00000      1896.23703      1163.65672
      1539.57270        64.00000      1901.89185      1163.65672
      1560.24580        65.00000      1907.51695      1163.65672
      1580.80840        66.00000      1913.11320      1163.65671
      1601.25118        67.00000      1918.68146      1163.65671
      1621.69397        68.00000      1924.22249      1163.65671
      1642.13676        69.00000      1929.73574      1163.65670
      1662.57955        70.00000      1935.22449      1163.65670
      1682.88578        71.00000      1940.68852      1163.65669
      1703.09638        72.00000      1946.12833      1163.65669
      1723.30698        73.00000      1951.54705      1163.65669
      1743.51758        74.00000      1956.93799      1163.65668
      1763.72818        75.00000      1962.31125      1163.65668
      1783.78811        76.00000      1967.66056      1163.65667
      1803.76336        77.00000      1972.98681      1163.65667
      1823.73861        78.00000      1978.29453      1163.65666
      1843.71386        79.00000      1983.58216      1163.65666
      1863.68911        80.00000      1988.85019      1163.65666
      1883.51189        81.00000      1994.09906      1163.65665
      1903.24666        82.00000      1999.32920      1163.65665
      1922.98143        83.00000      2004.54220      1163.65664
      1942.71619        84.00000      2009.73481      1163.65664
      1962.45096        85.00000      2014.91193      1163.65663
      1982.04577        86.00000      2020.07083      1163.65662
      2001.53363        87.00000      2025.21218      1163.65662
      2021.02148        88.00000      2030.33709      1163.65661
      2040.50934        89.00000      2035.44550      1163.65660
      2059.99719        90.00000      2040.53771      1163.65660
      2079.37392        91.00000      2045.61448      1163.65660
      2098.60653        92.00000      2050.67366      1163.65659
      2117.83915        93.00000      2055.71782      1163.65659
      2137.07176        94.00000      2060.74627      1163.65658
      2156.30438        95.00000      2065.75912      1163.65657
      2175.47443        96.00000      2070.75645      1163.65657
      2194.44184        97.00000      2075.73833      1163.65656
      2213.40925        98.00000      2080.70481      1163.65656
      2232.37665        99.00000      2085.65592      1163.65655
      2251.34406       100.00000      2090.59169      1163.65654
      2270.31147       101.00000      2095.51212      1163.65654
      2289.01274       102.00000      2100.41719      1163.65653
      2307.70399       103.00000      2105.30689      1163.65653
      2326.39524       104.00000      2110.18118      1163.65652
      2345.08649       105.00000      2115.04003      1163.65651
      2363.77773       106.00000      2119.88339      1163.65651
      2382.29127       107.00000      2124.71322      1163.65650
      2400.69289       108.00000      2129.52378      1163.65650
      2419.09451       109.00000      2134.31998      1163.65649
      2437.49614       110.00000      2139.10080      1163.65648
      2455.89776       111.00000      2143.86580      1163.65648
      2474.24475       112.00000      2148.61489      1163.65647
      2492.34170       113.00000      2153.34799      1163.65647
      2510.43864       114.00000      2158.06502      1163.65646
      2528.53558       115.00000      2162.76827      1163.65645
      2546.63253       116.00000      2167.45289      1163.65645
      2564.72947       117.00000      2175.87420      1163.65649
      2582.61700       118.00000      2196.29546      1163.65667
      2600.39350       119.00000      2221.61254      1163.65687
      2618.17000       120.00000      2245.19447      1163.65702
      2635.94650       121.00000      2249.67295      1163.65701
      2653.72300       122.00000      2254.13566      1163.65700
      2671.49146       123.00000      2258.58265      1163.65698
      2688.98186       124.00000      2263.01397      1163.65697
      2706.47225       125.00000      2267.42967      1163.65696
      2723.96264       126.00000      2271.82980      1163.65695
      2741.44849       127.00000      2276.21450      1163.65693
      2758.76354       128.00000      2280.58374      1163.65692
      2776.00929       129.00000      2284.93724      1163.65691
      2793.08810       130.00000      2289.27589      1163.65690
      2810.16691       131.00000      2293.59922      1163.65688
      2827.24572       132.00000      2297.90712      1163.65687
      2844.32452       133.00000      2302.19803      1163.65686
      2861.40333       134.00000      2306.47498      1163.65685
      2878.36916       135.00000      2310.73669      1163.65683
      2895.19009       136.00000      2314.98317      1163.65682
      2912.01101       137.00000      2319.21445      1163.65681
      2928.83193       138.00000      2323.43054      1163.65680
      2945.65286       139.00000      2327.63148      1163.65679
      2962.47378       140.00000      2331.81728      1163.65678
        -0.00000         0.00000      1401.21782      1176.04614
        36.28228         1.00000      1413.49953      1176.04602
        66.34476         2.00000      1427.52541      1176.04614
        96.41489         3.00000      1440.42083      1176.04620
       126.47625         4.00000      1452.39345      1176.04624
       156.54183         5.00000      1463.64145      1176.04626
       186.60540         6.00000      1474.29042      1176.04628
       216.66896         7.00000      1484.41939      1176.04630
       246.00169         8.00000      1494.08060      1176.04632
       275.15035         9.00000      1506.62181      1176.04635
       304.12654        10.00000      1515.93894      1176.04637
       332.88900        11.00000      1524.84775      1176.04642
       361.53749        12.00000      1533.31463      1176.04648
       389.98609        13.00000      1549.90091      1176.04657
       417.29753        14.00000      1592.48026      1176.04672
       443.99125        15.00000      1598.20729      1176.04731
       470.32792        16.00000      1601.56669      1176.04851
       496.56087        17.00000      1621.29636      1176.04440
       522.40358        18.00000      1655.92619      1176.03627
       548.18742        19.00000      1672.07172      1176.03579
       573.57014        20.00000      1685.06318      1176.03553
       598.92253        21.00000      1694.13383      1176.03538
       624.04227        22.00000      1702.82473      1176.03531
       649.12026        23.00000      1701.48088      1176.03519
       673.78483        24.00000      1673.17483      1176.03604
       696.50299        25.00000      1681.09948      1176.03604
       719.22116        26.00000      1688.93667      1176.03604
       741.81150        27.00000      1696.68886      1176.03605
       764.39099        28.00000      1704.35836      1176.03605
       786.82469        29.00000      1711.94738      1176.03605
       809.19806        30.00000      1719.45929      1176.03606
       831.57144        31.00000      1726.89247      1176.03606
       853.94481        32.00000      1734.25255      1176.03606
       876.25551        33.00000      1741.54027      1176.03606
       898.36522        34.00000      1748.75842      1176.03606
       920.47493        35.00000      1755.90597      1176.03607
       942.58464        36.00000      1762.98751      1176.03607
       964.69435        37.00000      1770.00392      1176.03607
       986.62271        38.00000      1776.95636      1176.03607
      1008.47872        39.00000      1783.84703      1176.03607
      1030.33473        40.00000      1790.67729      1176.03607
      1052.19073        41.00000      1797.44868      1176.03608
      1074.01237        42.00000      1804.16270      1176.03608
      1095.62184        43.00000      1810.82082      1176.03608
      1117.23130        44.00000      1817.42447      1176.03608
      1138.84077        45.00000      1823.97507      1176.03608
      1160.45023        46.00000      1830.47402      1176.03608
      1181.93728        47.00000      1836.92265      1176.03608
      1203.30755        48.00000      1843.32231      1176.03608
      1224.67783        49.00000      1849.67431      1176.03608
      1246.04810        50.00000      1856.71839      1176.03608
      1267.41837        51.00000      1862.98762      1176.03608
      1288.59275        52.00000      1869.21276      1176.03608
      1309.72768        53.00000      1875.39417      1176.03608
      1330.86262        54.00000      1881.53372      1176.03607
      1351.99755        55.00000      1887.63255      1176.03607
      1373.10913        56.00000      1893.69033      1176.03607
      1394.01259        57.00000      1899.71102      1176.03607
      1414.91605        58.00000      1905.69573      1176.03607
      1435.81951        59.00000      1911.64260      1176.03607
      1456.72297        60.00000      1917.55463      1176.03606
      1477.55340        61.00000      1923.43104      1176.03606
      1498.22650        62.00000      1929.27464      1176.03606
      1518.89960        63.00000      1935.08414      1176.03606
      1539.57270        64.00000      1940.86529      1176.03605
      1560.24580        65.00000      1946.61347      1176.03605
      1580.80840        66.00000      1952.33152      1176.03605
      1601.25118        67.00000      1958.02253      1176.03604
      1621.69397        68.00000      1963.68527      1176.03604
      1642.13676        69.00000      1969.31807      1176.03604
      1662.57955        70.00000      1974.92604      1176.03603
      1682.88578        71.00000      1980.50815      1176.03603
      1703.09638        72.00000      1986.06512      1176.03603
      1723.30698        73.00000      1991.59849      1176.03602
      1743.51758        74.00000      1997.10632      1176.03602
      1763.72818        75.00000      2002.59184      1176.03601
      1783.78811        76.00000      2008.05484      1176.03601
      1803.76336        77.00000      2013.49767      1176.03600
      1823.73861        78.00000      2018.91717      1176.03600
      1843.71386        79.00000      2024.31356      1176.03600
      1863.68911        80.00000      2029.69153      1176.03599
      1883.51189        81.00000      2035.04950      1176.03599
      1903.24666        82.00000      2040.38787      1176.03598
      1922.98143        83.00000      2045.70708      1176.03598
      1942.71619        84.00000      2051.00902      1176.03597
      1962.45096        85.00000      2056.29134      1176.03597
      1982.04577        86.00000      2061.55454      1176.03596
      2001.53363        87.00000      2066.79919      1176.03596
      2021.02148        88.00000      2072.02880      1176.03595
      2040.50934        89.00000      2077.23989      1176.03594
      2059.99719        90.00000      2082.43379      1176.03593
      2079.37392        91.00000      2087.61106      1176.03593
      2098.60653        92.00000      2092.77132      1176.03592
      2117.83915        93.00000      2097.91747      1176.03592
      2137.07176        94.00000      2103.04303      1176.03592
      2156.30438        95.00000      2108.15384      1176.03591
      2175.47443        96.00000      2113.24907      1176.03591
      2194.44184        97.00000      2118.32824      1176.03590
      2213.40925        98.00000      2123.39144      1176.03589
      2232.37665        99.00000      2128.43871      1176.03589
      2251.34406       100.00000      2133.47011      1176.03588
      2270.31147       101.00000      2138.48565      1176.03588
      2289.01274       102.00000      2143.48536      1176.03587
      2307.70399       103.00000      2148.46924      1176.03586
      2326.39524       104.00000      2153.43727      1176.03586
      2345.08649       105.00000      2158.38944      1176.03585
      2363.77773       106.00000      2163.32573      1176.03585
      2382.29127       107.00000      2168.24612      1176.03584
      2400.69289       108.00000      2173.15055      1176.03583
      2419.09451       109.00000      2178.03898      1176.03583
      2437.49614       110.00000      2182.91137      1176.03582
      2455.89776       111.00000      2187.76766      1176.03581
      2474.24475       112.00000      2192.60775      1176.03580
      2492.34170       113.00000      2197.43166      1176.03580
      2510.43864       114.00000      2202.23925      1176.03580
      2528.53558       115.00000      2207.03047      1176.03579
      2546.63253       116.00000      2211.80526      1176.03579
      2564.72947       117.00000      2216.56378      1176.03578
      2582.61700       118.00000      2230.52225      1176.03589
      2600.39350       119.00000      2253.83646      1176.03608
      2618.17000       120.00000      2281.03914      1176.03628
      2635.94650       121.00000      2296.08926      1176.03635
      2653.72300       122.00000      2300.63955      1176.03634
      2671.49146       123.00000      2305.17378      1176.03632
      2688.98186       124.00000      2309.69202      1176.03631
      2706.47225       125.00000      2314.19431      1176.03630
      2723.96264       126.00000      2318.68073      1176.03629
      2741.44849       127.00000      2323.15140      1176.03627
      2758.76354       128.00000      2327.60638      1176.03626
      2776.00929       129.00000      2332.04527      1176.03625
      2793.08810       130.00000      2336.46902      1176.03624
      2810.16691       131.00000      2340.87726      1176.03622
      2827.24572       132.00000      2345.26991      1176.03621
      2844.32452       133.00000      2349.64611      1176.03620
      2861.40333       134.00000      2354.00636      1176.03619
      2878.36916       135.00000      2358.35203      1176.03618
      2895.19009       136.00000      2362.68226      1176.03616
      2912.01101       137.00000      2366.99709      1176.03615
      2928.83193       138.00000      2371.29654      1176.03614
      2945.65286       139.00000      2375.58065      1176.03613
      2962.47378       140.00000      2379.84943      1176.03612
        -0.00000         0.00000      1429.36613      1188.42556
        36.28228         1.00000      1442.09097      1188.42544
        66.34476         2.00000      1456.48007      1188.42556
        96.41489         3.00000      1469.76317      1188.42563
       126.47625         4.00000      1482.08876      1188.42567
       156.54183         5.00000      1493.65716      1188.42569
       186.60540         6.00000      1504.60158      1188.42571
       216.66896         7.00000      1515.00512      1188.42573
       246.00169         8.00000      1524.92344      1188.42575
       275.15035         9.00000      1537.70270      1188.42578
       304.12654        10.00000      1547.25178      1188.42581
       332.88900        11.00000      1556.37442      1188.42586
       361.53749        12.00000      1565.03212      1188.42593
       389.98609        13.00000      1574.03917      1188.42605
       417.29753        14.00000      1624.99664      1188.42621
       443.99125        15.00000      1630.63263      1188.42688
       470.32792        16.00000      1634.69542      1188.42796
       496.56087        17.00000      1649.04426      1188.42576
       522.40358        18.00000      1683.62895      1188.41553
       548.18742        19.00000      1702.25866      1188.41535
       573.57014        20.00000      1716.99013      1188.41499
       598.92253        21.00000      1728.06934      1188.41477
       624.04227        22.00000      1737.64967      1188.41466
       649.12026        23.00000      1736.65091      1188.41452
       673.78483        24.00000      1706.87642      1188.41537
       696.50299        25.00000      1714.98240      1188.41537
       719.22116        26.00000      1722.99882      1188.41538
       741.81150        27.00000      1730.92817      1188.41538
       764.39099        28.00000      1738.77428      1188.41538
       786.82469        29.00000      1746.53622      1188.41539
       809.19806        30.00000      1754.21851      1188.41539
       831.57144        31.00000      1761.82236      1188.41539
       853.94481        32.00000      1769.35011      1188.41539
       876.25551        33.00000      1776.80321      1188.41540
       898.36522        34.00000      1784.18561      1188.41540
       920.47493        35.00000      1791.49536      1188.41540
       942.58464        36.00000      1798.73805      1188.41540
       964.69435        37.00000      1805.91561      1188.41540
       986.62271        38.00000      1813.02496      1188.41541
      1008.47872        39.00000      1820.07400      1188.41541
      1030.33473        40.00000      1827.05898      1188.41541
      1052.19073        41.00000      1833.98346      1188.41541
      1074.01237        42.00000      1840.85018      1188.41541
      1095.62184        43.00000      1847.65971      1188.41541
      1117.23130        44.00000      1854.41351      1188.41541
      1138.84077        45.00000      1861.11303      1188.41541
      1160.45023        46.00000      1867.76070      1188.41541
      1181.93728        47.00000      1874.35591      1188.41541
      1203.30755        48.00000      1880.90145      1188.41541
      1224.67783        49.00000      1887.39590      1188.41541
      1246.04810        50.00000      1893.84453      1188.41541
      1267.41837        51.00000      1900.24691      1188.41541
      1288.59275        52.00000      1907.32513      1188.41541
      1309.72768        53.00000      1913.64577      1188.41541
      1330.86262        54.00000      1919.92348      1188.41541
      1351.99755        55.00000      1926.15940      1188.41541
      1373.10913        56.00000      1932.35559      1188.41540
      1394.01259        57.00000      1938.51073      1188.41540
      1414.91605        58.00000      1944.62738      1188.41540
      1435.81951        59.00000      1950.70717      1188.41540
      1456.72297        60.00000      1956.75219      1188.41540
      1477.55340        61.00000      1962.75831      1188.41540
      1498.22650        62.00000      1968.73172      1188.41539
      1518.89960        63.00000      1974.67163      1188.41539
      1539.57270        64.00000      1980.58080      1188.41539
      1560.24580        65.00000      1986.45462      1188.41539
      1580.80840        66.00000      1992.29949      1188.41538
      1601.25118        67.00000      1998.11440      1188.41538
      1621.69397        68.00000      2003.90018      1188.41538
      1642.13676        69.00000      2009.65871      1188.41537
      1662.57955        70.00000      2015.38751      1188.41537
      1682.88578        71.00000      2021.09161      1188.41537
      1703.09638        72.00000      2026.76752      1188.41536
      1723.30698        73.00000      2032.42018      1188.41536
      1743.51758        74.00000      2038.04580      1188.41535
      1763.72818        75.00000      2043.64943      1188.41535
      1783.78811        76.00000      2049.22854      1188.41535
      1803.76336        77.00000      2054.78375      1188.41534
      1823.73861        78.00000      2060.31752      1188.41534
      1843.71386        79.00000      2065.82942      1188.41533
      1863.68911        80.00000      2071.31994      1188.41533
      1883.51189        81.00000      2076.79072      1188.41532
      1903.24666        82.00000      2082.23976      1188.41532
      1922.98143        83.00000      2087.66878      1188.41531
      1942.71619        84.00000      2093.07813      1188.41531
      1962.45096        85.00000      2098.46738      1188.41530
      1982.04577        86.00000      2103.83852      1188.41530
      2001.53363        87.00000      2109.19106      1188.41529
      2021.02148        88.00000      2114.52525      1188.41529
      2040.50934        89.00000      2119.84219      1188.41528
      2059.99719        90.00000      2125.14093      1188.41528
      2079.37392        91.00000      2130.42140      1188.41526
      2098.60653        92.00000      2135.68405      1188.41526
      2117.83915        93.00000      2140.93006      1188.41526
      2137.07176        94.00000      2146.15901      1188.41525
      2156.30438        95.00000      2151.37105      1188.41525
      2175.47443        96.00000      2156.56631      1188.41524
      2194.44184        97.00000      2161.74490      1188.41524
      2213.40925        98.00000      2166.90692      1188.41523
      2232.37665        99.00000      2172.05243      1188.41522
      2251.34406       100.00000      2177.18151      1188.41522
      2270.31147       101.00000      2182.29420      1188.41521
      2289.01274       102.00000      2187.39054      1188.41521
      2307.70399       103.00000      2192.47056      1188.41520
      2326.39524       104.00000      2197.53427      1188.41519
      2345.08649       105.00000      2202.58168      1188.41519
      2363.77773       106.00000      2207.61279      1188.41518
      2382.29127       107.00000      2212.62759      1188.41518
      2400.69289       108.00000      2217.62607      1188.41517
      2419.09451       109.00000      2222.60819      1188.41516
      2437.49614       110.00000      2227.57393      1188.41516
      2455.89776       111.00000      2232.52325      1188.41515
      2474.24475       112.00000      2237.45684      1188.41515
      2492.34170       113.00000      2242.37285      1188.41514
      2510.43864       114.00000      2247.27261      1188.41513
      2528.53558       115.00000      2252.15688      1188.41513
      2546.63253       116.00000      2257.02201      1188.41512
      2564.72947       117.00000      2261.87184      1188.41512
      2582.61700       118.00000      2267.51740      1188.41512
      2600.39350       119.00000      2287.30104      1188.41529
      2618.17000       120.00000      2313.23083      1188.41549
      2635.94650       121.00000      2341.95572      1188.41568
      2653.72300       122.00000      2348.05144      1188.41568
      2671.49146       123.00000      2352.67475      1188.41566
      2688.98186       124.00000      2357.28171      1188.41565
      2706.47225       125.00000      2361.87240      1188.41564
      2723.96264       126.00000      2366.44687      1188.41563
      2741.44849       127.00000      2371.00529      1188.41561
      2758.76354       128.00000      2375.54768      1188.41560
      2776.00929       129.00000      2380.07372      1188.41559
      2793.08810       130.00000      2384.58426      1188.41558
      2810.16691       131.00000      2389.07907      1188.41556
      2827.24572       132.00000      2393.55799      1188.41555
      2844.32452       133.00000      2398.02032      1188.41554
      2861.40333       134.00000      2402.46637      1188.41553
      2878.36916       135.00000      2406.89719      1188.41552
      2895.19009       136.00000      2411.31142      1188.41551
      2912.01101       137.00000      2415.71006      1188.41549
      2928.83193       138.00000      2420.09311      1188.41548
      2945.65286       139.00000      2424.46063      1188.41547
      2962.47378       140.00000      2428.81266      1188.41546
        -0.00000         0.00000      1457.98384      1200.80497
        36.28228         1.00000      1471.19241      1200.80485
        66.34476         2.00000      1485.95055      1200.80498
        96.41489         3.00000      1499.63238      1200.80505
       126.47625         4.00000      1512.32257      1200.80510
       156.54183         5.00000      1524.22342      1200.80512
       186.60540         6.00000      1535.47365      1200.80514
       216.66896         7.00000      1546.16122      1200.80516
       246.00169         8.00000      1556.34476      1200.80518
       275.15035         9.00000      1566.06286      1200.80521
       304.12654        10.00000      1579.15575      1200.80525
       332.88900        11.00000      1588.49854      1200.80530
       361.53749        12.00000      1597.35278      1200.80538
       389.98609        13.00000      1605.58704      1200.80552
       417.29753        14.00000      1658.10748      1200.80570
       443.99125        15.00000      1663.63469      1200.80646
       470.32792        16.00000      1668.45527      1200.80740
       496.56087        17.00000      1677.88524      1200.80699
       522.40358        18.00000      1717.42688      1200.79537
       548.18742        19.00000      1731.95120      1200.79497
       573.57014        20.00000      1748.41549      1200.79450
       598.92253        21.00000      1762.18412      1200.79417
       624.04227        22.00000      1772.94893      1200.79402
       649.12026        23.00000      1772.47723      1200.79385
       673.78483        24.00000      1741.18369      1200.79470
       696.50299        25.00000      1749.47537      1200.79471
       719.22116        26.00000      1757.67579      1200.79471
       741.81150        27.00000      1765.78591      1200.79471
       764.39099        28.00000      1773.80923      1200.79472
       786.82469        29.00000      1781.74899      1200.79472
       809.19806        30.00000      1789.60661      1200.79472
       831.57144        31.00000      1797.38426      1200.79473
       853.94481        32.00000      1805.08472      1200.79473
       876.25551        33.00000      1812.70808      1200.79473
       898.36522        34.00000      1820.25811      1200.79473
       920.47493        35.00000      1827.73799      1200.79473
       942.58464        36.00000      1835.14602      1200.79474
       964.69435        37.00000      1842.48386      1200.79474
       986.62271        38.00000      1849.75700      1200.79474
      1008.47872        39.00000      1856.96706      1200.79474
      1030.33473        40.00000      1864.11016      1200.79474
      1052.19073        41.00000      1871.19350      1200.79474
      1074.01237        42.00000      1878.21678      1200.79474
      1095.62184        43.00000      1885.18153      1200.79475
      1117.23130        44.00000      1892.09117      1200.79475
      1138.84077        45.00000      1898.94139      1200.79475
      1160.45023        46.00000      1905.73940      1200.79475
      1181.93728        47.00000      1912.48609      1200.79475
      1203.30755        48.00000      1919.17857      1200.79475
      1224.67783        49.00000      1925.82247      1200.79475
      1246.04810        50.00000      1932.41765      1200.79475
      1267.41837        51.00000      1938.96543      1200.79475
      1288.59275        52.00000      1945.46706      1200.79475
      1309.72768        53.00000      1951.92577      1200.79474
      1330.86262        54.00000      1959.03883      1200.79474
      1351.99755        55.00000      1965.41529      1200.79474
      1373.10913        56.00000      1971.74811      1200.79474
      1394.01259        57.00000      1978.04212      1200.79474
      1414.91605        58.00000      1984.29654      1200.79474
      1435.81951        59.00000      1990.51245      1200.79474
      1456.72297        60.00000      1996.69283      1200.79473
      1477.55340        61.00000      2002.83476      1200.79473
      1498.22650        62.00000      2008.94125      1200.79473
      1518.89960        63.00000      2015.01113      1200.79473
      1539.57270        64.00000      2021.05149      1200.79472
      1560.24580        65.00000      2027.05709      1200.79472
      1580.80840        66.00000      2033.03091      1200.79472
      1601.25118        67.00000      2038.97373      1200.79471
      1621.69397        68.00000      2044.88432      1200.79471
      1642.13676        69.00000      2050.76749      1200.79471
      1662.57955        70.00000      2056.62221      1200.79470
      1682.88578        71.00000      2062.44912      1200.79470
      1703.09638        72.00000      2068.24893      1200.79470
      1723.30698        73.00000      2074.02232      1200.79469
      1743.51758        74.00000      2079.76997      1200.79469
      1763.72818        75.00000      2085.49253      1200.79469
      1783.78811        76.00000      2091.19193      1200.79468
      1803.76336        77.00000      2096.86474      1200.79468
      1823.73861        78.00000      2102.51556      1200.79467
      1843.71386        79.00000      2108.14356      1200.79467
      1863.68911        80.00000      2113.74926      1200.79466
      1883.51189        81.00000      2119.33310      1200.79466
      1903.24666        82.00000      2124.89562      1200.79465
      1922.98143        83.00000      2130.43721      1200.79465
      1942.71619        84.00000      2135.95817      1200.79464
      1962.45096        85.00000      2141.45900      1200.79464
      1982.04577        86.00000      2146.94203      1200.79463
      2001.53363        87.00000      2152.40331      1200.79463
      2021.02148        88.00000      2157.84397      1200.79462
      2040.50934        89.00000      2163.26747      1200.79462
      2059.99719        90.00000      2168.67235      1200.79461
      2079.37392        91.00000      2174.05886      1200.79461
      2098.60653        92.00000      2179.42869      1200.79460
      2117.83915        93.00000      2184.77812      1200.79460
      2137.07176        94.00000      2190.11072      1200.79459
      2156.30438        95.00000      2195.42572      1200.79458
      2175.47443        96.00000      2200.72326      1200.79458
      2194.44184        97.00000      2206.00348      1200.79457
      2213.40925        98.00000      2211.26649      1200.79457
      2232.37665        99.00000      2216.51241      1200.79456
      2251.34406       100.00000      2221.74130      1200.79456
      2270.31147       101.00000      2226.95325      1200.79455
      2289.01274       102.00000      2232.14831      1200.79454
      2307.70399       103.00000      2237.32653      1200.79454
      2326.39524       104.00000      2242.48795      1200.79453
      2345.08649       105.00000      2247.63260      1200.79453
      2363.77773       106.00000      2252.76050      1200.79452
      2382.29127       107.00000      2257.87166      1200.79451
      2400.69289       108.00000      2262.96609      1200.79451
      2419.09451       109.00000      2268.04378      1200.79450
      2437.49614       110.00000      2273.10473      1200.79450
      2455.89776       111.00000      2278.14892      1200.79449
      2474.24475       112.00000      2283.17638      1200.79448
      2492.34170       113.00000      2288.18693      1200.79448
      2510.43864       114.00000      2293.18290      1200.79447
      2528.53558       115.00000      2298.15755      1200.79447
      2546.63253       116.00000      2303.11822      1200.79446
      2564.72947       117.00000      2308.06058      1200.79445
      2582.61700       118.00000      2312.98895      1200.79445
      2600.39350       119.00000      2323.26740      1200.79450
      2618.17000       120.00000      2346.10533      1200.79469
      2635.94650       121.00000      2374.39435      1200.79489
      2653.72300       122.00000      2396.38866      1200.79502
      2671.49146       123.00000      2401.10299      1200.79500
      2688.98186       124.00000      2405.80057      1200.79499
      2706.47225       125.00000      2410.48150      1200.79498
      2723.96264       126.00000      2415.14588      1200.79497
      2741.44849       127.00000      2419.79388      1200.79495
      2758.76354       128.00000      2424.42549      1200.79494
      2776.00929       129.00000      2429.04043      1200.79493
      2793.08810       130.00000      2433.63956      1200.79492
      2810.16691       131.00000      2438.22265      1200.79491
      2827.24572       132.00000      2442.78914      1200.79489
      2844.32452       133.00000      2447.33615      1200.79488
      2861.40333       134.00000      2451.86909      1200.79487
      2878.36916       135.00000      2456.38605      1200.79486
      2895.19009       136.00000      2460.88711      1200.79485
      2912.01101       137.00000      2465.37231      1200.79484
      2928.83193       138.00000      2469.84168      1200.79482
      2945.65286       139.00000      2474.29531      1200.79481
      2962.47378       140.00000      2478.73319      1200.79480
        -0.00000         0.00000      1487.07420      1213.18439
        36.28228         1.00000      1500.80790      1213.18426
        66.34476         2.00000      1515.92871      1213.18440
        96.41489         3.00000      1530.03617      1213.18448
       126.47625         4.00000      1543.10428      1213.18452
       156.54183         5.00000      1555.34902      1213.18455
       186.60540         6.00000      1566.91525      1213.18457
       216.66896         7.00000      1577.89625      1213.18460
       246.00169         8.00000      1588.35385      1213.18462
       275.15035         9.00000      1598.32896      1213.18465
       304.12654        10.00000      1611.66040      1213.18469
       332.88900        11.00000      1621.23012      1213.18474
       361.53749        12.00000      1630.28620      1213.18483
       389.98609        13.00000      1638.68257      1213.18498
       417.29753        14.00000      1691.82752      1213.18520
       443.99125        15.00000      1697.21659      1213.18607
       470.32792        16.00000      1702.85677      1213.18685
       496.56087        17.00000      1711.32814      1213.18684
       522.40358        18.00000      1747.88492      1213.17665
       548.18742        19.00000      1760.86257      1213.17468
       573.57014        20.00000      1779.62728      1213.17407
       598.92253        21.00000      1796.27511      1213.17361
       624.04227        22.00000      1808.65419      1213.17339
       649.12026        23.00000      1808.96819      1213.17318
       673.78483        24.00000      1776.10174      1213.17404
       696.50299        25.00000      1784.58431      1213.17404
       719.22116        26.00000      1792.97272      1213.17404
       741.81150        27.00000      1801.26980      1213.17405
       764.39099        28.00000      1809.47860      1213.17405
       786.82469        29.00000      1817.59977      1213.17405
       809.19806        30.00000      1825.63742      1213.17406
       831.57144        31.00000      1833.59319      1213.17406
       853.94481        32.00000      1841.46927      1213.17406
       876.25551        33.00000      1849.26784      1213.17406
       898.36522        34.00000      1856.99045      1213.17407
       920.47493        35.00000      1864.63972      1213.17407
       942.58464        36.00000      1872.21721      1213.17407
       964.69435        37.00000      1879.72462      1213.17407
       986.62271        38.00000      1887.16414      1213.17407
      1008.47872        39.00000      1894.53700      1213.17408
      1030.33473        40.00000      1901.84578      1213.17408
      1052.19073        41.00000      1909.09065      1213.17408
      1074.01237        42.00000      1916.27440      1213.17408
      1095.62184        43.00000      1923.39829      1213.17408
      1117.23130        44.00000      1930.46352      1213.17408
      1138.84077        45.00000      1937.47209      1213.17408
      1160.45023        46.00000      1944.42523      1213.17408
      1181.93728        47.00000      1951.32436      1213.17408
      1203.30755        48.00000      1958.17088      1213.17408
      1224.67783        49.00000      1964.96615      1213.17408
      1246.04810        50.00000      1971.71376      1213.17408
      1267.41837        51.00000      1978.41040      1213.17408
      1288.59275        52.00000      1985.05764      1213.17408
      1309.72768        53.00000      1991.66325      1213.17408
      1330.86262        54.00000      1998.22173      1213.17408
      1351.99755        55.00000      2004.73590      1213.17407
      1373.10913        56.00000      2011.88569      1213.17408
      1394.01259        57.00000      2018.32145      1213.17407
      1414.91605        58.00000      2024.71656      1213.17407
      1435.81951        59.00000      2031.07201      1213.17407
      1456.72297        60.00000      2037.38667      1213.17407
      1477.55340        61.00000      2043.66595      1213.17407
      1498.22650        62.00000      2049.91093      1213.17406
      1518.89960        63.00000      2056.11574      1213.17406
      1539.57270        64.00000      2062.28815      1213.17406
      1560.24580        65.00000      2068.42698      1213.17406
      1580.80840        66.00000      2074.53254      1213.17405
      1601.25118        67.00000      2080.60628      1213.17405
      1621.69397        68.00000      2086.64882      1213.17405
      1642.13676        69.00000      2092.66097      1213.17404
      1662.57955        70.00000      2098.64354      1213.17404
      1682.88578        71.00000      2104.59725      1213.17404
      1703.09638        72.00000      2110.52283      1213.17403
      1723.30698        73.00000      2116.42235      1213.17403
      1743.51758        74.00000      2122.29373      1213.17403
      1763.72818        75.00000      2128.13770      1213.17402
      1783.78811        76.00000      2133.95753      1213.17402
      1803.76336        77.00000      2139.75246      1213.17401
      1823.73861        78.00000      2145.52307      1213.17401
      1843.71386        79.00000      2151.26991      1213.17400
      1863.68911        80.00000      2156.99348      1213.17400
      1883.51189        81.00000      2162.69662      1213.17399
      1903.24666        82.00000      2168.37278      1213.17399
      1922.98143        83.00000      2174.02941      1213.17399
      1942.71619        84.00000      2179.66460      1213.17398
      1962.45096        85.00000      2185.27875      1213.17398
      1982.04577        86.00000      2190.87217      1213.17397
      2001.53363        87.00000      2196.44540      1213.17397
      2021.02148        88.00000      2201.99837      1213.17396
      2040.50934        89.00000      2207.53175      1213.17395
      2059.99719        90.00000      2213.04570      1213.17395
      2079.37392        91.00000      2218.54048      1213.17394
      2098.60653        92.00000      2224.01699      1213.17394
      2117.83915        93.00000      2229.47410      1213.17393
      2137.07176        94.00000      2234.91270      1213.17393
      2156.30438        95.00000      2240.33299      1213.17392
      2175.47443        96.00000      2245.73513      1213.17392
      2194.44184        97.00000      2251.11928      1213.17391
      2213.40925        98.00000      2256.48557      1213.17390
      2232.37665        99.00000      2261.83413      1213.17390
      2251.34406       100.00000      2267.16506      1213.17389
      2270.31147       101.00000      2272.47845      1213.17389
      2289.01274       102.00000      2277.77440      1213.17388
      2307.70399       103.00000      2283.05296      1213.17388
      2326.39524       104.00000      2288.31421      1213.17387
      2345.08649       105.00000      2293.55818      1213.17386
      2363.77773       106.00000      2298.78493      1213.17386
      2382.29127       107.00000      2303.99449      1213.17385
      2400.69289       108.00000      2309.18688      1213.17385
      2419.09451       109.00000      2314.36211      1213.17384
      2437.49614       110.00000      2319.52021      1213.17383
      2455.89776       111.00000      2324.66118      1213.17383
      2474.24475       112.00000      2329.78499      1213.17382
      2492.34170       113.00000      2334.89223      1213.17382
      2510.43864       114.00000      2339.98122      1213.17381
      2528.53558       115.00000      2345.05408      1213.17380
      2546.63253       116.00000      2350.10880      1213.17380
      2564.72947       117.00000      2355.14916      1213.17379
      2582.61700       118.00000      2360.16754      1213.17379
      2600.39350       119.00000      2365.17342      1213.17378
      2618.17000       120.00000      2381.08660      1213.17390
      2635.94650       121.00000      2406.81869      1213.17409
      2653.72300       122.00000      2437.29734      1213.17429
      2671.49146       123.00000      2450.47638      1213.17434
      2688.98186       124.00000      2455.26631      1213.17433
      2706.47225       125.00000      2460.03944      1213.17432
      2723.96264       126.00000      2464.79563      1213.17431
      2741.44849       127.00000      2469.53514      1213.17429
      2758.76354       128.00000      2474.25784      1213.17428
      2776.00929       129.00000      2478.96305      1213.17427
      2793.08810       130.00000      2483.65026      1213.17426
      2810.16691       131.00000      2488.32145      1213.17425
      2827.24572       132.00000      2492.97620      1213.17423
      2844.32452       133.00000      2497.61456      1213.17422
      2861.40333       134.00000      2502.23658      1213.17421
      2878.36916       135.00000      2506.84234      1213.17420
      2895.19009       136.00000      2511.43189      1213.17419
      2912.01101       137.00000      2516.00531      1213.17418
      2928.83193       138.00000      2520.56264      1213.17417
      2945.65286       139.00000      2525.10394      1213.17415
      2962.47378       140.00000      2529.62927      1213.17414
        -0.00000         0.00000      1516.63861      1225.56380
        36.28228         1.00000      1530.95230      1225.56368
        66.34476         2.00000      1546.41355      1225.56381
        96.41489         3.00000      1560.98215      1225.56390
       126.47625         4.00000      1574.44115      1225.56395
       156.54183         5.00000      1587.04180      1225.56398
       186.60540         6.00000      1598.93516      1225.56401
       216.66896         7.00000      1610.21952      1225.56403
       246.00169         8.00000      1620.96018      1225.56405
       275.15035         9.00000      1631.20050      1225.56409
       304.12654        10.00000      1644.77520      1225.56413
       332.88900        11.00000      1654.57899      1225.56419
       361.53749        12.00000      1663.84208      1225.56428
       389.98609        13.00000      1672.40518      1225.56445
       417.29753        14.00000      1726.15425      1225.56470
       443.99125        15.00000      1731.38945      1225.56569
       470.32792        16.00000      1737.91054      1225.56630
       496.56087        17.00000      1746.59536      1225.56629
       522.40358        18.00000      1775.70962      1225.55906
       548.18742        19.00000      1797.02179      1225.55404
       573.57014        20.00000      1810.46872      1225.55371
       598.92253        21.00000      1830.03720      1225.55310
       624.04227        22.00000      1844.19834      1225.55278
       649.12026        23.00000      1846.13099      1225.55251
       673.78483        24.00000      1811.64525      1225.55337
       696.50299        25.00000      1820.32315      1225.55337
       719.22116        26.00000      1828.90471      1225.55338
       741.81150        27.00000      1837.39263      1225.55338
       764.39099        28.00000      1845.78951      1225.55338
       786.82469        29.00000      1854.09786      1225.55339
       809.19806        30.00000      1862.32007      1225.55339
       831.57144        31.00000      1870.45838      1225.55339
       853.94481        32.00000      1878.51514      1225.55340
       876.25551        33.00000      1886.49251      1225.55340
       898.36522        34.00000      1894.39232      1225.55340
       920.47493        35.00000      1902.21693      1225.55340
       942.58464        36.00000      1909.96803      1225.55340
       964.69435        37.00000      1917.64759      1225.55341
       986.62271        38.00000      1925.25742      1225.55341
      1008.47872        39.00000      1932.79954      1225.55341
      1030.33473        40.00000      1940.27512      1225.55341
      1052.19073        41.00000      1947.68605      1225.55341
      1074.01237        42.00000      1955.03423      1225.55341
      1095.62184        43.00000      1962.32110      1225.55341
      1117.23130        44.00000      1969.54821      1225.55341
      1138.84077        45.00000      1976.71707      1225.55342
      1160.45023        46.00000      1983.82920      1225.55342
      1181.93728        47.00000      1990.88593      1225.55342
      1203.30755        48.00000      1997.88880      1225.55342
      1224.67783        49.00000      2004.83914      1225.55342
      1246.04810        50.00000      2011.73832      1225.55342
      1267.41837        51.00000      2018.58764      1225.55341
      1288.59275        52.00000      2025.38840      1225.55341
      1309.72768        53.00000      2032.14354      1225.55341
      1330.86262        54.00000      2038.84980      1225.55341
      1351.99755        55.00000      2045.51447      1225.55341
      1373.10913        56.00000      2052.13337      1225.55341
      1394.01259        57.00000      2058.70706      1225.55341
      1414.91605        58.00000      2065.89388      1225.55341
      1435.81951        59.00000      2072.39235      1225.55341
      1456.72297        60.00000      2078.85087      1225.55340
      1477.55340        61.00000      2085.27082      1225.55340
      1498.22650        62.00000      2091.65306      1225.55340
      1518.89960        63.00000      2097.99859      1225.55340
      1539.57270        64.00000      2104.30841      1225.55339
      1560.24580        65.00000      2110.58324      1225.55339
      1580.80840        66.00000      2116.82413      1225.55339
      1601.25118        67.00000      2123.03363      1225.55339
      1621.69397        68.00000      2129.20812      1225.55338
      1642.13676        69.00000      2135.35200      1225.55338
      1662.57955        70.00000      2141.46692      1225.55338
      1682.88578        71.00000      2147.55013      1225.55337
      1703.09638        72.00000      2153.60444      1225.55337
      1723.30698        73.00000      2159.63029      1225.55337
      1743.51758        74.00000      2165.62836      1225.55336
      1763.72818        75.00000      2171.59777      1225.55336
      1783.78811        76.00000      2177.54222      1225.55335
      1803.76336        77.00000      2183.46079      1225.55335
      1823.73861        78.00000      2189.35402      1225.55334
      1843.71386        79.00000      2195.22249      1225.55334
      1863.68911        80.00000      2201.06858      1225.55334
      1883.51189        81.00000      2206.88722      1225.55333
      1903.24666        82.00000      2212.68444      1225.55333
      1922.98143        83.00000      2218.45886      1225.55332
      1942.71619        84.00000      2224.21091      1225.55332
      1962.45096        85.00000      2229.94099      1225.55331
      1982.04577        86.00000      2235.64949      1225.55331
      2001.53363        87.00000      2241.33676      1225.55330
      2021.02148        88.00000      2247.00315      1225.55330
      2040.50934        89.00000      2252.64901      1225.55329
      2059.99719        90.00000      2258.27456      1225.55329
      2079.37392        91.00000      2263.88013      1225.55328
      2098.60653        92.00000      2269.46771      1225.55327
      2117.83915        93.00000      2275.03307      1225.55327
      2137.07176        94.00000      2280.58015      1225.55326
      2156.30438        95.00000      2286.10816      1225.55326
      2175.47443        96.00000      2291.61731      1225.55325
      2194.44184        97.00000      2297.10776      1225.55325
      2213.40925        98.00000      2302.57969      1225.55324
      2232.37665        99.00000      2308.03322      1225.55324
      2251.34406       100.00000      2313.46849      1225.55323
      2270.31147       101.00000      2318.88562      1225.55322
      2289.01274       102.00000      2324.28471      1225.55322
      2307.70399       103.00000      2329.66584      1225.55321
      2326.39524       104.00000      2335.02911      1225.55321
      2345.08649       105.00000      2340.37458      1225.55320
      2363.77773       106.00000      2345.70233      1225.55319
      2382.29127       107.00000      2351.01239      1225.55319
      2400.69289       108.00000      2356.30483      1225.55318
      2419.09451       109.00000      2361.57967      1225.55318
      2437.49614       110.00000      2366.83695      1225.55317
      2455.89776       111.00000      2372.07669      1225.55316
      2474.24475       112.00000      2377.29891      1225.55316
      2492.34170       113.00000      2382.50368      1225.55315
      2510.43864       114.00000      2387.69086      1225.55315
      2528.53558       115.00000      2392.86059      1225.55314
      2546.63253       116.00000      2398.01284      1225.55314
      2564.72947       117.00000      2403.14916      1225.55313
      2582.61700       118.00000      2408.26486      1225.55312
      2600.39350       119.00000      2413.36464      1225.55312
      2618.17000       120.00000      2419.38362      1225.55312
      2635.94650       121.00000      2440.91601      1225.55329
      2653.72300       122.00000      2469.34851      1225.55349
      2671.49146       123.00000      2500.81212      1225.55368
      2688.98186       124.00000      2505.69688      1225.55367
      2706.47225       125.00000      2510.56421      1225.55366
      2723.96264       126.00000      2515.41422      1225.55365
      2741.44849       127.00000      2520.24664      1225.55363
      2758.76354       128.00000      2525.05956      1225.55362
      2776.00929       129.00000      2529.85649      1225.55361
      2793.08810       130.00000      2534.63648      1225.55360
      2810.16691       131.00000      2539.39957      1225.55359
      2827.24572       132.00000      2544.14584      1225.55357
      2844.32452       133.00000      2548.87539      1225.55356
      2861.40333       134.00000      2553.58829      1225.55355
      2878.36916       135.00000      2558.28462      1225.55354
      2895.19009       136.00000      2562.96445      1225.55353
      2912.01101       137.00000      2567.62783      1225.55352
      2928.83193       138.00000      2572.27486      1225.55351
      2945.65286       139.00000      2576.90559      1225.55350
      2962.47378       140.00000      2581.52003      1225.55348
        -0.00000         0.00000      1546.67962      1237.94321
        36.28228         1.00000      1561.62487      1237.94310
        66.34476         2.00000      1577.41447      1237.94321
        96.41489         3.00000      1592.47806      1237.94333
       126.47625         4.00000      1606.34077      1237.94338
       156.54183         5.00000      1619.31036      1237.94341
       186.60540         6.00000      1631.54238      1237.94344
       216.66896         7.00000      1643.14038      1237.94346
       246.00169         8.00000      1654.17332      1237.94349
       275.15035         9.00000      1664.68729      1237.94352
       304.12654        10.00000      1678.50970      1237.94357
       332.88900        11.00000      1688.55529      1237.94363
       361.53749        12.00000      1698.03160      1237.94373
       389.98609        13.00000      1706.76335      1237.94392
       417.29753        14.00000      1761.11013      1237.94422
       443.99125        15.00000      1766.03880      1237.94534
       470.32792        16.00000      1773.62725      1237.94575
       496.56087        17.00000      1782.53176      1237.94573
       522.40358        18.00000      1804.44119      1237.94126
       548.18742        19.00000      1834.32150      1237.93337
       573.57014        20.00000      1841.81386      1237.93337
       598.92253        21.00000      1863.01496      1237.93266
       624.04227        22.00000      1879.38104      1237.93219
       649.12026        23.00000      1883.97324      1237.93185
       673.78483        24.00000      1847.82349      1237.93270
       696.50299        25.00000      1856.70074      1237.93271
       719.22116        26.00000      1865.48025      1237.93271
       741.81150        27.00000      1874.16382      1237.93271
       764.39099        28.00000      1882.75414      1237.93272
       786.82469        29.00000      1891.25377      1237.93272
       809.19806        30.00000      1899.66519      1237.93272
       831.57144        31.00000      1907.99068      1237.93273
       853.94481        32.00000      1916.23270      1237.93273
       876.25551        33.00000      1924.39336      1237.93273
       898.36522        34.00000      1932.47481      1237.93273
       920.47493        35.00000      1940.47949      1237.93274
       942.58464        36.00000      1948.40824      1237.93274
       964.69435        37.00000      1956.26392      1237.93274
       986.62271        38.00000      1964.04877      1237.93274
      1008.47872        39.00000      1971.76375      1237.93274
      1030.33473        40.00000      1979.41077      1237.93275
      1052.19073        41.00000      1986.99184      1237.93275
      1074.01237        42.00000      1994.50856      1237.93275
      1095.62184        43.00000      2001.96246      1237.93275
      1117.23130        44.00000      2009.35546      1237.93275
      1138.84077        45.00000      2016.68826      1237.93275
      1160.45023        46.00000      2023.96319      1237.93275
      1181.93728        47.00000      2031.18144      1237.93275
      1203.30755        48.00000      2038.34448      1237.93275
      1224.67783        49.00000      2045.45366      1237.93275
      1246.04810        50.00000      2052.51038      1237.93275
      1267.41837        51.00000      2059.51597      1237.93275
      1288.59275        52.00000      2066.47174      1237.93275
      1309.72768        53.00000      2073.37896      1237.93275
      1330.86262        54.00000      2080.23888      1237.93275
      1351.99755        55.00000      2087.05271      1237.93275
      1373.10913        56.00000      2093.82166      1237.93274
      1394.01259        57.00000      2100.54688      1237.93274
      1414.91605        58.00000      2107.22950      1237.93274
      1435.81951        59.00000      2113.87062      1237.93274
      1456.72297        60.00000      2120.47134      1237.93274
      1477.55340        61.00000      2127.66046      1237.93274
      1498.22650        62.00000      2134.18559      1237.93273
      1518.89960        63.00000      2140.67578      1237.93273
      1539.57270        64.00000      2147.12321      1237.93273
      1560.24580        65.00000      2153.53858      1237.93273
      1580.80840        66.00000      2159.91792      1237.93272
      1601.25118        67.00000      2166.26193      1237.93272
      1621.69397        68.00000      2172.57362      1237.93272
      1642.13676        69.00000      2178.85276      1237.93272
      1662.57955        70.00000      2185.10015      1237.93271
      1682.88578        71.00000      2191.31654      1237.93271
      1703.09638        72.00000      2197.50268      1237.93270
      1723.30698        73.00000      2203.66110      1237.93270
      1743.51758        74.00000      2209.78707      1237.93270
      1763.72818        75.00000      2215.88837      1237.93269
      1783.78811        76.00000      2221.95866      1237.93269
      1803.76336        77.00000      2228.00375      1237.93269
      1823.73861        78.00000      2234.02251      1237.93268
      1843.71386        79.00000      2240.01521      1237.93267
      1863.68911        80.00000      2245.98322      1237.93267
      1883.51189        81.00000      2251.92622      1237.93267
      1903.24666        82.00000      2257.84499      1237.93266
      1922.98143        83.00000      2263.73999      1237.93266
      1942.71619        84.00000      2269.61169      1237.93265
      1962.45096        85.00000      2275.46043      1237.93265
      1982.04577        86.00000      2281.28668      1237.93264
      2001.53363        87.00000      2287.09082      1237.93264
      2021.02148        88.00000      2292.87318      1237.93263
      2040.50934        89.00000      2298.63411      1237.93263
      2059.99719        90.00000      2304.37393      1237.93262
      2079.37392        91.00000      2310.09290      1237.93262
      2098.60653        92.00000      2315.79134      1237.93261
      2117.83915        93.00000      2321.46950      1237.93261
      2137.07176        94.00000      2327.12839      1237.93260
      2156.30438        95.00000      2332.76666      1237.93260
      2175.47443        96.00000      2338.38531      1237.93259
      2194.44184        97.00000      2343.98450      1237.93258
      2213.40925        98.00000      2349.56449      1237.93258
      2232.37665        99.00000      2355.12546      1237.93257
      2251.34406       100.00000      2360.66747      1237.93257
      2270.31147       101.00000      2366.19070      1237.93256
      2289.01274       102.00000      2371.69526      1237.93256
      2307.70399       103.00000      2377.18128      1237.93255
      2326.39524       104.00000      2382.64886      1237.93254
      2345.08649       105.00000      2388.09810      1237.93254
      2363.77773       106.00000      2393.52907      1237.93253
      2382.29127       107.00000      2398.94185      1237.93253
      2400.69289       108.00000      2404.33651      1237.93252
      2419.09451       109.00000      2409.71310      1237.93251
      2437.49614       110.00000      2415.07169      1237.93251
      2455.89776       111.00000      2420.41228      1237.93250
      2474.24475       112.00000      2425.73498      1237.93250
      2492.34170       113.00000      2431.04132      1237.93249
      2510.43864       114.00000      2436.32670      1237.93249
      2528.53558       115.00000      2441.59683      1237.93248
      2546.63253       116.00000      2446.84957      1237.93247
      2564.72947       117.00000      2452.08202      1237.93247
      2582.61700       118.00000      2457.29900      1237.93246
      2600.39350       119.00000      2462.49499      1237.93246
      2618.17000       120.00000      2467.67729      1237.93245
      2635.94650       121.00000      2478.12592      1237.93250
      2653.72300       122.00000      2502.66015      1237.93268
      2671.49146       123.00000      2533.63449      1237.93289
      2688.98186       124.00000      2557.11067      1237.93301
      2706.47225       125.00000      2562.07355      1237.93300
      2723.96264       126.00000      2567.01693      1237.93298
      2741.44849       127.00000      2571.94343      1237.93297
      2758.76354       128.00000      2576.85243      1237.93296
      2776.00929       129.00000      2581.74396      1237.93295
      2793.08810       130.00000      2586.61812      1237.93294
      2810.16691       131.00000      2591.47502      1237.93293
      2827.24572       132.00000      2596.31476      1237.93291
      2844.32452       133.00000      2601.13743      1237.93290
      2861.40333       134.00000      2605.94311      1237.93289
      2878.36916       135.00000      2610.73189      1237.93288
      2895.19009       136.00000      2615.50384      1237.93287
      2912.01101       137.00000      2620.25905      1237.93286
      2928.83193       138.00000      2624.99760      1237.93285
      2945.65286       139.00000      2629.71958      1237.93284
      2962.47378       140.00000      2634.42505      1237.93283
        -0.00000         0.00000      1577.19777      1250.32262
        36.28228         1.00000      1592.83463      1250.32252
        66.34476         2.00000      1608.93929      1250.32261
        96.41489         3.00000      1624.53183      1250.32275
       126.47625         4.00000      1638.81201      1250.32281
       156.54183         5.00000      1652.16325      1250.32284
       186.60540         6.00000      1664.74560      1250.32287
       216.66896         7.00000      1676.66790      1250.32290
       246.00169         8.00000      1688.00304      1250.32292
       275.15035         9.00000      1698.80002      1250.32296
       304.12654        10.00000      1709.08789      1250.32301
       332.88900        11.00000      1723.16882      1250.32308
       361.53749        12.00000      1732.86509      1250.32319
       389.98609        13.00000      1741.77174      1250.32339
       417.29753        14.00000      1796.70149      1250.32373
       443.99125        15.00000      1801.36624      1250.32500
       470.32792        16.00000      1810.01759      1250.32519
       496.56087        17.00000      1819.14828      1250.32518
       522.40358        18.00000      1834.17518      1250.32311
       548.18742        19.00000      1872.34107      1250.31270
       573.57014        20.00000      1880.02208      1250.31270
       598.92253        21.00000      1894.54602      1250.31227
       624.04227        22.00000      1910.31224      1250.31160
       649.12026        23.00000      1922.49990      1250.31119
       673.78483        24.00000      1884.64440      1250.31204
       696.50299        25.00000      1893.72701      1250.31204
       719.22116        26.00000      1902.70947      1250.31205
       741.81150        27.00000      1911.59363      1250.31205
       764.39099        28.00000      1920.38226      1250.31205
       786.82469        29.00000      1929.07799      1250.31206
       809.19806        30.00000      1937.68294      1250.31206
       831.57144        31.00000      1946.20085      1250.31206
       853.94481        32.00000      1954.63275      1250.31206
       876.25551        33.00000      1962.98166      1250.31207
       898.36522        34.00000      1971.24916      1250.31207
       920.47493        35.00000      1979.43743      1250.31207
       942.58464        36.00000      1987.54900      1250.31207
       964.69435        37.00000      1995.58561      1250.31208
       986.62271        38.00000      2003.54898      1250.31208
      1008.47872        39.00000      2011.44129      1250.31208
      1030.33473        40.00000      2019.26423      1250.31208
      1052.19073        41.00000      2027.01952      1250.31208
      1074.01237        42.00000      2034.70887      1250.31208
      1095.62184        43.00000      2042.33393      1250.31208
      1117.23130        44.00000      2049.89633      1250.31208
      1138.84077        45.00000      2057.39763      1250.31208
      1160.45023        46.00000      2064.83936      1250.31208
      1181.93728        47.00000      2072.22302      1250.31208
      1203.30755        48.00000      2079.55008      1250.31208
      1224.67783        49.00000      2086.82194      1250.31208
      1246.04810        50.00000      2094.04000      1250.31208
      1267.41837        51.00000      2101.20561      1250.31208
      1288.59275        52.00000      2108.32009      1250.31208
      1309.72768        53.00000      2115.38473      1250.31208
      1330.86262        54.00000      2122.40087      1250.31208
      1351.99755        55.00000      2129.36952      1250.31208
      1373.10913        56.00000      2136.29210      1250.31208
      1394.01259        57.00000      2143.16982      1250.31208
      1414.91605        58.00000      2150.00428      1250.31208
      1435.81951        59.00000      2156.79450      1250.31208
      1456.72297        60.00000      2163.54391      1250.31207
      1477.55340        61.00000      2170.25275      1250.31207
      1498.22650        62.00000      2176.92212      1250.31207
      1518.89960        63.00000      2184.15283      1250.31207
      1539.57270        64.00000      2190.74714      1250.31207
      1560.24580        65.00000      2197.30434      1250.31206
      1580.80840        66.00000      2203.82532      1250.31206
      1601.25118        67.00000      2210.30974      1250.31206
      1621.69397        68.00000      2216.76080      1250.31205
      1642.13676        69.00000      2223.18036      1250.31205
      1662.57955        70.00000      2229.56484      1250.31205
      1682.88578        71.00000      2235.91509      1250.31204
      1703.09638        72.00000      2242.23825      1250.31204
      1723.30698        73.00000      2248.52864      1250.31204
      1743.51758        74.00000      2254.78909      1250.31203
      1763.72818        75.00000      2261.02032      1250.31203
      1783.78811        76.00000      2267.22295      1250.31203
      1803.76336        77.00000      2273.39553      1250.31202
      1823.73861        78.00000      2279.54277      1250.31202
      1843.71386        79.00000      2285.66324      1250.31201
      1863.68911        80.00000      2291.75736      1250.31201
      1883.51189        81.00000      2297.82577      1250.31200
      1903.24666        82.00000      2303.86896      1250.31200
      1922.98143        83.00000      2309.88738      1250.31199
      1942.71619        84.00000      2315.88211      1250.31199
      1962.45096        85.00000      2321.85184      1250.31199
      1982.04577        86.00000      2327.79860      1250.31198
      2001.53363        87.00000      2333.72236      1250.31198
      2021.02148        88.00000      2339.62329      1250.31197
      2040.50934        89.00000      2345.50221      1250.31197
      2059.99719        90.00000      2351.35888      1250.31196
      2079.37392        91.00000      2357.19409      1250.31195
      2098.60653        92.00000      2363.00775      1250.31195
      2117.83915        93.00000      2368.80034      1250.31194
      2137.07176        94.00000      2374.57420      1250.31194
      2156.30438        95.00000      2380.32550      1250.31193
      2175.47443        96.00000      2386.05475      1250.31193
      2194.44184        97.00000      2391.76536      1250.31192
      2213.40925        98.00000      2397.45596      1250.31192
      2232.37665        99.00000      2403.12798      1250.31191
      2251.34406       100.00000      2408.77929      1250.31191
      2270.31147       101.00000      2414.40973      1250.31190
      2289.01274       102.00000      2420.02225      1250.31189
      2307.70399       103.00000      2425.61556      1250.31189
      2326.39524       104.00000      2431.18983      1250.31188
      2345.08649       105.00000      2436.74517      1250.31188
      2363.77773       106.00000      2442.28169      1250.31187
      2382.29127       107.00000      2447.79948      1250.31186
      2400.69289       108.00000      2453.29863      1250.31186
      2419.09451       109.00000      2458.77922      1250.31185
      2437.49614       110.00000      2464.24131      1250.31185
      2455.89776       111.00000      2469.68599      1250.31184
      2474.24475       112.00000      2475.11027      1250.31184
      2492.34170       113.00000      2480.51731      1250.31183
      2510.43864       114.00000      2485.90594      1250.31182
      2528.53558       115.00000      2491.27642      1250.31182
      2546.63253       116.00000      2496.62869      1250.31181
      2564.72947       117.00000      2501.96362      1250.31181
      2582.61700       118.00000      2507.28172      1250.31180
      2600.39350       119.00000      2512.57674      1250.31179
      2618.17000       120.00000      2517.85724      1250.31179
      2635.94650       121.00000      2523.11919      1250.31178
      2653.72300       122.00000      2538.79317      1250.31188
      2671.49146       123.00000      2566.21911      1250.31208
      2688.98186       124.00000      2599.63347      1250.31228
      2706.47225       125.00000      2614.58302      1250.31234
      2723.96264       126.00000      2619.62524      1250.31232
      2741.44849       127.00000      2624.64933      1250.31231
      2758.76354       128.00000      2629.65537      1250.31230
      2776.00929       129.00000      2634.64354      1250.31229
      2793.08810       130.00000      2639.61396      1250.31228
      2810.16691       131.00000      2644.56673      1250.31227
      2827.24572       132.00000      2649.50196      1250.31225
      2844.32452       133.00000      2654.41975      1250.31224
      2861.40333       134.00000      2659.32018      1250.31223
      2878.36916       135.00000      2664.20335      1250.31222
      2895.19009       136.00000      2669.06937      1250.31221
      2912.01101       137.00000      2673.91833      1250.31220
      2928.83193       138.00000      2678.75031      1250.31219
      2945.65286       139.00000      2683.56540      1250.31218
      2962.47378       140.00000      2688.36368      1250.31217
        -0.00000         0.00000      1608.20028      1262.70202
        36.28228         1.00000      1624.58549      1262.70194
        66.34476         2.00000      1640.99748      1262.70201
        96.41489         3.00000      1657.15141      1262.70218
       126.47625         4.00000      1671.86241      1262.70223
       156.54183         5.00000      1685.60871      1262.70227
       186.60540         6.00000      1698.55429      1262.70230
       216.66896         7.00000      1710.81194      1262.70233
       246.00169         8.00000      1722.45923      1262.70236
       275.15035         9.00000      1733.54786      1262.70240
       304.12654        10.00000      1744.10934      1262.70245
       332.88900        11.00000      1758.42985      1262.70253
       361.53749        12.00000      1768.35331      1262.70264
       389.98609        13.00000      1777.43721      1262.70287
       417.29753        14.00000      1832.62300      1262.70326
       443.99125        15.00000      1837.55494      1262.70462
       470.32792        16.00000      1847.09239      1262.70464
       496.56087        17.00000      1856.45592      1262.70463
       522.40358        18.00000      1865.60939      1262.70464
       548.18742        19.00000      1911.09296      1262.69203
       573.57014        20.00000      1918.96813      1262.69203
       598.92253        21.00000      1926.67917      1262.69204
       624.04227        22.00000      1947.74388      1262.69103
       649.12026        23.00000      1961.71622      1262.69053
       673.78483        24.00000      1922.11766      1262.69137
       696.50299        25.00000      1931.41191      1262.69138
       719.22116        26.00000      1940.60246      1262.69138
       741.81150        27.00000      1949.69228      1262.69138
       764.39099        28.00000      1958.68420      1262.69139
       786.82469        29.00000      1967.58079      1262.69139
       809.19806        30.00000      1976.38475      1262.69139
       831.57144        31.00000      1985.09940      1262.69140
       853.94481        32.00000      1993.72580      1262.69140
       876.25551        33.00000      2002.26706      1262.69140
       898.36522        34.00000      2010.72526      1262.69140
       920.47493        35.00000      2019.10259      1262.69141
       942.58464        36.00000      2027.40112      1262.69141
       964.69435        37.00000      2035.62271      1262.69141
       986.62271        38.00000      2043.76987      1262.69141
      1008.47872        39.00000      2051.84400      1262.69141
      1030.33473        40.00000      2059.84694      1262.69141
      1052.19073        41.00000      2067.78071      1262.69142
      1074.01237        42.00000      2075.64693      1262.69142
      1095.62184        43.00000      2083.44732      1262.69142
      1117.23130        44.00000      2091.18352      1262.69142
      1138.84077        45.00000      2098.85713      1262.69142
      1160.45023        46.00000      2106.46970      1262.69142
      1181.93728        47.00000      2114.02277      1262.69142
      1203.30755        48.00000      2121.51785      1262.69142
      1224.67783        49.00000      2128.95632      1262.69142
      1246.04810        50.00000      2136.33947      1262.69142
      1267.41837        51.00000      2143.66895      1262.69142
      1288.59275        52.00000      2150.94592      1262.69142
      1309.72768        53.00000      2158.17177      1262.69142
      1330.86262        54.00000      2165.34763      1262.69142
      1351.99755        55.00000      2172.47492      1262.69142
      1373.10913        56.00000      2179.55475      1262.69141
      1394.01259        57.00000      2186.58852      1262.69141
      1414.91605        58.00000      2193.57770      1262.69141
      1435.81951        59.00000      2200.52224      1262.69141
      1456.72297        60.00000      2207.42299      1262.69141
      1477.55340        61.00000      2214.28374      1262.69141
      1498.22650        62.00000      2221.10167      1262.69140
      1518.89960        63.00000      2227.88208      1262.69140
      1539.57270        64.00000      2234.62257      1262.69140
      1560.24580        65.00000      2241.89487      1262.69140
      1580.80840        66.00000      2248.56105      1262.69140
      1601.25118        67.00000      2255.18897      1262.69139
      1621.69397        68.00000      2261.78267      1262.69139
      1642.13676        69.00000      2268.34153      1262.69139
      1662.57955        70.00000      2274.86644      1262.69138
      1682.88578        71.00000      2281.35801      1262.69138
      1703.09638        72.00000      2287.81714      1262.69138
      1723.30698        73.00000      2294.24454      1262.69137
      1743.51758        74.00000      2300.64273      1262.69137
      1763.72818        75.00000      2307.00920      1262.69137
      1783.78811        76.00000      2313.34317      1262.69136
      1803.76336        77.00000      2319.65038      1262.69136
      1823.73861        78.00000      2325.92915      1262.69135
      1843.71386        79.00000      2332.18004      1262.69135
      1863.68911        80.00000      2338.40361      1262.69134
      1883.51189        81.00000      2344.60043      1262.69134
      1903.24666        82.00000      2350.77099      1262.69134
      1922.98143        83.00000      2356.91584      1262.69133
      1942.71619        84.00000      2363.03536      1262.69133
      1962.45096        85.00000      2369.12996      1262.69132
      1982.04577        86.00000      2375.20021      1262.69132
      2001.53363        87.00000      2381.24967      1262.69131
      2021.02148        88.00000      2387.27255      1262.69131
      2040.50934        89.00000      2393.26850      1262.69130
      2059.99719        90.00000      2399.24489      1262.69130
      2079.37392        91.00000      2405.19914      1262.69129
      2098.60653        92.00000      2411.13065      1262.69129
      2117.83915        93.00000      2417.04040      1262.69128
      2137.07176        94.00000      2422.92847      1262.69128
      2156.30438        95.00000      2428.79514      1262.69127
      2175.47443        96.00000      2434.64154      1262.69127
      2194.44184        97.00000      2440.46610      1262.69126
      2213.40925        98.00000      2446.26992      1262.69125
      2232.37665        99.00000      2452.05323      1262.69125
      2251.34406       100.00000      2457.81624      1262.69124
      2270.31147       101.00000      2463.55911      1262.69124
      2289.01274       102.00000      2469.28201      1262.69123
      2307.70399       103.00000      2474.98509      1262.69123
      2326.39524       104.00000      2480.66851      1262.69122
      2345.08649       105.00000      2486.33240      1262.69121
      2363.77773       106.00000      2491.97688      1262.69121
      2382.29127       107.00000      2497.60206      1262.69120
      2400.69289       108.00000      2503.20806      1262.69120
      2419.09451       109.00000      2508.79496      1262.69119
      2437.49614       110.00000      2514.36287      1262.69119
      2455.89776       111.00000      2519.91349      1262.69118
      2474.24475       112.00000      2525.44328      1262.69117
      2492.34170       113.00000      2530.95337      1262.69117
      2510.43864       114.00000      2536.44761      1262.69116
      2528.53558       115.00000      2541.92161      1262.69115
      2546.63253       116.00000      2547.37899      1262.69115
      2564.72947       117.00000      2552.81586      1262.69114
      2582.61700       118.00000      2558.23433      1262.69114
      2600.39350       119.00000      2563.63190      1262.69113
      2618.17000       120.00000      2569.01374      1262.69113
      2635.94650       121.00000      2574.37552      1262.69112
      2653.72300       122.00000      2579.72032      1262.69112
      2671.49146       123.00000      2601.32720      1262.69126
      2688.98186       124.00000      2631.50680      1262.69147
      2706.47225       125.00000      2667.31523      1262.69167
      2723.96264       126.00000      2673.25859      1262.69166
      2741.44849       127.00000      2678.38192      1262.69165
      2758.76354       128.00000      2683.48722      1262.69164
      2776.00929       129.00000      2688.57422      1262.69163
      2793.08810       130.00000      2693.64305      1262.69162
      2810.16691       131.00000      2698.69381      1262.69161
      2827.24572       132.00000      2703.72662      1262.69159
      2844.32452       133.00000      2708.74159      1262.69158
      2861.40333       134.00000      2713.73883      1262.69157
      2878.36916       135.00000      2718.71845      1262.69156
      2895.19009       136.00000      2723.68056      1262.69155
      2912.01101       137.00000      2728.62525      1262.69154
      2928.83193       138.00000      2733.55261      1262.69153
      2945.65286       139.00000      2738.46276      1262.69152
      2962.47378       140.00000      2743.35577      1262.69151
        -0.00000         0.00000      1639.69998      1275.08142
        36.28228         1.00000      1656.88482      1275.08136
        66.34476         2.00000      1673.61951      1275.08141
        96.41489         3.00000      1690.34482      1275.08160
       126.47625         4.00000      1705.50033      1275.08166
       156.54183         5.00000      1719.65644      1275.08170
       186.60540         6.00000      1732.97753      1275.08173
       216.66896         7.00000      1745.58225      1275.08176
       246.00169         8.00000      1757.55193      1275.08179
       275.15035         9.00000      1768.94176      1275.08183
       304.12654        10.00000      1779.78550      1275.08189
       332.88900        11.00000      1794.34845      1275.08198
       361.53749        12.00000      1804.50657      1275.08210
       389.98609        13.00000      1813.77479      1275.08235
       417.29753        14.00000      1854.60632      1275.08281
       443.99125        15.00000      1875.03178      1275.08408
       470.32792        16.00000      1884.86219      1275.08407
       496.56087        17.00000      1894.46570      1275.08408
       522.40358        18.00000      1903.85262      1275.08408
       548.18742        19.00000      1942.82394      1275.07405
       573.57014        20.00000      1958.66478      1275.07136
       598.92253        21.00000      1966.57073      1275.07137
       624.04227        22.00000      1985.91217      1275.07050
       649.12026        23.00000      2001.62061      1275.06988
       673.78483        24.00000      1960.25516      1275.07071
       696.50299        25.00000      1969.76535      1275.07071
       719.22116        26.00000      1979.16924      1275.07071
       741.81150        27.00000      1988.46990      1275.07072
       764.39099        28.00000      1997.67026      1275.07072
       786.82469        29.00000      2006.77273      1275.07072
       809.19806        30.00000      2015.78102      1275.07073
       831.57144        31.00000      2024.69684      1275.07073
       853.94481        32.00000      2033.52289      1275.07073
       876.25551        33.00000      2042.26159      1275.07074
       898.36522        34.00000      2050.91524      1275.07074
       920.47493        35.00000      2059.48624      1275.07074
       942.58464        36.00000      2067.97640      1275.07074
       964.69435        37.00000      2076.38795      1275.07074
       986.62271        38.00000      2084.72290      1275.07075
      1008.47872        39.00000      2092.98294      1275.07075
      1030.33473        40.00000      2101.17046      1275.07075
      1052.19073        41.00000      2109.28703      1275.07075
      1074.01237        42.00000      2117.33445      1275.07075
      1095.62184        43.00000      2125.31442      1275.07075
      1117.23130        44.00000      2133.22878      1275.07075
      1138.84077        45.00000      2141.07871      1275.07075
      1160.45023        46.00000      2148.86670      1275.07075
      1181.93728        47.00000      2156.59272      1275.07075
      1203.30755        48.00000      2164.25979      1275.07075
      1224.67783        49.00000      2171.86876      1275.07075
      1246.04810        50.00000      2179.42182      1275.07075
      1267.41837        51.00000      2186.91841      1275.07075
      1288.59275        52.00000      2194.36174      1275.07075
      1309.72768        53.00000      2201.75254      1275.07075
      1330.86262        54.00000      2209.09208      1275.07075
      1351.99755        55.00000      2216.38166      1275.07075
      1373.10913        56.00000      2223.62244      1275.07075
      1394.01259        57.00000      2230.81567      1275.07075
      1414.91605        58.00000      2237.96248      1275.07075
      1435.81951        59.00000      2245.06507      1275.07075
      1456.72297        60.00000      2252.12212      1275.07074
      1477.55340        61.00000      2259.13682      1275.07074
      1498.22650        62.00000      2266.10909      1275.07074
      1518.89960        63.00000      2273.04034      1275.07074
      1539.57270        64.00000      2279.93153      1275.07074
      1560.24580        65.00000      2286.78220      1275.07073
      1580.80840        66.00000      2293.59611      1275.07073
      1601.25118        67.00000      2300.37269      1275.07073
      1621.69397        68.00000      2307.65299      1275.07072
      1642.13676        69.00000      2314.35661      1275.07072
      1662.57955        70.00000      2321.02513      1275.07072
      1682.88578        71.00000      2327.65924      1275.07072
      1703.09638        72.00000      2334.25971      1275.07071
      1723.30698        73.00000      2340.82729      1275.07071
      1743.51758        74.00000      2347.36271      1275.07070
      1763.72818        75.00000      2353.86666      1275.07070
      1783.78811        76.00000      2360.33976      1275.07070
      1803.76336        77.00000      2366.78272      1275.07069
      1823.73861        78.00000      2373.19613      1275.07069
      1843.71386        79.00000      2379.58058      1275.07069
      1863.68911        80.00000      2385.93666      1275.07068
      1883.51189        81.00000      2392.26513      1275.07068
      1903.24666        82.00000      2398.56610      1275.07067
      1922.98143        83.00000      2404.84002      1275.07067
      1942.71619        84.00000      2411.08797      1275.07066
      1962.45096        85.00000      2417.30998      1275.07066
      1982.04577        86.00000      2423.50663      1275.07065
      2001.53363        87.00000      2429.67830      1275.07065
      2021.02148        88.00000      2435.82541      1275.07064
      2040.50934        89.00000      2441.94835      1275.07064
      2059.99719        90.00000      2448.04747      1275.07063
      2079.37392        91.00000      2454.12313      1275.07063
      2098.60653        92.00000      2460.17573      1275.07062
      2117.83915        93.00000      2466.20546      1275.07062
      2137.07176        94.00000      2472.21259      1275.07061
      2156.30438        95.00000      2478.19755      1275.07061
      2175.47443        96.00000      2484.16054      1275.07060
      2194.44184        97.00000      2490.10182      1275.07060
      2213.40925        98.00000      2496.02162      1275.07059
      2232.37665        99.00000      2501.92016      1275.07059
      2251.34406       100.00000      2507.79765      1275.07058
      2270.31147       101.00000      2513.65749      1275.07057
      2289.01274       102.00000      2519.49096      1275.07057
      2307.70399       103.00000      2525.30644      1275.07056
      2326.39524       104.00000      2531.10156      1275.07056
      2345.08649       105.00000      2536.87651      1275.07055
      2363.77773       106.00000      2542.63146      1275.07055
      2382.29127       107.00000      2548.36651      1275.07054
      2400.69289       108.00000      2554.08180      1275.07053
      2419.09451       109.00000      2559.77744      1275.07053
      2437.49614       110.00000      2565.45487      1275.07052
      2455.89776       111.00000      2571.11024      1275.07052
      2474.24475       112.00000      2576.74885      1275.07051
      2492.34170       113.00000      2582.36577      1275.07051
      2510.43864       114.00000      2587.96454      1275.07050
      2528.53558       115.00000      2593.54652      1275.07049
      2546.63253       116.00000      2599.10517      1275.07049
      2564.72947       117.00000      2604.65070      1275.07048
      2582.61700       118.00000      2610.17359      1275.07048
      2600.39350       119.00000      2615.67761      1275.07047
      2618.17000       120.00000      2621.15954      1275.07047
      2635.94650       121.00000      2626.62843      1275.07046
      2653.72300       122.00000      2632.07421      1275.07045
      2671.49146       123.00000      2640.52306      1275.07048
      2688.98186       124.00000      2665.64783      1275.07065
      2706.47225       125.00000      2698.44884      1275.07085
      2723.96264       126.00000      2727.93432      1275.07100
      2741.44849       127.00000      2733.16025      1275.07099
      2758.76354       128.00000      2738.36708      1275.07098
      2776.00929       129.00000      2743.55516      1275.07097
      2793.08810       130.00000      2748.72461      1275.07096
      2810.16691       131.00000      2753.87556      1275.07094
      2827.24572       132.00000      2759.00813      1275.07093
      2844.32452       133.00000      2764.12245      1275.07092
      2861.40333       134.00000      2769.21864      1275.07091
      2878.36916       135.00000      2774.29682      1275.07090
      2895.19009       136.00000      2779.35710      1275.07089
      2912.01101       137.00000      2784.39958      1275.07088
      2928.83193       138.00000      2789.42438      1275.07087
      2945.65286       139.00000      2794.43159      1275.07086
      2962.47378       140.00000      2799.42132      1275.07085
        -0.00000         0.00000      1671.73220      1287.46082
        36.28228         1.00000      1689.73858      1287.46078
        66.34476         2.00000      1706.82448      1287.46080
        96.41489         3.00000      1724.11998      1287.46102
       126.47625         4.00000      1739.73391      1287.46109
       156.54183         5.00000      1754.31427      1287.46113
       186.60540         6.00000      1768.02479      1287.46116
       216.66896         7.00000      1780.98860      1287.46120
       246.00169         8.00000      1793.29149      1287.46123
       275.15035         9.00000      1804.99219      1287.46127
       304.12654        10.00000      1816.12742      1287.46133
       332.88900        11.00000      1826.71128      1287.46142
       361.53749        12.00000      1841.33620      1287.46156
       389.98609        13.00000      1850.79468      1287.46183
       417.29753        14.00000      1878.65096      1287.46238
       443.99125        15.00000      1913.25369      1287.46353
       470.32792        16.00000      1923.33814      1287.46352
       496.56087        17.00000      1933.18868      1287.46353
       522.40358        18.00000      1942.81603      1287.46353
       548.18742        19.00000      1972.09206      1287.45703
       573.57014        20.00000      1999.12484      1287.45070
       598.92253        21.00000      2007.23149      1287.45070
       624.04227        22.00000      2024.27409      1287.45002
       649.12026        23.00000      2023.16388      1287.44936
       673.78483        24.00000      1999.06554      1287.45004
       696.50299        25.00000      2008.79714      1287.45004
       719.22116        26.00000      2018.41979      1287.45005
       741.81150        27.00000      2027.93661      1287.45005
       764.39099        28.00000      2037.35064      1287.45005
       786.82469        29.00000      2046.66476      1287.45006
       809.19806        30.00000      2055.88173      1287.45006
       831.57144        31.00000      2065.00429      1287.45006
       853.94481        32.00000      2074.03476      1287.45007
       876.25551        33.00000      2082.97584      1287.45007
       898.36522        34.00000      2091.82980      1287.45007
       920.47493        35.00000      2100.59892      1287.45007
       942.58464        36.00000      2109.28541      1287.45008
       964.69435        37.00000      2117.89098      1287.45008
       986.62271        38.00000      2126.41867      1287.45008
      1008.47872        39.00000      2134.87020      1287.45008
      1030.33473        40.00000      2143.24638      1287.45008
      1052.19073        41.00000      2151.55043      1287.45008
      1074.01237        42.00000      2159.78346      1287.45009
      1095.62184        43.00000      2167.94705      1287.45009
      1117.23130        44.00000      2176.04396      1287.45009
      1138.84077        45.00000      2184.07480      1287.45009
      1160.45023        46.00000      2192.04152      1287.45009
      1181.93728        47.00000      2199.94576      1287.45009
      1203.30755        48.00000      2207.78900      1287.45009
      1224.67783        49.00000      2215.57261      1287.45009
      1246.04810        50.00000      2223.29822      1287.45009
      1267.41837        51.00000      2230.96647      1287.45009
      1288.59275        52.00000      2238.58008      1287.45009
      1309.72768        53.00000      2246.13978      1287.45009
      1330.86262        54.00000      2253.64684      1287.45009
      1351.99755        55.00000      2261.10250      1287.45009
      1373.10913        56.00000      2268.50803      1287.45008
      1394.01259        57.00000      2275.86527      1287.45008
      1414.91605        58.00000      2283.17353      1287.45008
      1435.81951        59.00000      2290.43634      1287.45008
      1456.72297        60.00000      2297.65257      1287.45008
      1477.55340        61.00000      2304.82494      1287.45008
      1498.22650        62.00000      2311.95529      1287.45007
      1518.89960        63.00000      2319.04205      1287.45007
      1539.57270        64.00000      2326.08601      1287.45007
      1560.24580        65.00000      2333.09102      1287.45007
      1580.80840        66.00000      2340.05660      1287.45007
      1601.25118        67.00000      2346.98373      1287.45006
      1621.69397        68.00000      2353.87313      1287.45006
      1642.13676        69.00000      2360.72583      1287.45006
      1662.57955        70.00000      2368.05289      1287.45005
      1682.88578        71.00000      2374.83283      1287.45005
      1703.09638        72.00000      2381.57806      1287.45005
      1723.30698        73.00000      2388.28905      1287.45004
      1743.51758        74.00000      2394.96681      1287.45004
      1763.72818        75.00000      2401.61202      1287.45004
      1783.78811        76.00000      2408.22518      1287.45003
      1803.76336        77.00000      2414.80704      1287.45003
      1823.73861        78.00000      2421.35829      1287.45003
      1843.71386        79.00000      2427.87949      1287.45002
      1863.68911        80.00000      2434.37123      1287.45002
      1883.51189        81.00000      2440.83414      1287.45001
      1903.24666        82.00000      2447.26856      1287.45001
      1922.98143        83.00000      2453.67524      1287.45000
      1942.71619        84.00000      2460.05454      1287.45000
      1962.45096        85.00000      2466.40701      1287.45000
      1982.04577        86.00000      2472.73308      1287.44999
      2001.53363        87.00000      2479.03331      1287.44999
      2021.02148        88.00000      2485.30778      1287.44998
      2040.50934        89.00000      2491.55723      1287.44998
      2059.99719        90.00000      2497.78195      1287.44997
      2079.37392        91.00000      2503.98217      1287.44997
      2098.60653        92.00000      2510.15862      1287.44996
      2117.83915        93.00000      2516.31113      1287.44996
      2137.07176        94.00000      2522.44096      1287.44995
      2156.30438        95.00000      2528.54636      1287.44995
      2175.47443        96.00000      2534.62974      1287.44994
      2194.44184        97.00000      2540.69054      1287.44993
      2213.40925        98.00000      2546.72905      1287.44993
      2232.37665        99.00000      2552.74553      1287.44992
      2251.34406       100.00000      2558.74021      1287.44992
      2270.31147       101.00000      2564.71606      1287.44991
      2289.01274       102.00000      2570.66780      1287.44991
      2307.70399       103.00000      2576.59824      1287.44990
      2326.39524       104.00000      2582.50575      1287.44990
      2345.08649       105.00000      2588.39647      1287.44989
      2363.77773       106.00000      2594.26240      1287.44988
      2382.29127       107.00000      2600.11156      1287.44988
      2400.69289       108.00000      2605.93700      1287.44987
      2419.09451       109.00000      2611.74391      1287.44987
      2437.49614       110.00000      2617.53346      1287.44986
      2455.89776       111.00000      2623.29915      1287.44986
      2474.24475       112.00000      2629.04444      1287.44985
      2492.34170       113.00000      2634.77162      1287.44984
      2510.43864       114.00000      2640.47940      1287.44984
      2528.53558       115.00000      2646.17060      1287.44983
      2546.63253       116.00000      2651.83929      1287.44982
      2564.72947       117.00000      2657.48539      1287.44982
      2582.61700       118.00000      2663.11796      1287.44982
      2600.39350       119.00000      2668.72506      1287.44981
      2618.17000       120.00000      2674.31808      1287.44980
      2635.94650       121.00000      2679.89232      1287.44980
      2653.72300       122.00000      2685.44328      1287.44979
      2671.49146       123.00000      2690.97838      1287.44979
      2688.98186       124.00000      2703.73663      1287.44985
      2706.47225       125.00000      2731.65497      1287.45003
      2723.96264       126.00000      2766.96919      1287.45023
      2741.44849       127.00000      2789.00314      1287.45033
      2758.76354       128.00000      2794.31420      1287.45032
      2776.00929       129.00000      2799.60570      1287.45031
      2793.08810       130.00000      2804.87807      1287.45029
      2810.16691       131.00000      2810.13149      1287.45028
      2827.24572       132.00000      2815.36609      1287.45027
      2844.32452       133.00000      2820.58201      1287.45026
      2861.40333       134.00000      2825.77936      1287.45025
      2878.36916       135.00000      2830.95829      1287.45024
      2895.19009       136.00000      2836.11890      1287.45023
      2912.01101       137.00000      2841.26133      1287.45022
      2928.83193       138.00000      2846.38568      1287.45021
      2945.65286       139.00000      2851.49206      1287.45020
      2962.47378       140.00000      2856.58057      1287.45019
        -0.00000         0.00000      1704.35916      1299.84022
        36.28228         1.00000      1723.15308      1299.84020
        66.34476         2.00000      1740.71061      1299.84021
        96.41489         3.00000      1758.48469      1299.84044
       126.47625         4.00000      1774.57146      1299.84051
       156.54183         5.00000      1789.59148      1299.84056
       186.60540         6.00000      1803.70553      1299.84059
       216.66896         7.00000      1817.04112      1299.84063
       246.00169         8.00000      1829.68840      1299.84066
       275.15035         9.00000      1841.70992      1299.84071
       304.12654        10.00000      1853.14549      1299.84077
       332.88900        11.00000      1864.01180      1299.84086
       361.53749        12.00000      1878.85263      1299.84102
       389.98609        13.00000      1888.50964      1299.84132
       417.29753        14.00000      1904.72906      1299.84198
       443.99125        15.00000      1952.18454      1299.84298
       470.32792        16.00000      1962.53086      1299.84297
       496.56087        17.00000      1972.63594      1299.84298
       522.40358        18.00000      1982.51095      1299.84298
       548.18742        19.00000      2002.61569      1299.83966
       573.57014        20.00000      2040.36130      1299.83003
       598.92253        21.00000      2048.67367      1299.82993
       624.04227        22.00000      2062.59867      1299.82960
       649.12026        23.00000      2046.53257      1299.82894
       673.78483        24.00000      2038.55847      1299.82937
       696.50299        25.00000      2048.51735      1299.82938
       719.22116        26.00000      2058.36396      1299.82938
       741.81150        27.00000      2068.10240      1299.82939
       764.39099        28.00000      2077.73538      1299.82939
       786.82469        29.00000      2087.26603      1299.82939
       809.19806        30.00000      2096.69717      1299.82940
       831.57144        31.00000      2106.03156      1299.82940
       853.94481        32.00000      2115.27183      1299.82940
       876.25551        33.00000      2124.42023      1299.82940
       898.36522        34.00000      2133.47944      1299.82941
       920.47493        35.00000      2142.45176      1299.82941
       942.58464        36.00000      2151.33942      1299.82941
       964.69435        37.00000      2160.14462      1299.82941
       986.62271        38.00000      2168.86916      1299.82941
      1008.47872        39.00000      2177.51565      1299.82942
      1030.33473        40.00000      2186.08578      1299.82942
      1052.19073        41.00000      2194.58147      1299.82942
      1074.01237        42.00000      2203.00456      1299.82942
      1095.62184        43.00000      2211.35685      1299.82942
      1117.23130        44.00000      2219.64009      1299.82942
      1138.84077        45.00000      2227.85597      1299.82942
      1160.45023        46.00000      2236.00613      1299.82942
      1181.93728        47.00000      2244.09230      1299.82942
      1203.30755        48.00000      2252.11577      1299.82942
      1224.67783        49.00000      2260.07874      1299.82942
      1246.04810        50.00000      2267.98125      1299.82942
      1267.41837        51.00000      2275.82561      1299.82942
      1288.59275        52.00000      2283.61356      1299.82942
      1309.72768        53.00000      2291.34611      1299.82942
      1330.86262        54.00000      2299.02551      1299.82942
      1351.99755        55.00000      2306.65026      1299.82942
      1373.10913        56.00000      2314.22447      1299.82942
      1394.01259        57.00000      2321.74828      1299.82942
      1414.91605        58.00000      2329.22301      1299.82942
      1435.81951        59.00000      2336.65116      1299.82941
      1456.72297        60.00000      2344.03099      1299.82941
      1477.55340        61.00000      2351.36386      1299.82941
      1498.22650        62.00000      2358.65481      1299.82941
      1518.89960        63.00000      2365.89922      1299.82941
      1539.57270        64.00000      2373.10243      1299.82941
      1560.24580        65.00000      2380.26400      1299.82940
      1580.80840        66.00000      2387.38484      1299.82940
      1601.25118        67.00000      2394.46597      1299.82940
      1621.69397        68.00000      2401.50810      1299.82940
      1642.13676        69.00000      2408.51225      1299.82939
      1662.57955        70.00000      2415.47922      1299.82939
      1682.88578        71.00000      2422.40983      1299.82939
      1703.09638        72.00000      2429.30490      1299.82938
      1723.30698        73.00000      2436.64412      1299.82938
      1743.51758        74.00000      2443.46760      1299.82938
      1763.72818        75.00000      2450.25726      1299.82937
      1783.78811        76.00000      2457.01386      1299.82937
      1803.76336        77.00000      2463.73800      1299.82937
      1823.73861        78.00000      2470.43036      1299.82936
      1843.71386        79.00000      2477.09156      1299.82936
      1863.68911        80.00000      2483.72220      1299.82935
      1883.51189        81.00000      2490.32284      1299.82935
      1903.24666        82.00000      2496.89406      1299.82935
      1922.98143        83.00000      2503.43637      1299.82934
      1942.71619        84.00000      2509.95030      1299.82934
      1962.45096        85.00000      2516.43633      1299.82933
      1982.04577        86.00000      2522.89496      1299.82933
      2001.53363        87.00000      2529.32664      1299.82932
      2021.02148        88.00000      2535.73176      1299.82932
      2040.50934        89.00000      2542.11079      1299.82931
      2059.99719        90.00000      2548.46412      1299.82931
      2079.37392        91.00000      2554.79212      1299.82930
      2098.60653        92.00000      2561.09524      1299.82930
      2117.83915        93.00000      2567.37363      1299.82929
      2137.07176        94.00000      2573.62776      1299.82929
      2156.30438        95.00000      2579.85800      1299.82928
      2175.47443        96.00000      2586.06452      1299.82928
      2194.44184        97.00000      2592.24771      1299.82927
      2213.40925        98.00000      2598.40780      1299.82927
      2232.37665        99.00000      2604.54508      1299.82926
      2251.34406       100.00000      2610.65976      1299.82926
      2270.31147       101.00000      2616.75879      1299.82925
      2289.01274       102.00000      2622.82324      1299.82924
      2307.70399       103.00000      2628.87151      1299.82924
      2326.39524       104.00000      2634.89808      1299.82923
      2345.08649       105.00000      2640.90313      1299.82923
      2363.77773       106.00000      2646.88685      1299.82922
      2382.29127       107.00000      2652.84943      1299.82922
      2400.69289       108.00000      2658.79098      1299.82921
      2419.09451       109.00000      2664.71175      1299.82921
      2437.49614       110.00000      2670.61181      1299.82920
      2455.89776       111.00000      2676.49408      1299.82919
      2474.24475       112.00000      2682.35226      1299.82919
      2492.34170       113.00000      2688.18903      1299.82918
      2510.43864       114.00000      2694.00815      1299.82918
      2528.53558       115.00000      2699.80788      1299.82917
      2546.63253       116.00000      2705.58483      1299.82917
      2564.72947       117.00000      2711.34873      1299.82916
      2582.61700       118.00000      2717.08467      1299.82915
      2600.39350       119.00000      2722.80181      1299.82915
      2618.17000       120.00000      2728.50153      1299.82914
      2635.94650       121.00000      2734.18175      1299.82914
      2653.72300       122.00000      2739.84404      1299.82913
      2671.49146       123.00000      2745.48551      1299.82913
      2688.98186       124.00000      2751.10857      1299.82912
      2706.47225       125.00000      2768.65301      1299.82922
      2723.96264       126.00000      2799.25330      1299.82941
      2741.44849       127.00000      2836.98764      1299.82961
      2758.76354       128.00000      2851.34792      1299.82965
      2776.00929       129.00000      2856.74536      1299.82964
      2793.08810       130.00000      2862.12307      1299.82963
      2810.16691       131.00000      2867.48134      1299.82962
      2827.24572       132.00000      2872.82031      1299.82961
      2844.32452       133.00000      2878.14014      1299.82960
      2861.40333       134.00000      2883.44096      1299.82959
      2878.36916       135.00000      2888.72291      1299.82958
      2895.19009       136.00000      2893.98611      1299.82957
      2912.01101       137.00000      2899.23070      1299.82956
      2928.83193       138.00000      2904.45680      1299.82955
      2945.65286       139.00000      2909.66452      1299.82954
      2962.47378       140.00000      2914.85400      1299.82953
        -0.00000         0.00000      1737.61653      1312.21963
        36.28228         1.00000      1757.13410      1312.21962
        66.34476         2.00000      1775.23864      1312.21963
        96.41489         3.00000      1793.44627      1312.21986
       126.47625         4.00000      1810.02082      1312.21994
       156.54183         5.00000      1825.49679      1312.21999
       186.60540         6.00000      1840.02961      1312.22003
       216.66896         7.00000      1853.75001      1312.22006
       246.00169         8.00000      1866.75376      1312.22010
       275.15035         9.00000      1879.10600      1312.22015
       304.12654        10.00000      1890.85120      1312.22021
       332.88900        11.00000      1902.00855      1312.22030
       361.53749        12.00000      1912.56981      1312.22048
       389.98609        13.00000      1926.93070      1312.22081
       417.29753        14.00000      1934.55149      1312.22159
       443.99125        15.00000      1991.83497      1312.22243
       470.32792        16.00000      2002.45115      1312.22242
       496.56087        17.00000      2012.81857      1312.22243
       522.40358        18.00000      2022.94874      1312.22243
       548.18742        19.00000      2034.24802      1312.22201
       573.57014        20.00000      2082.38722      1312.20936
       598.92253        21.00000      2090.91333      1312.20936
       624.04227        22.00000      2100.72802      1312.20926
       649.12026        23.00000      2074.77692      1312.20856
       673.78483        24.00000      2078.74331      1312.20871
       696.50299        25.00000      2088.93473      1312.20871
       719.22116        26.00000      2099.01155      1312.20872
       741.81150        27.00000      2108.97709      1312.20872
       764.39099        28.00000      2118.83472      1312.20872
       786.82469        29.00000      2128.58740      1312.20873
       809.19806        30.00000      2138.23805      1312.20873
       831.57144        31.00000      2147.78957      1312.20873
       853.94481        32.00000      2157.24515      1312.20873
       876.25551        33.00000      2166.60562      1312.20874
       898.36522        34.00000      2175.87514      1312.20874
       920.47493        35.00000      2185.05566      1312.20874
       942.58464        36.00000      2194.14945      1312.20875
       964.69435        37.00000      2203.15849      1312.20875
       986.62271        38.00000      2212.08539      1312.20875
      1008.47872        39.00000      2220.93208      1312.20875
      1030.33473        40.00000      2229.70053      1312.20875
      1052.19073        41.00000      2238.39270      1312.20875
      1074.01237        42.00000      2247.01049      1312.20875
      1095.62184        43.00000      2255.55609      1312.20876
      1117.23130        44.00000      2264.03068      1312.20876
      1138.84077        45.00000      2272.43554      1312.20876
      1160.45023        46.00000      2280.77354      1312.20876
      1181.93728        47.00000      2289.04578      1312.20876
      1203.30755        48.00000      2297.25428      1312.20876
      1224.67783        49.00000      2305.39937      1312.20876
      1246.04810        50.00000      2313.48367      1312.20876
      1267.41837        51.00000      2321.50834      1312.20876
      1288.59275        52.00000      2329.47472      1312.20876
      1309.72768        53.00000      2337.38421      1312.20876
      1330.86262        54.00000      2345.23816      1312.20876
      1351.99755        55.00000      2353.03793      1312.20875
      1373.10913        56.00000      2360.78461      1312.20875
      1394.01259        57.00000      2368.47961      1312.20875
      1414.91605        58.00000      2376.12534      1312.20875
      1435.81951        59.00000      2383.72052      1312.20875
      1456.72297        60.00000      2391.26709      1312.20875
      1477.55340        61.00000      2398.76732      1312.20875
      1498.22650        62.00000      2406.21957      1312.20874
      1518.89960        63.00000      2413.62840      1312.20874
      1539.57270        64.00000      2420.99307      1312.20874
      1560.24580        65.00000      2428.31492      1312.20874
      1580.80840        66.00000      2435.59464      1312.20874
      1601.25118        67.00000      2442.83438      1312.20873
      1621.69397        68.00000      2450.03191      1312.20873
      1642.13676        69.00000      2457.19100      1312.20873
      1662.57955        70.00000      2464.31178      1312.20873
      1682.88578        71.00000      2471.39488      1312.20872
      1703.09638        72.00000      2478.44117      1312.20872
      1723.30698        73.00000      2485.45145      1312.20872
      1743.51758        74.00000      2492.42639      1312.20871
      1763.72818        75.00000      2499.81717      1312.20871
      1783.78811        76.00000      2506.72057      1312.20871
      1803.76336        77.00000      2513.59033      1312.20870
      1823.73861        78.00000      2520.42717      1312.20870
      1843.71386        79.00000      2527.23168      1312.20869
      1863.68911        80.00000      2534.00457      1312.20869
      1883.51189        81.00000      2540.74631      1312.20869
      1903.24666        82.00000      2547.45753      1312.20868
      1922.98143        83.00000      2554.13876      1312.20868
      1942.71619        84.00000      2560.79056      1312.20867
      1962.45096        85.00000      2567.41338      1312.20867
      1982.04577        86.00000      2574.00793      1312.20866
      2001.53363        87.00000      2580.57416      1312.20866
      2021.02148        88.00000      2587.11302      1312.20865
      2040.50934        89.00000      2593.62478      1312.20865
      2059.99719        90.00000      2600.11012      1312.20864
      2079.37392        91.00000      2606.56865      1312.20864
      2098.60653        92.00000      2613.00155      1312.20864
      2117.83915        93.00000      2619.40890      1312.20863
      2137.07176        94.00000      2625.79108      1312.20863
      2156.30438        95.00000      2632.14847      1312.20862
      2175.47443        96.00000      2638.48130      1312.20861
      2194.44184        97.00000      2644.79283      1312.20861
      2213.40925        98.00000      2651.07862      1312.20860
      2232.37665        99.00000      2657.33542      1312.20860
      2251.34406       100.00000      2663.57304      1312.20859
      2270.31147       101.00000      2669.78758      1312.20859
      2289.01274       102.00000      2675.97913      1312.20858
      2307.70399       103.00000      2682.14810      1312.20858
      2326.39524       104.00000      2688.29555      1312.20857
      2345.08649       105.00000      2694.42009      1312.20857
      2363.77773       106.00000      2700.52202      1312.20856
      2382.29127       107.00000      2706.60242      1312.20856
      2400.69289       108.00000      2712.66120      1312.20855
      2419.09451       109.00000      2718.69846      1312.20854
      2437.49614       110.00000      2724.71465      1312.20854
      2455.89776       111.00000      2730.70925      1312.20853
      2474.24475       112.00000      2736.68307      1312.20853
      2492.34170       113.00000      2742.63599      1312.20852
      2510.43864       114.00000      2748.56826      1312.20852
      2528.53558       115.00000      2754.48204      1312.20851
      2546.63253       116.00000      2760.37106      1312.20850
      2564.72947       117.00000      2766.24187      1312.20850
      2582.61700       118.00000      2772.09432      1312.20849
      2600.39350       119.00000      2777.92641      1312.20849
      2618.17000       120.00000      2783.73526      1312.20848
      2635.94650       121.00000      2789.52588      1312.20848
      2653.72300       122.00000      2795.29442      1312.20847
      2671.49146       123.00000      2801.04534      1312.20847
      2688.98186       124.00000      2806.77909      1312.20846
      2706.47225       125.00000      2812.48825      1312.20845
      2723.96264       126.00000      2835.19207      1312.20859
      2741.44849       127.00000      2868.34322      1312.20878
      2758.76354       128.00000      2908.39505      1312.20899
      2776.00929       129.00000      2914.99409      1312.20898
      2793.08810       130.00000      2920.47941      1312.20897
      2810.16691       131.00000      2925.94501      1312.20896
      2827.24572       132.00000      2931.39079      1312.20895
      2844.32452       133.00000      2936.81693      1312.20894
      2861.40333       134.00000      2942.22359      1312.20893
      2878.36916       135.00000      2947.61092      1312.20892
      2895.19009       136.00000      2952.97904      1312.20891
      2912.01101       137.00000      2958.32810      1312.20890
      2928.83193       138.00000      2963.65824      1312.20889
      2945.65286       139.00000      2968.96959      1312.20888
      2962.47378       140.00000      2974.26228      1312.20887
        -0.00000         0.00000      1771.47782      1324.59905
        36.28228         1.00000      1791.68787      1324.59904
        66.34476         2.00000      1810.35777      1324.59905
        96.41489         3.00000      1829.02175      1324.59928
       126.47625         4.00000      1846.08855      1324.59935
       156.54183         5.00000      1862.03904      1324.59941
       186.60540         6.00000      1877.00642      1324.59946
       216.66896         7.00000      1891.12605      1324.59949
       246.00169         8.00000      1904.49746      1324.59953
       275.15035         9.00000      1917.19175      1324.59958
       304.12654        10.00000      1929.25581      1324.59965
       332.88900        11.00000      1940.71355      1324.59975
       361.53749        12.00000      1951.56064      1324.59993
       389.98609        13.00000      1966.07054      1324.60030
       417.29753        14.00000      1973.72877      1324.60116
       443.99125        15.00000      2032.21486      1324.60187
       470.32792        16.00000      2043.10977      1324.60188
       496.56087        17.00000      2053.74758      1324.60187
       522.40358        18.00000      2064.14077      1324.60188
       548.18742        19.00000      2074.30062      1324.60189
       573.57014        20.00000      2121.48314      1324.58991
       598.92253        21.00000      2133.96100      1324.58869
       624.04227        22.00000      2142.52361      1324.58870
       649.12026        23.00000      2109.07811      1324.58804
       673.78483        24.00000      2119.62945      1324.58804
       696.50299        25.00000      2130.05958      1324.58805
       719.22116        26.00000      2140.37260      1324.58805
       741.81150        27.00000      2150.57071      1324.58805
       764.39099        28.00000      2160.65856      1324.58806
       786.82469        29.00000      2170.64011      1324.58806
       809.19806        30.00000      2180.51466      1324.58806
       831.57144        31.00000      2190.28865      1324.58807
       853.94481        32.00000      2199.96443      1324.58807
       876.25551        33.00000      2209.54228      1324.58807
       898.36522        34.00000      2219.02735      1324.58808
       920.47493        35.00000      2228.42118      1324.58808
       942.58464        36.00000      2237.72616      1324.58808
       964.69435        37.00000      2246.94487      1324.58808
       986.62271        38.00000      2256.07891      1324.58808
      1008.47872        39.00000      2265.13032      1324.58809
      1030.33473        40.00000      2274.10191      1324.58809
      1052.19073        41.00000      2282.99534      1324.58809
      1074.01237        42.00000      2291.81251      1324.58809
      1095.62184        43.00000      2300.55627      1324.58809
      1117.23130        44.00000      2309.22546      1324.58809
      1138.84077        45.00000      2317.82588      1324.58809
      1160.45023        46.00000      2326.35535      1324.58809
      1181.93728        47.00000      2334.81837      1324.58809
      1203.30755        48.00000      2343.21557      1324.58809
      1224.67783        49.00000      2351.54822      1324.58809
      1246.04810        50.00000      2359.81897      1324.58809
      1267.41837        51.00000      2368.02718      1324.58809
      1288.59275        52.00000      2376.17621      1324.58809
      1309.72768        53.00000      2384.26786      1324.58809
      1330.86262        54.00000      2392.30037      1324.58809
      1351.99755        55.00000      2400.27821      1324.58809
      1373.10913        56.00000      2408.20160      1324.58809
      1394.01259        57.00000      2416.07303      1324.58809
      1414.91605        58.00000      2423.89129      1324.58809
      1435.81951        59.00000      2431.65876      1324.58808
      1456.72297        60.00000      2439.37660      1324.58808
      1477.55340        61.00000      2447.04600      1324.58808
      1498.22650        62.00000      2454.66644      1324.58808
      1518.89960        63.00000      2462.24166      1324.58808
      1539.57270        64.00000      2469.77174      1324.58808
      1560.24580        65.00000      2477.25746      1324.58807
      1580.80840        66.00000      2484.69989      1324.58807
      1601.25118        67.00000      2492.09993      1324.58807
      1621.69397        68.00000      2499.45840      1324.58807
      1642.13676        69.00000      2506.77630      1324.58806
      1662.57955        70.00000      2514.05446      1324.58806
      1682.88578        71.00000      2521.29371      1324.58806
      1703.09638        72.00000      2528.49489      1324.58805
      1723.30698        73.00000      2535.65876      1324.58805
      1743.51758        74.00000      2542.78602      1324.58805
      1763.72818        75.00000      2549.87749      1324.58804
      1783.78811        76.00000      2556.93390      1324.58804
      1803.76336        77.00000      2563.95593      1324.58804
      1823.73861        78.00000      2571.36376      1324.58803
      1843.71386        79.00000      2578.31497      1324.58803
      1863.68911        80.00000      2585.23335      1324.58803
      1883.51189        81.00000      2592.11968      1324.58802
      1903.24666        82.00000      2598.97429      1324.58802
      1922.98143        83.00000      2605.79779      1324.58801
      1942.71619        84.00000      2612.59076      1324.58801
      1962.45096        85.00000      2619.35370      1324.58801
      1982.04577        86.00000      2626.08712      1324.58800
      2001.53363        87.00000      2632.79196      1324.58800
      2021.02148        88.00000      2639.46729      1324.58799
      2040.50934        89.00000      2646.11588      1324.58799
      2059.99719        90.00000      2652.73515      1324.58798
      2079.37392        91.00000      2659.32798      1324.58798
      2098.60653        92.00000      2665.89384      1324.58797
      2117.83915        93.00000      2672.43345      1324.58797
      2137.07176        94.00000      2678.94672      1324.58796
      2156.30438        95.00000      2685.43415      1324.58796
      2175.47443        96.00000      2691.89631      1324.58795
      2194.44184        97.00000      2698.33333      1324.58795
      2213.40925        98.00000      2704.74562      1324.58794
      2232.37665        99.00000      2711.13338      1324.58794
      2251.34406       100.00000      2717.49691      1324.58793
      2270.31147       101.00000      2723.83769      1324.58793
      2289.01274       102.00000      2730.15370      1324.58792
      2307.70399       103.00000      2736.44615      1324.58792
      2326.39524       104.00000      2742.71543      1324.58791
      2345.08649       105.00000      2748.96176      1324.58790
      2363.77773       106.00000      2755.18535      1324.58790
      2382.29127       107.00000      2761.38642      1324.58789
      2400.69289       108.00000      2767.56516      1324.58789
      2419.09451       109.00000      2773.72178      1324.58788
      2437.49614       110.00000      2779.85643      1324.58788
      2455.89776       111.00000      2785.96931      1324.58787
      2474.24475       112.00000      2792.06302      1324.58787
      2492.34170       113.00000      2798.13039      1324.58786
      2510.43864       114.00000      2804.17891      1324.58785
      2528.53558       115.00000      2810.20882      1324.58785
      2546.63253       116.00000      2816.21588      1324.58784
      2564.72947       117.00000      2822.20020      1324.58784
      2582.61700       118.00000      2828.16277      1324.58783
      2600.39350       119.00000      2834.10689      1324.58783
      2618.17000       120.00000      2840.03055      1324.58782
      2635.94650       121.00000      2845.93638      1324.58782
      2653.72300       122.00000      2851.81663      1324.58781
      2671.49146       123.00000      2857.67931      1324.58780
      2688.98186       124.00000      2863.52197      1324.58780
      2706.47225       125.00000      2869.34482      1324.58779
      2723.96264       126.00000      2876.59046      1324.58780
      2741.44849       127.00000      2903.28803      1324.58796
      2758.76354       128.00000      2938.84151      1324.58816
      2776.00929       129.00000      2974.37123      1324.58832
      2793.08810       130.00000      2979.96718      1324.58831
      2810.16691       131.00000      2985.54259      1324.58830
      2827.24572       132.00000      2991.09769      1324.58829
      2844.32452       133.00000      2996.63265      1324.58828
      2861.40333       134.00000      3002.14763      1324.58827
      2878.36916       135.00000      3007.64302      1324.58826
      2895.19009       136.00000      3013.11823      1324.58825
      2912.01101       137.00000      3018.57418      1324.58824
      2928.83193       138.00000      3024.01074      1324.58823
      2945.65286       139.00000      3029.42805      1324.58822
      2962.47378       140.00000      3034.82627      1324.58821
        -0.00000         0.00000      1805.90986      1336.97847
        36.28228         1.00000      1826.81608      1336.97846
        66.34476         2.00000      1846.07681      1336.97847
        96.41489         3.00000      1865.21613      1336.97871
       126.47625         4.00000      1882.78610      1336.97878
       156.54183         5.00000      1899.22686      1336.97884
       186.60540         6.00000      1914.64602      1336.97889
       216.66896         7.00000      1929.17956      1336.97893
       246.00169         8.00000      1942.93193      1336.97897
       275.15035         9.00000      1955.97879      1336.97902
       304.12654        10.00000      1968.37133      1336.97909
       332.88900        11.00000      1980.13818      1336.97920
       361.53749        12.00000      1991.27995      1336.97938
       389.98609        13.00000      2001.78607      1336.97977
       417.29753        14.00000      2013.63735      1336.98075
       443.99125        15.00000      2073.33583      1336.98132
       470.32792        16.00000      2084.51740      1336.98132
       496.56087        17.00000      2095.43407      1336.98132
       522.40358        18.00000      2106.09840      1336.98133
       548.18742        19.00000      2116.52200      1336.98133
       573.57014        20.00000      2151.15380      1336.97367
       598.92253        21.00000      2177.83107      1336.96803
       624.04227        22.00000      2186.61328      1336.96794
       649.12026        23.00000      2150.43345      1336.96737
       673.78483        24.00000      2161.22625      1336.96738
       696.50299        25.00000      2171.90117      1336.96738
       719.22116        26.00000      2182.45571      1336.96738
       741.81150        27.00000      2192.89320      1336.96739
       764.39099        28.00000      2203.21673      1336.96739
       786.82469        29.00000      2213.43075      1336.96740
       809.19806        30.00000      2223.53680      1336.96740
       831.57144        31.00000      2233.53888      1336.96740
       853.94481        32.00000      2243.43931      1336.96740
       876.25551        33.00000      2253.24130      1336.96741
       898.36522        34.00000      2262.94724      1336.96741
       920.47493        35.00000      2272.56000      1336.96741
       942.58464        36.00000      2282.08137      1336.96741
       964.69435        37.00000      2291.51377      1336.96742
       986.62271        38.00000      2300.85989      1336.96742
      1008.47872        39.00000      2310.12162      1336.96742
      1030.33473        40.00000      2319.30130      1336.96742
      1052.19073        41.00000      2328.40085      1336.96742
      1074.01237        42.00000      2337.42223      1336.96742
      1095.62184        43.00000      2346.36739      1336.96742
      1117.23130        44.00000      2355.23825      1336.96743
      1138.84077        45.00000      2364.03705      1336.96742
      1160.45023        46.00000      2372.76357      1336.96743
      1181.93728        47.00000      2381.42156      1336.96743
      1203.30755        48.00000      2390.01231      1336.96743
      1224.67783        49.00000      2398.53699      1336.96743
      1246.04810        50.00000      2406.99730      1336.96743
      1267.41837        51.00000      2415.39469      1336.96743
      1288.59275        52.00000      2423.73069      1336.96743
      1309.72768        53.00000      2432.00669      1336.96743
      1330.86262        54.00000      2440.22471      1336.96742
      1351.99755        55.00000      2448.38545      1336.96742
      1373.10913        56.00000      2456.48904      1336.96742
      1394.01259        57.00000      2464.53894      1336.96742
      1414.91605        58.00000      2472.53526      1336.96742
      1435.81951        59.00000      2480.47749      1336.96742
      1456.72297        60.00000      2488.37024      1336.96742
      1477.55340        61.00000      2496.21282      1336.96742
      1498.22650        62.00000      2504.00667      1336.96741
      1518.89960        63.00000      2511.75270      1336.96741
      1539.57270        64.00000      2519.45209      1336.96741
      1560.24580        65.00000      2527.10571      1336.96741
      1580.80840        66.00000      2534.71460      1336.96741
      1601.25118        67.00000      2542.27975      1336.96740
      1621.69397        68.00000      2549.80206      1336.96740
      1642.13676        69.00000      2557.28239      1336.96740
      1662.57955        70.00000      2564.72169      1336.96740
      1682.88578        71.00000      2572.12078      1336.96739
      1703.09638        72.00000      2579.48051      1336.96739
      1723.30698        73.00000      2586.80160      1336.96739
      1743.51758        74.00000      2594.08493      1336.96738
      1763.72818        75.00000      2601.33112      1336.96738
      1783.78811        76.00000      2608.54103      1336.96738
      1803.76336        77.00000      2615.71531      1336.96737
      1823.73861        78.00000      2622.85466      1336.96737
      1843.71386        79.00000      2629.95960      1336.96737
      1863.68911        80.00000      2637.03094      1336.96736
      1883.51189        81.00000      2644.45827      1336.96736
      1903.24666        82.00000      2651.45970      1336.96735
      1922.98143        83.00000      2658.42892      1336.96735
      1942.71619        84.00000      2665.36649      1336.96735
      1962.45096        85.00000      2672.27296      1336.96734
      1982.04577        86.00000      2679.14897      1336.96734
      2001.53363        87.00000      2685.99463      1336.96733
      2021.02148        88.00000      2692.81077      1336.96733
      2040.50934        89.00000      2699.59774      1336.96732
      2059.99719        90.00000      2706.35605      1336.96732
      2079.37392        91.00000      2713.08611      1336.96731
      2098.60653        92.00000      2719.78833      1336.96731
      2117.83915        93.00000      2726.46308      1336.96730
      2137.07176        94.00000      2733.11088      1336.96730
      2156.30438        95.00000      2739.73370      1336.96729
      2175.47443        96.00000      2746.32862      1336.96729
      2194.44184        97.00000      2752.89510      1336.96728
      2213.40925        98.00000      2759.43809      1336.96728
      2232.37665        99.00000      2765.95573      1336.96727
      2251.34406       100.00000      2772.45109      1336.96727
      2270.31147       101.00000      2778.91616      1336.96726
      2289.01274       102.00000      2785.36090      1336.96726
      2307.70399       103.00000      2791.77996      1336.96725
      2326.39524       104.00000      2798.17505      1336.96725
      2345.08649       105.00000      2804.54644      1336.96724
      2363.77773       106.00000      2810.89435      1336.96724
      2382.29127       107.00000      2817.21903      1336.96723
      2400.69289       108.00000      2823.52079      1336.96723
      2419.09451       109.00000      2829.79948      1336.96722
      2437.49614       110.00000      2836.05936      1336.96721
      2455.89776       111.00000      2842.28946      1336.96721
      2474.24475       112.00000      2848.50096      1336.96720
      2492.34170       113.00000      2854.69046      1336.96720
      2510.43864       114.00000      2860.85771      1336.96719
      2528.53558       115.00000      2867.00842      1336.96719
      2546.63253       116.00000      2873.12797      1336.96718
      2564.72947       117.00000      2879.23473      1336.96718
      2582.61700       118.00000      2885.31226      1336.96717
      2600.39350       119.00000      2891.37261      1336.96717
      2618.17000       120.00000      2897.41195      1336.96716
      2635.94650       121.00000      2903.43402      1336.96715
      2653.72300       122.00000      2909.42819      1336.96715
      2671.49146       123.00000      2915.40828      1336.96714
      2688.98186       124.00000      2921.36457      1336.96714
      2706.47225       125.00000      2927.29783      1336.96713
      2723.96264       126.00000      2933.21362      1336.96713
      2741.44849       127.00000      2943.73860      1336.96716
      2758.76354       128.00000      2972.83389      1336.96733
      2776.00929       129.00000      3010.64468      1336.96752
      2793.08810       130.00000      3040.60647      1336.96765
      2810.16691       131.00000      3046.29438      1336.96764
      2827.24572       132.00000      3051.96141      1336.96763
      2844.32452       133.00000      3057.60784      1336.96762
      2861.40333       134.00000      3063.23360      1336.96761
      2878.36916       135.00000      3068.83911      1336.96760
      2895.19009       136.00000      3074.42443      1336.96759
      2912.01101       137.00000      3079.98974      1336.96758
      2928.83193       138.00000      3085.53518      1336.96757
      2945.65286       139.00000      3091.06091      1336.96756
      2962.47378       140.00000      3096.56707      1336.96755
        -0.00000         0.00000      1840.89854      1349.35789
        36.28228         1.00000      1862.52522      1349.35789
        66.34476         2.00000      1882.39915      1349.35789
        96.41489         3.00000      1902.02968      1349.35813
       126.47625         4.00000      1920.11540      1349.35821
       156.54183         5.00000      1937.06801      1349.35827
       186.60540         6.00000      1952.95758      1349.35832
       216.66896         7.00000      1967.92071      1349.35836
       246.00169         8.00000      1982.06792      1349.35841
       275.15035         9.00000      1995.47887      1349.35846
       304.12654        10.00000      2008.21043      1349.35853
       332.88900        11.00000      2020.29468      1349.35864
       361.53749        12.00000      2031.73977      1349.35884
       389.98609        13.00000      2042.54797      1349.35923
       417.29753        14.00000      2052.72544      1349.36027
       443.99125        15.00000      2115.20680      1349.36077
       470.32792        16.00000      2126.68474      1349.36077
       496.56087        17.00000      2137.88904      1349.36078
       522.40358        18.00000      2148.83289      1349.36077
       548.18742        19.00000      2159.52846      1349.36078
       573.57014        20.00000      2182.50295      1349.35697
       598.92253        21.00000      2222.53101      1349.34736
       624.04227        22.00000      2231.54659      1349.34736
       649.12026        23.00000      2192.49653      1349.34671
       673.78483        24.00000      2203.54280      1349.34671
       696.50299        25.00000      2214.46872      1349.34672
       719.22116        26.00000      2225.27108      1349.34672
       741.81150        27.00000      2235.95348      1349.34672
       764.39099        28.00000      2246.51900      1349.34673
       786.82469        29.00000      2256.97190      1349.34673
       809.19806        30.00000      2267.31466      1349.34673
       831.57144        31.00000      2277.55053      1349.34674
       853.94481        32.00000      2287.68224      1349.34674
       876.25551        33.00000      2297.71289      1349.34674
       898.36522        34.00000      2307.64517      1349.34674
       920.47493        35.00000      2317.48158      1349.34675
       942.58464        36.00000      2327.22485      1349.34675
       964.69435        37.00000      2336.87672      1349.34675
       986.62271        38.00000      2346.44017      1349.34675
      1008.47872        39.00000      2355.91747      1349.34675
      1030.33473        40.00000      2365.31003      1349.34676
      1052.19073        41.00000      2374.62069      1349.34676
      1074.01237        42.00000      2383.85123      1349.34676
      1095.62184        43.00000      2393.00358      1349.34676
      1117.23130        44.00000      2402.07967      1349.34676
      1138.84077        45.00000      2411.08148      1349.34676
      1160.45023        46.00000      2420.01022      1349.34676
      1181.93728        47.00000      2428.86846      1349.34676
      1203.30755        48.00000      2437.65786      1349.34676
      1224.67783        49.00000      2446.37801      1349.34676
      1246.04810        50.00000      2455.03315      1349.34676
      1267.41837        51.00000      2463.62344      1349.34676
      1288.59275        52.00000      2472.15082      1349.34676
      1309.72768        53.00000      2480.61658      1349.34676
      1330.86262        54.00000      2489.02343      1349.34676
      1351.99755        55.00000      2497.37010      1349.34676
      1373.10913        56.00000      2505.65946      1349.34676
      1394.01259        57.00000      2513.89094      1349.34676
      1414.91605        58.00000      2522.06891      1349.34676
      1435.81951        59.00000      2530.19312      1349.34675
      1456.72297        60.00000      2538.26475      1349.34675
      1477.55340        61.00000      2546.28497      1349.34675
      1498.22650        62.00000      2554.25488      1349.34675
      1518.89960        63.00000      2562.17559      1349.34675
      1539.57270        64.00000      2570.04813      1349.34675
      1560.24580        65.00000      2577.87357      1349.34674
      1580.80840        66.00000      2585.65288      1349.34674
      1601.25118        67.00000      2593.38704      1349.34674
      1621.69397        68.00000      2601.07691      1349.34674
      1642.13676        69.00000      2608.72366      1349.34673
      1662.57955        70.00000      2616.32792      1349.34673
      1682.88578        71.00000      2623.89065      1349.34673
      1703.09638        72.00000      2631.41267      1349.34673
      1723.30698        73.00000      2638.89481      1349.34672
      1743.51758        74.00000      2646.33787      1349.34672
      1763.72818        75.00000      2653.74258      1349.34672
      1783.78811        76.00000      2661.10964      1349.34671
      1803.76336        77.00000      2668.43986      1349.34671
      1823.73861        78.00000      2675.73389      1349.34671
      1843.71386        79.00000      2682.99239      1349.34670
      1863.68911        80.00000      2690.21620      1349.34670
      1883.51189        81.00000      2697.40542      1349.34669
      1903.24666        82.00000      2704.56113      1349.34669
      1922.98143        83.00000      2711.68395      1349.34669
      1942.71619        84.00000      2719.13344      1349.34668
      1962.45096        85.00000      2726.18691      1349.34668
      1982.04577        86.00000      2733.20865      1349.34667
      2001.53363        87.00000      2740.19935      1349.34667
      2021.02148        88.00000      2747.15915      1349.34667
      2040.50934        89.00000      2754.08921      1349.34666
      2059.99719        90.00000      2760.98885      1349.34666
      2079.37392        91.00000      2767.85987      1349.34665
      2098.60653        92.00000      2774.70140      1349.34665
      2117.83915        93.00000      2781.51481      1349.34664
      2137.07176        94.00000      2788.30019      1349.34664
      2156.30438        95.00000      2795.06013      1349.34663
      2175.47443        96.00000      2801.79066      1349.34663
      2194.44184        97.00000      2808.49200      1349.34662
      2213.40925        98.00000      2815.16890      1349.34662
      2232.37665        99.00000      2821.82189      1349.34661
      2251.34406       100.00000      2828.44448      1349.34661
      2270.31147       101.00000      2835.04364      1349.34660
      2289.01274       102.00000      2841.61753      1349.34660
      2307.70399       103.00000      2848.16638      1349.34659
      2326.39524       104.00000      2854.69048      1349.34659
      2345.08649       105.00000      2861.19009      1349.34658
      2363.77773       106.00000      2867.66545      1349.34658
      2382.29127       107.00000      2874.11683      1349.34657
      2400.69289       108.00000      2880.54447      1349.34656
      2419.09451       109.00000      2886.94936      1349.34656
      2437.49614       110.00000      2893.33022      1349.34655
      2455.89776       111.00000      2899.68778      1349.34655
      2474.24475       112.00000      2906.02230      1349.34654
      2492.34170       113.00000      2912.33439      1349.34654
      2510.43864       114.00000      2918.62380      1349.34653
      2528.53558       115.00000      2924.89103      1349.34653
      2546.63253       116.00000      2931.13575      1349.34652
      2564.72947       117.00000      2937.35862      1349.34652
      2582.61700       118.00000      2943.55964      1349.34651
      2600.39350       119.00000      2949.73895      1349.34650
      2618.17000       120.00000      2955.90288      1349.34650
      2635.94650       121.00000      2962.03308      1349.34649
      2653.72300       122.00000      2968.15107      1349.34649
      2671.49146       123.00000      2974.24489      1349.34648
      2688.98186       124.00000      2980.31771      1349.34648
      2706.47225       125.00000      2986.36720      1349.34647
      2723.96264       126.00000      2992.40301      1349.34647
      2741.44849       127.00000      2998.41163      1349.34646
      2758.76354       128.00000      3012.34996      1349.34652
      2776.00929       129.00000      3043.72725      1349.34669
      2793.08810       130.00000      3083.64126      1349.34689
      2810.16691       131.00000      3108.22101      1349.34698
      2827.24572       132.00000      3114.00250      1349.34697
      2844.32452       133.00000      3119.76292      1349.34696
      2861.40333       134.00000      3125.50229      1349.34695
      2878.36916       135.00000      3131.22078      1349.34694
      2895.19009       136.00000      3136.91856      1349.34693
      2912.01101       137.00000      3142.59581      1349.34692
      2928.83193       138.00000      3148.25269      1349.34691
      2945.65286       139.00000      3153.88936      1349.34690
      2962.47378       140.00000      3159.50598      1349.34689
        -0.00000         0.00000      1876.43560      1361.73732
        36.28228         1.00000      1898.81611      1361.73731
        66.34476         2.00000      1919.32803      1361.73731
        96.41489         3.00000      1939.46850      1361.73755
       126.47625         4.00000      1958.08288      1361.73763
       156.54183         5.00000      1975.57004      1361.73770
       186.60540         6.00000      1991.95050      1361.73775
       216.66896         7.00000      2007.36127      1361.73779
       246.00169         8.00000      2021.91705      1361.73784
       275.15035         9.00000      2035.70423      1361.73790
       304.12654        10.00000      2048.78428      1361.73797
       332.88900        11.00000      2061.19567      1361.73809
       361.53749        12.00000      2072.95245      1361.73829
       389.98609        13.00000      2084.07203      1361.73869
       417.29753        14.00000      2094.63855      1361.73973
       443.99125        15.00000      2157.83838      1361.74022
       470.32792        16.00000      2169.62237      1361.74021
       496.56087        17.00000      2181.12340      1361.74022
       522.40358        18.00000      2192.35560      1361.74022
       548.18742        19.00000      2203.33161      1361.74023
       573.57014        20.00000      2215.15528      1361.73991
       598.92253        21.00000      2268.06593      1361.72668
       624.04227        22.00000      2277.33007      1361.72664
       649.12026        23.00000      2235.28188      1361.72604
       673.78483        24.00000      2246.58889      1361.72605
       696.50299        25.00000      2257.77123      1361.72605
       719.22116        26.00000      2268.82788      1361.72605
       741.81150        27.00000      2279.76135      1361.72606
       764.39099        28.00000      2290.57497      1361.72606
       786.82469        29.00000      2301.27283      1361.72606
       809.19806        30.00000      2311.85818      1361.72607
       831.57144        31.00000      2322.33368      1361.72607
       853.94481        32.00000      2332.70226      1361.72607
       876.25551        33.00000      2342.96741      1361.72608
       898.36522        34.00000      2353.13162      1361.72608
       920.47493        35.00000      2363.19754      1361.72608
       942.58464        36.00000      2373.16818      1361.72608
       964.69435        37.00000      2383.04516      1361.72609
       986.62271        38.00000      2392.83128      1361.72609
      1008.47872        39.00000      2402.52885      1361.72609
      1030.33473        40.00000      2412.14016      1361.72609
      1052.19073        41.00000      2421.66628      1361.72609
      1074.01237        42.00000      2431.11101      1361.72609
      1095.62184        43.00000      2440.47559      1361.72609
      1117.23130        44.00000      2449.76191      1361.72609
      1138.84077        45.00000      2458.97223      1361.72609
      1160.45023        46.00000      2468.10731      1361.72610
      1181.93728        47.00000      2477.16995      1361.72610
      1203.30755        48.00000      2486.16212      1361.72610
      1224.67783        49.00000      2495.08364      1361.72610
      1246.04810        50.00000      2503.93847      1361.72610
      1267.41837        51.00000      2512.72719      1361.72610
      1288.59275        52.00000      2521.45055      1361.72610
      1309.72768        53.00000      2530.10929      1361.72610
      1330.86262        54.00000      2538.70887      1361.72609
      1351.99755        55.00000      2547.24663      1361.72609
      1373.10913        56.00000      2555.72528      1361.72609
      1394.01259        57.00000      2564.14445      1361.72609
      1414.91605        58.00000      2572.50868      1361.72609
      1435.81951        59.00000      2580.81761      1361.72609
      1456.72297        60.00000      2589.07244      1361.72609
      1477.55340        61.00000      2597.27436      1361.72609
      1498.22650        62.00000      2605.42448      1361.72608
      1518.89960        63.00000      2613.52394      1361.72608
      1539.57270        64.00000      2621.57378      1361.72608
      1560.24580        65.00000      2629.57513      1361.72608
      1580.80840        66.00000      2637.52881      1361.72608
      1601.25118        67.00000      2645.43600      1361.72607
      1621.69397        68.00000      2653.29763      1361.72607
      1642.13676        69.00000      2661.11452      1361.72607
      1662.57955        70.00000      2668.88766      1361.72607
      1682.88578        71.00000      2676.61790      1361.72606
      1703.09638        72.00000      2684.30614      1361.72606
      1723.30698        73.00000      2691.95316      1361.72606
      1743.51758        74.00000      2699.55976      1361.72605
      1763.72818        75.00000      2707.12673      1361.72605
      1783.78811        76.00000      2714.65482      1361.72605
      1803.76336        77.00000      2722.14507      1361.72604
      1823.73861        78.00000      2729.59822      1361.72596
      1843.71386        79.00000      2737.01300      1361.72604
      1863.68911        80.00000      2744.39264      1361.72603
      1883.51189        81.00000      2751.73685      1361.72603
      1903.24666        82.00000      2759.04621      1361.72603
      1922.98143        83.00000      2766.32136      1361.72602
      1942.71619        84.00000      2773.56284      1361.72602
      1962.45096        85.00000      2780.77131      1361.72601
      1982.04577        86.00000      2787.94709      1361.72601
      2001.53363        87.00000      2795.42168      1361.72601
      2021.02148        88.00000      2802.52892      1361.72600
      2040.50934        89.00000      2809.60479      1361.72600
      2059.99719        90.00000      2816.65107      1361.72599
      2079.37392        91.00000      2823.66482      1361.72599
      2098.60653        92.00000      2830.64960      1361.72598
      2117.83915        93.00000      2837.60509      1361.72598
      2137.07176        94.00000      2844.53159      1361.72597
      2156.30438        95.00000      2851.42942      1361.72597
      2175.47443        96.00000      2858.29903      1361.72596
      2194.44184        97.00000      2865.14079      1361.72596
      2213.40925        98.00000      2871.95506      1361.72595
      2232.37665        99.00000      2878.74503      1361.72595
      2251.34406       100.00000      2885.50249      1361.72594
      2270.31147       101.00000      2892.23632      1361.72594
      2289.01274       102.00000      2898.94398      1361.72593
      2307.70399       103.00000      2905.62577      1361.72593
      2326.39524       104.00000      2912.28198      1361.72592
      2345.08649       105.00000      2918.91288      1361.72592
      2363.77773       106.00000      2925.51877      1361.72591
      2382.29127       107.00000      2932.09991      1361.72591
      2400.69289       108.00000      2938.65647      1361.72590
      2419.09451       109.00000      2945.19077      1361.72590
      2437.49614       110.00000      2951.69832      1361.72589
      2455.89776       111.00000      2958.18267      1361.72589
      2474.24475       112.00000      2964.64341      1361.72588
      2492.34170       113.00000      2971.08082      1361.72588
      2510.43864       114.00000      2977.49451      1361.72587
      2528.53558       115.00000      2983.88628      1361.72587
      2546.63253       116.00000      2990.25477      1361.72586
      2564.72947       117.00000      2996.60051      1361.72586
      2582.61700       118.00000      3002.92401      1361.72585
      2600.39350       119.00000      3009.22496      1361.72584
      2618.17000       120.00000      3015.50388      1361.72584
      2635.94650       121.00000      3021.76098      1361.72583
      2653.72300       122.00000      3027.99619      1361.72583
      2671.49146       123.00000      3034.20976      1361.72582
      2688.98186       124.00000      3040.40183      1361.72582
      2706.47225       125.00000      3046.57566      1361.72581
      2723.96264       126.00000      3052.72205      1361.72581
      2741.44849       127.00000      3058.85032      1361.72580
      2758.76354       128.00000      3064.95772      1361.72580
      2776.00929       129.00000      3082.37285      1361.72587
      2793.08810       130.00000      3115.87521      1361.72605
      2810.16691       131.00000      3157.73811      1361.72625
      2827.24572       132.00000      3177.24081      1361.72630
      2844.32452       133.00000      3183.11898      1361.72629
      2861.40333       134.00000      3188.97461      1361.72628
      2878.36916       135.00000      3194.80880      1361.72628
      2895.19009       136.00000      3200.62174      1361.72627
      2912.01101       137.00000      3206.41360      1361.72626
      2928.83193       138.00000      3212.18457      1361.72625
      2945.65286       139.00000      3217.93481      1361.72624
      2962.47378       140.00000      3223.66449      1361.72623
        -0.00000         0.00000      1912.51533      1374.11674
        36.28228         1.00000      1935.68987      1374.11673
        66.34476         2.00000      1956.86666      1374.11674
        96.41489         3.00000      1977.53531      1374.11697
       126.47625         4.00000      1996.69155      1374.11705
       156.54183         5.00000      2014.73831      1374.11712
       186.60540         6.00000      2031.63279      1374.11718
       216.66896         7.00000      2047.51010      1374.11723
       246.00169         8.00000      2062.49072      1374.11728
       275.15035         9.00000      2076.66714      1374.11734
       304.12654        10.00000      2090.10763      1374.11742
       332.88900        11.00000      2102.85361      1374.11753
       361.53749        12.00000      2114.92954      1374.11774
       389.98609        13.00000      2126.37028      1374.11815
       417.29753        14.00000      2137.37782      1374.11918
       443.99125        15.00000      2197.05672      1374.11967
       470.32792        16.00000      2213.34086      1374.11967
       496.56087        17.00000      2225.14806      1374.11967
       522.40358        18.00000      2236.67772      1374.11967
       548.18742        19.00000      2247.94296      1374.11968
       573.57014        20.00000      2258.95591      1374.11968
       598.92253        21.00000      2306.04605      1374.10690
       624.04227        22.00000      2315.88473      1374.10649
       649.12026        23.00000      2278.78918      1374.10537
       673.78483        24.00000      2290.37065      1374.10538
       696.50299        25.00000      2301.81816      1374.10538
       719.22116        26.00000      2313.13533      1374.10539
       741.81150        27.00000      2324.32608      1374.10539
       764.39099        28.00000      2335.39416      1374.10540
       786.82469        29.00000      2346.34335      1374.10540
       809.19806        30.00000      2357.17702      1374.10540
       831.57144        31.00000      2367.89797      1374.10541
       853.94481        32.00000      2378.50973      1374.10541
       876.25551        33.00000      2389.01513      1374.10541
       898.36522        34.00000      2399.41701      1374.10541
       920.47493        35.00000      2409.71810      1374.10542
       942.58464        36.00000      2419.92154      1374.10542
       964.69435        37.00000      2430.02890      1374.10542
       986.62271        38.00000      2440.04253      1374.10542
      1008.47872        39.00000      2449.96585      1374.10542
      1030.33473        40.00000      2459.80059      1374.10542
      1052.19073        41.00000      2469.54897      1374.10543
      1074.01237        42.00000      2479.21308      1374.10543
      1095.62184        43.00000      2488.79496      1374.10543
      1117.23130        44.00000      2498.29664      1374.10543
      1138.84077        45.00000      2507.71997      1374.10543
      1160.45023        46.00000      2517.06682      1374.10543
      1181.93728        47.00000      2526.33899      1374.10543
      1203.30755        48.00000      2535.53823      1374.10543
      1224.67783        49.00000      2544.66621      1374.10543
      1246.04810        50.00000      2553.72457      1374.10543
      1267.41837        51.00000      2562.71494      1374.10543
      1288.59275        52.00000      2571.63876      1374.10543
      1309.72768        53.00000      2580.49761      1374.10543
      1330.86262        54.00000      2589.29292      1374.10543
      1351.99755        55.00000      2598.02621      1374.10543
      1373.10913        56.00000      2606.69853      1374.10543
      1394.01259        57.00000      2615.31155      1374.10543
      1414.91605        58.00000      2623.86642      1374.10543
      1435.81951        59.00000      2632.36442      1374.10542
      1456.72297        60.00000      2640.80681      1374.10542
      1477.55340        61.00000      2649.19468      1374.10542
      1498.22650        62.00000      2657.52930      1374.10542
      1518.89960        63.00000      2665.81169      1374.10542
      1539.57270        64.00000      2674.04302      1374.10542
      1560.24580        65.00000      2682.22432      1374.10541
      1580.80840        66.00000      2690.35663      1374.10541
      1601.25118        67.00000      2698.44094      1374.10541
      1621.69397        68.00000      2706.47825      1374.10541
      1642.13676        69.00000      2714.46945      1374.10540
      1662.57955        70.00000      2722.41550      1374.10540
      1682.88578        71.00000      2730.31730      1374.10540
      1703.09638        72.00000      2738.17586      1374.10539
      1723.30698        73.00000      2745.99153      1374.10539
      1743.51758        74.00000      2753.76567      1374.10539
      1763.72818        75.00000      2761.49878      1374.10539
      1783.78811        76.00000      2769.19174      1374.10538
      1803.76336        77.00000      2776.84526      1374.10538
      1823.73861        78.00000      2784.46010      1374.10538
      1843.71386        79.00000      2792.03692      1374.10537
      1863.68911        80.00000      2799.57632      1374.10537
      1883.51189        81.00000      2807.07912      1374.10537
      1903.24666        82.00000      2814.54593      1374.10536
      1922.98143        83.00000      2821.97719      1374.10536
      1942.71619        84.00000      2829.37376      1374.10535
      1962.45096        85.00000      2836.73595      1374.10535
      1982.04577        86.00000      2844.06529      1374.10535
      2001.53363        87.00000      2851.35976      1374.10534
      2021.02148        88.00000      2858.62258      1374.10534
      2040.50934        89.00000      2865.85321      1374.10533
      2059.99719        90.00000      2873.35553      1374.10533
      2079.37392        91.00000      2880.51800      1374.10533
      2098.60653        92.00000      2887.64956      1374.10532
      2117.83915        93.00000      2894.75065      1374.10532
      2137.07176        94.00000      2901.82175      1374.10531
      2156.30438        95.00000      2908.86315      1374.10531
      2175.47443        96.00000      2915.87540      1374.10530
      2194.44184        97.00000      2922.85884      1374.10530
      2213.40925        98.00000      2929.81380      1374.10529
      2232.37665        99.00000      2936.74067      1374.10529
      2251.34406       100.00000      2943.64207      1374.10528
      2270.31147       101.00000      2950.51165      1374.10528
      2289.01274       102.00000      2957.35641      1374.10527
      2307.70399       103.00000      2964.17443      1374.10527
      2326.39524       104.00000      2970.96603      1374.10526
      2345.08649       105.00000      2977.73150      1374.10526
      2363.77773       106.00000      2984.47114      1374.10525
      2382.29127       107.00000      2991.18521      1374.10525
      2400.69289       108.00000      2997.87546      1374.10524
      2419.09451       109.00000      3004.53925      1374.10524
      2437.49614       110.00000      3011.17799      1374.10523
      2455.89776       111.00000      3017.79232      1374.10523
      2474.24475       112.00000      3024.38240      1374.10522
      2492.34170       113.00000      3030.94828      1374.10522
      2510.43864       114.00000      3037.49034      1374.10521
      2528.53558       115.00000      3044.01076      1374.10520
      2546.63253       116.00000      3050.50368      1374.10520
      2564.72947       117.00000      3056.97540      1374.10519
      2582.61700       118.00000      3063.42404      1374.10519
      2600.39350       119.00000      3069.84979      1374.10518
      2618.17000       120.00000      3076.25285      1374.10518
      2635.94650       121.00000      3082.63337      1374.10517
      2653.72300       122.00000      3088.99153      1374.10517
      2671.49146       123.00000      3095.32749      1374.10516
      2688.98186       124.00000      3101.64141      1374.10516
      2706.47225       125.00000      3107.93356      1374.10515
      2723.96264       126.00000      3114.20405      1374.10515
      2741.44849       127.00000      3120.45436      1374.10514
      2758.76354       128.00000      3126.67974      1374.10514
      2776.00929       129.00000      3132.88565      1374.10513
      2793.08810       130.00000      3153.72824      1374.10523
      2810.16691       131.00000      3189.19457      1374.10541
      2827.24572       132.00000      3232.82557      1374.10560
      2844.32452       133.00000      3247.69696      1374.10563
      2861.40333       134.00000      3253.67169      1374.10562
      2878.36916       135.00000      3259.62439      1374.10561
      2895.19009       136.00000      3265.55527      1374.10560
      2912.01101       137.00000      3271.46452      1374.10559
      2928.83193       138.00000      3277.35231      1374.10559
      2945.65286       139.00000      3283.21883      1374.10558
      2962.47378       140.00000      3289.06427      1374.10557
        -0.00000         0.00000      1949.13021      1386.49617
        36.28228         1.00000      1973.14556      1386.49615
        66.34476         2.00000      1995.01761      1386.49616
        96.41489         3.00000      2016.23246      1386.49640
       126.47625         4.00000      2035.94190      1386.49647
       156.54183         5.00000      2054.57656      1386.49655
       186.60540         6.00000      2072.01134      1386.49661
       216.66896         7.00000      2088.37728      1386.49666
       246.00169         8.00000      2103.79982      1386.49671
       275.15035         9.00000      2118.37993      1386.49677
       304.12654        10.00000      2132.19064      1386.49686
       332.88900        11.00000      2145.28172      1386.49698
       361.53749        12.00000      2157.68608      1386.49720
       389.98609        13.00000      2169.45429      1386.49761
       417.29753        14.00000      2180.91830      1386.49863
       443.99125        15.00000      2224.07209      1386.49913
       470.32792        16.00000      2257.85040      1386.49912
       496.56087        17.00000      2269.97373      1386.49912
       522.40358        18.00000      2281.81041      1386.49912
       548.18742        19.00000      2293.37404      1386.49912
       573.57014        20.00000      2304.22840      1386.49911
       598.92253        21.00000      2331.48261      1386.49092
       624.04227        22.00000      2351.24093      1386.48652
       649.12026        23.00000      2323.04378      1386.48471
       673.78483        24.00000      2334.89956      1386.48471
       696.50299        25.00000      2346.61785      1386.48472
       719.22116        26.00000      2358.20231      1386.48472
       741.81150        27.00000      2369.65715      1386.48473
       764.39099        28.00000      2380.98599      1386.48473
       786.82469        29.00000      2392.19278      1386.48473
       809.19806        30.00000      2403.28109      1386.48474
       831.57144        31.00000      2414.25385      1386.48474
       853.94481        32.00000      2425.11457      1386.48474
       876.25551        33.00000      2435.86662      1386.48475
       898.36522        34.00000      2446.51210      1386.48475
       920.47493        35.00000      2457.05423      1386.48475
       942.58464        36.00000      2467.49570      1386.48475
       964.69435        37.00000      2477.83911      1386.48475
       986.62271        38.00000      2488.08696      1386.48476
      1008.47872        39.00000      2498.24099      1386.48476
      1030.33473        40.00000      2508.30481      1386.48476
      1052.19073        41.00000      2518.28005      1386.48476
      1074.01237        42.00000      2528.16886      1386.48476
      1095.62184        43.00000      2537.97334      1386.48476
      1117.23130        44.00000      2547.69557      1386.48476
      1138.84077        45.00000      2557.33746      1386.48476
      1160.45023        46.00000      2566.90072      1386.48476
      1181.93728        47.00000      2576.38742      1386.48476
      1203.30755        48.00000      2585.79929      1386.48477
      1224.67783        49.00000      2595.13804      1386.48477
      1246.04810        50.00000      2604.40531      1386.48477
      1267.41837        51.00000      2613.60276      1386.48477
      1288.59275        52.00000      2622.73194      1386.48476
      1309.72768        53.00000      2631.79433      1386.48476
      1330.86262        54.00000      2640.79161      1386.48476
      1351.99755        55.00000      2649.72479      1386.48476
      1373.10913        56.00000      2658.59567      1386.48476
      1394.01259        57.00000      2667.40637      1386.48476
      1414.91605        58.00000      2676.15550      1386.48476
      1435.81951        59.00000      2684.84705      1386.48476
      1456.72297        60.00000      2693.48136      1386.48476
      1477.55340        61.00000      2702.05977      1386.48476
      1498.22650        62.00000      2710.58306      1386.48475
      1518.89960        63.00000      2719.05277      1386.48475
      1539.57270        64.00000      2727.46988      1386.48475
      1560.24580        65.00000      2735.83545      1386.48475
      1580.80840        66.00000      2744.15056      1386.48475
      1601.25118        67.00000      2752.41620      1386.48474
      1621.69397        68.00000      2760.63337      1386.48474
      1642.13676        69.00000      2768.80304      1386.48474
      1662.57955        70.00000      2776.92613      1386.48474
      1682.88578        71.00000      2785.00355      1386.48473
      1703.09638        72.00000      2793.03620      1386.48473
      1723.30698        73.00000      2801.02492      1386.48473
      1743.51758        74.00000      2808.97053      1386.48473
      1763.72818        75.00000      2816.87387      1386.48472
      1783.78811        76.00000      2824.73573      1386.48472
      1803.76336        77.00000      2832.55676      1386.48472
      1823.73861        78.00000      2840.33825      1386.48471
      1843.71386        79.00000      2848.07960      1386.48471
      1863.68911        80.00000      2855.78286      1386.48471
      1883.51189        81.00000      2863.44803      1386.48470
      1903.24666        82.00000      2871.07603      1386.48470
      1922.98143        83.00000      2878.66751      1386.48469
      1942.71619        84.00000      2886.22263      1386.48469
      1962.45096        85.00000      2893.74250      1386.48469
      1982.04577        86.00000      2901.22745      1386.48468
      2001.53363        87.00000      2908.67825      1386.48468
      2021.02148        88.00000      2916.09513      1386.48468
      2040.50934        89.00000      2923.47883      1386.48467
      2059.99719        90.00000      2930.82976      1386.48467
      2079.37392        91.00000      2938.14845      1386.48466
      2098.60653        92.00000      2945.43536      1386.48466
      2117.83915        93.00000      2952.96834      1386.48465
      2137.07176        94.00000      2960.18759      1386.48465
      2156.30438        95.00000      2967.37622      1386.48464
      2175.47443        96.00000      2974.53407      1386.48464
      2194.44184        97.00000      2981.66315      1386.48463
      2213.40925        98.00000      2988.76234      1386.48463
      2232.37665        99.00000      2995.83247      1386.48463
      2251.34406       100.00000      3002.87660      1386.48462
      2270.31147       101.00000      3009.88973      1386.48462
      2289.01274       102.00000      3016.87486      1386.48461
      2307.70399       103.00000      3023.83016      1386.48461
      2326.39524       104.00000      3030.76052      1386.48460
      2345.08649       105.00000      3037.66564      1386.48460
      2363.77773       106.00000      3044.54252      1386.48459
      2382.29127       107.00000      3051.39095      1386.48459
      2400.69289       108.00000      3058.21519      1386.48458
      2419.09451       109.00000      3065.01503      1386.48457
      2437.49614       110.00000      3071.78797      1386.48457
      2455.89776       111.00000      3078.53546      1386.48456
      2474.24475       112.00000      3085.25786      1386.48456
      2492.34170       113.00000      3091.95548      1386.48455
      2510.43864       114.00000      3098.62853      1386.48455
      2528.53558       115.00000      3105.27723      1386.48454
      2546.63253       116.00000      3111.90211      1386.48454
      2564.72947       117.00000      3118.50241      1386.48453
      2582.61700       118.00000      3125.07942      1386.48453
      2600.39350       119.00000      3131.63281      1386.48452
      2618.17000       120.00000      3138.16293      1386.48452
      2635.94650       121.00000      3144.66987      1386.48451
      2653.72300       122.00000      3151.15387      1386.48451
      2671.49146       123.00000      3157.61512      1386.48450
      2688.98186       124.00000      3164.05377      1386.48450
      2706.47225       125.00000      3170.46998      1386.48449
      2723.96264       126.00000      3176.86447      1386.48449
      2741.44849       127.00000      3183.23576      1386.48448
      2758.76354       128.00000      3189.58565      1386.48448
      2776.00929       129.00000      3195.91368      1386.48447
      2793.08810       130.00000      3202.22048      1386.48446
      2810.16691       131.00000      3226.34202      1386.48458
      2827.24572       132.00000      3263.57385      1386.48476
      2844.32452       133.00000      3308.80467      1386.48495
      2861.40333       134.00000      3319.61479      1386.48496
      2878.36916       135.00000      3325.68894      1386.48495
      2895.19009       136.00000      3331.74065      1386.48494
      2912.01101       137.00000      3337.77013      1386.48493
      2928.83193       138.00000      3343.77759      1386.48492
      2945.65286       139.00000      3349.76322      1386.48491
      2962.47378       140.00000      3355.72720      1386.48491
        -0.00000         0.00000      1986.26896      1398.87559
        36.28228         1.00000      2011.18019      1398.87558
        66.34476         2.00000      2033.77701      1398.87558
        96.41489         3.00000      2055.55970      1398.87582
       126.47625         4.00000      2075.84673      1398.87589
       156.54183         5.00000      2095.08574      1398.87597
       186.60540         6.00000      2113.09181      1398.87603
       216.66896         7.00000      2129.97055      1398.87609
       246.00169         8.00000      2145.85543      1398.87615
       275.15035         9.00000      2160.85511      1398.87621
       304.12654        10.00000      2175.04899      1398.87630
       332.88900        11.00000      2188.49412      1398.87643
       361.53749        12.00000      2201.23315      1398.87665
       389.98609        13.00000      2213.29094      1398.87707
       417.29753        14.00000      2225.27712      1398.87808
       443.99125        15.00000      2253.91326      1398.87860
       470.32792        16.00000      2303.16129      1398.87856
       496.56087        17.00000      2315.61108      1398.87856
       522.40358        18.00000      2327.76471      1398.87857
       548.18742        19.00000      2339.63629      1398.87857
       573.57014        20.00000      2345.58799      1398.87835
       598.92253        21.00000      2356.75059      1398.87455
       624.04227        22.00000      2383.98189      1398.86675
       649.12026        23.00000      2368.04574      1398.86404
       673.78483        24.00000      2380.18311      1398.86405
       696.50299        25.00000      2392.17891      1398.86405
       719.22116        26.00000      2404.03750      1398.86406
       741.81150        27.00000      2415.76304      1398.86406
       764.39099        28.00000      2427.35944      1398.86406
       786.82469        29.00000      2438.83050      1398.86407
       809.19806        30.00000      2450.17980      1398.86407
       831.57144        31.00000      2461.41076      1398.86407
       853.94481        32.00000      2472.52644      1398.86408
       876.25551        33.00000      2483.53068      1398.86408
       898.36522        34.00000      2494.42577      1398.86408
       920.47493        35.00000      2505.21532      1398.86408
       942.58464        36.00000      2515.90057      1398.86409
       964.69435        37.00000      2526.48610      1398.86409
       986.62271        38.00000      2536.97368      1398.86409
      1008.47872        39.00000      2547.36464      1398.86409
      1030.33473        40.00000      2557.66336      1398.86409
      1052.19073        41.00000      2567.87186      1398.86409
      1074.01237        42.00000      2577.99059      1398.86410
      1095.62184        43.00000      2588.02315      1398.86410
      1117.23130        44.00000      2597.97075      1398.86410
      1138.84077        45.00000      2607.83577      1398.86410
      1160.45023        46.00000      2617.62083      1398.86410
      1181.93728        47.00000      2627.32726      1398.86410
      1203.30755        48.00000      2636.95685      1398.86410
      1224.67783        49.00000      2646.51144      1398.86410
      1246.04810        50.00000      2655.99260      1398.86410
      1267.41837        51.00000      2665.40343      1398.86410
      1288.59275        52.00000      2674.74255      1398.86410
      1309.72768        53.00000      2684.01384      1398.86410
      1330.86262        54.00000      2693.21603      1398.86410
      1351.99755        55.00000      2702.35421      1398.86410
      1373.10913        56.00000      2711.42825      1398.86410
      1394.01259        57.00000      2720.43951      1398.86410
      1414.91605        58.00000      2729.38943      1398.86409
      1435.81951        59.00000      2738.27901      1398.86409
      1456.72297        60.00000      2747.10982      1398.86409
      1477.55340        61.00000      2755.88298      1398.86409
      1498.22650        62.00000      2764.59976      1398.86409
      1518.89960        63.00000      2773.26116      1398.86409
      1539.57270        64.00000      2781.86843      1398.86409
      1560.24580        65.00000      2790.42266      1398.86408
      1580.80840        66.00000      2798.92490      1398.86408
      1601.25118        67.00000      2807.37618      1398.86408
      1621.69397        68.00000      2815.77752      1398.86408
      1642.13676        69.00000      2824.12989      1398.86407
      1662.57955        70.00000      2832.43425      1398.86407
      1682.88578        71.00000      2840.69152      1398.86407
      1703.09638        72.00000      2848.90262      1398.86407
      1723.30698        73.00000      2857.06832      1398.86406
      1743.51758        74.00000      2865.18960      1398.86406
      1763.72818        75.00000      2873.26721      1398.86406
      1783.78811        76.00000      2881.30196      1398.86406
      1803.76336        77.00000      2889.29467      1398.86405
      1823.73861        78.00000      2897.24602      1398.86405
      1843.71386        79.00000      2905.15679      1398.86405
      1863.68911        80.00000      2913.02767      1398.86404
      1883.51189        81.00000      2920.85936      1398.86404
      1903.24666        82.00000      2928.65285      1398.86403
      1922.98143        83.00000      2936.40775      1398.86403
      1942.71619        84.00000      2944.12585      1398.86403
      1962.45096        85.00000      2951.80724      1398.86402
      1982.04577        86.00000      2959.45258      1398.86402
      2001.53363        87.00000      2967.06242      1398.86402
      2021.02148        88.00000      2974.63739      1398.86401
      2040.50934        89.00000      2982.17879      1398.86401
      2059.99719        90.00000      2989.68452      1398.86400
      2079.37392        91.00000      2997.15865      1398.86400
      2098.60653        92.00000      3004.59845      1398.86399
      2117.83915        93.00000      3012.00651      1398.86399
      2137.07176        94.00000      3019.38291      1398.86399
      2156.30438        95.00000      3026.72728      1398.86398
      2175.47443        96.00000      3034.29426      1398.86398
      2194.44184        97.00000      3041.57118      1398.86397
      2213.40925        98.00000      3048.81819      1398.86397
      2232.37665        99.00000      3056.03519      1398.86396
      2251.34406       100.00000      3063.22260      1398.86396
      2270.31147       101.00000      3070.38086      1398.86395
      2289.01274       102.00000      3077.51283      1398.86395
      2307.70399       103.00000      3084.61083      1398.86394
      2326.39524       104.00000      3091.68343      1398.86394
      2345.08649       105.00000      3098.72817      1398.86393
      2363.77773       106.00000      3105.74539      1398.86393
      2382.29127       107.00000      3112.73538      1398.86392
      2400.69289       108.00000      3119.70023      1398.86392
      2419.09451       109.00000      3126.63698      1398.86391
      2437.49614       110.00000      3133.54497      1398.86391
      2455.89776       111.00000      3140.43093      1398.86390
      2474.24475       112.00000      3147.28878      1398.86390
      2492.34170       113.00000      3154.12128      1398.86389
      2510.43864       114.00000      3160.92853      1398.86389
      2528.53558       115.00000      3167.71071      1398.86388
      2546.63253       116.00000      3174.46806      1398.86388
      2564.72947       117.00000      3181.20081      1398.86387
      2582.61700       118.00000      3187.90917      1398.86387
      2600.39350       119.00000      3194.59337      1398.86386
      2618.17000       120.00000      3201.25359      1398.86386
      2635.94650       121.00000      3207.89005      1398.86385
      2653.72300       122.00000      3214.50238      1398.86385
      2671.49146       123.00000      3221.09248      1398.86384
      2688.98186       124.00000      3227.65881      1398.86384
      2706.47225       125.00000      3234.20215      1398.86383
      2723.96264       126.00000      3240.72264      1398.86383
      2741.44849       127.00000      3247.22049      1398.86382
      2758.76354       128.00000      3253.69723      1398.86381
      2776.00929       129.00000      3260.14912      1398.86381
      2793.08810       130.00000      3266.57965      1398.86380
      2810.16691       131.00000      3272.98887      1398.86380
      2827.24572       132.00000      3300.13876      1398.86393
      2844.32452       133.00000      3338.95590      1398.86411
      2861.40333       134.00000      3385.71372      1398.86429
      2878.36916       135.00000      3393.02396      1398.86429
      2895.19009       136.00000      3399.19953      1398.86428
      2912.01101       137.00000      3405.35221      1398.86427
      2928.83193       138.00000      3411.48227      1398.86426
      2945.65286       139.00000      3417.58991      1398.86425
      2962.47378       140.00000      3423.67532      1398.86424
        -0.00000         0.00000      2023.91813      1411.25502
        36.28228         1.00000      2049.78932      1411.25500
        66.34476         2.00000      2073.14469      1411.25500
        96.41489         3.00000      2095.51395      1411.25524
       126.47625         4.00000      2116.41215      1411.25532
       156.54183         5.00000      2136.26298      1411.25539
       186.60540         6.00000      2154.87647      1411.25546
       216.66896         7.00000      2172.29788      1411.25552
       246.00169         8.00000      2188.66786      1411.25558
       275.15035         9.00000      2204.10369      1411.25565
       304.12654        10.00000      2218.69535      1411.25574
       332.88900        11.00000      2232.50463      1411.25588
       361.53749        12.00000      2245.58490      1411.25610
       389.98609        13.00000      2258.08110      1411.25653
       417.29753        14.00000      2270.46231      1411.25753
       443.99125        15.00000      2286.39561      1411.25806
       470.32792        16.00000      2349.28360      1411.25801
       496.56087        17.00000      2362.07063      1411.25801
       522.40358        18.00000      2374.55153      1411.25802
       548.18742        19.00000      2384.54349      1411.25793
       573.57014        20.00000      2386.62979      1411.25754
       598.92253        21.00000      2384.66425      1411.25698
       624.04227        22.00000      2413.89498      1411.24719
       649.12026        23.00000      2413.80370      1411.24338
       673.78483        24.00000      2426.22967      1411.24338
       696.50299        25.00000      2438.51022      1411.24339
       719.22116        26.00000      2450.65000      1411.24339
       741.81150        27.00000      2462.65316      1411.24340
       764.39099        28.00000      2474.52378      1411.24340
       786.82469        29.00000      2486.26611      1411.24340
       809.19806        30.00000      2497.88313      1411.24341
       831.57144        31.00000      2509.37872      1411.24341
       853.94481        32.00000      2520.75624      1411.24341
       876.25551        33.00000      2532.01893      1411.24341
       898.36522        34.00000      2543.16989      1411.24342
       920.47493        35.00000      2554.21207      1411.24342
       942.58464        36.00000      2565.14794      1411.24342
       964.69435        37.00000      2575.98238      1411.24342
       986.62271        38.00000      2586.71319      1411.24342
      1008.47872        39.00000      2597.34766      1411.24343
      1030.33473        40.00000      2607.88742      1411.24343
      1052.19073        41.00000      2618.33312      1411.24343
      1074.01237        42.00000      2628.68695      1411.24343
      1095.62184        43.00000      2638.95289      1411.24343
      1117.23130        44.00000      2649.13224      1411.24343
      1138.84077        45.00000      2659.22697      1411.24343
      1160.45023        46.00000      2669.23906      1411.24343
      1181.93728        47.00000      2679.17051      1411.24343
      1203.30755        48.00000      2689.02298      1411.24343
      1224.67783        49.00000      2698.80011      1411.24343
      1246.04810        50.00000      2708.50040      1411.24343
      1267.41837        51.00000      2718.12708      1411.24343
      1288.59275        52.00000      2727.68003      1411.24343
      1309.72768        53.00000      2737.16417      1411.24343
      1330.86262        54.00000      2746.57948      1411.24343
      1351.99755        55.00000      2755.92743      1411.24343
      1373.10913        56.00000      2765.20944      1411.24343
      1394.01259        57.00000      2774.42683      1411.24343
      1414.91605        58.00000      2783.58123      1411.24343
      1435.81951        59.00000      2792.67377      1411.24343
      1456.72297        60.00000      2801.70575      1411.24343
      1477.55340        61.00000      2810.67844      1411.24343
      1498.22650        62.00000      2819.59307      1411.24342
      1518.89960        63.00000      2828.45078      1411.24342
      1539.57270        64.00000      2837.25277      1411.24342
      1560.24580        65.00000      2846.00023      1411.24342
      1580.80840        66.00000      2854.69397      1411.24342
      1601.25118        67.00000      2863.33533      1411.24341
      1621.69397        68.00000      2871.92528      1411.24341
      1642.13676        69.00000      2880.46471      1411.24341
      1662.57955        70.00000      2888.95464      1411.24341
      1682.88578        71.00000      2897.39604      1411.24340
      1703.09638        72.00000      2905.78984      1411.24340
      1723.30698        73.00000      2914.13685      1411.24340
      1743.51758        74.00000      2922.43801      1411.24340
      1763.72818        75.00000      2930.69412      1411.24339
      1783.78811        76.00000      2938.90601      1411.24339
      1803.76336        77.00000      2947.07447      1411.24339
      1823.73861        78.00000      2955.20027      1411.24338
      1843.71386        79.00000      2963.28414      1411.24338
      1863.68911        80.00000      2971.32684      1411.24338
      1883.51189        81.00000      2979.32905      1411.24337
      1903.24666        82.00000      2987.29124      1411.24337
      1922.98143        83.00000      2995.21470      1411.24337
      1942.71619        84.00000      3003.09936      1411.24336
      1962.45096        85.00000      3010.94642      1411.24336
      1982.04577        86.00000      3018.75606      1411.24336
      2001.53363        87.00000      3026.52905      1411.24335
      2021.02148        88.00000      3034.26593      1411.24335
      2040.50934        89.00000      3041.96727      1411.24334
      2059.99719        90.00000      3049.63360      1411.24334
      2079.37392        91.00000      3057.26552      1411.24334
      2098.60653        92.00000      3064.86332      1411.24333
      2117.83915        93.00000      3072.42770      1411.24333
      2137.07176        94.00000      3079.95908      1411.24332
      2156.30438        95.00000      3087.45769      1411.24331
      2175.47443        96.00000      3094.92459      1411.24331
      2194.44184        97.00000      3102.35963      1411.24331
      2213.40925        98.00000      3109.76404      1411.24330
      2232.37665        99.00000      3117.36636      1411.24330
      2251.34406       100.00000      3124.70332      1411.24330
      2270.31147       101.00000      3132.01004      1411.24329
      2289.01274       102.00000      3139.28697      1411.24329
      2307.70399       103.00000      3146.53446      1411.24328
      2326.39524       104.00000      3153.75616      1411.24328
      2345.08649       105.00000      3160.94259      1411.24327
      2363.77773       106.00000      3168.10372      1411.24327
      2382.29127       107.00000      3175.23687      1411.24326
      2400.69289       108.00000      3182.34426      1411.24326
      2419.09451       109.00000      3189.42016      1411.24325
      2437.49614       110.00000      3196.47090      1411.24325
      2455.89776       111.00000      3203.49648      1411.24324
      2474.24475       112.00000      3210.49381      1411.24324
      2492.34170       113.00000      3217.46464      1411.24323
      2510.43864       114.00000      3224.40942      1411.24323
      2528.53558       115.00000      3231.32838      1411.24322
      2546.63253       116.00000      3238.22179      1411.24322
      2564.72947       117.00000      3245.08989      1411.24321
      2582.61700       118.00000      3251.93290      1411.24321
      2600.39350       119.00000      3258.75106      1411.24320
      2618.17000       120.00000      3265.54458      1411.24320
      2635.94650       121.00000      3272.31370      1411.24319
      2653.72300       122.00000      3279.05859      1411.24319
      2671.49146       123.00000      3285.77950      1411.24318
      2688.98186       124.00000      3292.47659      1411.24318
      2706.47225       125.00000      3299.15016      1411.24317
      2723.96264       126.00000      3305.80014      1411.24317
      2741.44849       127.00000      3312.43101      1411.24316
      2758.76354       128.00000      3319.03122      1411.24315
      2776.00929       129.00000      3325.61171      1411.24315
      2793.08810       130.00000      3332.17044      1411.24314
      2810.16691       131.00000      3338.70588      1411.24314
      2827.24572       132.00000      3345.21868      1411.24313
      2844.32452       133.00000      3375.05144      1411.24327
      2861.40333       134.00000      3415.25406      1411.24345
      2878.36916       135.00000      3461.65133      1411.24363
      2895.19009       136.00000      3467.95374      1411.24362
      2912.01101       137.00000      3474.23268      1411.24361
      2928.83193       138.00000      3480.48838      1411.24360
      2945.65286       139.00000      3486.72103      1411.24359
      2962.47378       140.00000      3492.93086      1411.24358
        -0.00000         0.00000      2062.05635      1423.63444
        36.28228         1.00000      2088.96649      1423.63442
        66.34476         2.00000      2113.11598      1423.63443
        96.41489         3.00000      2136.08854      1423.63466
       126.47625         4.00000      2157.61727      1423.63474
       156.54183         5.00000      2178.10042      1423.63482
       186.60540         6.00000      2197.36596      1423.63489
       216.66896         7.00000      2215.36440      1423.63495
       246.00169         8.00000      2232.24392      1423.63502
       275.15035         9.00000      2248.13762      1423.63509
       304.12654        10.00000      2263.14279      1423.63519
       332.88900        11.00000      2277.32806      1423.63533
       361.53749        12.00000      2290.75983      1423.63556
       389.98609        13.00000      2303.76399      1423.63590
       417.29753        14.00000      2316.48735      1423.63698
       443.99125        15.00000      2329.36633      1423.63751
       470.32792        16.00000      2396.22715      1423.63746
       496.56087        17.00000      2409.36265      1423.63746
       522.40358        18.00000      2422.18162      1423.63746
       548.18742        19.00000      2426.89649      1423.63715
       573.57014        20.00000      2427.07018      1423.63667
       598.92253        21.00000      2423.12574      1423.63595
       624.04227        22.00000      2441.83724      1423.62770
       649.12026        23.00000      2460.32469      1423.62271
       673.78483        24.00000      2473.04696      1423.62272
       696.50299        25.00000      2485.61987      1423.62272
       719.22116        26.00000      2498.04807      1423.62273
       741.81150        27.00000      2510.33598      1423.62273
       764.39099        28.00000      2522.48780      1423.62273
       786.82469        29.00000      2534.50753      1423.62274
       809.19806        30.00000      2546.39899      1423.62274
       831.57144        31.00000      2558.16580      1423.62274
       853.94481        32.00000      2569.81198      1423.62275
       876.25551        33.00000      2581.33982      1423.62275
       898.36522        34.00000      2592.75301      1423.62275
       920.47493        35.00000      2604.05458      1423.62275
       942.58464        36.00000      2615.24683      1423.62276
       964.69435        37.00000      2626.33451      1423.62276
       986.62271        38.00000      2637.31838      1423.62276
      1008.47872        39.00000      2648.20079      1423.62276
      1030.33473        40.00000      2658.98694      1423.62276
      1052.19073        41.00000      2669.67553      1423.62276
      1074.01237        42.00000      2680.27176      1423.62276
      1095.62184        43.00000      2690.77691      1423.62277
      1117.23130        44.00000      2701.19313      1423.62277
      1138.84077        45.00000      2711.52257      1423.62277
      1160.45023        46.00000      2721.76723      1423.62277
      1181.93728        47.00000      2731.92909      1423.62277
      1203.30755        48.00000      2742.00999      1423.62277
      1224.67783        49.00000      2752.01180      1423.62277
      1246.04810        50.00000      2761.93629      1423.62277
      1267.41837        51.00000      2771.78518      1423.62277
      1288.59275        52.00000      2781.56015      1423.62277
      1309.72768        53.00000      2791.26279      1423.62277
      1330.86262        54.00000      2800.89471      1423.62277
      1351.99755        55.00000      2810.45745      1423.62277
      1373.10913        56.00000      2819.95235      1423.62277
      1394.01259        57.00000      2829.38206      1423.62276
      1414.91605        58.00000      2838.74514      1423.62276
      1435.81951        59.00000      2848.04489      1423.62276
      1456.72297        60.00000      2857.28282      1423.62276
      1477.55340        61.00000      2866.45978      1423.62276
      1498.22650        62.00000      2875.57699      1423.62276
      1518.89960        63.00000      2884.63574      1423.62276
      1539.57270        64.00000      2893.63702      1423.62276
      1560.24580        65.00000      2902.58213      1423.62275
      1580.80840        66.00000      2911.47213      1423.62275
      1601.25118        67.00000      2920.30809      1423.62275
      1621.69397        68.00000      2929.09108      1423.62275
      1642.13676        69.00000      2937.82205      1423.62274
      1662.57955        70.00000      2946.50208      1423.62274
      1682.88578        71.00000      2955.13206      1423.62274
      1703.09638        72.00000      2963.71295      1423.62274
      1723.30698        73.00000      2972.24569      1423.62273
      1743.51758        74.00000      2980.73107      1423.62273
      1763.72818        75.00000      2989.16995      1423.62273
      1783.78811        76.00000      2997.56326      1423.62273
      1803.76336        77.00000      3005.91175      1423.62272
      1823.73861        78.00000      3014.21623      1423.62272
      1843.71386        79.00000      3022.47746      1423.62272
      1863.68911        80.00000      3030.69616      1423.62271
      1883.51189        81.00000      3038.87305      1423.62271
      1903.24666        82.00000      3047.00886      1423.62271
      1922.98143        83.00000      3055.10423      1423.62270
      1942.71619        84.00000      3063.15990      1423.62270
      1962.45096        85.00000      3071.17640      1423.62270
      1982.04577        86.00000      3079.15445      1423.62269
      2001.53363        87.00000      3087.09458      1423.62269
      2021.02148        88.00000      3094.99770      1423.62268
      2040.50934        89.00000      3102.86358      1423.62268
      2059.99719        90.00000      3110.69353      1423.62268
      2079.37392        91.00000      3118.48784      1423.62267
      2098.60653        92.00000      3126.24697      1423.62266
      2117.83915        93.00000      3133.97197      1423.62266
      2137.07176        94.00000      3141.66229      1423.62266
      2156.30438        95.00000      3149.31905      1423.62266
      2175.47443        96.00000      3156.94276      1423.62265
      2194.44184        97.00000      3164.53374      1423.62265
      2213.40925        98.00000      3172.09244      1423.62264
      2232.37665        99.00000      3179.61898      1423.62264
      2251.34406       100.00000      3187.11465      1423.62263
      2270.31147       101.00000      3194.57898      1423.62263
      2289.01274       102.00000      3202.01265      1423.62262
      2307.70399       103.00000      3209.61915      1423.62262
      2326.39524       104.00000      3216.98699      1423.62261
      2345.08649       105.00000      3224.32517      1423.62261
      2363.77773       106.00000      3231.63393      1423.62260
      2382.29127       107.00000      3238.91381      1423.62260
      2400.69289       108.00000      3246.16752      1423.62259
      2419.09451       109.00000      3253.39092      1423.62259
      2437.49614       110.00000      3260.58303      1423.62259
      2455.89776       111.00000      3267.75233      1423.62258
      2474.24475       112.00000      3274.89004      1423.62258
      2492.34170       113.00000      3282.00408      1423.62257
      2510.43864       114.00000      3289.09038      1423.62257
      2528.53558       115.00000      3296.14953      1423.62256
      2546.63253       116.00000      3303.18238      1423.62256
      2564.72947       117.00000      3310.18917      1423.62255
      2582.61700       118.00000      3317.17005      1423.62255
      2600.39350       119.00000      3324.12553      1423.62254
      2618.17000       120.00000      3331.05568      1423.62254
      2635.94650       121.00000      3337.96071      1423.62253
      2653.72300       122.00000      3344.84081      1423.62253
      2671.49146       123.00000      3351.69654      1423.62252
      2688.98186       124.00000      3358.52731      1423.62252
      2706.47225       125.00000      3365.33410      1423.62251
      2723.96264       126.00000      3372.11704      1423.62251
      2741.44849       127.00000      3378.87638      1423.62250
      2758.76354       128.00000      3385.61108      1423.62249
      2776.00929       129.00000      3392.32283      1423.62249
      2793.08810       130.00000      3399.01218      1423.62248
      2810.16691       131.00000      3405.67682      1423.62248
      2827.24572       132.00000      3412.31929      1423.62247
      2844.32452       133.00000      3418.93906      1423.62247
      2861.40333       134.00000      3451.01996      1423.62261
      2878.36916       135.00000      3492.40895      1423.62279
      2895.19009       136.00000      3538.02470      1423.62295
      2912.01101       137.00000      3544.43365      1423.62295
      2928.83193       138.00000      3550.81810      1423.62294
      2945.65286       139.00000      3557.17889      1423.62293
      2962.47378       140.00000      3563.51622      1423.62292
        -0.00000         0.00000      2100.65833      1436.01387
        36.28228         1.00000      2128.70299      1436.01385
        66.34476         2.00000      2153.68332      1436.01385
        96.41489         3.00000      2177.27235      1436.01408
       126.47625         4.00000      2199.44915      1436.01416
       156.54183         5.00000      2220.58316      1436.01424
       186.60540         6.00000      2240.55458      1436.01431
       216.66896         7.00000      2259.17315      1436.01438
       246.00169         8.00000      2276.59314      1436.01445
       275.15035         9.00000      2292.96703      1436.01453
       304.12654        10.00000      2308.40348      1436.01463
       332.88900        11.00000      2322.97855      1436.01478
       361.53749        12.00000      2336.90901      1436.01501
       389.98609        13.00000      2350.28187      1436.01544
       417.29753        14.00000      2363.36436      1436.01643
       443.99125        15.00000      2376.59838      1436.01696
       470.32792        16.00000      2444.00130      1436.01691
       496.56087        17.00000      2457.49728      1436.01691
       522.40358        18.00000      2466.58217      1436.01675
       548.18742        19.00000      2468.84794      1436.01632
       573.57014        20.00000      2466.59682      1436.01572
       598.92253        21.00000      2460.01116      1436.01481
       624.04227        22.00000      2465.70789      1436.00847
       649.12026        23.00000      2505.55937      1436.00228
       673.78483        24.00000      2520.64317      1436.00205
       696.50299        25.00000      2533.51590      1436.00206
       719.22116        26.00000      2546.23997      1436.00206
       741.81150        27.00000      2558.81995      1436.00206
       764.39099        28.00000      2571.26017      1436.00207
       786.82469        29.00000      2583.56477      1436.00207
       809.19806        30.00000      2595.73766      1436.00207
       831.57144        31.00000      2607.78260      1436.00208
       853.94481        32.00000      2619.70316      1436.00208
       876.25551        33.00000      2631.50341      1436.00208
       898.36522        34.00000      2643.18532      1436.00208
       920.47493        35.00000      2654.75282      1436.00208
       942.58464        36.00000      2666.20875      1436.00209
       964.69435        37.00000      2677.55517      1436.00209
       986.62271        38.00000      2688.79652      1436.00209
      1008.47872        39.00000      2699.93468      1436.00210
      1030.33473        40.00000      2710.97222      1436.00210
      1052.19073        41.00000      2721.91162      1436.00210
      1074.01237        42.00000      2732.75526      1436.00210
      1095.62184        43.00000      2743.50541      1436.00210
      1117.23130        44.00000      2754.16444      1436.00210
      1138.84077        45.00000      2764.73547      1436.00210
      1160.45023        46.00000      2775.21706      1436.00210
      1181.93728        47.00000      2785.61488      1436.00210
      1203.30755        48.00000      2795.92962      1436.00210
      1224.67783        49.00000      2806.16317      1436.00210
      1246.04810        50.00000      2816.31734      1436.00210
      1267.41837        51.00000      2826.39387      1436.00210
      1288.59275        52.00000      2836.39449      1436.00210
      1309.72768        53.00000      2846.32082      1436.00210
      1330.86262        54.00000      2856.17453      1436.00210
      1351.99755        55.00000      2865.95712      1436.00210
      1373.10913        56.00000      2875.67071      1436.00210
      1394.01259        57.00000      2885.31494      1436.00210
      1414.91605        58.00000      2894.89306      1436.00210
      1435.81951        59.00000      2904.40584      1436.00210
      1456.72297        60.00000      2913.85462      1436.00210
      1477.55340        61.00000      2923.24084      1436.00209
      1498.22650        62.00000      2932.56541      1436.00209
      1518.89960        63.00000      2941.82990      1436.00209
      1539.57270        64.00000      2951.03529      1436.00209
      1560.24580        65.00000      2960.18298      1436.00209
      1580.80840        66.00000      2969.27375      1436.00209
      1601.25118        67.00000      2978.30905      1436.00208
      1621.69397        68.00000      2987.28968      1436.00208
      1642.13676        69.00000      2996.21681      1436.00208
      1662.57955        70.00000      3005.09143      1436.00208
      1682.88578        71.00000      3013.91452      1436.00207
      1703.09638        72.00000      3022.68702      1436.00207
      1723.30698        73.00000      3031.40988      1436.00207
      1743.51758        74.00000      3040.08391      1436.00207
      1763.72818        75.00000      3048.71008      1436.00206
      1783.78811        76.00000      3057.28903      1436.00206
      1803.76336        77.00000      3065.82213      1436.00206
      1823.73861        78.00000      3074.30965      1436.00206
      1843.71386        79.00000      3082.75251      1436.00205
      1863.68911        80.00000      3091.15153      1436.00205
      1883.51189        81.00000      3099.50740      1436.00205
      1903.24666        82.00000      3107.82087      1436.00204
      1922.98143        83.00000      3116.09261      1436.00204
      1942.71619        84.00000      3124.32331      1436.00204
      1962.45096        85.00000      3132.51365      1436.00203
      1982.04577        86.00000      3140.66422      1436.00203
      2001.53363        87.00000      3148.77570      1436.00202
      2021.02148        88.00000      3156.84866      1436.00202
      2040.50934        89.00000      3164.88488      1436.00201
      2059.99719        90.00000      3172.88135      1436.00201
      2079.37392        91.00000      3180.84226      1436.00201
      2098.60653        92.00000      3188.76684      1436.00200
      2117.83915        93.00000      3196.65577      1436.00200
      2137.07176        94.00000      3204.50949      1436.00200
      2156.30438        95.00000      3212.32835      1436.00199
      2175.47443        96.00000      3220.11290      1436.00199
      2194.44184        97.00000      3227.86381      1436.00198
      2213.40925        98.00000      3235.58128      1436.00198
      2232.37665        99.00000      3243.26592      1436.00198
      2251.34406       100.00000      3250.91847      1436.00196
      2270.31147       101.00000      3258.53816      1436.00197
      2289.01274       102.00000      3266.12660      1436.00196
      2307.70399       103.00000      3273.68406      1436.00196
      2326.39524       104.00000      3281.21010      1436.00195
      2345.08649       105.00000      3288.70593      1436.00195
      2363.77773       106.00000      3296.35475      1436.00194
      2382.29127       107.00000      3303.78516      1436.00194
      2400.69289       108.00000      3311.18595      1436.00193
      2419.09451       109.00000      3318.55754      1436.00193
      2437.49614       110.00000      3325.90026      1436.00192
      2455.89776       111.00000      3333.21675      1436.00192
      2474.24475       112.00000      3340.50033      1436.00191
      2492.34170       113.00000      3347.75829      1436.00191
      2510.43864       114.00000      3354.99151      1436.00190
      2528.53558       115.00000      3362.19368      1436.00190
      2546.63253       116.00000      3369.36931      1436.00189
      2564.72947       117.00000      3376.51818      1436.00189
      2582.61700       118.00000      3383.64064      1436.00188
      2600.39350       119.00000      3390.74098      1436.00188
      2618.17000       120.00000      3397.80677      1436.00187
      2635.94650       121.00000      3404.85101      1436.00187
      2653.72300       122.00000      3411.86969      1436.00186
      2671.49146       123.00000      3418.86302      1436.00186
      2688.98186       124.00000      3425.83125      1436.00185
      2706.47225       125.00000      3432.77498      1436.00185
      2723.96264       126.00000      3439.69325      1436.00184
      2741.44849       127.00000      3446.58763      1436.00184
      2758.76354       128.00000      3453.45737      1436.00183
      2776.00929       129.00000      3460.30349      1436.00183
      2793.08810       130.00000      3467.12523      1436.00182
      2810.16691       131.00000      3473.92361      1436.00182
      2827.24572       132.00000      3480.69837      1436.00181
      2844.32452       133.00000      3487.45010      1436.00181
      2861.40333       134.00000      3495.67759      1436.00181
      2878.36916       135.00000      3527.98442      1436.00195
      2895.19009       136.00000      3570.36883      1436.00212
      2912.01101       137.00000      3615.97660      1436.00228
      2928.83193       138.00000      3622.49381      1436.00228
      2945.65286       139.00000      3628.98594      1436.00227
      2962.47378       140.00000      3635.45395      1436.00226
