   0.0000000000000000        1226.1813758126902             2454           3   8.0448141497682889E-003   8.0448141497682889E-003
   1.0000000000000000        1234.5250701146065             1356           3   2.7465936273880181E-003   8.0448141497682889E-003
   2.0000000000000000        1248.9847008951797              878           4   3.6036757582186868E-003   8.0448141497682889E-003
   3.0000000000000000        1259.9001276604392               80           4   2.6179072242533394E-004   8.0448141497682889E-003
   4.0000000000000000        1269.8185686753791              817           4   8.5774465856616969E-003   8.5774465856616969E-003
   5.0000000000000000        1279.0825359744374              107           4   2.5379356052981488E-004   8.5774465856616969E-003
   6.0000000000000000        1287.8320472579853              149           4   2.6823758012872430E-004   8.5774465856616969E-003
   7.0000000000000000        1296.1327203971036               96           4   1.7052822589541144E-006   8.5774465856616969E-003
   8.0000000000000000        1307.2357214204412              548           5   1.8704815563169810E-003   8.5774465856616969E-003
   9.0000000000000000        1315.3122080143689              125           5   2.0131641230785300E-003   8.5774465856616969E-003
   10.000000000000000        1322.9816292993091              109           5   7.4569387512160952E-003   8.5774465856616969E-003
   11.000000000000000        1330.2113742475633              222           5   8.3218962893567613E-007   8.5774465856616969E-003
   12.000000000000000        1336.9245248377076               98           5   9.1954206222857944E-005   8.5774465856616969E-003
   13.000000000000000        1370.5695340595462             1544           6   4.9472595071509201E-003   8.5774465856616969E-003
   14.000000000000000        1375.6878178110371              215           6   1.5383317700825557E-003   8.5774465856616969E-003
   15.000000000000000        1379.0631240119883              790           7   7.0984916441904438E-004   8.5774465856616969E-003
   16.000000000000000        1409.8266815296267             3019           8   1.2985680166954392E-005   8.5774465856616969E-003
   17.000000000000000        1431.7607926857461             1372           8   3.5549248870246348E-004   8.5774465856616969E-003
   18.000000000000000        1444.7605973813440               17           8   1.1526466979712487E-005   8.5774465856616969E-003
   19.000000000000000        1455.0612177708645               18           8   8.6664563146836315E-006   8.5774465856616969E-003
   20.000000000000000        1462.5284318103882              160           9   3.0345756104175789E-005   8.5774465856616969E-003
   21.000000000000000        1469.0715745192306             1000           9   3.0013365519911800E-003   8.5774465856616969E-003
   22.000000000000000        1472.6937707150139              800          10   1.4727091195294644E-003   8.5774465856616969E-003
   23.000000000000000        1478.7486675251444              630          11   2.9008422355707238E-003   8.5774465856616969E-003
   24.000000000000000        1459.0660325348372             2464          13   4.7501983780520807E-003   8.5774465856616969E-003
   25.000000000000000        1466.2179145129608              640          13   8.9780349996381025E-003   8.9780349996381025E-003
   26.000000000000000        1472.4803374595217             1451          13   1.0561232180563117E-003   8.9780349996381025E-003
   27.000000000000000        1479.0125371109082              187          13   9.0500614757205579E-004   8.9780349996381025E-003
   28.000000000000000        1485.4745332672906              185          13   1.1193363372255776E-003   8.9780349996381025E-003
   29.000000000000000        1491.8675754145061              345          13   2.4210009090800670E-005   8.9780349996381025E-003
   30.000000000000000        1498.1941086479812              194          13   3.6153062084221879E-003   8.9780349996381025E-003
   31.000000000000000        1504.4553164948916              327          13   2.5165292099085692E-004   8.9780349996381025E-003
   32.000000000000000        1510.6532401392781              516          13   1.8918625192832846E-006   8.9780349996381025E-003
   33.000000000000000        1516.7887897607568             2032          13   3.1477840601408540E-004   8.9780349996381025E-003
   34.000000000000000        1522.8640868470293              234          13   4.6633667198820537E-003   8.9780349996381025E-003
   35.000000000000000        1528.8795187832411              327          13   7.3545217021742040E-006   8.9780349996381025E-003
   36.000000000000000        1534.8375839931673              268          13   6.2399451939582434E-005   8.9780349996381025E-003
   37.000000000000000        1540.7395906040874              565          13   5.6630492197142241E-003   8.9780349996381025E-003
   38.000000000000000        1546.5856862116659             2109          13   4.1834932511773731E-003   8.9780349996381025E-003
   39.000000000000000        1554.0123024016800              721          14   1.2780984239173449E-005   8.9780349996381025E-003
   40.000000000000000        1559.7893815535745              228          14   2.7540847757504402E-006   8.9780349996381025E-003
   41.000000000000000        1565.5146330409545              163          14   4.2893633162562166E-005   8.9780349996381025E-003
   42.000000000000000        1571.1892757532657              214          14   1.7521791484238505E-005   8.9780349996381025E-003
   43.000000000000000        1576.8145123702866              199          14   1.3164831783259946E-004   8.9780349996381025E-003
   44.000000000000000        1582.3914843675775             2414          14   5.4355323208710274E-005   8.9780349996381025E-003
   45.000000000000000        1587.9214555221820             2108          14   4.5944359151652047E-007   8.9780349996381025E-003
   46.000000000000000        1593.4055493962883             2155          14   5.1750111348238372E-004   8.9780349996381025E-003
   47.000000000000000        1598.8449277140217             1436          14   1.7362267444082755E-007   8.9780349996381025E-003
   48.000000000000000        1604.2407427560790             1175          14   1.2827905065753787E-003   8.9780349996381025E-003
   49.000000000000000        1609.5941269432114             1228          14   3.6207490819645121E-005   8.9780349996381025E-003
   50.000000000000000        1614.9062371429200             1283          14   1.6830138651976922E-004   8.9780349996381025E-003
   51.000000000000000        1620.1782036982429              645          14   7.5274609954362624E-005   8.9780349996381025E-003
   52.000000000000000        1625.4111643916110              483          14   1.6118319114556234E-004   8.9780349996381025E-003
   53.000000000000000        1630.6062509416911             1202          14   3.9885569894682123E-007   8.9780349996381025E-003
   54.000000000000000        1635.7646036972067             2270          14   1.2801398433899549E-003   8.9780349996381025E-003
   55.000000000000000        1640.8873194409221             2166          14   5.8951824547607891E-005   8.9780349996381025E-003
   56.000000000000000        1645.9755871626976             2498          14   2.6243305149247517E-004   8.9780349996381025E-003
   57.000000000000000        1651.0304169746505             3107          14   1.5827815433309820E-005   8.9780349996381025E-003
   58.000000000000000        1656.0530389273017             4486          14   2.7420861605730169E-002   2.7420861605730169E-002
   59.000000000000000        1661.0444948161789             3656          14   1.1086644325234355E-004   2.7420861605730169E-002
   60.000000000000000        1666.0059233611105             3073          14   4.6678716690060554E-010   2.7420861605730169E-002
   61.000000000000000        1670.9384111428944              447          14   1.2713932962490418E-004   2.7420861605730169E-002
   62.000000000000000        1675.8451123737841             1667          14   1.2626549175216170E-003   2.7420861605730169E-002
   63.000000000000000        1680.7215994665976             1974          14   3.6424762533062662E-005   2.7420861605730169E-002
   64.000000000000000        1685.5753103635043             2566          14   8.8926142973412071E-004   2.7420861605730169E-002
   65.000000000000000        1690.4027042160114             1035          14   5.0093474746062472E-004   2.7420861605730169E-002
   66.000000000000000        1695.2058536211121             1406          14   1.4078431614283702E-003   2.7420861605730169E-002
   67.000000000000000        1699.9876099065141              884          14   8.3804372444225381E-004   2.7420861605730169E-002
   68.000000000000000        1704.7467074522046             3224          14   5.6945711070896998E-004   2.7420861605730169E-002
   69.000000000000000        1709.4853753884042             1718          14   3.4421314077606575E-003   2.7420861605730169E-002
   70.000000000000000        1714.2046851314194             1130          14   5.4503868099749144E-004   2.7420861605730169E-002
   71.000000000000000        1718.9048842709074              761          14   3.2650549606750515E-004   2.7420861605730169E-002
   72.000000000000000        1723.5871652874944             2820          14   1.0058296712148955E-003   2.7420861605730169E-002
   73.000000000000000        1728.2520262488456             2033          14   4.6001657110694861E-003   2.7420861605730169E-002
   74.000000000000000        1732.9007722600802             1315          14   2.7764936983167903E-003   2.7420861605730169E-002
   75.000000000000000        1737.5339096975597             2404          14   3.4773576055643698E-003   2.7420861605730169E-002
   76.000000000000000        1742.1526032496611             2953          14   3.1538373388490847E-003   2.7420861605730169E-002
   77.000000000000000        1746.7567330743359             2310          14   3.0459622397319861E-003   2.7420861605730169E-002
   78.000000000000000        1751.3476974961936             1304          14   2.4499174029211151E-003   2.7420861605730169E-002
   79.000000000000000        1755.9256691369731             2517          14   4.0041385326991296E-003   2.7420861605730169E-002
   80.000000000000000        1760.4907614247286             2421          14   3.3564904295456484E-003   2.7420861605730169E-002
   81.000000000000000        1765.0440064629338             1163          14   6.2213357213589636E-003   2.7420861605730169E-002
   82.000000000000000        1769.5867263602427              554          14   7.5044408585959047E-003   2.7420861605730169E-002
   83.000000000000000        1774.1187210305873              884          14   5.5457332119202528E-004   2.7420861605730169E-002
   84.000000000000000        1778.6396352358138              423          14   9.6877822888879854E-003   2.7420861605730169E-002
   85.000000000000000        1783.1508407579588              408          14   1.1855672063781125E-003   2.7420861605730169E-002
   86.000000000000000        1787.6521942787779              496          14   1.4567202859434897E-003   2.7420861605730169E-002
   87.000000000000000        1792.1438517612712              325          14   5.6517336811499474E-004   2.7420861605730169E-002
   88.000000000000000        1796.6264193113464              343          14   7.5904656832474136E-005   2.7420861605730169E-002
   89.000000000000000        1801.1005675249912              524          14   9.4405094718245041E-004   2.7420861605730169E-002
   90.000000000000000        1805.5644157719332              316          14   4.2034286191941651E-009   2.7420861605730169E-002
   91.000000000000000        1810.0201032554739              444          14   1.0564789099041451E-005   2.7420861605730169E-002
   92.000000000000000        1814.4670328105926              107          14   2.6604809721598918E-004   2.7420861605730169E-002
   93.000000000000000        1818.9052592319938              215          14   1.0112338259637634E-003   2.7420861605730169E-002
   94.000000000000000        1823.3349329303153              546          14   1.2304000874532020E-003   2.7420861605730169E-002
   95.000000000000000        1827.7557786314726              388          14   2.8304449452733250E-003   2.7420861605730169E-002
   96.000000000000000        1832.1675887455576              383          14   1.4344502965176492E-004   2.7420861605730169E-002
   97.000000000000000        1836.5722940255471              459          14   2.9765325265492448E-003   2.7420861605730169E-002
   98.000000000000000        1840.9650397202365              222          14   6.0213000406845362E-007   2.7420861605730169E-002
   99.000000000000000        1845.3504137352400              372          14   9.0256074845660459E-004   2.7420861605730169E-002
   100.00000000000000        1849.7262862472271              294          14   3.9442353272047034E-003   2.7420861605730169E-002
   101.00000000000000        1854.0929352525800               82          14   2.9882139707810337E-004   2.7420861605730169E-002
   102.00000000000000        1858.4500989530950              192          14   6.2055804149647293E-004   2.7420861605730169E-002
   103.00000000000000        1862.7975049258921              219          14   1.1335045153305612E-003   2.7420861605730169E-002
   104.00000000000000        1867.1351433254686              299          14   1.5176055839399398E-003   2.7420861605730169E-002
   105.00000000000000        1871.4630717310026               80          14   1.5904450526595263E-003   2.7420861605730169E-002
   106.00000000000000        1875.7794870032919              246          14   9.2374748288518696E-004   2.7420861605730169E-002
   107.00000000000000        1880.0876718973141              349          14   3.2149420657354446E-003   2.7420861605730169E-002
   108.00000000000000        1884.3818713358353              307          14   3.5351955459509668E-003   2.7420861605730169E-002
   109.00000000000000        1888.6675616572895             1305          14   2.3307243248151168E-003   2.7420861605730169E-002
   110.00000000000000        1892.9397407974598              420          14   1.3632044067169130E-004   2.7420861605730169E-002
   111.00000000000000        1897.2559585986676             1204          15   1.6419096790330811E-003   2.7420861605730169E-002
   112.00000000000000        1901.4519229303000             1962          16   7.4450250336514858E-005   2.7420861605730169E-002
   113.00000000000000        1905.8238341973972              317          17   1.9975597115852407E-003   2.7420861605730169E-002
   114.00000000000000        1913.1933378870735              961          18   1.7337446753588278E-003   2.7420861605730169E-002
   115.00000000000000        1924.2756477324081              376          18   3.9766263815463017E-004   2.7420861605730169E-002
   116.00000000000000        1936.4319979249540              234          18   3.6885198264637693E-004   2.7420861605730169E-002
   117.00000000000000        1948.4278243182948              248          18   2.2218419692342419E-003   2.7420861605730169E-002
   118.00000000000000        1959.6723151657893              221          18   4.4260769108995628E-004   2.7420861605730169E-002
   119.00000000000000        1969.6093811276537              306          18   3.9350055148889899E-009   2.7420861605730169E-002
   120.00000000000000        1977.8983747432433              439          18   9.6039230240924751E-004   2.7420861605730169E-002
   121.00000000000000        1983.6630564659033              990          18   9.3787565698528075E-005   2.7420861605730169E-002
   122.00000000000000        1987.6557033901420               64          18   1.6627878474014541E-012   2.7420861605730169E-002
   123.00000000000000        1991.6350098800137               24          18   4.4812443346684500E-011   2.7420861605730169E-002
   124.00000000000000        1995.6010019666790               27          18   2.8329787543279273E-012   2.7420861605730169E-002
   125.00000000000000        1999.5537031690712               29          18   3.6396212167901171E-010   2.7420861605730169E-002
   126.00000000000000        2003.4931347822853               28          18   2.3342340146941868E-012   2.7420861605730169E-002
   127.00000000000000        2007.4193167968269               81          18   2.7111762026251711E-006   2.7420861605730169E-002
   128.00000000000000        2011.3323629455572              355          18   4.5421627668688311E-004   2.7420861605730169E-002
   129.00000000000000        2015.2321202492737              345          18   4.0168123482571961E-004   2.7420861605730169E-002
   130.00000000000000        2019.1185609411846               93          18   1.2150496416063083E-004   2.7420861605730169E-002
   131.00000000000000        2022.9921303159408               83          18   1.0855897701590406E-003   2.7420861605730169E-002
   132.00000000000000        2026.8526451388400               31          18   2.7858746052603260E-003   2.7420861605730169E-002
   133.00000000000000        2030.7000005411387               70          18   4.6840357040608604E-003   2.7420861605730169E-002
   134.00000000000000        2034.5342776023531               36          18   7.1507683372990212E-003   2.7420861605730169E-002
   135.00000000000000        2038.3546210008071               61          18   5.6067309236682060E-003   2.7420861605730169E-002
   136.00000000000000        2042.1612173800943               60          18   4.9943442945570504E-004   2.7420861605730169E-002
   137.00000000000000        2045.9556742710051               32          18   7.1153607819372789E-004   2.7420861605730169E-002
   138.00000000000000        2049.7370110283669               43          18   9.7154509139203097E-004   2.7420861605730169E-002
   139.00000000000000        2053.5052275989733               45          18   1.2559389133625371E-003   2.7420861605730169E-002
   140.00000000000000        2057.2603263440342               31          18   1.5504206630732188E-003   2.7420861605730169E-002
   0.0000000000000000        1251.4472849259571               76          18   3.4589826430219555E-004   2.7420861605730169E-002
   1.0000000000000000        1259.7157384388797             1190          18   2.4849241186429712E-003   2.7420861605730169E-002
   2.0000000000000000        1274.7029774373611              564          19   1.6320812570281668E-003   2.7420861605730169E-002
   3.0000000000000000        1285.9924427889944               91          19   1.5076461481104541E-003   2.7420861605730169E-002
   4.0000000000000000        1296.2060032322690              266          19   6.4235855724919611E-004   2.7420861605730169E-002
   5.0000000000000000        1305.7257077777629              140          19   5.8941763685601287E-004   2.7420861605730169E-002
   6.0000000000000000        1314.7047632466010               78          19   3.4491578720466230E-009   2.7420861605730169E-002
   7.0000000000000000        1323.2147632545680               99          19   4.1835132693795671E-003   2.7420861605730169E-002
   8.0000000000000000        1334.4785537329535              606          20   1.8107964561413943E-003   2.7420861605730169E-002
   9.0000000000000000        1342.7440893414266               63          20   1.8966803804579385E-008   2.7420861605730169E-002
   10.000000000000000        1350.5816396731484               70          20   2.7243464756110749E-004   2.7420861605730169E-002
   11.000000000000000        1357.9554143670036               67          20   4.7918485071417290E-009   2.7420861605730169E-002
   12.000000000000000        1364.7782944106709              236          20   1.1446570940984639E-004   2.7420861605730169E-002
   13.000000000000000        1398.8954547924425             1205          21   3.2419390461309490E-003   2.7420861605730169E-002
   14.000000000000000        1403.9523970629525              384          21   3.4638489636701708E-003   2.7420861605730169E-002
   15.000000000000000        1406.2289009039921             2173          21   8.9635187585368516E-003   2.7420861605730169E-002
   16.000000000000000        1431.4178560382759             2927          24   1.6719526538110725E-004   2.7420861605730169E-002
   17.000000000000000        1456.3743557925959             2728          24   9.6481737821480136E-004   2.7420861605730169E-002
   18.000000000000000        1471.5104597913082               42          24   5.8666477322586731E-007   2.7420861605730169E-002
   19.000000000000000        1483.1730592417036               29          24   9.5265028071357386E-008   2.7420861605730169E-002
   20.000000000000000        1491.5895785595874              265          25   1.2046049075966983E-003   2.7420861605730169E-002
   21.000000000000000        1498.8407484717322             1000          25   3.9621462328441378E-003   2.7420861605730169E-002
   22.000000000000000        1503.0855648488980              565          26   1.0206474502732457E-003   2.7420861605730169E-002
   23.000000000000000        1509.3212469455614              652          27   3.2113004111094532E-003   2.7420861605730169E-002
   24.000000000000000        1488.8085174125019             2472          29   9.8733595979116169E-004   2.7420861605730169E-002
   25.000000000000000        1496.0068609559419              369          29   8.7400424234718871E-005   2.7420861605730169E-002
   26.000000000000000        1502.2993871746392             1413          29   1.4404861219642067E-003   2.7420861605730169E-002
   27.000000000000000        1508.9831829213274              231          29   1.3388580108454765E-003   2.7420861605730169E-002
   28.000000000000000        1515.5954291780099              127          29   3.5090865357123699E-006   2.7420861605730169E-002
   29.000000000000000        1522.1379232792822              370          29   1.3112765898629316E-003   2.7420861605730169E-002
   30.000000000000000        1528.6122834875389              325          29   1.2678930173157450E-005   2.7420861605730169E-002
   31.000000000000000        1535.0199814644218              248          29   6.4111704572369994E-005   2.7420861605730169E-002
   32.000000000000000        1541.3624644106537              318          29   8.2850855098939947E-005   2.7420861605730169E-002
   33.000000000000000        1547.6420377541019              727          29   1.7200528332881094E-005   2.7420861605730169E-002
   34.000000000000000        1553.8598817904917              249          29   8.7345262197251522E-007   2.7420861605730169E-002
   35.000000000000000        1560.0174993419498              239          29   7.4912867053540774E-004   2.7420861605730169E-002
   36.000000000000000        1566.1163520656203              488          29   7.6612524284125423E-005   2.7420861605730169E-002
   37.000000000000000        1572.1578707252347              212          29   7.6388657305555093E-005   2.7420861605730169E-002
   38.000000000000000        1578.1434584095239              136          29   1.1693544782049611E-003   2.7420861605730169E-002
   39.000000000000000        1584.0744851348422              393          29   1.3547509728959998E-008   2.7420861605730169E-002
   40.000000000000000        1591.5183627811602             1026          30   5.8051790285066976E-003   2.7420861605730169E-002
   41.000000000000000        1597.3784477331294             1081          30   4.8629346571817171E-004   2.7420861605730169E-002
   42.000000000000000        1603.1867574303637              402          30   6.3331263957296293E-003   2.7420861605730169E-002
   43.000000000000000        1608.9449849062573             2497          30   3.7098714117366155E-004   2.7420861605730169E-002
   44.000000000000000        1614.6541534462669              640          30   3.8695630957654108E-009   2.7420861605730169E-002
   45.000000000000000        1620.3155398465690              459          30   2.0787416257381077E-007   2.7420861605730169E-002
   46.000000000000000        1625.9298568749468              556          30   4.0194977380657746E-005   2.7420861605730169E-002
   47.000000000000000        1631.4992249384782              156          30   1.0022069207617603E-005   2.7420861605730169E-002
   48.000000000000000        1637.0243566677539             2061          30   1.8074702618344962E-005   2.7420861605730169E-002
   49.000000000000000        1642.5070659949347             3387          30   8.9206532449841551E-003   2.7420861605730169E-002
   50.000000000000000        1647.9465597215847             1336          30   1.0443322124391185E-007   2.7420861605730169E-002
   51.000000000000000        1653.3459423659260             2594          30   4.9457224989716100E-004   2.7420861605730169E-002
   52.000000000000000        1658.7057111124195              386          30   4.8253278460600824E-004   2.7420861605730169E-002
   53.000000000000000        1664.0275725824495             1163          30   1.8558806484972549E-003   2.7420861605730169E-002
   54.000000000000000        1669.3115541940949              575          30   2.1664434807023818E-004   2.7420861605730169E-002
   55.000000000000000        1674.5589096416900             1246          30   5.5265820618044022E-003   2.7420861605730169E-002
   56.000000000000000        1679.7713935687491             2085          30   9.0132894122044745E-008   2.7420861605730169E-002
   57.000000000000000        1684.9501117616085             2379          30   1.7959891969502120E-005   2.7420861605730169E-002
   58.000000000000000        1690.0959714315597             2384          30   2.9657938007562035E-003   2.7420861605730169E-002
   59.000000000000000        1695.2100224841722             5244          30   4.9240708817866984E-002   4.9240708817866984E-002
   60.000000000000000        1700.2935877191362             3034          30   3.1655411113586731E-008   4.9240708817866984E-002
   61.000000000000000        1705.3478865369057             3303          30   1.7320173126931675E-002   4.9240708817866984E-002
   62.000000000000000        1710.3737086356875             2217          30   2.1296891453015946E-005   4.9240708817866984E-002
   63.000000000000000        1715.3709359661768              600          30   2.7585816516787049E-005   4.9240708817866984E-002
   64.000000000000000        1720.3433730228392             3194          30   6.3432488842884147E-004   4.9240708817866984E-002
   65.000000000000000        1725.2888045795958             1020          30   6.6363311388287959E-005   4.9240708817866984E-002
   66.000000000000000        1730.2107038449926             1972          30   2.7293161990258807E-005   4.9240708817866984E-002
   67.000000000000000        1735.1092346577479             2348          30   4.7065207220208067E-006   4.9240708817866984E-002
   68.000000000000000        1739.9870422881306             3304          30   2.3736149257869125E-004   4.9240708817866984E-002
   69.000000000000000        1744.8415995332491             2689          30   1.4526816828580347E-008   4.9240708817866984E-002
   70.000000000000000        1749.6758396649723             1424          30   3.4009803804438141E-003   4.9240708817866984E-002
   71.000000000000000        1754.4885707811350              806          30   1.9634853038399981E-007   4.9240708817866984E-002
   72.000000000000000        1759.2841854054782              247          30   4.2109850047496896E-006   4.9240708817866984E-002
   73.000000000000000        1764.0617984561584             1444          30   1.7490111546090346E-004   4.9240708817866984E-002
   74.000000000000000        1768.8221948645485             1368          30   8.6864964513398837E-005   4.9240708817866984E-002
   75.000000000000000        1773.5661258625373             2249          30   2.0895995928083939E-006   4.9240708817866984E-002
   76.000000000000000        1778.2943054118102             3072          30   5.3513143579667403E-004   4.9240708817866984E-002
   77.000000000000000        1783.0074053637145             6187          30   3.0432506111780900E-008   4.9240708817866984E-002
   78.000000000000000        1787.7061306122828             2639          30   2.7242883302102880E-003   4.9240708817866984E-002
   79.000000000000000        1792.3908862249655             1966          30   1.5361433459541810E-004   4.9240708817866984E-002
   80.000000000000000        1797.0624211823938             1495          30   6.2114173984185149E-004   4.9240708817866984E-002
   81.000000000000000        1801.7211959281501             1939          30   1.1598337026390008E-002   4.9240708817866984E-002
   82.000000000000000        1806.3683703598492             1220          30   1.0904364387047661E-002   4.9240708817866984E-002
   83.000000000000000        1811.0036611620797              378          30   1.1058242221218942E-002   4.9240708817866984E-002
   84.000000000000000        1815.6257635830459              247          30   3.9444761028436813E-006   4.9240708817866984E-002
   85.000000000000000        1820.2382345487808             1477          30   8.7559993573384249E-003   4.9240708817866984E-002
   86.000000000000000        1824.8390208024593              203          30   1.0048721889259966E-007   4.9240708817866984E-002
   87.000000000000000        1829.4302235404223              814          30   3.1007141315672342E-003   4.9240708817866984E-002
   88.000000000000000        1834.0106079935726              293          30   4.6692123753147298E-004   4.9240708817866984E-002
   89.000000000000000        1838.5805860148525              240          30   5.3523533786994037E-004   4.9240708817866984E-002
   90.000000000000000        1843.1410359999127              111          30   1.7173086612656250E-003   4.9240708817866984E-002
   91.000000000000000        1847.6917287830343              136          30   2.2360522544592324E-003   4.9240708817866984E-002
   92.000000000000000        1852.2337147008777              287          30   6.5011384784125310E-003   4.9240708817866984E-002
   93.000000000000000        1856.7643870696586              334          30   9.5283394749887857E-008   4.9240708817866984E-002
   94.000000000000000        1861.2861629128336              168          30   1.1162143544401323E-003   4.9240708817866984E-002
   95.000000000000000        1865.7984488104644              292          30   1.7880715663825894E-007   4.9240708817866984E-002
   96.000000000000000        1870.3010052425375              226          30   7.4059384481264551E-004   4.9240708817866984E-002
   97.000000000000000        1874.7939019202620              256          30   7.6483124849688686E-006   4.9240708817866984E-002
   98.000000000000000        1879.2772444368447              912          30   2.6430444628640581E-008   4.9240708817866984E-002
   99.000000000000000        1883.7520540524592              261          30   3.0513895068656517E-003   4.9240708817866984E-002
   100.00000000000000        1888.2144768086623              289          30   8.0964976450245472E-006   4.9240708817866984E-002
   101.00000000000000        1892.6681476126771              255          30   3.0476838450843325E-004   4.9240708817866984E-002
   102.00000000000000        1897.1116676082434              131          30   6.1921541491101885E-004   4.9240708817866984E-002
   103.00000000000000        1901.5448535969917              193          30   1.1338682451278697E-003   4.9240708817866984E-002
   104.00000000000000        1905.9676893253954              401          30   1.5216860477253321E-003   4.9240708817866984E-002
   105.00000000000000        1910.3802278670439               95          30   1.5848698972074056E-003   4.9240708817866984E-002
   106.00000000000000        1914.7826380120416              186          30   3.7654448701360142E-003   4.9240708817866984E-002
   107.00000000000000        1919.1729717851356              109          30   4.3089747487140050E-003   4.9240708817866984E-002
   108.00000000000000        1923.5512331722941              628          30   3.5565756990001609E-003   4.9240708817866984E-002
   109.00000000000000        1927.9177350357388              210          30   2.3123901907787412E-005   4.9240708817866984E-002
   110.00000000000000        1932.2757891408141              167          30   4.6801555813977529E-003   4.9240708817866984E-002
   111.00000000000000        1936.6191931966798              443          30   3.4251469801508312E-003   4.9240708817866984E-002
   112.00000000000000        1940.9500023333760              486          30   8.2448873991494297E-004   4.9240708817866984E-002
   113.00000000000000        1945.2696683963300              338          30   1.0391947607585545E-004   4.9240708817866984E-002
   114.00000000000000        1949.5770227843525              630          31   9.3117789116443461E-004   4.9240708817866984E-002
   115.00000000000000        1960.3442471016351              309          32   6.4571789760753404E-003   4.9240708817866984E-002
   116.00000000000000        1972.3975510533296              447          32   8.7534375702397053E-004   4.9240708817866984E-002
   117.00000000000000        1985.0366289214999              307          32   1.1117531372516326E-007   4.9240708817866984E-002
   118.00000000000000        1997.1969621588851               65          32   5.4446978136372774E-003   4.9240708817866984E-002
   119.00000000000000        2008.3342930811114              284          32   2.6346605355578559E-003   4.9240708817866984E-002
   120.00000000000000        2017.8783183859939              269          32   5.4643356466844613E-005   4.9240708817866984E-002
   121.00000000000000        2025.1920509302083             1519          32   4.1330721854758307E-003   4.9240708817866984E-002
   122.00000000000000        2029.2628116835238               14          32   5.4908759432314060E-008   4.9240708817866984E-002
   123.00000000000000        2033.3203441956719               41          32   1.5531168812225803E-011   4.9240708817866984E-002
   124.00000000000000        2037.3642851423256               58          32   2.3396389405100331E-010   4.9240708817866984E-002
   125.00000000000000        2041.3946674652389               61          32   3.3090296630142346E-010   4.9240708817866984E-002
   126.00000000000000        2045.4115216441137               24          32   3.8479998013354218E-009   4.9240708817866984E-002
   127.00000000000000        2049.4148759061600               50          32   5.6929280496893645E-011   4.9240708817866984E-002
   128.00000000000000        2053.4047926559997               34          32   1.8463804897892255E-004   4.9240708817866984E-002
   129.00000000000000        2057.3812650619416               39          32   4.0470323979269104E-004   4.9240708817866984E-002
   130.00000000000000        2061.3448013808411               35          32   3.4384598754755996E-003   4.9240708817866984E-002
   131.00000000000000        2065.2939442284992               18          32   5.9216645979898164E-004   4.9240708817866984E-002
   132.00000000000000        2069.2305152505473               98          32   2.2368577207643558E-003   4.9240708817866984E-002
   133.00000000000000        2073.1536774815045              204          32   3.8516580274363440E-003   4.9240708817866984E-002
   134.00000000000000        2077.0635758684393               24          32   6.0366301408818169E-003   4.9240708817866984E-002
   135.00000000000000        2080.9598692796148               28          32   6.9801183413561833E-003   4.9240708817866984E-002
   136.00000000000000        2084.8424290694852               83          32   5.6968521421829526E-003   4.9240708817866984E-002
   137.00000000000000        2088.7110364030541               78          32   6.2568196082208574E-004   4.9240708817866984E-002
   138.00000000000000        2092.5673270551983              108          32   8.5596528205348309E-004   4.9240708817866984E-002
   139.00000000000000        2096.4103450544590              247          32   1.1318287043019278E-003   4.9240708817866984E-002
   140.00000000000000        2100.2400958289400               25          32   1.4267081111985606E-003   4.9240708817866984E-002
   0.0000000000000000        1277.1553681549110               63          32   1.9857773211688044E-003   4.9240708817866984E-002
   1.0000000000000000        1285.3490301623738              317          32   1.5671344380057046E-003   4.9240708817866984E-002
   2.0000000000000000        1300.8687453204068              784          33   2.2210026666846813E-004   4.9240708817866984E-002
   3.0000000000000000        1312.5554665572113              404          33   5.7824124597279882E-005   4.9240708817866984E-002
   4.0000000000000000        1323.0780153912895              149          33   1.0547302490419542E-003   4.9240708817866984E-002
   5.0000000000000000        1332.8639098098695              125          33   1.3462033289230539E-005   4.9240708817866984E-002
   6.0000000000000000        1342.0813293059348               97          33   2.8558795135096218E-006   4.9240708817866984E-002
   7.0000000000000000        1350.8084739803630               81          33   1.8492682305729603E-007   4.9240708817866984E-002
   8.0000000000000000        1360.6432038103858              508          34   1.7003744092611032E-003   4.9240708817866984E-002
   9.0000000000000000        1370.6935797076540              521          34   1.2630169436141623E-003   4.9240708817866984E-002
   10.000000000000000        1378.7042040024226               72          34   3.2759667691218813E-004   4.9240708817866984E-002
   11.000000000000000        1386.2248500883181               70          34   9.1438042522100718E-004   4.9240708817866984E-002
   12.000000000000000        1393.1578345890291              170          34   1.2436963450872195E-004   4.9240708817866984E-002
   13.000000000000000        1427.7353730509456             1857          36   1.7522241543900131E-003   4.9240708817866984E-002
   14.000000000000000        1432.7108998615772              458          36   1.2754102936507051E-003   4.9240708817866984E-002
   15.000000000000000        1434.5231983305259              493          36   3.3075091566300229E-003   4.9240708817866984E-002
   16.000000000000000        1452.7229334419540             4559          39   4.9050721737342907E-003   4.9240708817866984E-002
   17.000000000000000        1480.1839909662642             1100          39   1.3170788289698844E-003   4.9240708817866984E-002
   18.000000000000000        1497.7997339650917               19          39   6.7026978400982355E-006   4.9240708817866984E-002
   19.000000000000000        1511.1602030736108               20          39   9.7083409830150009E-006   4.9240708817866984E-002
   20.000000000000000        1520.8688429917049              188          40   2.4829961019681537E-008   4.9240708817866984E-002
   21.000000000000000        1528.9499867165009             1000          40   2.9096765007470540E-003   4.9240708817866984E-002
   22.000000000000000        1533.9341669633120              403          41   3.0222430071992707E-003   4.9240708817866984E-002
   23.000000000000000        1540.3068341538878              533          42   1.5873509547416711E-003   4.9240708817866984E-002
   24.000000000000000        1519.0879391510332             3744          44   1.3905658321020171E-003   4.9240708817866984E-002
   25.000000000000000        1526.3454419321417              379          44   9.9643014715724491E-004   4.9240708817866984E-002
   26.000000000000000        1532.6815908773240             1530          44   1.3971326368950687E-007   4.9240708817866984E-002
   27.000000000000000        1539.5217315294901              676          44   1.4930725166998612E-009   4.9240708817866984E-002
   28.000000000000000        1546.2878973581412              222          44   2.5957119612793079E-006   4.9240708817866984E-002
   29.000000000000000        1552.9831378033912               96          44   1.3124495271562604E-004   4.9240708817866984E-002
   30.000000000000000        1559.6092757689858              513          44   7.3693970784291915E-006   4.9240708817866984E-002
   31.000000000000000        1566.1672241102372              230          44   3.7795293648692753E-004   4.9240708817866984E-002
   32.000000000000000        1572.6590541994490              319          44   3.0468569631094208E-004   4.9240708817866984E-002
   33.000000000000000        1579.0864094723688              248          44   2.1378761178316761E-004   4.9240708817866984E-002
   34.000000000000000        1585.4504242696491              563          44   1.2787307010215861E-005   4.9240708817866984E-002
   35.000000000000000        1591.7535328793465              893          44   7.2729030706080203E-004   4.9240708817866984E-002
   36.000000000000000        1597.9968065675766              238          44   8.0369431393241251E-010   4.9240708817866984E-002
   37.000000000000000        1604.1817062871553              101          44   4.5132984019460767E-004   4.9240708817866984E-002
   38.000000000000000        1610.3096785720827              230          44   1.5807955845215454E-005   4.9240708817866984E-002
   39.000000000000000        1616.3821172932596              338          44   1.2667316906250615E-006   4.9240708817866984E-002
   40.000000000000000        1622.4009137605112              673          44   2.9319850442558735E-003   4.9240708817866984E-002
   41.000000000000000        1628.3677222159370             2142          44   2.3799807708762845E-003   4.9240708817866984E-002
   42.000000000000000        1635.8088328649940             1269          45   1.1317943991109624E-002   4.9240708817866984E-002
   43.000000000000000        1641.7031821977373             1319          45   2.2183380107676173E-004   4.9240708817866984E-002
   44.000000000000000        1647.5473509625015              905          45   2.9755033340777936E-003   4.9240708817866984E-002
   45.000000000000000        1653.3434607364443             1730          45   7.9083181939831322E-009   4.9240708817866984E-002
   46.000000000000000        1659.0922260961484             1262          45   4.1597724016252052E-008   4.9240708817866984E-002
   47.000000000000000        1664.7950088705657             1099          45   5.3945624592899076E-003   4.9240708817866984E-002
   48.000000000000000        1670.4525291844043              923          45   5.7534160331428764E-003   4.9240708817866984E-002
   49.000000000000000        1676.0663790421356              720          45   9.0273185017141660E-004   4.9240708817866984E-002
   50.000000000000000        1681.6376696123218              288          45   2.0632865251980778E-003   4.9240708817866984E-002
   51.000000000000000        1687.1675185960726             1257          45   4.2768984378580665E-007   4.9240708817866984E-002
   52.000000000000000        1692.6572072341623             1378          45   4.3952298472264075E-004   4.9240708817866984E-002
   53.000000000000000        1698.1082174040646             1785          45   7.3703955010912545E-004   4.9240708817866984E-002
   54.000000000000000        1703.5200121161381             1538          45   3.7341757264808041E-003   4.9240708817866984E-002
   55.000000000000000        1708.8956242203114             1630          45   9.7631526421031601E-006   4.9240708817866984E-002
   56.000000000000000        1714.2355159866847             1344          45   1.2429782944913431E-004   4.9240708817866984E-002
   57.000000000000000        1719.5408014161210             4183          45   1.5242669524735644E-007   4.9240708817866984E-002
   58.000000000000000        1724.8125890540414             4004          45   5.2891068891378481E-005   4.9240708817866984E-002
   59.000000000000000        1730.0519746936916             2685          45   4.5302463000692093E-004   4.9240708817866984E-002
   60.000000000000000        1735.2600468552582             6220          45   1.1663314478968778E-003   4.9240708817866984E-002
   61.000000000000000        1740.4378810197522             3159          45   5.0213490664658611E-003   4.9240708817866984E-002
   62.000000000000000        1745.5874234957328             3701          45   9.0597288047889035E-005   4.9240708817866984E-002
   63.000000000000000        1750.7079553822477             2634          45   1.4633505764650278E-006   4.9240708817866984E-002
   64.000000000000000        1755.8013901440775              917          45   8.9079287767294225E-006   4.9240708817866984E-002
   65.000000000000000        1760.8706427357411             1705          45   7.8713280665737551E-004   4.9240708817866984E-002
   66.000000000000000        1765.9127429394184             1795          45   3.9667922795176780E-004   4.9240708817866984E-002
   67.000000000000000        1770.9290293845927              685          45   2.4752501804315419E-005   4.9240708817866984E-002
   68.000000000000000        1775.9238971933457             1199          45   1.9565966694806435E-006   4.9240708817866984E-002
   69.000000000000000        1780.8953381366621              856          45   2.9800723967718075E-004   4.9240708817866984E-002
   70.000000000000000        1785.8484746678121             2213          45   2.6109798583091670E-003   4.9240708817866984E-002
   71.000000000000000        1790.7793604406370             1241          45   4.1191246655900048E-004   4.9240708817866984E-002
   72.000000000000000        1795.6896900249862              883          45   3.6485433285651566E-003   4.9240708817866984E-002
   73.000000000000000        1800.5818984718649             1573          45   1.0819298599376711E-003   4.9240708817866984E-002
   74.000000000000000        1805.4538648333289             1340          45   4.1794936536389802E-004   4.9240708817866984E-002
   75.000000000000000        1810.3103183235619             2848          45   6.6414886832454595E-006   4.9240708817866984E-002
   76.000000000000000        1815.1536847128004             1739          45   3.0237092875983296E-003   4.9240708817866984E-002
   77.000000000000000        1819.9760405444670              499          45   1.4846878633291772E-003   4.9240708817866984E-002
   78.000000000000000        1824.7820437016048             2081          45   2.8080077777037139E-003   4.9240708817866984E-002
   79.000000000000000        1829.5760499044686             2593          45   5.7189217656688027E-003   4.9240708817866984E-002
   80.000000000000000        1834.3551819015552             1654          45   3.4370444484686644E-004   4.9240708817866984E-002
   81.000000000000000        1839.1200779005949              658          45   1.2531939272476374E-002   4.9240708817866984E-002
   82.000000000000000        1843.8728960092399             2383          45   7.8082421792782762E-003   4.9240708817866984E-002
   83.000000000000000        1848.6117105651567              316          45   2.9914833645268771E-005   4.9240708817866984E-002
   84.000000000000000        1853.3384029922440              530          45   1.4280866245638745E-004   4.9240708817866984E-002
   85.000000000000000        1858.0531219928057             1227          45   5.0240821528231014E-003   4.9240708817866984E-002
   86.000000000000000        1862.7566991732788              936          45   3.6185853681928396E-003   4.9240708817866984E-002
   87.000000000000000        1867.4470480705679              627          45   6.7564585035304167E-004   4.9240708817866984E-002
   88.000000000000000        1872.1280478337385              380          45   4.0472154360586612E-003   4.9240708817866984E-002
   89.000000000000000        1876.7964419437019              687          45   3.2167591368206889E-003   4.9240708817866984E-002
   90.000000000000000        1881.4544453034532              445          45   1.4170937380808492E-003   4.9240708817866984E-002
   91.000000000000000        1886.1018424339152              294          45   3.1728972091740282E-004   4.9240708817866984E-002
   92.000000000000000        1890.7390233097403              268          45   1.4156040678430092E-003   4.9240708817866984E-002
   93.000000000000000        1895.3646152083188              235          45   2.0315832685051011E-007   4.9240708817866984E-002
   94.000000000000000        1899.9804523677840              247          45   3.5117677033281152E-005   4.9240708817866984E-002
   95.000000000000000        1904.5861081157125             2107          45   6.5187157767398266E-003   4.9240708817866984E-002
   96.000000000000000        1909.1808887832617              252          45   1.3278186736530518E-004   4.9240708817866984E-002
   97.000000000000000        1913.7658744774064             1117          45   2.4194504400334629E-003   4.9240708817866984E-002
   98.000000000000000        1918.3397513959801              359          45   1.5562824824812982E-003   4.9240708817866984E-002
   99.000000000000000        1922.9032376352964              313          45   3.1648644748101052E-004   4.9240708817866984E-002
   100.00000000000000        1927.4562740806330              108          45   1.1811056704481528E-004   4.9240708817866984E-002
   101.00000000000000        1931.9986314906205               96          45   3.4852787592083294E-004   4.9240708817866984E-002
   102.00000000000000        1936.5301826167388              157          45   6.0726483834847077E-004   4.9240708817866984E-002
   103.00000000000000        1941.0508384248449              140          45   1.1393486371865723E-003   4.9240708817866984E-002
   104.00000000000000        1945.5605425496124               73          45   1.5266568410591346E-003   4.9240708817866984E-002
   105.00000000000000        1950.0593653677442              400          45   1.6120750394132805E-003   4.9240708817866984E-002
   106.00000000000000        1954.5474900395561              125          45   3.2969370004411335E-003   4.9240708817866984E-002
   107.00000000000000        1959.0233907513791              100          45   4.1612234844713557E-003   4.9240708817866984E-002
   108.00000000000000        1963.4871508489250              151          45   4.1675436007476462E-003   4.9240708817866984E-002
   109.00000000000000        1967.9392975537849              165          45   4.2541445316568553E-003   4.9240708817866984E-002
   110.00000000000000        1972.3797841826893              158          45   4.7618111349749855E-003   4.9240708817866984E-002
   111.00000000000000        1976.8072188099286              281          45   4.2034012555623758E-003   4.9240708817866984E-002
   112.00000000000000        1981.2214076171094              208          45   2.1865201118069222E-003   4.9240708817866984E-002
   113.00000000000000        1985.6243882829588              327          45   8.4848025375823064E-003   4.9240708817866984E-002
   114.00000000000000        1990.0144133794397              226          45   2.8653510430671249E-003   4.9240708817866984E-002
   115.00000000000000        1997.3373360770993             1225          46   8.1593126499950718E-003   4.9240708817866984E-002
   116.00000000000000        2008.9368453229697               91          46   7.7507498108852959E-003   4.9240708817866984E-002
   117.00000000000000        2021.8421458797552              757          46   2.0058251162807847E-005   4.9240708817866984E-002
   118.00000000000000        2034.7807912903563              322          46   4.8761649085914436E-004   4.9240708817866984E-002
   119.00000000000000        2047.0653852888825              116          46   4.9650227098343128E-010   4.9240708817866984E-002
   120.00000000000000        2057.9702128817453              281          46   1.2016648488745020E-002   4.9240708817866984E-002
   121.00000000000000        2067.0231271800089              602          46   2.7572310422255765E-003   4.9240708817866984E-002
   122.00000000000000        2071.6879113671816              585          46   1.4028247538915484E-004   4.9240708817866984E-002
   123.00000000000000        2075.8252447544328               25          46   3.2326416947504731E-012   4.9240708817866984E-002
   124.00000000000000        2079.9487273384311               25          46   1.7514334373847528E-012   4.9240708817866984E-002
   125.00000000000000        2084.0583659103640               36          46   2.5418892910368243E-009   4.9240708817866984E-002
   126.00000000000000        2088.1542003334639               88          46   1.0984953480133921E-008   4.9240708817866984E-002
   127.00000000000000        2092.2362679777088               37          46   5.9289760108792040E-012   4.9240708817866984E-002
   128.00000000000000        2096.3046130244602               63          46   3.0543353034808929E-005   4.9240708817866984E-002
   129.00000000000000        2100.3593141420856               88          46   2.5418219734929249E-004   4.9240708817866984E-002
   130.00000000000000        2104.4005663431572               52          46   1.9447139728545177E-003   4.9240708817866984E-002
   131.00000000000000        2108.4276216487588               24          46   2.8733137552312767E-004   4.9240708817866984E-002
   132.00000000000000        2112.4416349043963              179          46   1.5663487239605295E-003   4.9240708817866984E-002
   133.00000000000000        2116.4421027523572              103          46   3.1878437914481584E-003   4.9240708817866984E-002
   134.00000000000000        2120.4290474357331               82          46   5.1168964644032287E-003   4.9240708817866984E-002
   135.00000000000000        2124.4025023489012               48          46   7.4284460358158121E-003   4.9240708817866984E-002
   136.00000000000000        2128.3616324568111               27          46   5.5864643511925171E-003   4.9240708817866984E-002
   137.00000000000000        2132.3067224845827               25          46   5.3671188102092933E-004   4.9240708817866984E-002
   138.00000000000000        2136.2393320075075               72          46   7.5058947655841032E-004   4.9240708817866984E-002
   139.00000000000000        2140.1584969017836               82          46   1.0134484251955200E-003   4.9240708817866984E-002
   140.00000000000000        2144.0642297580198               63          46   1.3022087698126670E-003   4.9240708817866984E-002
   0.0000000000000000        1303.3103712768461              482          46   2.5558285266633713E-003   4.9240708817866984E-002
   1.0000000000000000        1311.4350871405995              648          46   9.7080324599915172E-004   4.9240708817866984E-002
   2.0000000000000000        1327.4847876488379              565          47   1.1250043482246678E-003   4.9240708817866984E-002
   3.0000000000000000        1339.5942698756880              197          47   2.6928023187263294E-003   4.9240708817866984E-002
   4.0000000000000000        1350.4407461095825              106          47   3.0556520328209747E-004   4.9240708817866984E-002
   5.0000000000000000        1360.5040583523082               76          47   7.7978534210445231E-007   4.9240708817866984E-002
   6.0000000000000000        1369.9692107269273              111          47   2.6904080338958961E-008   4.9240708817866984E-002
   7.0000000000000000        1378.9215717345187               76          47   2.8575572728384125E-008   4.9240708817866984E-002
   8.0000000000000000        1387.4012019882223               72          47   4.7844112537101004E-003   4.9240708817866984E-002
   9.0000000000000000        1399.1686908067604              899          48   2.2594976806058118E-003   4.9240708817866984E-002
   10.000000000000000        1407.3575706500487               73          48   1.1109029273205636E-004   4.9240708817866984E-002
   11.000000000000000        1415.0282790057788               82          48   8.8945122124599587E-005   4.9240708817866984E-002
   12.000000000000000        1422.0722388766587              172          48   6.8971701096176789E-003   4.9240708817866984E-002
   13.000000000000000        1457.1021976697459             2722          50   7.0892428129650121E-003   4.9240708817866984E-002
   14.000000000000000        1461.9783277228382              315          50   8.3817369822950080E-004   4.9240708817866984E-002
   15.000000000000000        1463.2761840264970             1170          50   4.3500097307549038E-003   4.9240708817866984E-002
   16.000000000000000        1473.6827628012552             1321          53   1.5599244920870420E-003   4.9240708817866984E-002
   17.000000000000000        1503.0894501491296              656          54   5.8301620486149612E-005   4.9240708817866984E-002
   18.000000000000000        1523.4514090784976               57          54   3.5168447652808329E-005   4.9240708817866984E-002
   19.000000000000000        1538.8556290023764               37          54   1.2344295585168068E-005   4.9240708817866984E-002
   20.000000000000000        1550.2736607158895               87          55   1.2067777016319610E-010   4.9240708817866984E-002
   21.000000000000000        1559.3435875117505               82          55   4.5570985935656866E-005   4.9240708817866984E-002
   22.000000000000000        1565.2185827841333              647          56   6.2492778114930968E-004   4.9240708817866984E-002
   23.000000000000000        1571.6446818605036              825          57   3.0441987619788521E-003   4.9240708817866984E-002
   24.000000000000000        1549.9122440245990             2366          59   1.2586293308942344E-005   4.9240708817866984E-002
   25.000000000000000        1557.2432177269759              173          59   5.8732241750450200E-003   4.9240708817866984E-002
   26.000000000000000        1563.6379902850035             1878          59   9.5986016153339150E-005   4.9240708817866984E-002
   27.000000000000000        1570.6379863625004              335          59   1.5510699906339066E-006   4.9240708817866984E-002
   28.000000000000000        1577.5631984541642              435          59   6.3956686369397641E-003   4.9240708817866984E-002
   29.000000000000000        1584.4149707006011              396          59   3.2024825757382791E-004   4.9240708817866984E-002
   30.000000000000000        1591.1956309615575              220          59   6.4589707019444085E-004   4.9240708817866984E-002
   31.000000000000000        1597.9079628823008              489          59   1.2779423376609654E-003   4.9240708817866984E-002
   32.000000000000000        1604.5524191910076              559          59   4.0254079770819561E-003   4.9240708817866984E-002
   33.000000000000000        1611.1312280710617              706          59   6.6597249669748016E-004   4.9240708817866984E-002
   34.000000000000000        1617.6460521749200              514          59   2.0414955530480267E-007   4.9240708817866984E-002
   35.000000000000000        1624.0983691155755              199          59   6.6100818605747892E-005   4.9240708817866984E-002
   36.000000000000000        1630.4897241079670              173          59   1.6251033633796045E-007   4.9240708817866984E-002
   37.000000000000000        1636.8216254044059              163          59   7.4037005648116042E-004   4.9240708817866984E-002
   38.000000000000000        1643.0958694448605              901          59   5.6821072511641733E-003   4.9240708817866984E-002
   39.000000000000000        1649.3138974135761              671          59   1.7847433427596683E-002   4.9240708817866984E-002
   40.000000000000000        1655.4757642708303              466          59   2.7965947876733652E-003   4.9240708817866984E-002
   41.000000000000000        1661.5838196447457              288          59   7.7357261203188235E-003   4.9240708817866984E-002
   42.000000000000000        1667.6399516660586             2206          59   2.5626784159249803E-003   4.9240708817866984E-002
   43.000000000000000        1675.1006307221764             2947          60   2.8205788402164214E-003   4.9240708817866984E-002
   44.000000000000000        1681.0842707291713              480          60   8.9063472150323793E-003   4.9240708817866984E-002
   45.000000000000000        1687.0184721371654             2087          60   2.0115060748175492E-005   4.9240708817866984E-002
   46.000000000000000        1692.9045263107557             1182          60   2.2836046519901288E-009   4.9240708817866984E-002
   47.000000000000000        1698.7436433290964             1915          60   3.6346625385133794E-006   4.9240708817866984E-002
   48.000000000000000        1704.5370358228372             1215          60   1.5615463575025706E-005   4.9240708817866984E-002
   49.000000000000000        1710.2859024620216             1116          60   4.7978261344447191E-003   4.9240708817866984E-002
   50.000000000000000        1715.9916325015301             1211          60   1.0101570163993703E-002   4.9240708817866984E-002
   51.000000000000000        1721.6555657831893             1321          60   2.8030693676401818E-003   4.9240708817866984E-002
   52.000000000000000        1727.2771950382439             1593          60   7.5218136626493231E-010   4.9240708817866984E-002
   53.000000000000000        1732.8597422159187             1391          60   5.3527648356033828E-003   4.9240708817866984E-002
   54.000000000000000        1738.4035988600949             1392          60   3.7105869858604554E-003   4.9240708817866984E-002
   55.000000000000000        1743.9099239865884             2220          60   2.2895046946173839E-003   4.9240708817866984E-002
   56.000000000000000        1749.3798011668578             1399          60   3.0016795959991851E-003   4.9240708817866984E-002
   57.000000000000000        1754.8143867986305             1826          60   1.6862136508618629E-003   4.9240708817866984E-002
   58.000000000000000        1760.2147476910225             1125          60   4.7151448228476434E-004   4.9240708817866984E-002
   59.000000000000000        1765.5820966210288             3115          60   1.1024817180419696E-002   4.9240708817866984E-002
   60.000000000000000        1770.9172081198406             3864          60   1.1700539646360135E-002   4.9240708817866984E-002
   61.000000000000000        1776.2214497736002             1886          60   2.0719210023953526E-005   4.9240708817866984E-002
   62.000000000000000        1781.4965021461139             3300          60   1.6366737903112166E-003   4.9240708817866984E-002
   63.000000000000000        1786.7417571053620              929          60   6.0017199452733004E-007   4.9240708817866984E-002
   64.000000000000000        1791.9597831041722             1721          60   2.6087371409402771E-005   4.9240708817866984E-002
   65.000000000000000        1797.1504458399036             2677          60   1.4912920309833247E-006   4.9240708817866984E-002
   66.000000000000000        1802.3140172204319             1614          60   5.1107797558315828E-004   4.9240708817866984E-002
   67.000000000000000        1807.4537461524226             1021          60   4.8108077955230049E-006   4.9240708817866984E-002
   68.000000000000000        1812.5694228441644             2677          60   2.6665001728516887E-006   4.9240708817866984E-002
   69.000000000000000        1817.6619473867029             1200          60   1.9307130027646127E-008   4.9240708817866984E-002
   70.000000000000000        1822.7347305596038             2435          60   8.5634021492098794E-004   4.9240708817866984E-002
   71.000000000000000        1827.7828722335646             1624          60   1.1186338459862465E-004   4.9240708817866984E-002
   72.000000000000000        1832.8109417603494             1125          60   6.4576717611906114E-007   4.9240708817866984E-002
   73.000000000000000        1837.8191922075709             1630          60   3.1048521012622055E-005   4.9240708817866984E-002
   74.000000000000000        1842.8083480779624             1196          60   1.4908552269986950E-007   4.9240708817866984E-002
   75.000000000000000        1847.7776625511071             2269          60   1.3441890816938561E-004   4.9240708817866984E-002
   76.000000000000000        1852.7308576605378             1851          60   5.0966175832725766E-005   4.9240708817866984E-002
   77.000000000000000        1857.6670151494527             2061          60   2.1513677656138064E-006   4.9240708817866984E-002
   78.000000000000000        1862.5867492969439             1720          60   2.4711827015958148E-008   4.9240708817866984E-002
   79.000000000000000        1867.4914337017126             2416          60   4.8241771432953474E-002   4.9240708817866984E-002
   80.000000000000000        1872.3804491839035             1843          60   5.1046059134236986E-003   4.9240708817866984E-002
   81.000000000000000        1877.2546046536227             2332          60   1.7067630207831416E-002   4.9240708817866984E-002
   82.000000000000000        1882.1133981973053             2362          60   4.4300700886527166E-003   4.9240708817866984E-002
   83.000000000000000        1886.9597209027127             1303          60   7.4799089141584837E-003   4.9240708817866984E-002
   84.000000000000000        1891.7905865100806              424          60   3.0382761223827024E-003   4.9240708817866984E-002
   85.000000000000000        1896.6095070103743              302          60   7.0842492868223201E-006   4.9240708817866984E-002
   86.000000000000000        1901.4156242255665              217          60   3.3311055187544676E-007   4.9240708817866984E-002
   87.000000000000000        1906.2092371792382              621          60   1.2490499534052947E-003   4.9240708817866984E-002
   88.000000000000000        1910.9906067629688              413          60   1.5379243886898605E-005   4.9240708817866984E-002
   89.000000000000000        1915.7600575180040              310          60   2.8682071260277839E-003   4.9240708817866984E-002
   90.000000000000000        1920.5175241969637              172          60   8.7707620333217007E-004   4.9240708817866984E-002
   91.000000000000000        1925.2637135326436              418          60   3.0175297451455283E-003   4.9240708817866984E-002
   92.000000000000000        1929.9977458852957              278          60   8.6687938133330898E-005   4.9240708817866984E-002
   93.000000000000000        1934.7210177185557              460          60   4.6906390836201637E-003   4.9240708817866984E-002
   94.000000000000000        1939.4326705272449              202          60   1.6631025882985896E-003   4.9240708817866984E-002
   95.000000000000000        1944.1326787869577              402          60   4.9664562839896497E-003   4.9240708817866984E-002
   96.000000000000000        1948.8218147723153               78          60   8.3572929978963078E-003   4.9240708817866984E-002
   97.000000000000000        1953.4997231385280             1097          60   7.3079236269159723E-003   4.9240708817866984E-002
   98.000000000000000        1958.1664081165234             1064          60   6.9951441737797129E-003   4.9240708817866984E-002
   99.000000000000000        1962.8219906897186              398          60   5.4001357977293018E-004   4.9240708817866984E-002
   100.00000000000000        1967.4661580768741              250          60   1.3362148572442745E-004   4.9240708817866984E-002
   101.00000000000000        1972.0989721861636              158          60   3.7609373266444873E-004   4.9240708817866984E-002
   102.00000000000000        1976.7203204922005              122          60   6.0691297064803095E-004   4.9240708817866984E-002
   103.00000000000000        1981.3301849836971               97          60   1.1493683223153584E-003   4.9240708817866984E-002
   104.00000000000000        1985.9284964719147              240          60   1.5338865131671116E-003   4.9240708817866984E-002
   105.00000000000000        1990.5153412570598              134          60   1.6514634879173254E-003   4.9240708817866984E-002
   106.00000000000000        1995.0909031200201              133          60   2.9733800486352853E-003   4.9240708817866984E-002
   107.00000000000000        1999.6541257507010               89          60   4.3754207368255906E-003   4.9240708817866984E-002
   108.00000000000000        2004.2044707913801              198          60   4.1301382586139117E-003   4.9240708817866984E-002
   109.00000000000000        2008.7427439600185              135          60   4.3485192067840130E-003   4.9240708817866984E-002
   110.00000000000000        2013.2689445137351              139          60   4.8675239155497310E-003   4.9240708817866984E-002
   111.00000000000000        2017.7819716757606              100          60   4.9372586295797398E-003   4.9240708817866984E-002
   112.00000000000000        2022.2811655148046              232          60   2.7560628757677904E-003   4.9240708817866984E-002
   113.00000000000000        2026.7699640725696              377          60   1.0989106819361273E-002   4.9240708817866984E-002
   114.00000000000000        2031.2429618418901               88          60   2.7057350065740685E-003   4.9240708817866984E-002
   115.00000000000000        2035.7051924153575              645          60   3.3106208323400725E-003   4.9240708817866984E-002
   116.00000000000000        2046.2810655634580              989          61   5.3058859996601529E-006   4.9240708817866984E-002
   117.00000000000000        2058.9571033515285              493          61   1.9758600048992037E-003   4.9240708817866984E-002
   118.00000000000000        2072.4854249156097              638          61   2.3045786314510878E-007   4.9240708817866984E-002
   119.00000000000000        2085.7483440910737               86          61   2.2746943929381826E-006   4.9240708817866984E-002
   120.00000000000000        2098.0281985520228               99          61   8.9959634072075273E-003   4.9240708817866984E-002
   121.00000000000000        2108.5811205342361              156          61   1.4155252432860396E-007   4.9240708817866984E-002
   122.00000000000000        2114.9473749491799              743          61   1.3505457150973668E-003   4.9240708817866984E-002
   123.00000000000000        2119.1658736436075               38          61   1.4981460391927461E-013   4.9240708817866984E-002
   124.00000000000000        2123.3705483998942               29          61   3.3475270865375971E-010   4.9240708817866984E-002
   125.00000000000000        2127.5610756228166               46          61   4.0108295966548954E-009   4.9240708817866984E-002
   126.00000000000000        2131.7375047310679               24          61   7.3334359503100755E-009   4.9240708817866984E-002
   127.00000000000000        2135.8998824370710               46          61   1.5347011713832948E-008   4.9240708817866984E-002
   128.00000000000000        2140.0482581485680               28          61   2.4774997465661256E-005   4.9240708817866984E-002
   129.00000000000000        2144.1826073751067              219          61   6.6732909310901890E-004   4.9240708817866984E-002
   130.00000000000000        2148.3033509888919               57          61   1.1407123768327394E-003   4.9240708817866984E-002
   131.00000000000000        2152.4097713701967               66          61   1.4360255633253063E-004   4.9240708817866984E-002
   132.00000000000000        2156.5027214562324               86          61   1.0233337016703474E-003   4.9240708817866984E-002
   133.00000000000000        2160.5819928180417              196          61   2.6731869172682524E-003   4.9240708817866984E-002
   134.00000000000000        2164.6474621593743              135          61   4.3712397638031864E-003   4.9240708817866984E-002
   135.00000000000000        2168.6992535390996               94          61   6.5753623215035429E-003   4.9240708817866984E-002
   136.00000000000000        2172.7366432464160              118          61   5.4035805482078253E-003   4.9240708817866984E-002
   137.00000000000000        2176.7596632015793               54          61   4.6064392379332656E-004   4.9240708817866984E-002
   138.00000000000000        2180.7700041909484               66          61   6.5736711974844994E-004   4.9240708817866984E-002
   139.00000000000000        2184.7667124181085               45          61   9.0431764828994719E-004   4.9240708817866984E-002
   140.00000000000000        2188.7498080630926               37          61   1.1825778499671500E-003   4.9240708817866984E-002
   0.0000000000000000        1329.9245874044827              358          61   1.0336326960935550E-003   4.9240708817866984E-002
   1.0000000000000000        1337.9839266422773              606          61   7.1980280502942032E-003   4.9240708817866984E-002
   2.0000000000000000        1354.5537487856191              833          62   2.0850661877864470E-003   4.9240708817866984E-002
   3.0000000000000000        1367.1136709722934              154          62   3.3883058357168415E-003   4.9240708817866984E-002
   4.0000000000000000        1378.3003016163639              149          62   3.0996221480951897E-004   4.9240708817866984E-002
   5.0000000000000000        1388.6529951755581              125          62   1.2632594707696508E-007   4.9240708817866984E-002
   6.0000000000000000        1398.3758386705856             1218          62   6.9309078170057595E-004   4.9240708817866984E-002
   7.0000000000000000        1407.5620803370043               89          62   2.7215455942916586E-006   4.9240708817866984E-002
   8.0000000000000000        1416.2554922655791              104          62   2.9206599884717011E-004   4.9240708817866984E-002
   9.0000000000000000        1428.1777135137368              626          63   1.4007862567665956E-003   4.9240708817866984E-002
   10.000000000000000        1436.5501798580365               72          63   2.6153076696438335E-008   4.9240708817866984E-002
   11.000000000000000        1444.3743939832987              100          63   1.1297832815904916E-004   4.9240708817866984E-002
   12.000000000000000        1451.5286360691766               74          63   3.1511322921712738E-003   4.9240708817866984E-002
   13.000000000000000        1487.0009577572896             1701          65   3.5237980424551139E-003   4.9240708817866984E-002
   14.000000000000000        1491.7560092533367              396          65   1.3493876118776452E-003   4.9240708817866984E-002
   15.000000000000000        1492.4088392928948             2298          66   9.5913873369548348E-006   4.9240708817866984E-002
   16.000000000000000        1500.8739190125184             2663          67   2.5886794421836189E-002   4.9240708817866984E-002
   17.000000000000000        1525.1677013860956             1028          68   6.8117886720041332E-004   4.9240708817866984E-002
   18.000000000000000        1548.3435801764101               19          68   3.8851670385239425E-005   4.9240708817866984E-002
   19.000000000000000        1566.0849956856500               26          68   3.4967183344077830E-006   4.9240708817866984E-002
   20.000000000000000        1579.6710893705244              144          69   1.5198710795486463E-004   4.9240708817866984E-002
   21.000000000000000        1589.9637045236309               37          69   2.1647376534722536E-004   4.9240708817866984E-002
   22.000000000000000        1596.9092429655918              505          70   4.6278337416977381E-004   4.9240708817866984E-002
   23.000000000000000        1603.2263363565658              762          71   8.2463378860043416E-004   4.9240708817866984E-002
   24.000000000000000        1581.2901291575095             3625          73   4.0854431096680396E-003   4.9240708817866984E-002
   25.000000000000000        1588.7073030081119              480          73   4.4288022108541535E-003   4.9240708817866984E-002
   26.000000000000000        1595.1793709510237             1640          73   1.8769723508794426E-005   4.9240708817866984E-002
   27.000000000000000        1602.3428258554095              267          73   2.9988987365641145E-006   4.9240708817866984E-002
   28.000000000000000        1609.4294530976445              180          73   3.9446543300840440E-004   4.9240708817866984E-002
   29.000000000000000        1616.4424026316747               98          73   7.3766079050080670E-009   4.9240708817866984E-002
   30.000000000000000        1623.3833013277240              605          73   2.6285714258264150E-003   4.9240708817866984E-002
   31.000000000000000        1630.2530672765013              370          73   5.4230001057317472E-004   4.9240708817866984E-002
   32.000000000000000        1637.0550312646337             1818          73   2.9419235477055770E-003   4.9240708817866984E-002
   33.000000000000000        1643.7887218915509              377          73   3.3000293318450186E-005   4.9240708817866984E-002
   34.000000000000000        1650.4577007667851              201          73   8.2402020805970185E-007   4.9240708817866984E-002
   35.000000000000000        1657.0637033554553             2358          73   3.6443631242785964E-003   4.9240708817866984E-002
   36.000000000000000        1663.6061076757194              425          73   8.4779529183649845E-006   4.9240708817866984E-002
   37.000000000000000        1670.0886700457195              231          73   9.1946258555383663E-005   4.9240708817866984E-002
   38.000000000000000        1676.5121612922978              647          73   8.2537186357851256E-007   4.9240708817866984E-002
   39.000000000000000        1682.8784073909274              523          73   9.4596010039605279E-003   4.9240708817866984E-002
   40.000000000000000        1689.1884662214134              153          73   4.1966149106033822E-003   4.9240708817866984E-002
   41.000000000000000        1695.4429946437790              712          73   1.0427460239798548E-003   4.9240708817866984E-002
   42.000000000000000        1701.6446230543343              824          73   4.9555230939053961E-006   4.9240708817866984E-002
   43.000000000000000        1707.7951330156993             2817          73   8.9763815005685763E-006   4.9240708817866984E-002
   44.000000000000000        1713.8951391102855             2050          73   3.2629383028811472E-003   4.9240708817866984E-002
   45.000000000000000        1721.3518085431001             2997          74   6.3011256179604396E-005   4.9240708817866984E-002
   46.000000000000000        1727.3787345937155             3259          74   9.7659420260613836E-003   4.9240708817866984E-002
   47.000000000000000        1733.3573590214794             1359          74   3.2699332282877031E-004   4.9240708817866984E-002
   48.000000000000000        1739.2897062964382             1578          74   2.7706072504947604E-005   4.9240708817866984E-002
   49.000000000000000        1745.1767268641981              764          74   1.0285175104639585E-006   4.9240708817866984E-002
   50.000000000000000        1751.0196233532615              297          74   1.7763598176086852E-006   4.9240708817866984E-002
   51.000000000000000        1756.8198023297989             1650          74   1.6467981284793050E-002   4.9240708817866984E-002
   52.000000000000000        1762.5777853097575             1733          74   1.5746648069275669E-004   4.9240708817866984E-002
   53.000000000000000        1768.2953906984137             1351          74   9.1949534233768206E-004   4.9240708817866984E-002
   54.000000000000000        1773.9735775613656             1631          74   1.1520816413862286E-002   4.9240708817866984E-002
   55.000000000000000        1779.6134034264735             1268          74   1.3179124996402797E-003   4.9240708817866984E-002
   56.000000000000000        1785.2160777872766             3449          74   1.3889733410744788E-002   4.9240708817866984E-002
   57.000000000000000        1790.7834320933928             3367          74   1.1351731930797266E-002   4.9240708817866984E-002
   58.000000000000000        1796.3145757662185             1965          74   4.0820781173624646E-003   4.9240708817866984E-002
   59.000000000000000        1801.8131255427884             1987          74   8.5365391109732774E-008   4.9240708817866984E-002
   60.000000000000000        1807.2769661404261             1182          74   2.6734765524486329E-005   4.9240708817866984E-002
   61.000000000000000        1812.7101272147702             3648          74   2.6792021009945492E-004   4.9240708817866984E-002
   62.000000000000000        1818.1125598809629             2730          74   3.4142540648406006E-011   4.9240708817866984E-002
   63.000000000000000        1823.4865269171275             1748          74   6.0193495109700929E-003   4.9240708817866984E-002
   64.000000000000000        1828.8299966126558              790          74   1.0143033439247288E-003   4.9240708817866984E-002
   65.000000000000000        1834.1462592393398             2113          74   4.4590269056872934E-004   4.9240708817866984E-002
   66.000000000000000        1839.4357445827184             1562          74   4.6604986151016960E-003   4.9240708817866984E-002
   67.000000000000000        1844.6987090744842             1887          74   1.7899830963121789E-003   4.9240708817866984E-002
   68.000000000000000        1849.9374606285057              500          74   3.3910938582294575E-003   4.9240708817866984E-002
   69.000000000000000        1855.1554751632268             3008          74   5.1834514977168054E-004   4.9240708817866984E-002
   70.000000000000000        1860.3435385126725             1387          74   1.6842894575981746E-006   4.9240708817866984E-002
   71.000000000000000        1865.5155730550907              897          74   5.1916770497033304E-004   4.9240708817866984E-002
   72.000000000000000        1870.6601386099153              727          74   1.1312593547517342E-004   4.9240708817866984E-002
   73.000000000000000        1875.7868481508856             2089          74   5.9920641579864566E-007   4.9240708817866984E-002
   74.000000000000000        1880.8934921092250             1204          74   1.0433892425495834E-008   4.9240708817866984E-002
   75.000000000000000        1885.9807762437847             2854          74   2.1187266958647743E-003   4.9240708817866984E-002
   76.000000000000000        1891.0506600696401             2860          74   3.4788964964846097E-002   4.9240708817866984E-002
   77.000000000000000        1896.1015015459973              726          74   1.0302567779065836E-002   4.9240708817866984E-002
   78.000000000000000        1901.1350545282864              432          74   2.0632413638439841E-002   4.9240708817866984E-002
   79.000000000000000        1906.1508801079949              896          74   1.8110736821567181E-003   4.9240708817866984E-002
   80.000000000000000        1911.1507255783702             1530          74   4.7214853985490246E-004   4.9240708817866984E-002
   81.000000000000000        1916.1351693925037             1726          74   9.9055868045113613E-003   4.9240708817866984E-002
   82.000000000000000        1921.1039770589939              859          74   9.0086110235858673E-003   4.9240708817866984E-002
   83.000000000000000        1926.0558607155956              251          74   6.6733212098852535E-007   4.9240708817866984E-002
   84.000000000000000        1930.9951813039117              851          74   2.4165543714503401E-003   4.9240708817866984E-002
   85.000000000000000        1935.9217992753697              960          74   5.5462310583464600E-003   4.9240708817866984E-002
   86.000000000000000        1940.8321379952188              301          74   4.7209295851498256E-005   4.9240708817866984E-002
   87.000000000000000        1945.7299550987163              737          74   3.5286841572015003E-004   4.9240708817866984E-002
   88.000000000000000        1950.6146392275873              432          74   6.8331893860774993E-004   4.9240708817866984E-002
   89.000000000000000        1955.4861466423761              576          74   5.0757191550367421E-005   4.9240708817866984E-002
   90.000000000000000        1960.3449768804521              962          74   1.3342662612989190E-004   4.9240708817866984E-002
   91.000000000000000        1965.1912192534164              327          74   2.1166406453832220E-006   4.9240708817866984E-002
   92.000000000000000        1970.0257880098534              355          74   3.7813301898944338E-003   4.9240708817866984E-002
   93.000000000000000        1974.8465496282729              391          74   3.2139070049919068E-003   4.9240708817866984E-002
   94.000000000000000        1979.6558139696035              530          74   6.4504931920223623E-003   4.9240708817866984E-002
   95.000000000000000        1984.4530044474200              193          74   5.8578684549895794E-003   4.9240708817866984E-002
   96.000000000000000        1989.2381431518781              127          74   5.5471655675252852E-003   4.9240708817866984E-002
   97.000000000000000        1994.0112625327527             1064          74   5.4441067732078074E-003   4.9240708817866984E-002
   98.000000000000000        1998.7723781447971             1064          74   5.5167304254010521E-003   4.9240708817866984E-002
   99.000000000000000        2003.5214888747869             1057          74   5.5867037293428996E-003   4.9240708817866984E-002
   100.00000000000000        2008.2588079558950              241          74   2.2920747010900185E-004   4.9240708817866984E-002
   101.00000000000000        2012.9839129396078               78          74   3.7704070288208992E-004   4.9240708817866984E-002
   102.00000000000000        2017.6969040960989              196          74   6.6291774229984795E-004   4.9240708817866984E-002
   103.00000000000000        2022.3977837081811              256          74   1.1642300169017827E-003   4.9240708817866984E-002
   104.00000000000000        2027.0865116799228              861          74   1.5443206525568730E-003   4.9240708817866984E-002
   105.00000000000000        2031.7635051370567              585          74   6.4635729479601959E-004   4.9240708817866984E-002
   106.00000000000000        2036.4270100322644              352          74   1.7551279969955796E-003   4.9240708817866984E-002
   107.00000000000000        2041.0796200727477              273          74   2.9764034693144292E-003   4.9240708817866984E-002
   108.00000000000000        2045.7169833621467              224          74   1.7597143130748347E-005   4.9240708817866984E-002
   109.00000000000000        2050.3450897513458              101          74   4.3900022770630735E-003   4.9240708817866984E-002
   110.00000000000000        2054.9587497710281              190          74   5.2753261916439606E-003   4.9240708817866984E-002
   111.00000000000000        2059.5588787953593              299          74   5.5509370864965267E-003   4.9240708817866984E-002
   112.00000000000000        2064.1448301553396              160          74   3.4356997161743108E-003   4.9240708817866984E-002
   113.00000000000000        2068.7181256267777              227          74   1.1040679309900251E-003   4.9240708817866984E-002
   114.00000000000000        2073.2788806942353              143          74   7.0994527425181800E-004   4.9240708817866984E-002
   115.00000000000000        2077.8261094001919              255          74   1.2386773068238634E-005   4.9240708817866984E-002
   116.00000000000000        2084.6633238326826             1004          75   2.5868636183106559E-004   4.9240708817866984E-002
   117.00000000000000        2096.7199052632832              696          75   7.7696977927474767E-004   4.9240708817866984E-002
   118.00000000000000        2110.3911411178037              119          75   1.7500879341794330E-006   4.9240708817866984E-002
   119.00000000000000        2124.4025545300969              116          75   1.0132390946808518E-004   4.9240708817866984E-002
   120.00000000000000        2137.9397905816472              178          75   1.9535868327060267E-003   4.9240708817866984E-002
   121.00000000000000        2150.0875159562452              241          75   7.5756389048640483E-005   4.9240708817866984E-002
   122.00000000000000        2159.0565041437440              726          75   8.8624250743888188E-005   4.9240708817866984E-002
   123.00000000000000        2163.3586136904855               93          75   4.9845664084272048E-009   4.9240708817866984E-002
   124.00000000000000        2167.6461911178808               12          75   3.3992459520145179E-007   4.9240708817866984E-002
   125.00000000000000        2171.9192988124473               12          75   1.0568671536564103E-006   4.9240708817866984E-002
   126.00000000000000        2176.1779962821797               46          75   1.9014429755630955E-011   4.9240708817866984E-002
   127.00000000000000        2180.4223393070147               74          75   1.1571146865582545E-008   4.9240708817866984E-002
   128.00000000000000        2184.6523841874218               96          75   1.1996747788567415E-005   4.9240708817866984E-002
   129.00000000000000        2188.8682784472066               20          75   5.4584002297314196E-004   4.9240708817866984E-002
   130.00000000000000        2193.0699092261084               27          75   7.6030926017880550E-004   4.9240708817866984E-002
   131.00000000000000        2197.2575788714057               46          75   2.1051106557306892E-003   4.9240708817866984E-002
   132.00000000000000        2201.4307028499979              184          75   6.9175811252600923E-004   4.9240708817866984E-002
   133.00000000000000        2205.5903055594813               21          75   2.2783438545797958E-003   4.9240708817866984E-002
   134.00000000000000        2209.7358348389230               20          75   3.7766160447060605E-003   4.9240708817866984E-002
   135.00000000000000        2213.8674525909860               36          75   5.7603818566023379E-003   4.9240708817866984E-002
   136.00000000000000        2217.9848933071630               29          75   6.7202052207259236E-003   4.9240708817866984E-002
   137.00000000000000        2222.0880070646017               26          75   5.5219238004968196E-003   4.9240708817866984E-002
   138.00000000000000        2226.1765804440051               84          75   5.9048158892336799E-004   4.9240708817866984E-002
   139.00000000000000        2230.2522782857286               90          75   8.0653036364819453E-004   4.9240708817866984E-002
   140.00000000000000        2234.3140662890605               79          75   4.4134607795328219E-004   4.9240708817866984E-002
   0.0000000000000000        1356.9923609163525              274          75   1.4778017552213074E-005   4.9240708817866984E-002
   1.0000000000000000        1365.0055059437225             1400          75   1.9774766462956781E-003   4.9240708817866984E-002
   2.0000000000000000        1382.0778521624145              656          76   1.0681869291962483E-004   4.9240708817866984E-002
   3.0000000000000000        1395.1181127650104               81          76   2.1011903174429999E-004   4.9240708817866984E-002
   4.0000000000000000        1406.6623882767478               87          76   6.9288862800091522E-005   4.9240708817866984E-002
   5.0000000000000000        1417.3174301857814              144          76   2.1776945279061550E-003   4.9240708817866984E-002
   6.0000000000000000        1427.3086432865200               86          76   1.1902721703594878E-003   4.9240708817866984E-002
   7.0000000000000000        1436.7379289399012              108          76   6.1643083628406246E-010   4.9240708817866984E-002
   8.0000000000000000        1445.6536273955555               62          76   3.5512484983590080E-003   4.9240708817866984E-002
   9.0000000000000000        1457.7283776306438             2545          77   9.2373126145117689E-003   4.9240708817866984E-002
   10.000000000000000        1466.2904947884049              158          77   8.4357696617356061E-004   4.9240708817866984E-002
   11.000000000000000        1474.2719134870163               71          77   5.8308390249399866E-006   4.9240708817866984E-002
   12.000000000000000        1481.5373691275413               83          77   1.2654303469238530E-009   4.9240708817866984E-002
   13.000000000000000        1512.7888565714363              465          79   1.3961518682576275E-003   4.9240708817866984E-002
   14.000000000000000        1522.0460878698952             2434          79   1.6741059596678203E-004   4.9240708817866984E-002
   15.000000000000000        1522.2188306743565             2728          80   9.5179388283387224E-003   4.9240708817866984E-002
   16.000000000000000        1528.5630026829103             2328          81   5.2672114892522541E-003   4.9240708817866984E-002
   17.000000000000000        1554.0523139463010             1790          81   1.4435894496747888E-006   4.9240708817866984E-002
   18.000000000000000        1572.4242110575365               48          82   4.7275714045805506E-005   4.9240708817866984E-002
   19.000000000000000        1592.6970999641781               71          82   1.9456079357287880E-004   4.9240708817866984E-002
   20.000000000000000        1608.8864949153706              139          83   2.5334717955169091E-004   4.9240708817866984E-002
   21.000000000000000        1620.7063679490921              262          83   9.5571039046930979E-004   4.9240708817866984E-002
   22.000000000000000        1628.9661560353456             1143          84   2.0090400224520473E-003   4.9240708817866984E-002
   23.000000000000000        1627.6127315223050             2188          86   2.9031849308851720E-004   4.9240708817866984E-002
   24.000000000000000        1613.2276982752107              901          87   5.0252562704802156E-004   4.9240708817866984E-002
   25.000000000000000        1620.7485117493404             1143          87   6.0228023473583390E-003   4.9240708817866984E-002
   26.000000000000000        1627.3151924728286             1747          87   2.8905991251574118E-004   4.9240708817866984E-002
   27.000000000000000        1634.6462679336273              582          87   2.4101680094645406E-003   4.9240708817866984E-002
   28.000000000000000        1641.9004022293884              324          87   1.4080139427248255E-004   4.9240708817866984E-002
   29.000000000000000        1649.0775539192452              263          87   5.2583853204296637E-004   4.9240708817866984E-002
   30.000000000000000        1656.1815812507775              281          87   1.0373440423263338E-003   4.9240708817866984E-002
   31.000000000000000        1663.2142146471547             1710          87   4.3684809375238902E-003   4.9240708817866984E-002
   32.000000000000000        1670.1756263053232              262          87   3.0980267580700472E-006   4.9240708817866984E-002
   33.000000000000000        1677.0692366688813              413          87   1.0896638037728671E-005   4.9240708817866984E-002
   34.000000000000000        1683.8962076709713              250          87   5.1002631119288931E-003   4.9240708817866984E-002
   35.000000000000000        1690.6582089726612              202          87   1.5286664536120029E-003   4.9240708817866984E-002
   36.000000000000000        1697.3568796880625              925          87   4.8177953081137432E-005   4.9240708817866984E-002
   37.000000000000000        1703.9938579894981              256          87   2.5029031205147452E-003   4.9240708817866984E-002
   38.000000000000000        1710.5705941588376              457          87   5.5805206889806610E-003   4.9240708817866984E-002
   39.000000000000000        1717.0885169541623              522          87   2.3298157591445873E-004   4.9240708817866984E-002
   40.000000000000000        1723.5493111226049             1860          87   1.1909083382772572E-003   4.9240708817866984E-002
   41.000000000000000        1729.9559773792762              644          87   1.3259026157216221E-002   4.9240708817866984E-002
   42.000000000000000        1736.3058859058824             2594          87   1.5207081534585774E-003   4.9240708817866984E-002
   43.000000000000000        1742.6028164627523             2250          87   5.3119785575062002E-003   4.9240708817866984E-002
   44.000000000000000        1748.8489327539751             1267          87   3.1590262016829760E-007   4.9240708817866984E-002
   45.000000000000000        1755.0449340236091              361          87   4.2200785718007790E-003   4.9240708817866984E-002
   46.000000000000000        1761.1920714410464              195          87   6.3733581319014721E-004   4.9240708817866984E-002
   47.000000000000000        1768.6475893208428             2516          88   2.2341084789982120E-003   4.9240708817866984E-002
   48.000000000000000        1774.7221523291626              210          88   8.0764462565506446E-003   4.9240708817866984E-002
   49.000000000000000        1780.7504876599839             1187          88   9.0030965800352528E-006   4.9240708817866984E-002
   50.000000000000000        1786.7338804675132              301          88   3.6293815031270484E-006   4.9240708817866984E-002
   51.000000000000000        1792.6737800890296             1541          88   9.9399392221729936E-003   4.9240708817866984E-002
   52.000000000000000        1798.5716223961192              611          88   3.4811103160978033E-005   4.9240708817866984E-002
   53.000000000000000        1804.4261848186707             1264          88   7.0821258753113276E-003   4.9240708817866984E-002
   54.000000000000000        1810.2415595461173             1178          88   1.1376958366446977E-003   4.9240708817866984E-002
   55.000000000000000        1816.0178209287972             1232          88   1.3022865664416977E-003   4.9240708817866984E-002
   56.000000000000000        1821.7564047013557             3642          88   5.3200327610846716E-003   4.9240708817866984E-002
   57.000000000000000        1827.4586568543195             1379          88   2.6187421076468617E-010   4.9240708817866984E-002
   58.000000000000000        1833.1230738277973             1640          88   4.7761353328347137E-003   4.9240708817866984E-002
   59.000000000000000        1838.7539430544639             2055          88   1.8488985645603703E-003   4.9240708817866984E-002
   60.000000000000000        1844.3519823521692             2778          88   8.3359970466553926E-003   4.9240708817866984E-002
   61.000000000000000        1849.9163056637485              564          88   2.4851534358575641E-004   4.9240708817866984E-002
   62.000000000000000        1855.4502534588296             2329          88   5.4126633359821024E-004   4.9240708817866984E-002
   63.000000000000000        1860.9522155597790              416          88   2.1054147701310539E-003   4.9240708817866984E-002
   64.000000000000000        1866.4257323392865             2349          88   2.7924277279014743E-004   4.9240708817866984E-002
   65.000000000000000        1871.8685695116028              643          88   1.2314454522642352E-004   4.9240708817866984E-002
   66.000000000000000        1877.2867165683654             2486          88   4.7982517902612678E-005   4.9240708817866984E-002
   67.000000000000000        1882.6750423810752             1872          88   1.4781002334812742E-004   4.9240708817866984E-002
   68.000000000000000        1888.0419615773615             2116          88   6.6073020004818075E-006   4.9240708817866984E-002
   69.000000000000000        1893.3780399877860              870          88   4.5637549657362835E-005   4.9240708817866984E-002
   70.000000000000000        1898.6928918658257             1503          88   1.8775607281689975E-004   4.9240708817866984E-002
   71.000000000000000        1903.9844067381021              402          88   3.2837005094141706E-009   4.9240708817866984E-002
   72.000000000000000        1909.2533725008109             1427          88   2.8369538535129958E-007   4.9240708817866984E-002
   73.000000000000000        1914.5005457787572             1500          88   3.9130233904904933E-007   4.9240708817866984E-002
   74.000000000000000        1919.7288767520483             2501          88   3.7978691173170490E-004   4.9240708817866984E-002
   75.000000000000000        1924.9323925971964              993          88   9.6488818096226913E-008   4.9240708817866984E-002
   76.000000000000000        1930.1184596976786             1423          88   1.4085066278607305E-003   4.9240708817866984E-002
   77.000000000000000        1935.2869992645410             2681          88   2.4693839354680884E-002   4.9240708817866984E-002
   78.000000000000000        1940.4348249324910             1833          88   6.8808238482972383E-003   4.9240708817866984E-002
   79.000000000000000        1945.5644845145487             2464          88   2.3692340433810352E-004   4.9240708817866984E-002
   80.000000000000000        1950.6777172140733             2382          88   2.6862417629377069E-006   4.9240708817866984E-002
   81.000000000000000        1955.7741646020966             3308          88   1.0125769578835399E-002   4.9240708817866984E-002
   82.000000000000000        1960.8540778640886              598          88   4.4580728610039744E-004   4.9240708817866984E-002
   83.000000000000000        1965.9194654134244             1385          88   3.0742210333111362E-003   4.9240708817866984E-002
   84.000000000000000        1970.9666169260479              525          88   2.4357029573451861E-004   4.9240708817866984E-002
   85.000000000000000        1975.9999536494213              473          88   1.0633406269871144E-006   4.9240708817866984E-002
   86.000000000000000        1981.0189940144526              618          88   6.8941532596218107E-005   4.9240708817866984E-002
   87.000000000000000        1986.0229698447338              535          88   1.7114056457455485E-004   4.9240708817866984E-002
   88.000000000000000        1991.0127377056547              533          88   4.0528383185041740E-003   4.9240708817866984E-002
   89.000000000000000        1995.9885590098793              142          88   3.3001091776193605E-003   4.9240708817866984E-002
   90.000000000000000        2000.9511398831444             1189          88   4.5291008556004259E-003   4.9240708817866984E-002
   91.000000000000000        2005.8997652223647             1234          88   3.3951971125108810E-008   4.9240708817866984E-002
   92.000000000000000        2010.8343865115169              303          88   8.3777463427510218E-006   4.9240708817866984E-002
   93.000000000000000        2015.7563984491517             1350          88   4.6073839039494522E-007   4.9240708817866984E-002
   94.000000000000000        2020.6661559582790              265          88   5.2959089597613444E-003   4.9240708817866984E-002
   95.000000000000000        2025.5613258656383              550          88   7.0729426286292611E-004   4.9240708817866984E-002
   96.000000000000000        2030.4443527441288              221          88   4.0382388996270694E-003   4.9240708817866984E-002
   97.000000000000000        2035.3146133507435              117          88   4.2574583024449168E-003   4.9240708817866984E-002
   98.000000000000000        2040.1720974356772              281          88   4.4876883078760780E-003   4.9240708817866984E-002
   99.000000000000000        2045.0168301511028              107          88   4.6534166232932864E-003   4.9240708817866984E-002
   100.00000000000000        2049.8490552995027               92          88   2.3741833319138462E-004   4.9240708817866984E-002
   101.00000000000000        2054.6683495644857               92          88   3.1241555969895414E-004   4.9240708817866984E-002
   102.00000000000000        2059.4749023935487              223          88   7.1730451970229703E-004   4.9240708817866984E-002
   103.00000000000000        2064.2686891165540              188          88   1.1835842280974614E-003   4.9240708817866984E-002
   104.00000000000000        2069.0497146098242              982          88   1.5585231465281692E-003   4.9240708817866984E-002
   105.00000000000000        2073.8180854773295               83          88   1.7379106533238382E-003   4.9240708817866984E-002
   106.00000000000000        2078.5739748069936               94          88   2.6446530577820455E-003   4.9240708817866984E-002
   107.00000000000000        2083.3167421970184              112          88   4.0972555826920944E-003   4.9240708817866984E-002
   108.00000000000000        2088.0460917464980              179          88   4.9342106650345349E-003   4.9240708817866984E-002
   109.00000000000000        2092.7618011666523              407          88   4.7387177014376301E-003   4.9240708817866984E-002
   110.00000000000000        2097.4645762383602              138          88   5.5563062428274357E-003   4.9240708817866984E-002
   111.00000000000000        2102.1535919808189              173          88   6.1304013480489878E-003   4.9240708817866984E-002
   112.00000000000000        2106.8280705210750              266          88   4.1477773630696543E-003   4.9240708817866984E-002
   113.00000000000000        2111.4903939546957             1042          88   3.4337279711646757E-003   4.9240708817866984E-002
   114.00000000000000        2116.1378380578703              630          88   2.0570999420392380E-003   4.9240708817866984E-002
   115.00000000000000        2120.7724092245280             1134          88   8.5148331987073189E-004   4.9240708817866984E-002
   116.00000000000000        2125.3949725974512              431          88   4.0283977145629127E-003   4.9240708817866984E-002
   117.00000000000000        2135.4089666036016             1233          89   9.4505588595364604E-005   4.9240708817866984E-002
   118.00000000000000        2148.6596047577823              507          89   5.4459675096353239E-003   4.9240708817866984E-002
   119.00000000000000        2163.1386631059499              249          89   4.3541503289022524E-004   4.9240708817866984E-002
   120.00000000000000        2177.6698120282908               77          89   8.9611010146981069E-009   4.9240708817866984E-002
   121.00000000000000        2191.3642952550022              152          89   9.3157030977964288E-003   4.9240708817866984E-002
   122.00000000000000        2203.2524322116378              166          89   8.4565527791375956E-003   4.9240708817866984E-002
   123.00000000000000        2208.4200662845169              692          89   9.0818827784945052E-005   4.9240708817866984E-002
   124.00000000000000        2212.7923193387510               30          89   3.6754178174084701E-007   4.9240708817866984E-002
   125.00000000000000        2217.1497613422225               90          89   1.0754082861371409E-006   4.9240708817866984E-002
   126.00000000000000        2221.4924618210093               46          89   7.1212153665626253E-013   4.9240708817866984E-002
   127.00000000000000        2225.8204862790517               36          89   1.6067740161671156E-008   4.9240708817866984E-002
   128.00000000000000        2230.1338996578970               23          89   7.9281466552674802E-006   4.9240708817866984E-002
   129.00000000000000        2234.4328333628296               35          89   3.9865411745368618E-004   4.9240708817866984E-002
   130.00000000000000        2238.7172242902170               29          89   5.4259277449761345E-004   4.9240708817866984E-002
   131.00000000000000        2242.9875914529371               30          89   3.0462640678231164E-003   4.9240708817866984E-002
   132.00000000000000        2247.2427068053476               52          89   4.8107846437618699E-004   4.9240708817866984E-002
   133.00000000000000        2251.4842099555358               82          89   1.8389508151673394E-003   4.9240708817866984E-002
   134.00000000000000        2255.7114234491664               29          89   3.3093982727892511E-003   4.9240708817866984E-002
   135.00000000000000        2259.9244428614784               68          89   5.1006306056443369E-003   4.9240708817866984E-002
   136.00000000000000        2264.1233336640803               36          89   7.3407812741973361E-003   4.9240708817866984E-002
   137.00000000000000        2268.3072528661037               97          89   5.4250484064822758E-003   4.9240708817866984E-002
   138.00000000000000        2272.4765399649996              131          89   5.2095517321474520E-004   4.9240708817866984E-002
   139.00000000000000        2276.6327365793222               25          89   7.2101797237282181E-004   4.9240708817866984E-002
   140.00000000000000        2280.7749132712856              229          89   9.7010236268521598E-004   4.9240708817866984E-002
   0.0000000000000000        1384.5168912186987              893          89   5.0526022500175039E-003   4.9240708817866984E-002
   1.0000000000000000        1392.5101732383978              409          89   2.0996308588347862E-003   4.9240708817866984E-002
   2.0000000000000000        1410.0598112067112              763          90   2.6771373273969407E-003   4.9240708817866984E-002
   3.0000000000000000        1423.6123038535620               92          90   2.5460204435851985E-003   4.9240708817866984E-002
   4.0000000000000000        1435.5325305100203              156          90   1.7332187774130800E-003   4.9240708817866984E-002
   5.0000000000000000        1446.5035813382754              127          90   3.1716155268857282E-003   4.9240708817866984E-002
   6.0000000000000000        1456.7747965224505               88          90   6.6049985447627304E-008   4.9240708817866984E-002
   7.0000000000000000        1466.4572209972473              108          90   2.5481568387803895E-003   4.9240708817866984E-002
   8.0000000000000000        1475.6029512033465               99          90   1.1824589834832999E-004   4.9240708817866984E-002
   9.0000000000000000        1487.8288020224354             1343          91   8.3511734535200791E-003   4.9240708817866984E-002
   10.000000000000000        1496.5869651518415              112          91   6.2808858697125335E-004   4.9240708817866984E-002
   11.000000000000000        1504.7296323429036               81          91   9.4672453858587948E-004   4.9240708817866984E-002
   12.000000000000000        1512.1066762900589              131          91   5.1881034398879738E-004   4.9240708817866984E-002
   13.000000000000000        1534.4826669191748              530          93   3.0904499450564533E-004   4.9240708817866984E-002
   14.000000000000000        1552.8644071641270             2286          93   9.0191216095487237E-003   4.9240708817866984E-002
   15.000000000000000        1553.7522915465872              920          94   2.9767211933263106E-003   4.9240708817866984E-002
   16.000000000000000        1559.0202076439773              387          94   2.8245617174520984E-004   4.9240708817866984E-002
   17.000000000000000        1586.1308223345980             1166          95   2.5964892519861706E-003   4.9240708817866984E-002
   18.000000000000000        1595.6897535314592              266          96   1.9026218678668566E-004   4.9240708817866984E-002
   19.000000000000000        1618.5892590489555               78          96   2.0549931050900159E-004   4.9240708817866984E-002
   20.000000000000000        1637.7176353367863             1030          97   3.2658700094152240E-003   4.9240708817866984E-002
   21.000000000000000        1651.4385362253856               86          97   7.6756362746545576E-004   4.9240708817866984E-002
   22.000000000000000        1661.3259195081171             1294          98   7.7091270909701946E-003   4.9240708817866984E-002
   23.000000000000000        1660.9290326795663             2283         100   7.5997785245093634E-004   4.9240708817866984E-002
   24.000000000000000        1645.7348528960147              883         101   2.9149196182009921E-004   4.9240708817866984E-002
   25.000000000000000        1653.3763656890305              157         101   2.0435624928545376E-004   4.9240708817866984E-002
   26.000000000000000        1660.0555082278058             2133         101   4.9254498769390174E-004   4.9240708817866984E-002
   27.000000000000000        1667.5591361949919              136         101   2.4098689475582386E-005   4.9240708817866984E-002
   28.000000000000000        1674.9838579516017              434         101   1.9886979001284672E-003   4.9240708817866984E-002
   29.000000000000000        1682.3311083440803              288         101   4.4147358661950978E-003   4.9240708817866984E-002
   30.000000000000000        1689.6025316993419              330         101   5.6250867748258819E-003   4.9240708817866984E-002
   31.000000000000000        1696.8000667636923              457         101   1.3602046186079200E-005   4.9240708817866984E-002
   32.000000000000000        1703.9266325247622              485         101   6.8571486310259106E-006   4.9240708817866984E-002
   33.000000000000000        1710.9837421409684              780         101   4.7910279913381988E-003   4.9240708817866984E-002
   34.000000000000000        1717.9732474733323              940         101   4.9667625598619590E-005   4.9240708817866984E-002
   35.000000000000000        1724.8958409556399              347         101   1.9484539033106912E-005   4.9240708817866984E-002
   36.000000000000000        1731.7528539688458              186         101   3.0135443611235897E-003   4.9240708817866984E-002
   37.000000000000000        1738.5488572813467              738         101   4.3102948726589617E-003   4.9240708817866984E-002
   38.000000000000000        1745.2824672726331              369         101   1.6744700625004881E-007   4.9240708817866984E-002
   39.000000000000000        1751.9552444283079              371         101   1.7324285692758500E-003   4.9240708817866984E-002
   40.000000000000000        1758.5706040974812             2224         101   1.6885328360558226E-003   4.9240708817866984E-002
   41.000000000000000        1765.1291428304969             1139         101   2.5898885556200143E-004   4.9240708817866984E-002
   42.000000000000000        1771.6322841478391             1597         101   5.3104916513076870E-005   4.9240708817866984E-002
   43.000000000000000        1778.0814406278114             1186         101   7.8901558312222513E-005   4.9240708817866984E-002
   44.000000000000000        1784.4780103139103             2085         101   4.5889644942837782E-008   4.9240708817866984E-002
   45.000000000000000        1790.8233684931058             1577         101   1.2407826505094211E-005   4.9240708817866984E-002
   46.000000000000000        1797.1188712496428             1130         101   3.0444279056554579E-004   4.9240708817866984E-002
   47.000000000000000        1803.3658424919863              310         101   2.1350286576309781E-003   4.9240708817866984E-002
   48.000000000000000        1809.5668080792816             1784         102   2.8716896800150721E-004   4.9240708817866984E-002
   49.000000000000000        1817.0187382860568             1456         103   6.0288491717839805E-003   4.9240708817866984E-002
   50.000000000000000        1823.1456973379809             2068         103   1.9565420341397837E-002   4.9240708817866984E-002
   51.000000000000000        1829.2281783207443             1442         103   3.8508634679980322E-003   4.9240708817866984E-002
   52.000000000000000        1835.2671049450089             2638         103   2.2485505743877494E-002   4.9240708817866984E-002
   53.000000000000000        1841.2638927586052             2014         103   5.0497170008740608E-003   4.9240708817866984E-002
   54.000000000000000        1847.2193199900294              436         103   1.9922597077511942E-003   4.9240708817866984E-002
   55.000000000000000        1853.1348706129018             2208         103   5.8126849506702025E-003   4.9240708817866984E-002
   56.000000000000000        1859.0115734343544             2279         103   5.7883080232186445E-004   4.9240708817866984E-002
   57.000000000000000        1864.8505293616834             1454         103   2.0173770174690186E-004   4.9240708817866984E-002
   58.000000000000000        1870.6542496509235             3348         103   3.9670610327938637E-009   4.9240708817866984E-002
   59.000000000000000        1876.4210046793817             1262         103   1.6205795368086667E-006   4.9240708817866984E-002
   60.000000000000000        1882.1532486826738             1446         103   5.2426023586319738E-004   4.9240708817866984E-002
   61.000000000000000        1887.8504592889371             1383         103   1.8647266398691809E-005   4.9240708817866984E-002
   62.000000000000000        1893.5182614277919             3600         103   1.9486667778817690E-004   4.9240708817866984E-002
   63.000000000000000        1899.1530711867788             1271         103   1.2667260482050143E-006   4.9240708817866984E-002
   64.000000000000000        1904.7573853670738             1005         103   2.2300556808940715E-003   4.9240708817866984E-002
   65.000000000000000        1910.3304650922876             1002         103   6.6212519440166897E-006   4.9240708817866984E-002
   66.000000000000000        1915.8783309289238             2200         103   2.9439195910663913E-004   4.9240708817866984E-002
   67.000000000000000        1921.3967931924922             1128         103   1.8408911241367930E-004   4.9240708817866984E-002
   68.000000000000000        1926.8884438619605             2407         103   8.0671332560597577E-005   4.9240708817866984E-002
   69.000000000000000        1932.3522161293365             1229         103   3.7096936435712354E-006   4.9240708817866984E-002
   70.000000000000000        1937.7927127194978              702         103   1.0388916005144858E-006   4.9240708817866984E-002
   71.000000000000000        1943.2088810830435             1386         103   4.1600640458686321E-008   4.9240708817866984E-002
   72.000000000000000        1948.6014974713876              612         103   2.7555153297976587E-006   4.9240708817866984E-002
   73.000000000000000        1953.9713096214659             1140         103   3.5484736103513147E-007   4.9240708817866984E-002
   74.000000000000000        1959.3202859581434              232         103   7.5545475980613496E-003   4.9240708817866984E-002
   75.000000000000000        1964.6453661897604             1829         103   2.0320853033252368E-003   4.9240708817866984E-002
   76.000000000000000        1969.9509576203109              154         103   8.0671533589018775E-003   4.9240708817866984E-002
   77.000000000000000        1975.2364159911156             2510         103   1.4825371969447065E-002   4.9240708817866984E-002
   78.000000000000000        1980.5024485855076              335         103   3.4051385841914531E-004   4.9240708817866984E-002
   79.000000000000000        1985.7521112549389             1691         103   1.5009407688643905E-002   4.9240708817866984E-002
   80.000000000000000        1990.9806386875352              451         103   1.1997121336713141E-002   4.9240708817866984E-002
   81.000000000000000        1996.1910182304819             1479         103   5.3147958203379675E-003   4.9240708817866984E-002
   82.000000000000000        2001.3821711175767              772         103   3.3276944955411142E-003   4.9240708817866984E-002
   83.000000000000000        2006.5583878640107             1672         103   6.0574271008910551E-005   4.9240708817866984E-002
   84.000000000000000        2011.7181290243518             1977         103   4.9613380983953848E-004   4.9240708817866984E-002
   85.000000000000000        2016.8630791208759              901         103   7.0598076407725734E-003   4.9240708817866984E-002
   86.000000000000000        2021.9908791779812             1563         103   3.2850211834849414E-004   4.9240708817866984E-002
   87.000000000000000        2027.1022035687133              396         103   2.5089390826401917E-008   4.9240708817866984E-002
   88.000000000000000        2032.1998349341095              248         103   1.3884623637157949E-003   4.9240708817866984E-002
   89.000000000000000        2037.2830131154317              505         103   2.5609876702944868E-003   4.9240708817866984E-002
   90.000000000000000        2042.3490903050249             1075         103   6.2448404236856766E-003   4.9240708817866984E-002
   91.000000000000000        2047.4015225195922              256         103   1.3794838334633478E-004   4.9240708817866984E-002
   92.000000000000000        2052.4401655321726              766         103   4.0197503187224298E-005   4.9240708817866984E-002
   93.000000000000000        2057.4653256297024              611         103   2.3205430589972303E-003   4.9240708817866984E-002
   94.000000000000000        2062.4753173544236              220         103   2.2809532002144897E-005   4.9240708817866984E-002
   95.000000000000000        2067.4721031090576              246         103   3.3115147417902454E-005   4.9240708817866984E-002
   96.000000000000000        2072.4557021960409             1269         103   6.9264832030300110E-003   4.9240708817866984E-002
   97.000000000000000        2077.4246333546566              448         103   2.6960737086975831E-006   4.9240708817866984E-002
   98.000000000000000        2082.3804064267060              157         103   3.7105077172206197E-003   4.9240708817866984E-002
   99.000000000000000        2087.3227680985174               88         103   3.9961350079296904E-003   4.9240708817866984E-002
   100.00000000000000        2092.2518841183878              176         103   1.9876903202009811E-004   4.9240708817866984E-002
   101.00000000000000        2097.1673811858604              126         103   3.5723833843204217E-004   4.9240708817866984E-002
   102.00000000000000        2102.0694580207210              348         103   7.6926962757515986E-004   4.9240708817866984E-002
   103.00000000000000        2106.9581184789049              146         103   1.2074920551246370E-003   4.9240708817866984E-002
   104.00000000000000        2111.8333962848869              319         103   1.5766488817082463E-003   4.9240708817866984E-002
   105.00000000000000        2116.6954122943375              176         103   1.7817856148357608E-003   4.9240708817866984E-002
   106.00000000000000        2121.5436376535049              542         103   2.4188807729816283E-003   4.9240708817866984E-002
   107.00000000000000        2126.3778350609473              214         103   5.8946187448368088E-005   4.9240708817866984E-002
   108.00000000000000        2131.2011352424597               76         103   5.0638211572687540E-003   4.9240708817866984E-002
   109.00000000000000        2136.0084575851520              191         103   5.1276605952585291E-003   4.9240708817866984E-002
   110.00000000000000        2140.8024178341525              482         103   6.2950172459086823E-003   4.9240708817866984E-002
   111.00000000000000        2145.5819086770130              205         103   6.6360356275056154E-003   4.9240708817866984E-002
   112.00000000000000        2150.3467480994191               99         103   4.8546227273715912E-003   4.9240708817866984E-002
   113.00000000000000        2155.0980990131789              535         103   2.4909671858977555E-004   4.9240708817866984E-002
   114.00000000000000        2159.8360079782847              375         103   5.6029827858400827E-004   4.9240708817866984E-002
   115.00000000000000        2164.5594668183276              281         103   4.1462428325057405E-008   4.9240708817866984E-002
   116.00000000000000        2169.2704048074061              189         103   3.4995372175054946E-003   4.9240708817866984E-002
   117.00000000000000        2175.2804166409960              676         104   1.7908832919170177E-003   4.9240708817866984E-002
   118.00000000000000        2187.6977150077887              396         104   7.4778701420466403E-003   4.9240708817866984E-002
   119.00000000000000        2202.1042121702558              451         104   7.2041246375935004E-005   4.9240708817866984E-002
   120.00000000000000        2217.2894753115811               95         104   3.3883556421941373E-003   4.9240708817866984E-002
   121.00000000000000        2232.3063268574278              240         104   5.0300914720319181E-004   4.9240708817866984E-002
   122.00000000000000        2246.0410532802903              132         104   3.4218372509734209E-003   4.9240708817866984E-002
   123.00000000000000        2254.3670495838869              964         104   8.9168272181333066E-005   4.9240708817866984E-002
   124.00000000000000        2258.8258153582906               26         104   3.0359481321549960E-007   4.9240708817866984E-002
   125.00000000000000        2263.2694093578175               23         104   1.0825416334797874E-006   4.9240708817866984E-002
   126.00000000000000        2267.6979112180275               50         104   6.5177469056626504E-011   4.9240708817866984E-002
   127.00000000000000        2272.1113963366224               74         104   1.0104818466502913E-011   4.9240708817866984E-002
   128.00000000000000        2276.5099387145142               72         104   4.2482363225330815E-006   4.9240708817866984E-002
   129.00000000000000        2280.8936483429920               96         104   1.6321056493127944E-004   4.9240708817866984E-002
   130.00000000000000        2285.2625264240805               85         104   2.4717805239788662E-004   4.9240708817866984E-002
   131.00000000000000        2289.6170635797725              148         104   2.6729036910580302E-003   4.9240708817866984E-002
   132.00000000000000        2293.9561073549276              126         104   3.5139591717944747E-004   4.9240708817866984E-002
   133.00000000000000        2298.2811776944573               73         104   1.4906137130035447E-003   4.9240708817866984E-002
   134.00000000000000        2302.5917277689546               31         104   2.9507950991051572E-003   4.9240708817866984E-002
   135.00000000000000        2306.8877840117339              121         104   4.5761640379531360E-003   4.9240708817866984E-002
   136.00000000000000        2311.1694496566656               83         104   6.6295365235823581E-003   4.9240708817866984E-002
   137.00000000000000        2315.4360309646549              132         104   5.2923971563314763E-003   4.9240708817866984E-002
   138.00000000000000        2319.6876237658598              100         104   4.6312592995961566E-004   4.9240708817866984E-002
   139.00000000000000        2323.9258823977498               23         104   6.4780100770567360E-004   4.9240708817866984E-002
   140.00000000000000        2328.1498900086422              131         104   8.8079510897264154E-004   4.9240708817866984E-002
   0.0000000000000000        1412.4997520152772             1356         104   6.5039299970876653E-003   4.9240708817866984E-002
   1.0000000000000000        1420.5071995735686              458         104   1.9333285092812339E-003   4.9240708817866984E-002
   2.0000000000000000        1438.5027312761126              692         105   7.2044180894583728E-003   4.9240708817866984E-002
   3.0000000000000000        1452.5991078162376              103         105   6.1403304171124299E-003   4.9240708817866984E-002
   4.0000000000000000        1464.9164790278328               69         105   1.6610364832914351E-004   4.9240708817866984E-002
   5.0000000000000000        1476.2186613711283               78         105   2.1481588974093410E-004   4.9240708817866984E-002
   6.0000000000000000        1486.7815615766206              125         105   1.5161220246907301E-003   4.9240708817866984E-002
   7.0000000000000000        1496.7272460795452               80         105   3.1780615272106655E-004   4.9240708817866984E-002
   8.0000000000000000        1506.1128419727684              175         105   1.2141953991929540E-003   4.9240708817866984E-002
   9.0000000000000000        1518.4861748104197             1008         106   3.5026731104749981E-003   4.9240708817866984E-002
   10.000000000000000        1527.4479212052465               66         106   3.8184948935678656E-004   4.9240708817866984E-002
   11.000000000000000        1535.7563074464590               92         106   9.5128647313615837E-005   4.9240708817866984E-002
   12.000000000000000        1543.2458124658574               95         106   5.6307475178902383E-004   4.9240708817866984E-002
   13.000000000000000        1557.8594389894406              251         108   8.9317943045967335E-004   4.9240708817866984E-002
   14.000000000000000        1584.2164059398274             2098         108   3.5850421629139363E-003   4.9240708817866984E-002
   15.000000000000000        1585.8910532670452              683         109   1.0835220897340780E-008   4.9240708817866984E-002
   16.000000000000000        1591.2739069304541              229         109   1.7725847033522371E-003   4.9240708817866984E-002
   17.000000000000000        1613.9322211663055             2546         110   8.4081144899600755E-003   4.9240708817866984E-002
   18.000000000000000        1626.9995776594969             1228         110   4.1024809663345378E-004   4.9240708817866984E-002
   19.000000000000000        1643.7095007067551               37         111   2.5716033943022559E-005   4.9240708817866984E-002
   20.000000000000000        1665.8560274339325               66         112   8.2707474610388269E-004   4.9240708817866984E-002
   21.000000000000000        1681.9909514053527               47         112   2.1514346680401555E-004   4.9240708817866984E-002
   22.000000000000000        1693.9170839248970             1191         113   7.2564533283606420E-003   4.9240708817866984E-002
   23.000000000000000        1694.8071693870595             3932         115   1.8134557411403195E-003   4.9240708817866984E-002
   24.000000000000000        1678.8190652388880             2869         116   3.9233139047164375E-003   4.9240708817866984E-002
   25.000000000000000        1686.6002191600512              291         116   1.4522447997305000E-003   4.9240708817866984E-002
   26.000000000000000        1693.4122176345652             1743         116   1.0979880336156218E-003   4.9240708817866984E-002
   27.000000000000000        1701.0918989346717              250         116   5.5779024432841423E-004   4.9240708817866984E-002
   28.000000000000000        1708.6911372536542              136         116   3.0544535332165551E-003   4.9240708817866984E-002
   29.000000000000000        1716.2112814713746              396         116   7.6891362164070807E-005   4.9240708817866984E-002
   30.000000000000000        1723.6545078155182               75         116   2.8354633832066719E-006   4.9240708817866984E-002
   31.000000000000000        1731.0227652275521               74         116   1.0878570844556324E-004   4.9240708817866984E-002
   32.000000000000000        1738.3179827713416              225         116   1.7859856346518819E-004   4.9240708817866984E-002
   33.000000000000000        1745.5420221939260              193         116   5.1173960028495921E-004   4.9240708817866984E-002
   34.000000000000000        1752.6966899381960              360         116   4.7910173173916693E-004   4.9240708817866984E-002
   35.000000000000000        1759.7837346452748               99         116   1.7142762932797219E-009   4.9240708817866984E-002
   36.000000000000000        1766.8048726540528              350         116   8.2536989741732768E-005   4.9240708817866984E-002
   37.000000000000000        1773.7622468479874              541         116   5.4522903144771347E-003   4.9240708817866984E-002
   38.000000000000000        1780.6574289348659             1293         116   5.1738935702969275E-003   4.9240708817866984E-002
   39.000000000000000        1787.4891049007203              796         116   1.0445253082322200E-006   4.9240708817866984E-002
   40.000000000000000        1794.2627646710887             1268         116   8.1982425901926576E-005   4.9240708817866984E-002
   41.000000000000000        1800.9783983213731             1798         116   6.2573969293510338E-003   4.9240708817866984E-002
   42.000000000000000        1807.6375270375627             2147         116   1.0944343984476593E-005   4.9240708817866984E-002
   43.000000000000000        1814.2415910542750             1637         116   2.1815901926834453E-003   4.9240708817866984E-002
   44.000000000000000        1820.7919104323089             2101         116   3.0699724903335381E-006   4.9240708817866984E-002
   45.000000000000000        1827.2899928571892             2990         116   2.3744691261928942E-005   4.9240708817866984E-002
   46.000000000000000        1833.7372460381068             1507         116   2.0420749872349094E-002   4.9240708817866984E-002
   47.000000000000000        1840.1355288875006              480         116   2.5583984441132274E-002   4.9240708817866984E-002
   48.000000000000000        1846.4846273730527              621         116   1.7385934475948824E-002   4.9240708817866984E-002
   49.000000000000000        1852.7866593516010             2907         116   5.3715636663366970E-003   4.9240708817866984E-002
   50.000000000000000        1859.0448781063376             1159         117   1.0362100926891743E-003   4.9240708817866984E-002
   51.000000000000000        1866.4951516269407              448         118   2.8887302021382744E-006   4.9240708817866984E-002
   52.000000000000000        1872.6796032075169             1971         118   7.0512223798958520E-003   4.9240708817866984E-002
   53.000000000000000        1878.8197983342302             1625         118   5.9905070893084035E-003   4.9240708817866984E-002
   54.000000000000000        1884.9184795711340             1112         118   1.6245946089070079E-004   4.9240708817866984E-002
   55.000000000000000        1890.9762677562549             1132         118   5.1057647372204354E-003   4.9240708817866984E-002
   56.000000000000000        1896.9943002171508             4470         118   4.9305524249269810E-002   4.9305524249269810E-002
   57.000000000000000        1902.9736553406021             1786         118   1.3703100530606261E-004   4.9305524249269810E-002
   58.000000000000000        1908.9154555228765             1433         118   5.4929062960008899E-005   4.9305524249269810E-002
   59.000000000000000        1914.8207450417694             2699         118   5.6675422071291971E-009   4.9305524249269810E-002
   60.000000000000000        1920.6922831299473             2677         118   7.8058729901326468E-004   4.9305524249269810E-002
   61.000000000000000        1926.5260234075261             1334         118   5.6406430685700950E-004   4.9305524249269810E-002
   62.000000000000000        1932.3286871094483             1936         118   1.8101650475716975E-004   4.9305524249269810E-002
   63.000000000000000        1938.0995045620650             1185         118   1.7812142546674584E-004   4.9305524249269810E-002
   64.000000000000000        1943.8377082337086              564         118   8.7592654424671786E-004   4.9305524249269810E-002
   65.000000000000000        1949.5454216681555             1081         118   1.0596458660666671E-004   4.9305524249269810E-002
   66.000000000000000        1955.2215326734702              687         118   1.8250116012924523E-003   4.9305524249269810E-002
   67.000000000000000        1960.8729556596834             2336         118   1.6323124985655099E-005   4.9305524249269810E-002
   68.000000000000000        1966.4945906347109             2815         118   4.5487416593403322E-005   4.9305524249269810E-002
   69.000000000000000        1972.0871024334081              870         118   2.5159866704666699E-004   4.9305524249269810E-002
   70.000000000000000        1977.6555720723802              504         118   2.1208604263800231E-006   4.9305524249269810E-002
   71.000000000000000        1983.1986959343149              511         118   5.1692341155039703E-010   4.9305524249269810E-002
   72.000000000000000        1988.7172424727848             3160         118   5.2267253160693194E-005   4.9305524249269810E-002
   73.000000000000000        1994.2130288191474             1565         118   1.9940691550203573E-004   4.9305524249269810E-002
   74.000000000000000        1999.6846393430205              464         118   8.7038449976521610E-003   4.9305524249269810E-002
   75.000000000000000        2005.1338779607338             1473         118   2.1720345777701884E-002   4.9305524249269810E-002
   76.000000000000000        2010.5622290053109             1789         118   1.2845807848568451E-002   4.9305524249269810E-002
   77.000000000000000        2015.9682995957551             1137         118   7.1677342345594546E-003   4.9305524249269810E-002
   78.000000000000000        2021.3518665850575             1301         118   5.7416482688794324E-006   4.9305524249269810E-002
   79.000000000000000        2026.7175015731998              246         118   6.1848382865576084E-006   4.9305524249269810E-002
   80.000000000000000        2032.0636766557832              924         118   4.5318639074845948E-004   4.9305524249269810E-002
   81.000000000000000        2037.3926598197374             2562         118   5.9641403193519691E-003   4.9305524249269810E-002
   82.000000000000000        2042.7016796782618              382         118   1.6536660310769804E-003   4.9305524249269810E-002
   83.000000000000000        2047.9903768823024              958         118   2.1040039416405651E-005   4.9305524249269810E-002
   84.000000000000000        2053.2634799318253              439         118   4.7589609118306843E-003   4.9305524249269810E-002
   85.000000000000000        2058.5194166815686              198         118   5.6139693757451727E-003   4.9305524249269810E-002
   86.000000000000000        2063.7584970994076              536         118   9.5807052899984674E-004   4.9305524249269810E-002
   87.000000000000000        2068.9824323819062             2181         118   5.3079675346263486E-003   4.9305524249269810E-002
   88.000000000000000        2074.1881272688634              763         118   2.7889405023184067E-003   4.9305524249269810E-002
   89.000000000000000        2079.3784859388397              668         118   1.6189851564988887E-002   4.9305524249269810E-002
   90.000000000000000        2084.5532779265827              270         118   6.9157662046809917E-010   4.9305524249269810E-002
   91.000000000000000        2089.7126685622170              565         118   1.4395821840245082E-004   4.9305524249269810E-002
   92.000000000000000        2094.8568726219714              500         118   8.3584829208555153E-004   4.9305524249269810E-002
   93.000000000000000        2099.9860759851977              249         118   4.7190721466986834E-005   4.9305524249269810E-002
   94.000000000000000        2105.1011305756429             1238         118   1.4535125972715491E-002   4.9305524249269810E-002
   95.000000000000000        2110.2001587263358              421         118   1.5322936617816351E-006   4.9305524249269810E-002
   96.000000000000000        2115.2853156771803              295         118   1.1590759529085117E-006   4.9305524249269810E-002
   97.000000000000000        2120.3567455943680             1002         118   4.9824033006870489E-003   4.9305524249269810E-002
   98.000000000000000        2125.4133326202509              203         118   3.2963768674903944E-003   4.9305524249269810E-002
   99.000000000000000        2130.4545397613233              197         118   1.1002028367274498E-005   4.9305524249269810E-002
   100.00000000000000        2135.4824548133665              102         118   1.4765449339878729E-004   4.9305524249269810E-002
   101.00000000000000        2140.4962204405310              128         118   4.3037505788420528E-004   4.9305524249269810E-002
   102.00000000000000        2145.4958740393081              200         118   8.1978987179789757E-004   4.9305524249269810E-002
   103.00000000000000        2150.4814508394547               76         118   1.2356800548312147E-003   4.9305524249269810E-002
   104.00000000000000        2155.4530110683318               73         118   1.5986790915099799E-003   4.9305524249269810E-002
   105.00000000000000        2160.4106910759551              120         118   1.8263855848908025E-003   4.9305524249269810E-002
   106.00000000000000        2165.3541222060289              374         118   1.3305722634358822E-003   4.9305524249269810E-002
   107.00000000000000        2170.2845497318694              447         118   3.5151315260823000E-003   4.9305524249269810E-002
   108.00000000000000        2175.1997259751015              635         118   9.6279560145587709E-003   4.9305524249269810E-002
   109.00000000000000        2180.0994199528645              619         118   1.4420368030781223E-003   4.9305524249269810E-002
   110.00000000000000        2184.9852508483609              269         118   3.9624497721759957E-006   4.9305524249269810E-002
   111.00000000000000        2189.8599217747069              239         118   7.7320569686622660E-003   4.9305524249269810E-002
   112.00000000000000        2194.7168872219127              131         118   5.3679528944708416E-003   4.9305524249269810E-002
   113.00000000000000        2199.5594237990604              256         118   2.9779698469286875E-005   4.9305524249269810E-002
   114.00000000000000        2204.3909692508782              790         118   8.5963449456695207E-003   4.9305524249269810E-002
   115.00000000000000        2209.2035394926893             2311         118   3.9948072517072017E-009   4.9305524249269810E-002
   116.00000000000000        2214.0039045297226             1916         118   1.1918031980595746E-003   4.9305524249269810E-002
   117.00000000000000        2218.7915837337932              196         118   4.2410184223368652E-003   4.9305524249269810E-002
   118.00000000000000        2227.8282620515820             1997         119   7.7795504615151903E-003   4.9305524249269810E-002
   119.00000000000000        2241.5537812263237              600         119   1.8162153593404072E-004   4.9305524249269810E-002
   120.00000000000000        2256.9882014191617              678         119   3.5411139043005991E-003   4.9305524249269810E-002
   121.00000000000000        2272.9290838203160              100         119   7.8763517993225493E-005   4.9305524249269810E-002
   122.00000000000000        2288.3440530573093              937         119   1.1044779526947560E-002   4.9305524249269810E-002
   123.00000000000000        2301.2165954992643             1793         119   8.7705357746449341E-005   4.9305524249269810E-002
   124.00000000000000        2305.7637776983156               14         119   4.3935727049808161E-007   4.9305524249269810E-002
   125.00000000000000        2310.2954075797506               72         119   9.1857520407766003E-007   4.9305524249269810E-002
   126.00000000000000        2314.8115746244125               58         119   1.8664913657905093E-006   4.9305524249269810E-002
   127.00000000000000        2319.3123652162535               40         119   2.0516836374482005E-011   4.9305524249269810E-002
   128.00000000000000        2323.7978632106074               67         119   9.7172012293601508E-006   4.9305524249269810E-002
   129.00000000000000        2328.2681920774539               86         119   1.8978060417226930E-004   4.9305524249269810E-002
   130.00000000000000        2332.7233581441037              150         119   3.8985863488182575E-004   4.9305524249269810E-002
   131.00000000000000        2337.1636251163318              148         119   9.6321725664066688E-004   4.9305524249269810E-002
   132.00000000000000        2341.5885129430212              202         119   2.6826830691868198E-004   4.9305524249269810E-002
   133.00000000000000        2345.9988932638062              102         119   1.2544237553486265E-003   4.9305524249269810E-002
   134.00000000000000        2350.3944862333442               20         119   2.6836244918088730E-003   4.9305524249269810E-002
   135.00000000000000        2354.7752766897343               44         119   4.1689541688865496E-003   4.9305524249269810E-002
   136.00000000000000        2359.1413952717016               60         119   6.0577305565286954E-003   4.9305524249269810E-002
   137.00000000000000        2363.4925739022406               28         119   6.7009662601614757E-003   4.9305524249269810E-002
   138.00000000000000        2367.8287485116534               39         119   5.3162762972449942E-003   4.9305524249269810E-002
   139.00000000000000        2372.1497647032106               57         119   5.9985522890433119E-004   4.9305524249269810E-002
   140.00000000000000        2376.4572057758492               46         119   8.0359899812723601E-004   4.9305524249269810E-002
   0.0000000000000000        1440.9431362009068             1970         119   4.9508642915766388E-003   4.9305524249269810E-002
   1.0000000000000000        1449.0056602336417              338         119   3.2451094083290406E-003   4.9305524249269810E-002
   2.0000000000000000        1467.4110731537376              588         120   4.0647747812750552E-003   4.9305524249269810E-002
   3.0000000000000000        1482.0826214979691               82         120   4.0668271892989342E-005   4.9305524249269810E-002
   4.0000000000000000        1494.8187120918676               90         120   5.5082588571672784E-004   4.9305524249269810E-002
   5.0000000000000000        1506.4679227564479               71         120   1.1700052479212760E-005   4.9305524249269810E-002
   6.0000000000000000        1517.3359327996270               78         120   3.1837115844105664E-005   4.9305524249269810E-002
   7.0000000000000000        1527.5563560986186               83         120   5.3705235858233473E-006   4.9305524249269810E-002
   8.0000000000000000        1537.1918583232812               85         120   5.2084261055238683E-005   4.9305524249269810E-002
   9.0000000000000000        1549.7077992804584             2460         121   7.0164761606123522E-003   4.9305524249269810E-002
   10.000000000000000        1558.8817892744630              775         121   3.7674150925225067E-003   4.9305524249269810E-002
   11.000000000000000        1567.3608127706757               83         121   1.2232924315556647E-004   4.9305524249269810E-002
   12.000000000000000        1574.9638202099582              230         121   2.3662807961299595E-004   4.9305524249269810E-002
   13.000000000000000        1582.4197687852284              563         123   8.9628029243126275E-005   4.9305524249269810E-002
   14.000000000000000        1616.0476113958132             1198         123   1.4026359258364019E-003   4.9305524249269810E-002
   15.000000000000000        1618.6536936790956              746         123   4.7978430151826516E-003   4.9305524249269810E-002
   16.000000000000000        1624.1520988168811              441         123   2.5754095905323703E-003   4.9305524249269810E-002
   17.000000000000000        1642.5047477379392             1647         124   1.3101939998555799E-002   4.9305524249269810E-002
   18.000000000000000        1661.1810181209428              233         124   2.6083522135770151E-005   4.9305524249269810E-002
   19.000000000000000        1668.0750494295537               21         124   6.7354451899058097E-005   4.9305524249269810E-002
   20.000000000000000        1693.0792516655590              106         126   4.9961039562687688E-008   4.9305524249269810E-002
   21.000000000000000        1712.1568777094099               57         126   1.1347785975255895E-007   4.9305524249269810E-002
   22.000000000000000        1726.6307356526133              233         127   3.2291437396991733E-003   4.9305524249269810E-002
   23.000000000000000        1729.2467705775473             1776         129   4.3174028651175875E-003   4.9305524249269810E-002
   24.000000000000000        1712.4887347291567             2113         130   9.8754989136161700E-005   4.9305524249269810E-002
   25.000000000000000        1720.4310198635735             1439         130   2.7470736860966760E-003   4.9305524249269810E-002
   26.000000000000000        1727.3930331444126             2084         130   2.3827048347425033E-005   4.9305524249269810E-002
   27.000000000000000        1735.2543746944011              869         130   4.1090605283311765E-004   4.9305524249269810E-002
   28.000000000000000        1743.0328200182778              144         130   1.5626390009434367E-003   4.9305524249269810E-002
   29.000000000000000        1750.7311838912958              475         130   4.6919220440531234E-003   4.9305524249269810E-002
   30.000000000000000        1758.3496295342507              234         130   6.0786634955994417E-005   4.9305524249269810E-002
   31.000000000000000        1765.8921805266468              271         130   2.2025728428608404E-007   4.9305524249269810E-002
   32.000000000000000        1773.3601548455542               87         130   3.5474400565738628E-004   4.9305524249269810E-002
   33.000000000000000        1780.7554603415515              201         130   7.4309358851993863E-004   4.9305524249269810E-002
   34.000000000000000        1788.0799337583617              526         130   1.6763538531599301E-003   4.9305524249269810E-002
   35.000000000000000        1795.3353997534430              183         130   6.0807466029360983E-004   4.9305524249269810E-002
   36.000000000000000        1802.5235693403631              107         130   4.4245076264148014E-003   4.9305524249269810E-002
   37.000000000000000        1809.6475392970030              779         130   8.4456578782579497E-006   4.9305524249269810E-002
   38.000000000000000        1816.7047502403670             1308         130   4.6261958213600629E-003   4.9305524249269810E-002
   39.000000000000000        1823.7011294407389             2168         130   5.6670161357787307E-003   4.9305524249269810E-002
   40.000000000000000        1830.6367903402797              408         130   2.9430049270701913E-005   4.9305524249269810E-002
   41.000000000000000        1837.5131902577759             1618         130   4.6964979191763808E-003   4.9305524249269810E-002
   42.000000000000000        1844.3323770106606             1375         130   5.1300473567688423E-003   4.9305524249269810E-002
   43.000000000000000        1851.0941348216636             1231         130   9.2260624803902966E-006   4.9305524249269810E-002
   44.000000000000000        1857.8017476018665             1245         130   5.0448492334754937E-005   4.9305524249269810E-002
   45.000000000000000        1864.4559707302335             2423         130   1.8762582773386679E-004   4.9305524249269810E-002
   46.000000000000000        1871.0598115241435              989         130   6.5666529602625526E-005   4.9305524249269810E-002
   47.000000000000000        1877.6097582615175             1366         130   2.5625612876634980E-005   4.9305524249269810E-002
   48.000000000000000        1884.1120211585619              127         130   3.3546250093759921E-003   4.9305524249269810E-002
   49.000000000000000        1890.5670407975813             1336         130   3.4611700096470908E-003   4.9305524249269810E-002
   50.000000000000000        1896.9755569226802             1168         130   1.9251427946323518E-003   4.9305524249269810E-002
   51.000000000000000        1903.3376945841983              459         130   2.5954575338323289E-006   4.9305524249269810E-002
   52.000000000000000        1910.6075504831556             1987         131   1.1375947217727735E-003   4.9305524249269810E-002
   53.000000000000000        1917.1058456306132             3506         131   1.2379513087783186E-003   4.9305524249269810E-002
   54.000000000000000        1923.3507060446354             1439         131   2.5854345682893825E-004   4.9305524249269810E-002
   55.000000000000000        1929.5538485108923             3683         131   2.6181082983583945E-002   4.9305524249269810E-002
   56.000000000000000        1935.7168603504113             4069         131   5.2851855780731469E-002   5.2851855780731469E-002
   57.000000000000000        1941.8404932199876             1245         131   6.4248381038835384E-005   5.2851855780731469E-002
   58.000000000000000        1947.9246578573716             1467         131   5.8807310977286390E-008   5.2851855780731469E-002
   59.000000000000000        1953.9713606013802             1543         131   2.4783992025942722E-005   5.2851855780731469E-002
   60.000000000000000        1959.9812923967788             1122         131   6.7919179444629763E-003   5.2851855780731469E-002
   61.000000000000000        1965.9545428425540             1659         131   2.3893814775736622E-005   5.2851855780731469E-002
   62.000000000000000        1971.8971003395168             2921         131   1.0271331534165644E-004   5.2851855780731469E-002
   63.000000000000000        1977.8027743011046             1201         131   5.9285957286410677E-003   5.2851855780731469E-002
   64.000000000000000        1983.6788770015012              986         131   1.4175438259819323E-006   5.2851855780731469E-002
   65.000000000000000        1989.5212063401243             1148         131   1.2912540576781568E-004   5.2851855780731469E-002
   66.000000000000000        1995.3337369588878              728         131   3.4179243964854129E-006   5.2851855780731469E-002
   67.000000000000000        2001.1165825467931             1968         131   1.0992952634059688E-004   5.2851855780731469E-002
   68.000000000000000        2006.8705862568866             2316         131   2.0759253488222403E-004   5.2851855780731469E-002
   69.000000000000000        2012.5966039341949             1173         131   5.5141997254832411E-008   5.2851855780731469E-002
   70.000000000000000        2018.2980457348649              711         131   9.1293195480625105E-011   5.2851855780731469E-002
   71.000000000000000        2023.9666200228257             1457         131   4.6873941425863288E-005   5.2851855780731469E-002
   72.000000000000000        2029.6134593503414             2711         131   5.5300932794579570E-008   5.2851855780731469E-002
   73.000000000000000        2035.2371003911780             4393         131   1.4154707755489973E-002   5.2851855780731469E-002
   74.000000000000000        2040.8331804802310              263         131   1.2494472560161812E-006   5.2851855780731469E-002
   75.000000000000000        2046.4074487811295              888         131   1.8539207127690001E-003   5.2851855780731469E-002
   76.000000000000000        2051.9617939180816             1141         131   1.5582648252460040E-005   5.2851855780731469E-002
   77.000000000000000        2057.4914038480065             1382         131   1.6562950958341871E-002   5.2851855780731469E-002
   78.000000000000000        2062.9956303019844              401         131   3.7833319954158422E-007   5.2851855780731469E-002
   79.000000000000000        2068.4821452415722             1132         131   7.6378599395383572E-003   5.2851855780731469E-002
   80.000000000000000        2073.9494906522700             1766         131   1.1409193967073209E-002   5.2851855780731469E-002
   81.000000000000000        2079.3953479649331             1693         131   2.1812724155014446E-003   5.2851855780731469E-002
   82.000000000000000        2084.8205497509289              569         131   4.1554274385925231E-005   5.2851855780731469E-002
   83.000000000000000        2090.2298027386441             1946         131   1.2525366635064435E-002   5.2851855780731469E-002
   84.000000000000000        2095.6166791439773              674         131   8.8888048221232596E-005   5.2851855780731469E-002
   85.000000000000000        2100.9889299094589             2648         131   2.5542885132036546E-002   5.2851855780731469E-002
   86.000000000000000        2106.3398405892149              444         131   5.3760058357331542E-003   5.2851855780731469E-002
   87.000000000000000        2111.6750324682066              357         131   3.5221493140328774E-003   5.2851855780731469E-002
   88.000000000000000        2116.9929446202195             1805         131   6.0717123230198059E-004   5.2851855780731469E-002
   89.000000000000000        2122.2949324947722             1619         131   7.7446662716398641E-003   5.2851855780731469E-002
   90.000000000000000        2127.5791000959184              401         131   4.4954611023999589E-006   5.2851855780731469E-002
   91.000000000000000        2132.8471842202252              385         131   3.2936251577854393E-003   5.2851855780731469E-002
   92.000000000000000        2138.0991490283614              540         131   1.2345219775404759E-002   5.2851855780731469E-002
   93.000000000000000        2143.3357069313515             1399         131   4.1628751486771426E-003   5.2851855780731469E-002
   94.000000000000000        2148.5555796682215              435         131   3.9283336898996503E-004   5.2851855780731469E-002
   95.000000000000000        2153.7603575263720               60         131   8.5851332785560307E-003   5.2851855780731469E-002
   96.000000000000000        2158.9497608679703             1113         131   6.7670051959785402E-003   5.2851855780731469E-002
   97.000000000000000        2164.1239093460927              103         131   6.4552779074963590E-003   5.2851855780731469E-002
   98.000000000000000        2169.2829171262806              413         131   6.3338893178856289E-003   5.2851855780731469E-002
   99.000000000000000        2174.4270305448536              298         131   6.9586898310807394E-005   5.2851855780731469E-002
   100.00000000000000        2179.5560760905964              114         131   1.7510532155877922E-004   5.2851855780731469E-002
   101.00000000000000        2184.6702502272183              471         131   3.4720361160123220E-004   5.2851855780731469E-002
   102.00000000000000        2189.7696130586819               84         131   8.6863225396203948E-004   5.2851855780731469E-002
   103.00000000000000        2194.8542259010283              197         131   1.2675855897053756E-003   5.2851855780731469E-002
   104.00000000000000        2199.9241753870920              258         131   1.6242686557925688E-003   5.2851855780731469E-002
   105.00000000000000        2204.9796133272830              138         131   1.8726205163641628E-003   5.2851855780731469E-002
   106.00000000000000        2210.0196272167414              457         131   3.1696599438436966E-004   5.2851855780731469E-002
   107.00000000000000        2215.0469249695047              229         131   3.5998713247761271E-003   5.2851855780731469E-002
   108.00000000000000        2220.0584535875882              113         131   4.7891719477461975E-003   5.2851855780731469E-002
   109.00000000000000        2225.0552103036957              318         131   6.0487726428645741E-003   5.2851855780731469E-002
   110.00000000000000        2230.0369770388743             1606         131   7.1667582467943294E-003   5.2851855780731469E-002
   111.00000000000000        2235.0045245696642              803         131   6.1540444839406957E-003   5.2851855780731469E-002
   112.00000000000000        2239.9561699998421             1036         131   1.1456641508256536E-002   5.2851855780731469E-002
   113.00000000000000        2244.8914863162372              198         131   1.1741423507863082E-003   5.2851855780731469E-002
   114.00000000000000        2249.8134370512457              293         131   7.3068435528791823E-004   5.2851855780731469E-002
   115.00000000000000        2254.7210856216002              443         131   1.0728086767371951E-004   5.2851855780731469E-002
   116.00000000000000        2259.6147043673404             2174         131   1.0410165639447438E-002   5.2851855780731469E-002
   117.00000000000000        2264.4916609047568              267         131   7.1854219933722895E-008   5.2851855780731469E-002
   118.00000000000000        2269.3564785664003              229         131   3.7551058404344090E-003   5.2851855780731469E-002
   119.00000000000000        2281.9591903370756             1912         132   1.8153488459161345E-003   5.2851855780731469E-002
   120.00000000000000        2296.9981373306882              430         132   1.1116016238005557E-004   5.2851855780731469E-002
   121.00000000000000        2313.3928021371930              702         132   1.7493932333888507E-003   5.2851855780731469E-002
   122.00000000000000        2330.0991273058398              263         132   2.7410460010459194E-003   5.2851855780731469E-002
   123.00000000000000        2345.8272123838747              479         132   1.2584032229232931E-003   5.2851855780731469E-002
   124.00000000000000        2353.6235186549725              768         132   8.9813677630112005E-005   5.2851855780731469E-002
   125.00000000000000        2358.2451364982526               14         132   1.0936389140459525E-006   5.2851855780731469E-002
   126.00000000000000        2362.8509010455532               62         132   1.7430281306508123E-006   5.2851855780731469E-002
   127.00000000000000        2367.4409086222640               24         132   1.5431408666804174E-006   5.2851855780731469E-002
   128.00000000000000        2372.0152537030631              148         132   7.3019876164172566E-006   5.2851855780731469E-002
   129.00000000000000        2376.5740919714890               32         132   3.8702819220820506E-004   5.2851855780731469E-002
   130.00000000000000        2381.1173710970352              113         132   3.4941843723934883E-004   5.2851855780731469E-002
   131.00000000000000        2385.6455714562771               23         132   2.2367182394908746E-003   5.2851855780731469E-002
   132.00000000000000        2390.1577762190291               18         132   2.5235361984031962E-004   5.2851855780731469E-002
   133.00000000000000        2394.6552668395061              135         132   1.1166924763582600E-003   5.2851855780731469E-002
   134.00000000000000        2399.1376792734495               24         132   2.5216780755921526E-003   5.2851855780731469E-002
   135.00000000000000        2403.6049596720013               33         132   3.8626885749393422E-003   5.2851855780731469E-002
   136.00000000000000        2408.0572737069929               79         132   5.6100936497506361E-003   5.2851855780731469E-002
   137.00000000000000        2412.4945467089888               31         132   7.0662796491122925E-003   5.2851855780731469E-002
   138.00000000000000        2416.9162855480904               36         132   5.2616138761317679E-003   5.2851855780731469E-002
   139.00000000000000        2421.3226695442963               31         132   5.4815808527251093E-004   5.2851855780731469E-002
   140.00000000000000        2425.7152157962259               33         132   7.3803405304211707E-004   5.2851855780731469E-002
   0.0000000000000000        1469.8483595638741              328         132   2.3308766819981142E-003   5.2851855780731469E-002
   1.0000000000000000        1478.0134788593300              237         132   2.5163399118020175E-005   5.2851855780731469E-002
   2.0000000000000000        1496.7886063929682             1050         133   2.5530720076661359E-003   5.2851855780731469E-002
   3.0000000000000000        1512.0665272710114              118         133   3.2404734505214034E-004   5.2851855780731469E-002
   4.0000000000000000        1525.2441218528395              109         133   6.1267961010104681E-004   5.2851855780731469E-002
   5.0000000000000000        1537.2574686454996               93         133   4.0742390380369233E-006   5.2851855780731469E-002
   6.0000000000000000        1548.4447969877656              119         133   2.1006298504323502E-005   5.2851855780731469E-002
   7.0000000000000000        1558.9521483501935               82         133   1.0977815758867660E-007   5.2851855780731469E-002
   8.0000000000000000        1568.8480086611510              162         133   1.4897189637179986E-004   5.2851855780731469E-002
   9.0000000000000000        1578.1575241060218               84         133   3.7857175624540605E-004   5.2851855780731469E-002
   10.000000000000000        1590.8965392819694             1442         134   1.1418655325857335E-003   5.2851855780731469E-002
   11.000000000000000        1599.5521942965311               63         134   2.9537506480900848E-003   5.2851855780731469E-002
   12.000000000000000        1607.2695241848767              140         134   1.6118852013086772E-003   5.2851855780731469E-002
   13.000000000000000        1613.3566646559198              180         135   2.9534825270624359E-004   5.2851855780731469E-002
   14.000000000000000        1648.3934933870239             1797         136   9.7995968112266012E-005   5.2851855780731469E-002
   15.000000000000000        1652.0430471432360             1675         136   3.5129295212683389E-005   5.2851855780731469E-002
   16.000000000000000        1657.6529071184873             3515         137   1.8043659461066560E-003   5.2851855780731469E-002
   17.000000000000000        1671.9816939084512             2039         138   1.7764365553631659E-002   5.2851855780731469E-002
   18.000000000000000        1696.0147288520341              342         138   3.3171079029783624E-005   5.2851855780731469E-002
   19.000000000000000        1703.0948043988303              237         138   4.8999679930163251E-004   5.2851855780731469E-002
   20.000000000000000        1719.1219343014684              216         140   9.7251526550503286E-004   5.2851855780731469E-002
   21.000000000000000        1741.6904053440983               59         140   6.0625112559069197E-006   5.2851855780731469E-002
   22.000000000000000        1759.3226766309622             1028         141   8.4646023415678572E-003   5.2851855780731469E-002
   23.000000000000000        1764.2505358675196             1938         143   6.3793375213002995E-003   5.2851855780731469E-002
   24.000000000000000        1746.7525381632224              778         144   3.7812692446182257E-003   5.2851855780731469E-002
   25.000000000000000        1754.8769237326740              595         144   9.5419391784816298E-003   5.2851855780731469E-002
   26.000000000000000        1762.0099047797844             2244         144   1.2852909056522528E-010   5.2851855780731469E-002
   27.000000000000000        1770.0566808348863              674         144   1.8201271164969479E-006   5.2851855780731469E-002
   28.000000000000000        1778.0187263142823              157         144   2.9402833940869695E-004   5.2851855780731469E-002
   29.000000000000000        1785.8982968081639              147         144   2.6834854062595286E-008   5.2851855780731469E-002
   30.000000000000000        1793.6975762854331              200         144   2.0058213553135099E-004   5.2851855780731469E-002
   31.000000000000000        1801.4187130100815              288         144   5.1305822056639389E-003   5.2851855780731469E-002
   32.000000000000000        1809.0636212964876              402         144   3.8100106300156477E-003   5.2851855780731469E-002
   33.000000000000000        1816.6352078880680              440         144   5.5176963659072089E-003   5.2851855780731469E-002
   34.000000000000000        1824.1341424408386              446         144   1.1960924370539245E-006   5.2851855780731469E-002
   35.000000000000000        1831.5632670978544              264         144   6.5870493237734605E-003   5.2851855780731469E-002
   36.000000000000000        1838.9212375376865              405         144   3.3310714632463690E-006   5.2851855780731469E-002
   37.000000000000000        1846.2126171587029              524         144   3.6741492687508990E-003   5.2851855780731469E-002
   38.000000000000000        1853.4387947614725             1587         144   1.7729764551270082E-003   5.2851855780731469E-002
   39.000000000000000        1860.6019868791252             1451         144   5.4646692756755462E-008   5.2851855780731469E-002
   40.000000000000000        1867.7032721248888             1182         144   9.7494334922659989E-003   5.2851855780731469E-002
   41.000000000000000        1874.7446781579267             1918         144   1.0811330686386893E-002   5.2851855780731469E-002
   42.000000000000000        1881.7276666213979             1239         144   9.6028813611752185E-005   5.2851855780731469E-002
   43.000000000000000        1888.6520805299256             1196         144   7.9966419442282198E-007   5.2851855780731469E-002
   44.000000000000000        1895.5186330565255             1495         144   2.0421795989270883E-004   5.2851855780731469E-002
   45.000000000000000        1902.3327438985341              529         144   4.5557349343248402E-003   5.2851855780731469E-002
   46.000000000000000        1909.0950587941550             2137         144   8.6949255049115065E-007   5.2851855780731469E-002
   47.000000000000000        1915.8030281711010             2256         144   8.8592189867195484E-003   5.2851855780731469E-002
   48.000000000000000        1922.4624624618370              373         144   1.6648331984287844E-003   5.2851855780731469E-002
   49.000000000000000        1929.0718342767195             1383         144   1.5313257382099029E-005   5.2851855780731469E-002
   50.000000000000000        1935.6333932541399             1304         144   5.7063721242879760E-007   5.2851855780731469E-002
   51.000000000000000        1942.1484131608722             1318         144   2.6102780679318613E-005   5.2851855780731469E-002
   52.000000000000000        1948.6181485994853              592         144   1.4090257486559026E-004   5.2851855780731469E-002
   53.000000000000000        1955.0438136364926              724         144   1.7324274913384227E-006   5.2851855780731469E-002
   54.000000000000000        1962.4265350576720              862         145   3.6191308405911613E-003   5.2851855780731469E-002
   55.000000000000000        1968.8830692029699             2647         145   3.9639032394304654E-003   5.2851855780731469E-002
   56.000000000000000        1975.1905358166084             1570         145   2.8300704470622737E-006   5.2851855780731469E-002
   57.000000000000000        1981.4595044229306             1596         145   9.9935788933703954E-004   5.2851855780731469E-002
   58.000000000000000        1987.6888728866081             2268         145   1.6058673938587351E-005   5.2851855780731469E-002
   59.000000000000000        1993.8798030967662             1410         145   5.4113260687847034E-008   5.2851855780731469E-002
   60.000000000000000        2000.0333255624266             1465         145   7.4276678788131462E-005   5.2851855780731469E-002
   61.000000000000000        2006.1504229666057             1578         145   8.7417607257706166E-006   5.2851855780731469E-002
   62.000000000000000        2012.2297923660517             2249         145   9.8704710179977294E-005   5.2851855780731469E-002
   63.000000000000000        2018.2794304064403             2536         145   4.0229191287075281E-005   5.2851855780731469E-002
   64.000000000000000        2024.2932952608144             1859         145   3.2354037398624836E-004   5.2851855780731469E-002
   65.000000000000000        2030.2745771513084             1602         145   4.7374228223444453E-005   5.2851855780731469E-002
   66.000000000000000        2036.2232455300007             1169         145   2.1353650930436440E-004   5.2851855780731469E-002
   67.000000000000000        2042.1405844399194             2197         145   7.9950658567501491E-003   5.2851855780731469E-002
   68.000000000000000        2048.0295733710309             2576         145   7.5153881822783043E-006   5.2851855780731469E-002
   69.000000000000000        2053.8895352750374             1513         145   5.8559663867414213E-010   5.2851855780731469E-002
   70.000000000000000        2059.7227920487876             1948         145   1.6665327551602455E-004   5.2851855780731469E-002
   71.000000000000000        2065.5255422204718              600         145   1.3789910431996031E-004   5.2851855780731469E-002
   72.000000000000000        2071.3031425574545             3291         145   2.2275420648004512E-002   5.2851855780731469E-002
   73.000000000000000        2077.0562280397180             1933         145   1.3407598152565770E-004   5.2851855780731469E-002
   74.000000000000000        2082.7811972039613             2251         145   6.2105392244207261E-003   5.2851855780731469E-002
   75.000000000000000        2088.4830011995982              699         145   5.7168263237645425E-003   5.2851855780731469E-002
   76.000000000000000        2094.1607971759913             1439         145   4.7408988485612612E-008   5.2851855780731469E-002
   77.000000000000000        2099.8154116135224             1196         145   8.5875405818967177E-003   5.2851855780731469E-002
   78.000000000000000        2105.4472360871764             1161         145   4.8404242212030719E-005   5.2851855780731469E-002
   79.000000000000000        2111.0569714627050             2082         145   5.4630210705206223E-005   5.2851855780731469E-002
   80.000000000000000        2116.6475005265288             2462         145   1.2212158156733641E-002   5.2851855780731469E-002
   81.000000000000000        2122.2149810319138             1399         145   3.1332314568451150E-004   5.2851855780731469E-002
   82.000000000000000        2127.7616092944008             1224         145   5.4451985902424982E-003   5.2851855780731469E-002
   83.000000000000000        2133.2850538001981              530         145   4.1934358947260223E-005   5.2851855780731469E-002
   84.000000000000000        2138.7917462690070              471         145   6.9641772653895455E-006   5.2851855780731469E-002
   85.000000000000000        2144.2791728804136              948         145   1.7215472818644200E-003   5.2851855780731469E-002
   86.000000000000000        2149.7496271655191             1570         145   5.2077542302455086E-003   5.2851855780731469E-002
   87.000000000000000        2155.1996306126903              345         145   5.5980331580626026E-003   5.2851855780731469E-002
   88.000000000000000        2160.6295970950637              594         145   6.9601238825722116E-004   5.2851855780731469E-002
   89.000000000000000        2166.0453472097706             1537         145   9.1819111665280943E-003   5.2851855780731469E-002
   90.000000000000000        2171.4407230844527              542         145   1.6408530749235973E-003   5.2851855780731469E-002
   91.000000000000000        2176.8197870970330              130         145   8.4039501273295604E-003   5.2851855780731469E-002
   92.000000000000000        2182.1818169305034              142         145   7.4645480243737310E-003   5.2851855780731469E-002
   93.000000000000000        2187.5270316787146              985         145   6.5657173980034319E-003   5.2851855780731469E-002
   94.000000000000000        2192.8556400325492             1062         145   5.5985900044667252E-003   5.2851855780731469E-002
   95.000000000000000        2198.1678324640056             1036         145   4.7322462119552874E-003   5.2851855780731469E-002
   96.000000000000000        2203.4637818084416             1244         145   4.0789984703972181E-003   5.2851855780731469E-002
   97.000000000000000        2208.7436445882795             1039         145   3.7699990346458300E-003   5.2851855780731469E-002
   98.000000000000000        2214.0076730468536              373         145   2.9164725361497043E-003   5.2851855780731469E-002
   99.000000000000000        2219.2557932914324               80         145   5.4748794962374231E-004   5.2851855780731469E-002
   100.00000000000000        2224.4882188412062              106         145   1.4033157587821680E-003   5.2851855780731469E-002
   101.00000000000000        2229.7050119928126              162         145   4.0081693429309186E-004   5.2851855780731469E-002
   102.00000000000000        2234.9062955078689               63         145   6.2921008300617187E-004   5.2851855780731469E-002
   103.00000000000000        2240.0921434745214              151         145   8.7193843467720769E-004   5.2851855780731469E-002
   104.00000000000000        2245.2626686559174              445         145   1.1219478932608768E-003   5.2851855780731469E-002
   105.00000000000000        2250.4180426657304              171         145   1.8826309266288040E-003   5.2851855780731469E-002
   106.00000000000000        2255.5581330954742              298         145   1.4100689429246843E-003   5.2851855780731469E-002
   107.00000000000000        2260.6828719706614              334         145   3.2316117835242530E-003   5.2851855780731469E-002
   108.00000000000000        2265.7910253229857              418         145   2.6615813452574906E-004   5.2851855780731469E-002
   109.00000000000000        2270.8857650701489              366         145   2.5768168153167711E-003   5.2851855780731469E-002
   110.00000000000000        2275.9637287942446              963         145   1.9277400476914960E-003   5.2851855780731469E-002
   111.00000000000000        2281.0293171173494             1173         145   8.5403444481269436E-003   5.2851855780731469E-002
   112.00000000000000        2286.0767209563146               85         145   6.5474897092535900E-003   5.2851855780731469E-002
   113.00000000000000        2291.1089510942547              216         145   3.1273147621528022E-003   5.2851855780731469E-002
   114.00000000000000        2296.1276207629062              189         145   3.2954642367737639E-003   5.2851855780731469E-002
   115.00000000000000        2301.1287596615416              673         145   9.1073845484773095E-005   5.2851855780731469E-002
   116.00000000000000        2306.1159539747609             1409         145   3.6044448199144103E-004   5.2851855780731469E-002
   117.00000000000000        2311.0896016187999               74         145   3.7758191978838002E-003   5.2851855780731469E-002
   118.00000000000000        2316.0460939560057              276         145   3.6820040308433830E-003   5.2851855780731469E-002
   119.00000000000000        2323.6758192547322             2705         146   1.5371621246353176E-003   5.2851855780731469E-002
   120.00000000000000        2337.7040465181408              877         146   3.1897130113017801E-006   5.2851855780731469E-002
   121.00000000000000        2354.0061061553697             1111         146   1.4980618915289238E-003   5.2851855780731469E-002
   122.00000000000000        2371.4290500239163              538         146   1.5756534256620388E-003   5.2851855780731469E-002
   123.00000000000000        2388.8595667777449              489         146   1.0711125725953605E-002   5.2851855780731469E-002
   124.00000000000000        2402.4230801202038              863         146   2.7250731223046562E-003   5.2851855780731469E-002
   125.00000000000000        2407.1361899850826               88         146   9.7343799897414025E-007   5.2851855780731469E-002
   126.00000000000000        2411.8335539067157               42         146   1.5454888963106428E-006   5.2851855780731469E-002
   127.00000000000000        2416.5147604287135               26         146   6.4486023403611147E-007   5.2851855780731469E-002
   128.00000000000000        2421.1799177892772              209         146   2.9355192680255614E-005   5.2851855780731469E-002
   129.00000000000000        2425.8291982053524               22         146   4.8976751782874625E-004   5.2851855780731469E-002
   130.00000000000000        2430.4625265594232               30         146   4.5387780403850276E-004   5.2851855780731469E-002
   131.00000000000000        2435.0804258359390              154         146   2.3274350326410345E-003   5.2851855780731469E-002
   132.00000000000000        2439.6819601231509               94         146   2.5220031592421989E-004   5.2851855780731469E-002
   133.00000000000000        2444.2684378667623               71         146   1.0604901692980895E-003   5.2851855780731469E-002
   134.00000000000000        2448.8395039286415              142         146   2.4025647733277771E-003   5.2851855780731469E-002
   135.00000000000000        2453.3951066775244               32         146   3.6419414789246882E-003   5.2851855780731469E-002
   136.00000000000000        2457.9354248275599               58         146   5.2696200256984018E-003   5.2851855780731469E-002
   137.00000000000000        2462.4605102467331               59         146   7.1871743501222031E-003   5.2851855780731469E-002
   138.00000000000000        2466.9696276099048              179         146   5.1877149921563384E-003   5.2851855780731469E-002
   139.00000000000000        2471.4631381908880               48         146   5.0645945191090790E-004   5.2851855780731469E-002
   140.00000000000000        2475.9425221114157               46         146   6.8348628236089483E-004   5.2851855780731469E-002
   0.0000000000000000        1499.2133204394606              198         146   5.3435006574011751E-004   5.2851855780731469E-002
   1.0000000000000000        1507.5378399773231              343         146   2.2404457238747776E-003   5.2851855780731469E-002
   2.0000000000000000        1526.6436468156116             1405         147   1.1526564552651708E-003   5.2851855780731469E-002
   3.0000000000000000        1542.5538693455576              104         147   1.1023387441594391E-004   5.2851855780731469E-002
   4.0000000000000000        1556.1968270315822              129         147   1.5997540996607195E-003   5.2851855780731469E-002
   5.0000000000000000        1568.5928559878589               71         147   1.8453099380614046E-006   5.2851855780731469E-002
   6.0000000000000000        1580.1150584702200               99         147   5.5347234427055034E-003   5.2851855780731469E-002
   7.0000000000000000        1590.9223705152926              101         147   5.0481406876097101E-004   5.2851855780731469E-002
   8.0000000000000000        1601.0898414760961               78         147   4.2012833026787341E-004   5.2851855780731469E-002
   9.0000000000000000        1610.6459396313512              170         147   1.2396021518016091E-004   5.2851855780731469E-002
   10.000000000000000        1623.5007417905356              673         148   1.3397878438763556E-003   5.2851855780731469E-002
   11.000000000000000        1632.3402535686257               63         148   6.2052128807342302E-003   5.2851855780731469E-002
   12.000000000000000        1640.1728835339718              108         148   1.0204739035165650E-003   5.2851855780731469E-002
   13.000000000000000        1646.2174969721837              171         149   2.2199789385588639E-009   5.2851855780731469E-002
   14.000000000000000        1681.2862270134788             2240         150   4.7605729433456267E-003   5.2851855780731469E-002
   15.000000000000000        1686.0765881009602             1566         150   1.3239370160628590E-003   5.2851855780731469E-002
   16.000000000000000        1692.1094545539277              874         150   1.2459201226279285E-006   5.2851855780731469E-002
   17.000000000000000        1702.0472174259403             1159         151   5.7429115953135164E-002   5.7429115953135164E-002
   18.000000000000000        1731.5015479892788              432         151   2.2561971724390772E-004   5.7429115953135164E-002
   19.000000000000000        1738.7982640160317               29         151   7.0018923877853938E-006   5.7429115953135164E-002
   20.000000000000000        1746.6338485412073               95         152   1.2296227358098819E-003   5.7429115953135164E-002
   21.000000000000000        1770.3436816379733              106         153   2.6101621607814928E-003   5.7429115953135164E-002
   22.000000000000000        1791.8102135647098              446         154   5.5278667974861433E-003   5.7429115953135164E-002
   23.000000000000000        1799.7956092013403             2079         156   1.5258114850558451E-005   5.7429115953135164E-002
   24.000000000000000        1781.6175022236421             1228         157   3.2402544111738516E-003   5.7429115953135164E-002
   25.000000000000000        1789.9479518444632              482         157   9.0677309030892201E-006   5.7429115953135164E-002
   26.000000000000000        1797.2720468737807             1424         157   7.1148120306880648E-003   5.7429115953135164E-002
   27.000000000000000        1805.5103892830093              754         157   5.2979569405058220E-004   5.7429115953135164E-002
   28.000000000000000        1813.6588557212747              712         157   1.2245302197519246E-004   5.7429115953135164E-002
   29.000000000000000        1821.7247133144972              181         157   4.9563033709279123E-004   5.7429115953135164E-002
   30.000000000000000        1829.7085142863214               81         157   2.7334072349535203E-005   5.7429115953135164E-002
   31.000000000000000        1837.6124137716522              179         157   3.7427169273384700E-008   5.7429115953135164E-002
   32.000000000000000        1845.4384908936106              529         157   4.5172048133267821E-004   5.7429115953135164E-002
   33.000000000000000        1853.1887415751503              431         157   1.0567838215478332E-003   5.7429115953135164E-002
   34.000000000000000        1860.8651144457788              301         157   6.9062954348781715E-003   5.7429115953135164E-002
   35.000000000000000        1868.4694909051568              230         157   2.8685909826665725E-003   5.7429115953135164E-002
   36.000000000000000        1876.0035945652078              437         157   3.8782769072958964E-008   5.7429115953135164E-002
   37.000000000000000        1883.4693801898350              466         157   2.4679882152319596E-006   5.7429115953135164E-002
   38.000000000000000        1890.8705054362033             2067         157   9.5392102945824101E-006   5.7429115953135164E-002
   39.000000000000000        1898.2046222111710              675         157   6.4364283573756402E-007   5.7429115953135164E-002
   40.000000000000000        1905.4733133219936              474         157   2.1494260275495389E-003   5.7429115953135164E-002
   41.000000000000000        1912.6822741128681             1142         157   3.2990808699734286E-003   5.7429115953135164E-002
   42.000000000000000        1919.8317692388862             1524         157   5.2146889433550697E-003   5.7429115953135164E-002
   43.000000000000000        1926.9230885944287             1240         157   1.1839456520459143E-004   5.7429115953135164E-002
   44.000000000000000        1933.9537207296528             1277         157   3.5980718572816953E-003   5.7429115953135164E-002
   45.000000000000000        1940.9328912704693             4732         157   7.4071724433023003E-010   5.7429115953135164E-002
   46.000000000000000        1947.8555460771306              280         157   8.0632643669933495E-006   5.7429115953135164E-002
   47.000000000000000        1954.7252478759135             1414         157   1.0445819645236221E-004   5.7429115953135164E-002
   48.000000000000000        1961.5432892878118              698         157   3.9043936814901753E-007   5.7429115953135164E-002
   49.000000000000000        1968.3110837106108              379         157   1.4106968812383274E-005   5.7429115953135164E-002
   50.000000000000000        1975.0275676856654             1203         157   1.8015098579318530E-006   5.7429115953135164E-002
   51.000000000000000        1981.6986850593732             2088         157   8.7118868287428019E-004   5.7429115953135164E-002
   52.000000000000000        1988.3249087637964             1595         157   2.0737184800391105E-003   5.7429115953135164E-002
   53.000000000000000        1994.9052843186048              636         157   3.9472441795608036E-005   5.7429115953135164E-002
   54.000000000000000        2001.4407998316458             2285         157   2.2775313585504971E-006   5.7429115953135164E-002
   55.000000000000000        2007.9335149667422             1777         157   3.1541765213261921E-007   5.7429115953135164E-002
   56.000000000000000        2014.3843863020670             3281         159   1.6358907789841025E-002   5.7429115953135164E-002
   57.000000000000000        2021.8416496416251             2341         160   7.0211173732630965E-005   5.7429115953135164E-002
   58.000000000000000        2028.2217167343911             2743         160   2.5751710132606643E-004   5.7429115953135164E-002
   59.000000000000000        2034.5597897247526              475         160   1.7312717978786298E-004   5.7429115953135164E-002
   60.000000000000000        2040.8594090349472             1716         160   3.9266104015500790E-006   5.7429115953135164E-002
   61.000000000000000        2047.1216090971966              984         160   2.4498480365007689E-004   5.7429115953135164E-002
   62.000000000000000        2053.3473228268108             1836         160   7.2282514763098238E-004   5.7429115953135164E-002
   63.000000000000000        2059.5348066483130             1278         160   8.4464167743565112E-003   5.7429115953135164E-002
   64.000000000000000        2065.6904842713034              920         160   8.5454183747339107E-005   5.7429115953135164E-002
   65.000000000000000        2071.8125585580674              270         160   5.1249274789573571E-006   5.7429115953135164E-002
   66.000000000000000        2077.9019520019879             1464         160   5.0874306115317423E-003   5.7429115953135164E-002
   67.000000000000000        2083.9613149254742             1168         160   9.9459758258386524E-006   5.7429115953135164E-002
   68.000000000000000        2089.9891727741656             2076         160   5.3479474696753226E-005   5.7429115953135164E-002
   69.000000000000000        2095.9844305558604              511         160   8.8750083321667691E-004   5.7429115953135164E-002
   70.000000000000000        2101.9516025185039              871         160   6.4547751841048326E-004   5.7429115953135164E-002
   71.000000000000000        2107.8884956358529              645         160   1.6819310122471800E-004   5.7429115953135164E-002
   72.000000000000000        2113.8010981776206              564         160   2.1898925041477621E-004   5.7429115953135164E-002
   73.000000000000000        2119.6850128644023             1620         160   7.1078263755155920E-003   5.7429115953135164E-002
   74.000000000000000        2125.5406731854414              336         160   3.9843834983898756E-002   5.7429115953135164E-002
   75.000000000000000        2131.3725018700070             1327         160   9.5148814644844711E-003   5.7429115953135164E-002
   76.000000000000000        2137.1795168627618             3138         160   3.8623629510166978E-002   5.7429115953135164E-002
   77.000000000000000        2142.9617275351925             1728         160   1.3773107842765977E-003   5.7429115953135164E-002
   78.000000000000000        2148.7203764883147             1411         160   1.2422199895039036E-003   5.7429115953135164E-002
   79.000000000000000        2154.4557979108204             1187         160   3.5984783177925660E-002   5.7429115953135164E-002
   80.000000000000000        2160.1685243424768              278         160   5.0779324184555392E-006   5.7429115953135164E-002
   81.000000000000000        2165.8606706528867             1839         160   4.3449603917311623E-007   5.7429115953135164E-002
   82.000000000000000        2171.5297249007458             1692         160   1.3891560540934768E-002   5.7429115953135164E-002
   83.000000000000000        2177.1758801201954             1586         160   3.0685146418333391E-003   5.7429115953135164E-002
   84.000000000000000        2182.8029491006655             1210         160   9.7134439546308210E-003   5.7429115953135164E-002
   85.000000000000000        2188.4107283568769              779         160   3.9440437776332278E-002   5.7429115953135164E-002
   86.000000000000000        2193.9976315853260             1608         160   3.7921860479931969E-005   5.7429115953135164E-002
   87.000000000000000        2199.5658737071485             2219         160   9.3210838439350217E-003   5.7429115953135164E-002
   88.000000000000000        2205.1143861374849             1436         160   1.9510639530862588E-005   5.7429115953135164E-002
   89.000000000000000        2210.6413095891958              293         160   2.2183616376579122E-007   5.7429115953135164E-002
   90.000000000000000        2216.1540735737813             2376         160   1.2111566608528357E-002   5.7429115953135164E-002
   91.000000000000000        2221.6445867625721              860         160   3.8562582640675592E-004   5.7429115953135164E-002
   92.000000000000000        2227.1191205034711             1230         160   1.5605344222259904E-003   5.7429115953135164E-002
   93.000000000000000        2232.5759175993385             1122         160   2.7031620429123948E-003   5.7429115953135164E-002
   94.000000000000000        2238.0164594533635             1226         160   5.5222247275944700E-003   5.7429115953135164E-002
   95.000000000000000        2243.4377523073695             1035         160   2.3318099389425789E-003   5.7429115953135164E-002
   96.000000000000000        2248.8426022689614             1141         160   2.2941403722961020E-003   5.7429115953135164E-002
   97.000000000000000        2254.2305287583858              105         160   2.6234698347935206E-003   5.7429115953135164E-002
   98.000000000000000        2259.6017859858866              203         160   3.8004019994576735E-004   5.7429115953135164E-002
   99.000000000000000        2264.9563708154838              178         160   9.9355459946704199E-004   5.7429115953135164E-002
   100.00000000000000        2270.2944835969638               62         160   1.9515607893726729E-003   5.7429115953135164E-002
   101.00000000000000        2275.6162041562043              144         160   4.9619911753473911E-004   5.7429115953135164E-002
   102.00000000000000        2280.9216994337389              135         160   7.3296790900612152E-004   5.7429115953135164E-002
   103.00000000000000        2286.2110598435211              174         160   9.7567298491221680E-004   5.7429115953135164E-002
   104.00000000000000        2291.4844223831410              206         160   1.1890593297911162E-003   5.7429115953135164E-002
   105.00000000000000        2296.7419694481732              106         160   1.6173291548494844E-003   5.7429115953135164E-002
   106.00000000000000        2301.9838111967706              236         160   3.2686947360290532E-003   5.7429115953135164E-002
   107.00000000000000        2307.2105094766976              819         160   3.2040507237055451E-003   5.7429115953135164E-002
   108.00000000000000        2312.4186846306661              332         160   1.6509143098493839E-003   5.7429115953135164E-002
   109.00000000000000        2317.6114975363957              479         160   9.2159350168916901E-004   5.7429115953135164E-002
   110.00000000000000        2322.7916713179538              146         160   7.8780711021642948E-003   5.7429115953135164E-002
   111.00000000000000        2327.9535878249098              210         160   8.4571658100843008E-003   5.7429115953135164E-002
   112.00000000000000        2333.0993697918530             1315         160   7.1357468859897227E-003   5.7429115953135164E-002
   113.00000000000000        2338.2288960072142              425         160   1.0683151140479499E-007   5.7429115953135164E-002
   114.00000000000000        2343.3456155028903              307         160   4.1823721414273882E-003   5.7429115953135164E-002
   115.00000000000000        2348.4445712437082              482         160   9.4628834155594975E-004   5.7429115953135164E-002
   116.00000000000000        2353.5269249380162              429         160   1.5202791170890692E-003   5.7429115953135164E-002
   117.00000000000000        2358.5964809354691              230         160   3.6031807623212999E-003   5.7429115953135164E-002
   118.00000000000000        2363.6493252346763              331         160   3.6425211565675225E-003   5.7429115953135164E-002
   119.00000000000000        2368.6855027378961              366         160   2.8509743297048286E-003   5.7429115953135164E-002
   120.00000000000000        2379.6238893096638              825         161   1.0261018648679903E-003   5.7429115953135164E-002
   121.00000000000000        2395.1036272227593             1758         161   9.8610895235287316E-005   5.7429115953135164E-002
   122.00000000000000        2412.6373167816378             1164         161   6.3256007744865511E-003   5.7429115953135164E-002
   123.00000000000000        2431.1579131722137             1237         161   8.0400254964688410E-003   5.7429115953135164E-002
   124.00000000000000        2449.2894627036035              394         161   2.8574633555524635E-003   5.7429115953135164E-002
   125.00000000000000        2456.9863746129013              846         161   7.9912055436855088E-005   5.7429115953135164E-002
   126.00000000000000        2461.7774095371833              107         161   6.1048244349976920E-007   5.7429115953135164E-002
   127.00000000000000        2466.5518683582636               28         161   1.6263070807342055E-006   5.7429115953135164E-002
   128.00000000000000        2471.3098738335239               23         161   7.1374662964390835E-005   5.7429115953135164E-002
   129.00000000000000        2476.0516013571541               17         161   5.7145513484892034E-004   5.7429115953135164E-002
   130.00000000000000        2480.7769380718637              108         161   1.9484417546923276E-004   5.7429115953135164E-002
   131.00000000000000        2485.4865696596376               56         161   2.5644094169048944E-003   5.7429115953135164E-002
   132.00000000000000        2490.1793680000092               63         161   2.7948624096501201E-004   5.7429115953135164E-002
   133.00000000000000        2494.8567738479942               32         161   1.0740053448713000E-003   5.7429115953135164E-002
   134.00000000000000        2499.5184003642607               44         161   2.3297810682670469E-003   5.7429115953135164E-002
   135.00000000000000        2504.1642239401531               32         161   3.4958426127175792E-003   5.7429115953135164E-002
   136.00000000000000        2508.7944231510946               33         161   5.0234885518886940E-003   5.7429115953135164E-002
   137.00000000000000        2513.4090715359039               71         161   6.8781505392188479E-003   5.7429115953135164E-002
   138.00000000000000        2518.0074889192952               27         161   5.1071415165709656E-003   5.7429115953135164E-002
   139.00000000000000        2522.5899492433791              146         161   4.7353819522251119E-004   5.7429115953135164E-002
   140.00000000000000        2527.1579701152091               25         161   6.3899884342336207E-004   5.7429115953135164E-002
   0.0000000000000000        1529.0386288140141              262         161   8.7193418134450001E-005   5.7429115953135164E-002
   1.0000000000000000        1537.5848356563695             1371         161   4.8436920885019724E-003   5.7429115953135164E-002
   2.0000000000000000        1556.9831812742827              707         162   1.6157554280798938E-003   5.7429115953135164E-002
   3.0000000000000000        1573.5482443961287              326         162   9.4451806330770845E-004   5.7429115953135164E-002
   4.0000000000000000        1587.6813279619259              116         162   2.2566379221754829E-005   5.7429115953135164E-002
   5.0000000000000000        1600.4793262612361              132         162   2.2479761027954324E-006   5.7429115953135164E-002
   6.0000000000000000        1612.3528512217231               74         162   1.7104527611987819E-003   5.7429115953135164E-002
   7.0000000000000000        1623.4742724970649               70         162   1.5647383199612528E-004   5.7429115953135164E-002
   8.0000000000000000        1633.9259522626992              144         162   1.4643410453414045E-003   5.7429115953135164E-002
   9.0000000000000000        1643.7389822635034              128         162   5.6207620351594626E-003   5.7429115953135164E-002
   10.000000000000000        1656.7017377700261             1022         163   9.7780679479395581E-004   5.7429115953135164E-002
   11.000000000000000        1665.7300189404923               79         163   4.8086374886951397E-005   5.7429115953135164E-002
   12.000000000000000        1673.6839565491844               96         163   9.0264053332994258E-003   5.7429115953135164E-002
   13.000000000000000        1679.6755921823412              173         164   2.1110254771287410E-008   5.7429115953135164E-002
   14.000000000000000        1714.7360707747973             1009         165   2.2637499149523450E-003   5.7429115953135164E-002
   15.000000000000000        1720.7635515176219              434         165   4.6118292690065675E-003   5.7429115953135164E-002
   16.000000000000000        1727.2295043727465             3027         165   4.2564916513077039E-004   5.7429115953135164E-002
   17.000000000000000        1735.5966114309183               32         165   4.4497438412804921E-007   5.7429115953135164E-002
   18.000000000000000        1767.6798444865385              417         166   1.5550819388679783E-005   5.7429115953135164E-002
   19.000000000000000        1775.1568256964752               48         166   5.6563052870780276E-006   5.7429115953135164E-002
   20.000000000000000        1782.9316068798048              254         167   3.7160108955851609E-004   5.7429115953135164E-002
   21.000000000000000        1797.8260978913897             1048         168   2.6271451857088363E-003   5.7429115953135164E-002
   22.000000000000000        1823.8576415850771              258         169   4.3082363182552295E-003   5.7429115953135164E-002
   23.000000000000000        1835.8927114272817             2373         171   4.4038504087617648E-003   5.7429115953135164E-002
   24.000000000000000        1817.0912986234814             2397         172   1.1389979102123754E-003   5.7429115953135164E-002
   25.000000000000000        1825.6574744562022              453         172   4.5156512944936290E-003   5.7429115953135164E-002
   26.000000000000000        1833.1889286320800             1622         172   2.5419886179107900E-003   5.7429115953135164E-002
   27.000000000000000        1841.6219860137821              645         172   5.8410443797109381E-003   5.7429115953135164E-002
   28.000000000000000        1849.9631422958414              330         172   1.2984665837580178E-008   5.7429115953135164E-002
   29.000000000000000        1858.2213422071552              515         172   6.5227159186995150E-003   5.7429115953135164E-002
   30.000000000000000        1866.3946764720729              456         172   6.7165815660667869E-004   5.7429115953135164E-002
   31.000000000000000        1874.4836773808072              177         172   1.1000797163033791E-007   5.7429115953135164E-002
   32.000000000000000        1882.4952537402364              345         172   4.2184161865617084E-004   5.7429115953135164E-002
   33.000000000000000        1890.4293433780142               82         172   9.1793845402142428E-004   5.7429115953135164E-002
   34.000000000000000        1898.2879369748666              139         172   1.5598772164815296E-003   5.7429115953135164E-002
   35.000000000000000        1906.0729586271495              790         172   2.2490965554356687E-003   5.7429115953135164E-002
   36.000000000000000        1913.7862714754879             1368         172   2.8260738448302658E-003   5.7429115953135164E-002
   37.000000000000000        1921.4295685377836              600         172   2.2982539377514816E-003   5.7429115953135164E-002
   38.000000000000000        1929.0048300680485              787         172   9.1364289159713382E-008   5.7429115953135164E-002
   39.000000000000000        1936.5132942126527             1511         172   2.0413531832878896E-002   5.7429115953135164E-002
   40.000000000000000        1943.9579028833978             1212         172   1.1164789426206989E-002   5.7429115953135164E-002
   41.000000000000000        1951.3388098702467             1147         172   2.2400394428771240E-003   5.7429115953135164E-002
   42.000000000000000        1958.6581726092390             1738         172   3.0150399294652617E-005   5.7429115953135164E-002
   43.000000000000000        1965.9175049805806              649         172   5.5094716465588963E-005   5.7429115953135164E-002
   44.000000000000000        1973.1180861603466             1261         172   7.1984165448218508E-003   5.7429115953135164E-002
   45.000000000000000        1980.2619477026276             1060         172   2.3769751868831998E-003   5.7429115953135164E-002
   46.000000000000000        1987.3502232519422              167         172   9.0199270894697186E-003   5.7429115953135164E-002
   47.000000000000000        1994.3839507659418             1305         172   2.9992814507481338E-002   5.7429115953135164E-002
   48.000000000000000        2001.3649422749490              295         172   1.7359019030472311E-008   5.7429115953135164E-002
   49.000000000000000        2008.2945343977813              582         172   5.9875810384371099E-004   5.7429115953135164E-002
   50.000000000000000        2015.1739627783122              193         172   3.4745805714231403E-004   5.7429115953135164E-002
   51.000000000000000        2022.0045197930565             1070         172   5.8102060661804657E-003   5.7429115953135164E-002
   52.000000000000000        2028.7874359093448             1115         172   1.1709914909363216E-005   5.7429115953135164E-002
   53.000000000000000        2035.5239880020908              447         172   3.8882598692551277E-006   5.7429115953135164E-002
   54.000000000000000        2042.2182463480003             3123         172   5.7731468762574879E-005   5.7429115953135164E-002
   55.000000000000000        2048.8627851764704              709         172   1.2862307811151901E-003   5.7429115953135164E-002
   56.000000000000000        2055.4703153973355             3139         172   1.2808017013900435E-004   5.7429115953135164E-002
   57.000000000000000        2062.0332387344183             1297         172   3.6469199671424759E-004   5.7429115953135164E-002
   58.000000000000000        2068.5525769649093             1434         172   4.8886609447924638E-004   5.7429115953135164E-002
   59.000000000000000        2076.0206047833512             2898         173   2.6382594269396681E-003   5.7429115953135164E-002
   60.000000000000000        2082.4692072418866             3327         173   2.4487254052444792E-003   5.7429115953135164E-002
   61.000000000000000        2088.8793061525162             2134         173   1.2407636674528885E-003   5.7429115953135164E-002
   62.000000000000000        2095.2518740205451             3654         173   5.3895775967108709E-005   5.7429115953135164E-002
   63.000000000000000        2101.5888501668942             2344         173   1.4123414202766928E-006   5.7429115953135164E-002
   64.000000000000000        2107.8893163652087             1407         173   1.3795052248749895E-004   5.7429115953135164E-002
   65.000000000000000        2114.1539672141867              696         173   3.2701267556335754E-005   5.7429115953135164E-002
   66.000000000000000        2120.3870666380358             1276         173   1.1671254635705390E-005   5.7429115953135164E-002
   67.000000000000000        2126.5848967308289             1640         173   2.8218011396182009E-005   5.7429115953135164E-002
   68.000000000000000        2132.7518583114870              354         173   1.7173651904299454E-004   5.7429115953135164E-002
   69.000000000000000        2138.8875970586778              137         173   9.9207064016838950E-005   5.7429115953135164E-002
   70.000000000000000        2144.9929198108052              175         173   1.7142067843539165E-008   5.7429115953135164E-002
   71.000000000000000        2151.0697975722373             4003         173   1.0083100689453577E-002   5.7429115953135164E-002
   72.000000000000000        2157.1154067443354              674         173   1.6329533578193392E-003   5.7429115953135164E-002
   73.000000000000000        2163.1340620047526              531         173   2.4432697099401287E-005   5.7429115953135164E-002
   74.000000000000000        2169.1253586395210             1179         173   4.8795313227293592E-003   5.7429115953135164E-002
   75.000000000000000        2175.0897249942200              430         173   3.4922422412587728E-004   5.7429115953135164E-002
   76.000000000000000        2181.0281599370460             1441         173   1.9617797969597724E-002   5.7429115953135164E-002
   77.000000000000000        2186.9411441115553             2413         173   2.1398472590614899E-002   5.7429115953135164E-002
   78.000000000000000        2192.8288069894907              265         173   3.8349538160922260E-005   5.7429115953135164E-002
   79.000000000000000        2198.6924677886350              661         173   7.4379212643347148E-003   5.7429115953135164E-002
   80.000000000000000        2204.5323568867302              255         173   2.6187993130414358E-004   5.7429115953135164E-002
   81.000000000000000        2210.3490240545420             2754         173   2.1006247083671060E-003   5.7429115953135164E-002
   82.000000000000000        2216.1459751496041              749         173   8.9840462458221221E-003   5.7429115953135164E-002
   83.000000000000000        2221.9147018222525             1148         173   2.2360580787532313E-003   5.7429115953135164E-002
   84.000000000000000        2227.6646890621623             2209         173   7.6096068759374776E-003   5.7429115953135164E-002
   85.000000000000000        2233.3943896586707              780         173   7.1578826454850005E-003   5.7429115953135164E-002
   86.000000000000000        2239.1008945682988              695         173   7.1808143593069147E-004   5.7429115953135164E-002
   87.000000000000000        2244.7880055162104             2145         173   5.2885263049239437E-003   5.7429115953135164E-002
   88.000000000000000        2250.4549320497422              240         173   2.0925606665713134E-004   5.7429115953135164E-002
   89.000000000000000        2256.1045397460284              488         173   1.6101465190847649E-002   5.7429115953135164E-002
   90.000000000000000        2261.7318815556582              467         173   9.4862170186232556E-003   5.7429115953135164E-002
   91.000000000000000        2267.3404698715735             1315         173   2.2593705712295285E-004   5.7429115953135164E-002
   92.000000000000000        2272.9298422720331             1295         173   6.3361441983048983E-004   5.7429115953135164E-002
   93.000000000000000        2278.4990179639140              397         173   6.1845199396748695E-003   5.7429115953135164E-002
   94.000000000000000        2284.0513264815972              105         173   1.4235988293953830E-003   5.7429115953135164E-002
   95.000000000000000        2289.5854777706263              177         173   1.2054412369121182E-003   5.7429115953135164E-002
   96.000000000000000        2295.1016646980061              219         173   1.1390614413188721E-003   5.7429115953135164E-002
   97.000000000000000        2300.6001391129435              109         173   2.0841361690677765E-004   5.7429115953135164E-002
   98.000000000000000        2306.0809999457083              239         173   6.9551861860028905E-004   5.7429115953135164E-002
   99.000000000000000        2311.5444518217914               94         173   1.4337795751903652E-003   5.7429115953135164E-002
   100.00000000000000        2316.9906491873303               75         173   2.3568167705885559E-003   5.7429115953135164E-002
   101.00000000000000        2322.4196796900615              122         173   5.9138742236977378E-004   5.7429115953135164E-002
   102.00000000000000        2327.8317588884915              105         173   8.5698571859558852E-004   5.7429115953135164E-002
   103.00000000000000        2333.2269902796552              170         173   1.1134101871987151E-003   5.7429115953135164E-002
   104.00000000000000        2338.6055341759406              121         173   1.3207131822048016E-003   5.7429115953135164E-002
   105.00000000000000        2343.9675821827504              172         173   1.6488685540441670E-003   5.7429115953135164E-002
   106.00000000000000        2349.3132173180124               59         173   2.8371968047391210E-003   5.7429115953135164E-002
   107.00000000000000        2354.6421178089240              275         173   3.8995922588990900E-003   5.7429115953135164E-002
   108.00000000000000        2359.9546484813582              120         173   5.5134443042316105E-003   5.7429115953135164E-002
   109.00000000000000        2365.2507187604897              102         173   7.2639794757894914E-003   5.7429115953135164E-002
   110.00000000000000        2370.5302354854070             1042         173   7.2902677200891780E-003   5.7429115953135164E-002
   111.00000000000000        2375.7931655318739              418         173   9.1367937278197253E-003   5.7429115953135164E-002
   112.00000000000000        2381.0394132567781              355         173   7.4587902368351919E-003   5.7429115953135164E-002
   113.00000000000000        2386.2694022469577               96         173   3.7186564918461379E-003   5.7429115953135164E-002
   114.00000000000000        2391.4851376612537               74         173   4.4152845560339457E-003   5.7429115953135164E-002
   115.00000000000000        2396.6826487684689             1919         173   1.0015418408657324E-003   5.7429115953135164E-002
   116.00000000000000        2401.8647682888309             1560         173   8.9861333092728518E-004   5.7429115953135164E-002
   117.00000000000000        2407.0298166392408              264         173   1.6428135221007835E-006   5.7429115953135164E-002
   118.00000000000000        2412.1811847882846              148         173   3.7787736316015202E-003   5.7429115953135164E-002
   119.00000000000000        2417.3134853796391             2209         173   1.3493121286237238E-008   5.7429115953135164E-002
   120.00000000000000        2423.1073595042490              592         174   7.6156663136781478E-003   5.7429115953135164E-002
   121.00000000000000        2437.2136234974164              758         174   8.1801378338934561E-004   5.7429115953135164E-002
   122.00000000000000        2454.1758399044757              635         174   3.7558125335502876E-003   5.7429115953135164E-002
   123.00000000000000        2473.0219592442704             1290         174   1.4569456650120148E-002   5.7429115953135164E-002
   124.00000000000000        2492.6685126189723               71         174   2.0195932968971853E-003   5.7429115953135164E-002
   125.00000000000000        2507.8136753889739             1645         174   1.9180154763164569E-004   5.7429115953135164E-002
   126.00000000000000        2512.7005536924130               31         174   3.4098996485228430E-007   5.7429115953135164E-002
   127.00000000000000        2517.5703925925309               23         174   8.9006335001029983E-006   5.7429115953135164E-002
   128.00000000000000        2522.4233498041644              289         174   7.5542551751265623E-005   5.7429115953135164E-002
   129.00000000000000        2527.2595251140742              136         174   1.3159346741391134E-004   5.7429115953135164E-002
   130.00000000000000        2532.0791293969178               32         174   7.6938980265585421E-004   5.7429115953135164E-002
   131.00000000000000        2536.8819723300221               66         174   1.4903415186964816E-004   5.7429115953135164E-002
   132.00000000000000        2541.6685190280436               42         174   3.2056707219663090E-004   5.7429115953135164E-002
   133.00000000000000        2546.4388673818489               48         174   1.1513171179664968E-003   5.7429115953135164E-002
   134.00000000000000        2551.1930321596637               30         174   2.2932148879520570E-003   5.7429115953135164E-002
   135.00000000000000        2555.9310462059925               63         174   3.4146771847361084E-003   5.7429115953135164E-002
   136.00000000000000        2560.6530737527032               24         174   4.8594483177044311E-003   5.7429115953135164E-002
   137.00000000000000        2565.3592012071213               36         174   6.6106987285152793E-003   5.7429115953135164E-002
   138.00000000000000        2570.0488171202046               61         174   5.0234004242660077E-003   5.7429115953135164E-002
   139.00000000000000        2574.7221189138581               19         174   4.4842712213156468E-004   5.7429115953135164E-002
   140.00000000000000        2579.3806450428347               70         174   6.0357910871887313E-004   5.7429115953135164E-002
   0.0000000000000000        1559.3206598104944              315         174   2.2505868100676021E-003   5.7429115953135164E-002
   1.0000000000000000        1568.1625585796828              361         174   1.2996473798294887E-003   5.7429115953135164E-002
   2.0000000000000000        1587.8185197855585              958         175   1.1918468391791486E-003   5.7429115953135164E-002
   3.0000000000000000        1605.0533947163108               76         175   1.9494293480291696E-004   5.7429115953135164E-002
   4.0000000000000000        1619.7011789470093               90         175   2.7278254574182213E-004   5.7429115953135164E-002
   5.0000000000000000        1632.9218353331510              148         175   3.1292809802181737E-005   5.7429115953135164E-002
   6.0000000000000000        1645.1640602693983               72         175   9.6701625003374543E-005   5.7429115953135164E-002
   7.0000000000000000        1656.6156726703664              102         175   9.0957040486711833E-005   5.7429115953135164E-002
   8.0000000000000000        1667.3647904876598              189         175   1.0447470545591201E-004   5.7429115953135164E-002
   9.0000000000000000        1677.4469674261943               89         175   3.7906474792455543E-004   5.7429115953135164E-002
   10.000000000000000        1690.5074375578536              643         176   4.6131820147076987E-004   5.7429115953135164E-002
   11.000000000000000        1699.7344695150011               65         176   2.6004202348041907E-005   5.7429115953135164E-002
   12.000000000000000        1707.8097525678670              325         176   7.1917793662259494E-003   5.7429115953135164E-002
   13.000000000000000        1713.7413686213283              184         177   2.1270426384257964E-005   5.7429115953135164E-002
   14.000000000000000        1749.0522130816669             1265         178   4.2375414841353170E-003   5.7429115953135164E-002
   15.000000000000000        1756.1157379284018              103         178   8.1315117619017082E-005   5.7429115953135164E-002
   16.000000000000000        1763.0250661141949             2594         178   1.4031086592133698E-003   5.7429115953135164E-002
   17.000000000000000        1771.6004757577603               55         178   3.6656165917032353E-011   5.7429115953135164E-002
   18.000000000000000        1799.0858051034629             1024         179   2.7431843371346371E-005   5.7429115953135164E-002
   19.000000000000000        1812.2234299387603             1121         179   4.0267293897114365E-003   5.7429115953135164E-002
   20.000000000000000        1819.9157550401928               61         180   1.0170026464898015E-006   5.7429115953135164E-002
   21.000000000000000        1829.7096421251920              101         180   2.5000063965623906E-005   5.7429115953135164E-002
   22.000000000000000        1855.1825440205496             1197         182   6.9622226967191428E-004   5.7429115953135164E-002
   23.000000000000000        1872.5183903239733             4395         184   6.1102871048305735E-005   5.7429115953135164E-002
   24.000000000000000        1853.1788768622393             1143         185   4.8820295215069691E-003   5.7429115953135164E-002
   25.000000000000000        1862.0120313719051              335         185   4.0728645927191068E-004   5.7429115953135164E-002
   26.000000000000000        1869.7706308531860             2424         185   9.6529817630640747E-005   5.7429115953135164E-002
   27.000000000000000        1878.4013069040698               55         185   7.4791151701977939E-004   5.7429115953135164E-002
   28.000000000000000        1886.9419338426121              112         185   9.0821387740263760E-003   5.7429115953135164E-002
   29.000000000000000        1895.3934770925334               51         185   7.3990109426793745E-005   5.7429115953135164E-002
   30.000000000000000        1903.7598683963154               44         185   1.8746607907165352E-003   5.7429115953135164E-002
   31.000000000000000        1912.0426008258034              263         185   6.6536541822515361E-003   5.7429115953135164E-002
   32.000000000000000        1920.2440455686231               50         185   1.2421815627557375E-004   5.7429115953135164E-002
   33.000000000000000        1928.3663182966618               93         185   1.5194025872014008E-003   5.7429115953135164E-002
   34.000000000000000        1936.4113298622995              363         185   5.9149662747026449E-008   5.7429115953135164E-002
   35.000000000000000        1944.3811943144676              118         185   2.8133990216414300E-004   5.7429115953135164E-002
   36.000000000000000        1952.2777946492856              334         185   8.7748754573982891E-004   5.7429115953135164E-002
   37.000000000000000        1960.1029359953100              148         185   9.2153836900604605E-004   5.7429115953135164E-002
   38.000000000000000        1967.8584436608137             2172         185   6.7461296726379670E-003   5.7429115953135164E-002
   39.000000000000000        1975.5461693252375              403         185   4.5441084902405234E-003   5.7429115953135164E-002
   40.000000000000000        1983.1673538909718              466         185   1.0866399664822186E-003   5.7429115953135164E-002
   41.000000000000000        1990.7241353139311             2168         185   4.3729970884025737E-005   5.7429115953135164E-002
   42.000000000000000        1998.2180080891255             1356         185   2.4546649086508294E-002   5.7429115953135164E-002
   43.000000000000000        2005.6506131422257             1247         185   4.2722043340637195E-004   5.7429115953135164E-002
   44.000000000000000        2013.0232025289858              356         185   3.5724092742626613E-005   5.7429115953135164E-002
   45.000000000000000        2020.3374152934189             1211         185   1.1303121260211155E-003   5.7429115953135164E-002
   46.000000000000000        2027.5948150324934             1361         185   1.5837165746302730E-003   5.7429115953135164E-002
   47.000000000000000        2034.7962475700126             1178         185   6.6636590963117187E-003   5.7429115953135164E-002
   48.000000000000000        2041.9438313858266              273         185   5.7420892145878984E-003   5.7429115953135164E-002
   49.000000000000000        2049.0387064144747              849         185   2.6820028516672621E-003   5.7429115953135164E-002
   50.000000000000000        2056.0821967416709              176         185   2.7516965940446546E-004   5.7429115953135164E-002
   51.000000000000000        2063.0755691599829              101         185   5.1114976858151388E-005   5.7429115953135164E-002
   52.000000000000000        2070.0201015053053              293         185   3.9685963751021523E-005   5.7429115953135164E-002
   53.000000000000000        2076.9171401602734             1371         185   1.0147381845850737E-002   5.7429115953135164E-002
   54.000000000000000        2083.7676016956857              739         185   8.0387338174850373E-003   5.7429115953135164E-002
   55.000000000000000        2090.5729429711755              590         185   3.0817187869390511E-004   5.7429115953135164E-002
   56.000000000000000        2097.3342232091422              667         185   2.5944903373583142E-002   5.7429115953135164E-002
   57.000000000000000        2104.0526959146064             1251         185   8.2912945856431532E-003   5.7429115953135164E-002
   58.000000000000000        2110.7293676366107             1173         185   5.7986508061816985E-003   5.7429115953135164E-002
   59.000000000000000        2117.3653233879299             1135         185   7.5636191819467586E-003   5.7429115953135164E-002
   60.000000000000000        2123.9616548525655             1374         185   3.9859674539555992E-004   5.7429115953135164E-002
   61.000000000000000        2131.4415560041348             2971         186   2.1783378013832049E-004   5.7429115953135164E-002
   62.000000000000000        2137.9639965544202              393         186   4.3083275607101647E-003   5.7429115953135164E-002
   63.000000000000000        2144.4487666178507             1063         186   7.4905961461828744E-003   5.7429115953135164E-002
   64.000000000000000        2150.8979214773221             2282         186   5.2174386427967992E-006   5.7429115953135164E-002
   65.000000000000000        2157.3102133833304              522         186   9.0240733422823963E-004   5.7429115953135164E-002
   66.000000000000000        2163.6863249228813              498         186   8.8799460064596989E-005   5.7429115953135164E-002
   67.000000000000000        2170.0296100717064              198         186   5.9250005058137871E-010   5.7429115953135164E-002
   68.000000000000000        2176.3397215616128               81         186   3.3612019158511054E-006   5.7429115953135164E-002
   69.000000000000000        2182.6198746730793             1331         186   1.5156249505866751E-004   5.7429115953135164E-002
   70.000000000000000        2188.8660839822983             1374         186   4.7315858437123425E-005   5.7429115953135164E-002
   71.000000000000000        2195.0815495491056              542         186   2.2490664361554942E-003   5.7429115953135164E-002
   72.000000000000000        2201.2670272749624              975         186   5.1809912021304964E-004   5.7429115953135164E-002
   73.000000000000000        2207.4231985987890              769         186   1.4520796602166977E-003   5.7429115953135164E-002
   74.000000000000000        2213.5484514388759             1492         186   2.2948854608355079E-002   5.7429115953135164E-002
   75.000000000000000        2219.6482006769265              809         186   3.3662004666350139E-004   5.7429115953135164E-002
   76.000000000000000        2225.7207080818812             1714         186   5.1648633782101550E-006   5.7429115953135164E-002
   77.000000000000000        2231.7666299128518              613         186   2.8417446970398601E-003   5.7429115953135164E-002
   78.000000000000000        2237.7865457408416              192         186   5.3591237551629083E-003   5.7429115953135164E-002
   79.000000000000000        2243.7810680822749              445         186   2.0613326096701411E-003   5.7429115953135164E-002
   80.000000000000000        2249.7508129860057             1540         186   3.4317580357865287E-004   5.7429115953135164E-002
   81.000000000000000        2255.6959983643105             2726         186   1.7718803666246088E-002   5.7429115953135164E-002
   82.000000000000000        2261.6177243877787             2289         186   1.4971578767693124E-003   5.7429115953135164E-002
   83.000000000000000        2267.5159540845711              145         186   3.2768203970625870E-003   5.7429115953135164E-002
   84.000000000000000        2273.3914640582152             3518         186   3.5108022922106331E-002   5.7429115953135164E-002
   85.000000000000000        2279.2480692130571             4468         186   1.8201029201536351E-002   5.7429115953135164E-002
   86.000000000000000        2285.0754679471561             1726         186   1.9720389375219754E-005   5.7429115953135164E-002
   87.000000000000000        2290.8849592395536             1374         186   2.4892103006970861E-003   5.7429115953135164E-002
   88.000000000000000        2296.6732564529352              233         186   4.8626362165758041E-005   5.7429115953135164E-002
   89.000000000000000        2302.4407239282355              409         186   2.6460799372683572E-004   5.7429115953135164E-002
   90.000000000000000        2308.1876998215680             1121         186   2.8128904584552875E-005   5.7429115953135164E-002
   91.000000000000000        2313.9145056654479              115         186   2.9147474370662817E-003   5.7429115953135164E-002
   92.000000000000000        2319.6213439387179              490         186   1.1364301205433946E-002   5.7429115953135164E-002
   93.000000000000000        2325.3087862846110             1156         186   1.3126948173423588E-005   5.7429115953135164E-002
   94.000000000000000        2330.9776235148638              506         186   2.8259794823466813E-004   5.7429115953135164E-002
   95.000000000000000        2336.6265105244233             1051         186   8.9872540288097984E-004   5.7429115953135164E-002
   96.000000000000000        2342.2565865386168              204         186   3.1444074143235280E-006   5.7429115953135164E-002
   97.000000000000000        2347.8680337239052               56         186   4.7090709668455778E-004   5.7429115953135164E-002
   98.000000000000000        2353.4610686470160               71         186   1.0549314811369374E-003   5.7429115953135164E-002
   99.000000000000000        2359.0358797301051              128         186   1.7752828521604743E-003   5.7429115953135164E-002
   100.00000000000000        2364.5926405860132              172         186   2.5645841057325399E-003   5.7429115953135164E-002
   101.00000000000000        2370.1314454778289              253         186   6.6036670652003975E-004   5.7429115953135164E-002
   102.00000000000000        2375.6525625336340               74         186   9.3539942598512029E-004   5.7429115953135164E-002
   103.00000000000000        2381.1561049909765              131         186   1.2373421851336469E-003   5.7429115953135164E-002
   104.00000000000000        2386.6422550213792              195         186   1.4862311332864803E-003   5.7429115953135164E-002
   105.00000000000000        2392.1112091259679              255         186   1.7825681157968717E-003   5.7429115953135164E-002
   106.00000000000000        2397.5630145917362               83         186   2.6195582575239212E-003   5.7429115953135164E-002
   107.00000000000000        2402.9974631106625              152         186   3.4393992373715847E-003   5.7429115953135164E-002
   108.00000000000000        2408.4149255326715              411         186   4.6489670111710341E-003   5.7429115953135164E-002
   109.00000000000000        2413.8153290314444             1041         186   5.9843231774866362E-003   5.7429115953135164E-002
   110.00000000000000        2419.1986195173831              279         186   7.0053205642774032E-003   5.7429115953135164E-002
   111.00000000000000        2424.5647303454161              168         186   6.9728805539162400E-003   5.7429115953135164E-002
   112.00000000000000        2429.9137403556042              646         186   5.7627549834109466E-003   5.7429115953135164E-002
   113.00000000000000        2435.2459700866007              956         186   3.6617019773469706E-003   5.7429115953135164E-002
   114.00000000000000        2440.5634752595847              190         186   4.7375351016790187E-003   5.7429115953135164E-002
   115.00000000000000        2445.8635778451544             2562         186   1.5261845771573766E-002   5.7429115953135164E-002
   116.00000000000000        2451.1439256528838             1952         186   1.6938032381221332E-004   5.7429115953135164E-002
   117.00000000000000        2456.4115190956827              442         186   3.7034908649383295E-003   5.7429115953135164E-002
   118.00000000000000        2461.6612390813289              371         186   4.1751245339509387E-003   5.7429115953135164E-002
   119.00000000000000        2466.8951289969941             1295         186   1.8586506777371399E-003   5.7429115953135164E-002
   120.00000000000000        2472.1108574916366              332         186   1.2427194108945213E-003   5.7429115953135164E-002
   121.00000000000000        2480.8609978938775              664         187   1.9895990374144581E-003   5.7429115953135164E-002
   122.00000000000000        2496.4963139584534              433         187   1.5574716191060008E-003   5.7429115953135164E-002
   123.00000000000000        2514.9389292263495             1387         187   2.2397181693900293E-003   5.7429115953135164E-002
   124.00000000000000        2535.2390220852935              440         187   6.5461989555473167E-004   5.7429115953135164E-002
   125.00000000000000        2556.0748435040778              334         187   7.3392677564182440E-004   5.7429115953135164E-002
   126.00000000000000        2564.6212789604829              626         187   9.1782286189119735E-005   5.7429115953135164E-002
   127.00000000000000        2569.5887040920629               15         187   3.7003083435436841E-005   5.7429115953135164E-002
   128.00000000000000        2574.5388275504729               41         187   3.4679232429430534E-004   5.7429115953135164E-002
   129.00000000000000        2579.4716430507647              134         187   1.3123950798766640E-004   5.7429115953135164E-002
   130.00000000000000        2584.3875628421215               27         187   1.1170175203233498E-003   5.7429115953135164E-002
   131.00000000000000        2589.2861627784878               36         187   8.0448044491067731E-005   5.7429115953135164E-002
   132.00000000000000        2594.1681628381893              234         187   4.1367917951802834E-004   5.7429115953135164E-002
   133.00000000000000        2599.0335319060882              213         187   1.2879031958477403E-003   5.7429115953135164E-002
   134.00000000000000        2603.8822880488133               24         187   2.2941329218089243E-003   5.7429115953135164E-002
   135.00000000000000        2608.7145334446272               24         187   3.3906382369465592E-003   5.7429115953135164E-002
   136.00000000000000        2613.5304090783861              158         187   4.7673234637622556E-003   5.7429115953135164E-002
   137.00000000000000        2618.3300149009983               47         187   6.4281017640789619E-003   5.7429115953135164E-002
   138.00000000000000        2623.1130853963909               28         187   6.4774502648561032E-003   5.7429115953135164E-002
   139.00000000000000        2627.8788979986966               88         187   4.3323336988332513E-004   5.7429115953135164E-002
   140.00000000000000        2632.6298682153179              125         187   5.7621469173945318E-004   5.7429115953135164E-002
   0.0000000000000000        1590.0562862925199              352         187   1.9095556347685813E-003   5.7429115953135164E-002
   1.0000000000000000        1599.2747198691882              889         187   4.7191814388147313E-003   5.7429115953135164E-002
   2.0000000000000000        1619.1593644462416             1700         188   4.5023688716813741E-008   5.7429115953135164E-002
   3.0000000000000000        1637.0736685301556               71         188   1.7563630960313306E-003   5.7429115953135164E-002
   4.0000000000000000        1652.2602517447326               62         188   1.0088351169090580E-003   5.7429115953135164E-002
   5.0000000000000000        1665.9251007551147              196         188   1.1803345030669104E-004   5.7429115953135164E-002
   6.0000000000000000        1678.5557396364259              183         188   4.3579426007736864E-004   5.7429115953135164E-002
   7.0000000000000000        1690.3538650590008               76         188   2.0359513812356249E-004   5.7429115953135164E-002
   8.0000000000000000        1701.4147014680580               70         188   4.6529139358867024E-005   5.7429115953135164E-002
   9.0000000000000000        1711.7781784945830               68         188   6.3404232274652493E-003   5.7429115953135164E-002
   10.000000000000000        1721.4381909357649               75         188   6.4279271803946011E-003   5.7429115953135164E-002
   11.000000000000000        1734.3609582087138              620         189   5.9050916315757807E-004   5.7429115953135164E-002
   12.000000000000000        1742.5631500078434             1090         190   9.0397546339186519E-005   5.7429115953135164E-002
   13.000000000000000        1748.4257526660872              314         191   8.7700558323525519E-005   5.7429115953135164E-002
   14.000000000000000        1784.9083811886617              840         192   4.7958175811471930E-004   5.7429115953135164E-002
   15.000000000000000        1792.1447420286688              130         192   1.3781318536127665E-004   5.7429115953135164E-002
   16.000000000000000        1799.5069700265449              976         192   4.1762239288248418E-004   5.7429115953135164E-002
   17.000000000000000        1808.2963642285004               21         192   2.6620794276742709E-003   5.7429115953135164E-002
   18.000000000000000        1829.4911095005120             1160         193   1.8857917038990809E-002   5.7429115953135164E-002
   19.000000000000000        1850.0129111209540              215         193   1.2963136861470420E-005   5.7429115953135164E-002
   20.000000000000000        1857.7042362845505               33         193   1.0035095568454403E-005   5.7429115953135164E-002
   21.000000000000000        1867.6173386373400              101         194   3.4747241087025729E-004   5.7429115953135164E-002
   22.000000000000000        1885.1215897702273             1334         196   1.0087860288488591E-002   5.7429115953135164E-002
   23.000000000000000        1909.6615909272450             2232         197   9.4786075890969986E-004   5.7429115953135164E-002
   24.000000000000000        1889.8917911758228             1210         198   1.2623907600015619E-002   5.7429115953135164E-002
   25.000000000000000        1899.0251618152288              910         198   5.0995200099530858E-003   5.7429115953135164E-002
   26.000000000000000        1907.0265167353434             1629         198   4.4157638790340049E-003   5.7429115953135164E-002
   27.000000000000000        1915.8613015015212              110         198   2.9351841238483233E-004   5.7429115953135164E-002
   28.000000000000000        1924.6035264797936               49         198   8.7452629428531292E-007   5.7429115953135164E-002
   29.000000000000000        1933.2556505528373               45         198   1.9257175022348378E-004   5.7429115953135164E-002
   30.000000000000000        1941.8200781185760               55         198   1.5490056668234067E-004   5.7429115953135164E-002
   31.000000000000000        1950.2991653476438               81         198   9.7589841896228251E-004   5.7429115953135164E-002
   32.000000000000000        1958.6950239950943              205         198   2.7038312847874343E-007   5.7429115953135164E-002
   33.000000000000000        1967.0099443169950              322         198   1.6751185165429668E-003   5.7429115953135164E-002
   34.000000000000000        1975.2458132944021              453         198   2.2993911979622829E-003   5.7429115953135164E-002
   35.000000000000000        1983.4048910154615              102         198   1.2181702139878035E-004   5.7429115953135164E-002
   36.000000000000000        1991.4890488187746              324         198   6.4992340236395741E-006   5.7429115953135164E-002
   37.000000000000000        1999.5001199514106             1088         198   6.9418064888405833E-004   5.7429115953135164E-002
   38.000000000000000        2007.4400797530559             1140         198   4.2293660333131344E-003   5.7429115953135164E-002
   39.000000000000000        2015.3104432820719              515         198   2.4242838516679165E-003   5.7429115953135164E-002
   40.000000000000000        2023.1130500260044              207         198   4.8524891264657948E-004   5.7429115953135164E-002
   41.000000000000000        2030.8496783412302             1220         198   5.2609447620337440E-005   5.7429115953135164E-002
   42.000000000000000        2038.5218975576697             1246         198   1.3021412041790822E-003   5.7429115953135164E-002
   43.000000000000000        2046.1313246637028             1083         198   1.6587061515346687E-003   5.7429115953135164E-002
   44.000000000000000        2053.6794409654831             1068         198   9.0142007781819560E-005   5.7429115953135164E-002
   45.000000000000000        2061.1678964478569              279         198   6.8053315032157017E-004   5.7429115953135164E-002
   46.000000000000000        2068.5980266361271              907         198   7.6723120223065014E-004   5.7429115953135164E-002
   47.000000000000000        2075.9712206452823             1048         198   6.6720919482171331E-003   5.7429115953135164E-002
   48.000000000000000        2083.2890706000735             1053         198   3.5077460922901157E-004   5.7429115953135164E-002
   49.000000000000000        2090.5528696529555              834         198   2.0170419882050531E-004   5.7429115953135164E-002
   50.000000000000000        2097.7639584310541             1076         198   4.3604905237107628E-006   5.7429115953135164E-002
   51.000000000000000        2104.9241937136107              545         198   7.4986213161274998E-005   5.7429115953135164E-002
   52.000000000000000        2112.0332262920024              242         198   4.0429866209126921E-003   5.7429115953135164E-002
   53.000000000000000        2119.0939365982340              239         198   2.6358161988529714E-006   5.7429115953135164E-002
   54.000000000000000        2126.1070106981783              363         198   7.5079505825487365E-004   5.7429115953135164E-002
   55.000000000000000        2133.0736433686766             1328         198   4.6472390682329063E-005   5.7429115953135164E-002
   56.000000000000000        2139.9950185916291              237         198   6.8769360225968715E-005   5.7429115953135164E-002
   57.000000000000000        2146.8722975628825              292         198   1.6947313159968122E-003   5.7429115953135164E-002
   58.000000000000000        2153.7064447608332              525         198   6.8854150069981685E-005   5.7429115953135164E-002
   59.000000000000000        2160.4986590316867              383         198   2.2771817754048282E-002   5.7429115953135164E-002
   60.000000000000000        2167.2501803207824             1895         198   4.8954660340949328E-003   5.7429115953135164E-002
   61.000000000000000        2173.9617057028518             2728         198   1.4370184334878505E-002   5.7429115953135164E-002
   62.000000000000000        2180.6344675958107             2558         198   4.6472632293613486E-004   5.7429115953135164E-002
   63.000000000000000        2188.1304792623359             4473         199   6.0166588317926489E-003   5.7429115953135164E-002
   64.000000000000000        2194.7300543433917              437         199   1.5515496456891533E-003   5.7429115953135164E-002
   65.000000000000000        2201.2905338695205              616         199   2.3753461353259354E-006   5.7429115953135164E-002
   66.000000000000000        2207.8161992887217              373         199   6.6121832485900097E-010   5.7429115953135164E-002
   67.000000000000000        2214.3066941235388               89         199   2.8192330685552418E-004   5.7429115953135164E-002
   68.000000000000000        2220.7628606062435              216         199   1.8117491433110619E-006   5.7429115953135164E-002
   69.000000000000000        2227.1855419704348             1187         199   4.3655640499631936E-004   5.7429115953135164E-002
   70.000000000000000        2233.5755402666964               61         199   2.6626011474349164E-006   5.7429115953135164E-002
   71.000000000000000        2239.9336566600596              316         199   4.2484199806251642E-003   5.7429115953135164E-002
   72.000000000000000        2246.2606523668655              403         199   5.3275008943259232E-004   5.7429115953135164E-002
   73.000000000000000        2252.5571665957550              560         199   7.5912308670998566E-004   5.7429115953135164E-002
   74.000000000000000        2258.8239751649239             1060         199   2.6618208913478410E-006   5.7429115953135164E-002
   75.000000000000000        2265.0618309461552              360         199   8.7220844382568385E-003   5.7429115953135164E-002
   76.000000000000000        2271.2712747998312              125         199   1.6233674017738112E-003   5.7429115953135164E-002
   77.000000000000000        2277.4530315628590              107         199   1.8919750010250016E-003   5.7429115953135164E-002
   78.000000000000000        2283.6076765643638              288         199   8.1337319124916163E-004   5.7429115953135164E-002
   79.000000000000000        2289.7358118008456              363         199   1.1587288144122101E-003   5.7429115953135164E-002
   80.000000000000000        2295.8380040878951             1670         199   1.0838176996524731E-003   5.7429115953135164E-002
   81.000000000000000        2301.9147794006135             1405         199   4.4280743701494553E-004   5.7429115953135164E-002
   82.000000000000000        2307.9666841370636              346         199   1.1413253251518216E-003   5.7429115953135164E-002
   83.000000000000000        2313.9985926641039             2485         199   3.1612428541602316E-004   5.7429115953135164E-002
   84.000000000000000        2320.0020533772126             1955         199   1.1375316862419045E-005   5.7429115953135164E-002
   85.000000000000000        2325.9820723950111             1987         199   7.7362276683723495E-006   5.7429115953135164E-002
   86.000000000000000        2331.9351669376661             1080         199   3.1828262124389835E-002   5.7429115953135164E-002
   87.000000000000000        2337.8696542082912             4361         199   5.1301903408855931E-002   5.7429115953135164E-002
   88.000000000000000        2343.7820275508338             1378         199   6.8713161024613575E-004   5.7429115953135164E-002
   89.000000000000000        2349.6725302696937              289         199   8.9731439895579531E-009   5.7429115953135164E-002
   90.000000000000000        2355.5415586855916             1795         199   4.1790394647031761E-004   5.7429115953135164E-002
   91.000000000000000        2361.3894425910185             1455         199   3.1848973151873945E-006   5.7429115953135164E-002
   92.000000000000000        2367.2165164336716              262         199   6.8469696604982651E-003   5.7429115953135164E-002
   93.000000000000000        2373.0230344699612              527         199   6.3659395373738247E-007   5.7429115953135164E-002
   94.000000000000000        2378.8093020099413              199         199   6.3851753651528037E-003   5.7429115953135164E-002
   95.000000000000000        2384.5779864516326             3501         199   2.0969207421892958E-002   5.7429115953135164E-002
   96.000000000000000        2390.3259682279172              308         199   7.5808383939011698E-003   5.7429115953135164E-002
   97.000000000000000        2396.0529529101132              865         199   5.6951796243603784E-003   5.7429115953135164E-002
   98.000000000000000        2401.7619703877667             1084         199   6.0983728646997609E-003   5.7429115953135164E-002
   99.000000000000000        2407.4482388118136             1337         199   7.5734855024651177E-003   5.7429115953135164E-002
   100.00000000000000        2413.1184123304602             1277         199   1.0680571588422083E-003   5.7429115953135164E-002
   101.00000000000000        2418.7703353378797              302         199   2.7825294530533199E-003   5.7429115953135164E-002
   102.00000000000000        2424.4020897928158              211         199   6.1848598348336649E-003   5.7429115953135164E-002
   103.00000000000000        2430.0146784082613              231         199   8.8114496076341364E-003   5.7429115953135164E-002
   104.00000000000000        2435.6110299721759              156         199   1.3372985811607144E-003   5.7429115953135164E-002
   105.00000000000000        2441.1893338517939              213         199   1.9517890111760275E-003   5.7429115953135164E-002
   106.00000000000000        2446.7497618077568               99         199   2.6365444326470196E-003   5.7429115953135164E-002
   107.00000000000000        2452.2922359254057              137         199   3.4659089394049039E-003   5.7429115953135164E-002
   108.00000000000000        2457.8156601437145              351         199   1.3182665162505505E-006   5.7429115953135164E-002
   109.00000000000000        2463.3242213090493             1038         199   6.0238980320172488E-003   5.7429115953135164E-002
   110.00000000000000        2468.8136680969214               74         199   6.8973695676155227E-003   5.7429115953135164E-002
   111.00000000000000        2474.2853993984768             1051         199   7.3318059574178892E-003   5.7429115953135164E-002
   112.00000000000000        2479.7411167695182             1200         199   5.0234457479958229E-003   5.7429115953135164E-002
   113.00000000000000        2485.1758045969805              426         199   3.9164686317117435E-008   5.7429115953135164E-002
   114.00000000000000        2490.5959467358089              442         199   5.6307355110776537E-003   5.7429115953135164E-002
   115.00000000000000        2495.9988014270662             1045         199   1.7724660572402017E-007   5.7429115953135164E-002
   116.00000000000000        2501.3859793807896             1888         199   4.8741683416459718E-003   5.7429115953135164E-002
   117.00000000000000        2506.7533938439465             1184         199   1.3268472179179058E-004   5.7429115953135164E-002
   118.00000000000000        2512.1063203181698              146         199   4.5867798148977752E-003   5.7429115953135164E-002
   119.00000000000000        2517.4423823639986             1332         199   5.4343746445215278E-003   5.7429115953135164E-002
   120.00000000000000        2522.7578837163469              291         199   3.7440767573455362E-006   5.7429115953135164E-002
   121.00000000000000        2528.0594930488405              130         199   3.2899661843119460E-003   5.7429115953135164E-002
   122.00000000000000        2540.2503202413409              994         200   2.5894597454965122E-004   5.7429115953135164E-002
   123.00000000000000        2557.5191726946782              599         200   9.2815190814758708E-004   5.7429115953135164E-002
   124.00000000000000        2577.5430656547505              713         200   2.3010789381277528E-003   5.7429115953135164E-002
   125.00000000000000        2599.3985732873002              353         200   2.8012876765636644E-003   5.7429115953135164E-002
   126.00000000000000        2617.5580820902437             1859         200   6.4261475859318401E-007   5.7429115953135164E-002
   127.00000000000000        2622.6253731662273              113         200   4.6488403818853579E-005   5.7429115953135164E-002
   128.00000000000000        2627.6748502174328               20         200   1.9358387139537298E-004   5.7429115953135164E-002
   129.00000000000000        2632.7066585751218               41         200   4.0979187124991884E-004   5.7429115953135164E-002
   130.00000000000000        2637.7211028680736               32         200   1.7007791464702117E-003   5.7429115953135164E-002
   131.00000000000000        2642.7176448375553               24         200   1.3554630314490315E-004   5.7429115953135164E-002
   132.00000000000000        2647.6972550285600               33         200   5.5897331995930671E-004   5.7429115953135164E-002
   133.00000000000000        2652.6597965113115               72         200   1.4716167089976926E-003   5.7429115953135164E-002
   134.00000000000000        2657.6052803245393               19         200   2.3559257283800122E-003   5.7429115953135164E-002
   135.00000000000000        2662.5338673170227               34         200   3.4178838795110595E-003   5.7429115953135164E-002
   136.00000000000000        2667.4456853330057               22         200   4.7389231465977061E-003   5.7429115953135164E-002
   137.00000000000000        2672.3408434561884               24         200   6.3216325377950071E-003   5.7429115953135164E-002
   138.00000000000000        2677.2191067600570               28         200   6.3712389860896687E-003   5.7429115953135164E-002
   139.00000000000000        2682.0805765470400              131         200   4.7681160755041830E-003   5.7429115953135164E-002
   140.00000000000000        2686.9251958632176               74         200   5.6710663287669728E-004   5.7429115953135164E-002
   0.0000000000000000        1621.2390948568270             2126         200   4.6415229869069940E-003   5.7429115953135164E-002
   1.0000000000000000        1630.9275049970388              343         200   1.5363641503220030E-003   5.7429115953135164E-002
   2.0000000000000000        1651.0177449728908             1573         201   2.9611775038824477E-003   5.7429115953135164E-002
   3.0000000000000000        1669.6137966557092             2000         201   2.4360148079859180E-003   5.7429115953135164E-002
   4.0000000000000000        1685.3627424805518               90         201   2.1405226752611532E-003   5.7429115953135164E-002
   5.0000000000000000        1699.4937508201999               82         201   5.2935372219286339E-005   5.7429115953135164E-002
   6.0000000000000000        1712.5330402299342              100         201   9.2646573132590727E-006   5.7429115953135164E-002
   7.0000000000000000        1724.6959638537658               81         201   5.7685736172565393E-005   5.7429115953135164E-002
   8.0000000000000000        1736.0843072747045              175         201   8.3196040045220050E-005   5.7429115953135164E-002
   9.0000000000000000        1746.7423834525566               88         201   2.1872213826595578E-004   5.7429115953135164E-002
   10.000000000000000        1756.6677699159791              110         201   8.4869750455803129E-003   5.7429115953135164E-002
   11.000000000000000        1769.6181819786696              619         202   4.7969220062679639E-003   5.7429115953135164E-002
   12.000000000000000        1777.9206980801650              262         203   8.0743192093869277E-005   5.7429115953135164E-002
   13.000000000000000        1783.7402017506579              595         203   1.2138834477425306E-006   5.7429115953135164E-002
   14.000000000000000        1821.4458063425006              704         204   2.0999476386517574E-003   5.7429115953135164E-002
   15.000000000000000        1828.8623481513416             1106         204   1.4943779693698667E-002   5.7429115953135164E-002
   16.000000000000000        1836.6870417425807              636         204   2.2365037238221917E-006   5.7429115953135164E-002
   17.000000000000000        1845.6954171736452              236         204   8.0120666977551019E-003   5.7429115953135164E-002
   18.000000000000000        1860.9922480424675             2029         205   1.3888539888051077E-002   5.7429115953135164E-002
   19.000000000000000        1888.5356264093709              399         205   2.7944107790436434E-004   5.7429115953135164E-002
   20.000000000000000        1896.4184792779758               59         205   1.3703325532377698E-005   5.7429115953135164E-002
   21.000000000000000        1906.2756326085000              214         206   3.1138622496906421E-003   5.7429115953135164E-002
   22.000000000000000        1916.7039054308286             1479         207   3.3583608273257681E-002   5.7429115953135164E-002
   23.000000000000000        1947.2994442813545              873         208   5.8706451757926797E-003   5.7429115953135164E-002
   24.000000000000000        1927.2345819551219             1834         209   1.1719536908069364E-005   5.7429115953135164E-002
   25.000000000000000        1936.7057461816175              451         209   2.4287037694005207E-004   5.7429115953135164E-002
   26.000000000000000        1944.9659827291371             2212         209   5.7334261382209028E-004   5.7429115953135164E-002
   27.000000000000000        1954.0099179633739               82         209   1.5213201615124369E-003   5.7429115953135164E-002
   28.000000000000000        1962.9591082753905               56         209   2.6365611143976337E-004   5.7429115953135164E-002
   29.000000000000000        1971.8161163058985               50         209   2.8419543354914715E-007   5.7429115953135164E-002
   30.000000000000000        1980.5834171545664               82         209   1.1529014335761999E-004   5.7429115953135164E-002
   31.000000000000000        1989.2633818451493               71         209   2.1747594932240428E-005   5.7429115953135164E-002
   32.000000000000000        1997.8585417940405             1196         209   4.3542515767194180E-002   5.7429115953135164E-002
   33.000000000000000        2006.3703001835202              292         209   1.2377917029509219E-003   5.7429115953135164E-002
   34.000000000000000        2014.8017475311083              300         209   2.8912738101347600E-004   5.7429115953135164E-002
   35.000000000000000        2023.1543201561558              249         209   1.4397707334518104E-005   5.7429115953135164E-002
   36.000000000000000        2031.4303602980337               74         209   3.9822032216099625E-004   5.7429115953135164E-002
   37.000000000000000        2039.6316753232925              176         209   4.8123720412796326E-004   5.7429115953135164E-002
   38.000000000000000        2047.7601933043341             1388         209   4.3014120474010780E-003   5.7429115953135164E-002
   39.000000000000000        2055.8177640210783             1193         209   3.1604024906114426E-003   5.7429115953135164E-002
   40.000000000000000        2063.8056605922006              440         209   1.0401849682626530E-006   5.7429115953135164E-002
   41.000000000000000        2071.7262054805897             1107         209   5.0526791325464552E-004   5.7429115953135164E-002
   42.000000000000000        2079.5808436121511               98         209   2.6724194068569146E-003   5.7429115953135164E-002
   43.000000000000000        2087.3711892643682             1102         209   2.9971774844120671E-004   5.7429115953135164E-002
   44.000000000000000        2095.0988184393286             1051         209   4.7558343672439717E-005   5.7429115953135164E-002
   45.000000000000000        2102.7653117514064             1106         209   5.2235293975054378E-004   5.7429115953135164E-002
   46.000000000000000        2110.3720848593489             1251         209   4.3848617327191117E-004   5.7429115953135164E-002
   47.000000000000000        2117.9205977574820             2676         209   3.2162219752359844E-003   5.7429115953135164E-002
   48.000000000000000        2125.4123531160799             1311         209   1.2416254336689456E-002   5.7429115953135164E-002
   49.000000000000000        2132.8488225285673             1838         209   9.5987429923895390E-003   5.7429115953135164E-002
   50.000000000000000        2140.2315800882561              510         209   4.1379168356363901E-003   5.7429115953135164E-002
   51.000000000000000        2147.5606622801538             1188         209   1.9457299192180519E-002   5.7429115953135164E-002
   52.000000000000000        2154.8387942275231             1272         209   9.1411841765419218E-003   5.7429115953135164E-002
   53.000000000000000        2162.0667308218799              263         209   2.3833282393306995E-003   5.7429115953135164E-002
   54.000000000000000        2169.2457791851234              148         209   4.8980562097335396E-004   5.7429115953135164E-002
   55.000000000000000        2176.3771872752868             1224         209   3.9253396974552541E-003   5.7429115953135164E-002
   56.000000000000000        2183.4618869123387              421         209   3.4042997895882270E-004   5.7429115953135164E-002
   57.000000000000000        2190.5012741599367             1244         209   9.6105452455863705E-003   5.7429115953135164E-002
   58.000000000000000        2197.4973103200955              672         209   9.6603368036097940E-004   5.7429115953135164E-002
   59.000000000000000        2204.4481966046783              430         209   2.8125797294969536E-002   5.7429115953135164E-002
   60.000000000000000        2211.3579366572876             1213         209   1.7462641786708504E-003   5.7429115953135164E-002
   61.000000000000000        2218.2266036201290              235         209   1.3886409812562308E-003   5.7429115953135164E-002
   62.000000000000000        2225.0551753649765              359         209   2.4058557933599824E-006   5.7429115953135164E-002
   63.000000000000000        2231.8460286292043             2629         209   9.5050128593217244E-005   5.7429115953135164E-002
   64.000000000000000        2238.5974473089955             1279         209   1.8528911721684863E-005   5.7429115953135164E-002
   65.000000000000000        2246.1114908499439             1599         210   2.8975027065998058E-007   5.7429115953135164E-002
   66.000000000000000        2252.7885635958723               51         210   2.1308263831418589E-004   5.7429115953135164E-002
   67.000000000000000        2259.4292688420837              748         210   8.1640023319982987E-003   5.7429115953135164E-002
   68.000000000000000        2266.0345261108528              104         210   6.0466719162371813E-006   5.7429115953135164E-002
   69.000000000000000        2272.6050992254764             1260         210   4.1849666755053895E-003   5.7429115953135164E-002
   70.000000000000000        2279.1418603087873             1286         210   1.4900792640481085E-004   5.7429115953135164E-002
   71.000000000000000        2285.6455781156965              115         210   6.2604623369419167E-003   5.7429115953135164E-002
   72.000000000000000        2292.1169233684063               64         210   1.6121354854261676E-003   5.7429115953135164E-002
   73.000000000000000        2298.5567263768335               60         210   2.5913886282091255E-004   5.7429115953135164E-002
   74.000000000000000        2304.9656388907965              408         210   1.7915798413556585E-002   5.7429115953135164E-002
   75.000000000000000        2311.3445373403642              602         210   3.5360841504092902E-003   5.7429115953135164E-002
   76.000000000000000        2317.6937531741974              492         210   3.6609659923231737E-005   5.7429115953135164E-002
   77.000000000000000        2324.0142869111764             1678         210   5.8163431531755520E-003   5.7429115953135164E-002
   78.000000000000000        2330.3064253264770               93         210   2.6601861744090578E-004   5.7429115953135164E-002
   79.000000000000000        2336.5710116972232             1130         210   5.6609839688652980E-005   5.7429115953135164E-002
   80.000000000000000        2342.8085384586125             2250         210   2.0592140366003704E-005   5.7429115953135164E-002
   81.000000000000000        2349.0219293345231             1367         210   4.6753221067155952E-002   5.7429115953135164E-002
   82.000000000000000        2355.2046043897408              415         210   7.0792934770321694E-003   5.7429115953135164E-002
   83.000000000000000        2361.3662372780977             2200         210   1.1789246453028524E-002   5.7429115953135164E-002
   84.000000000000000        2367.5008571625335              352         210   2.3996635182075249E-003   5.7429115953135164E-002
   85.000000000000000        2373.6088650188740             1259         210   8.5871961594482241E-007   5.7429115953135164E-002
   86.000000000000000        2379.6966193186609              997         210   1.5165618091797067E-002   5.7429115953135164E-002
   87.000000000000000        2385.7588217095108              540         210   4.1299574178205014E-003   5.7429115953135164E-002
   88.000000000000000        2391.7964151444748              248         210   1.0322105700180506E-004   5.7429115953135164E-002
   89.000000000000000        2397.8127199704813              524         210   1.3124534091365535E-004   5.7429115953135164E-002
   90.000000000000000        2403.8101942321878             1570         210   1.0655213986714545E-002   5.7429115953135164E-002
   91.000000000000000        2409.7782724614863             1411         210   3.9010145562188910E-002   5.7429115953135164E-002
   92.000000000000000        2415.7281852112396             2545         210   1.0521132869385363E-002   5.7429115953135164E-002
   93.000000000000000        2421.6566153682811              889         210   6.4064110996889863E-005   5.7429115953135164E-002
   94.000000000000000        2427.5638854492408             2438         210   5.7462162509950938E-003   5.7429115953135164E-002
   95.000000000000000        2433.4502672316376             1154         210   2.8461212859246323E-005   5.7429115953135164E-002
   96.000000000000000        2439.3160292625184             1369         210   1.8241839700033245E-003   5.7429115953135164E-002
   97.000000000000000        2445.1614260727720              716         210   1.9570966583853560E-003   5.7429115953135164E-002
   98.000000000000000        2450.9866959882670             1145         210   2.1100065542757804E-003   5.7429115953135164E-002
   99.000000000000000        2456.7928379946920             1271         210   1.0768866698475767E-005   5.7429115953135164E-002
   100.00000000000000        2462.5785455840523              229         210   1.8299141116940741E-003   5.7429115953135164E-002
   101.00000000000000        2468.3446354482849             1050         210   8.0085503102803447E-004   5.7429115953135164E-002
   102.00000000000000        2474.0915210815228              664         210   1.0749083037644898E-003   5.7429115953135164E-002
   103.00000000000000        2479.8193354182777             1058         210   1.3703996110070672E-003   5.7429115953135164E-002
   104.00000000000000        2485.5282976207768             1041         210   1.6489270615586791E-003   5.7429115953135164E-002
   105.00000000000000        2491.2185949481927             1050         210   2.0706697026444771E-003   5.7429115953135164E-002
   106.00000000000000        2496.8901698367158             1057         210   2.7727353276114936E-003   5.7429115953135164E-002
   107.00000000000000        2502.5432422977910              156         210   3.7977235333337481E-003   5.7429115953135164E-002
   108.00000000000000        2508.1798016481162              369         210   4.2864848492442853E-003   5.7429115953135164E-002
   109.00000000000000        2513.7962721750750              749         210   5.4193291508019097E-003   5.7429115953135164E-002
   110.00000000000000        2519.3908961921593              648         210   1.2002256009660439E-005   5.7429115953135164E-002
   111.00000000000000        2524.9722964248313               67         210   9.3045648119225183E-003   5.7429115953135164E-002
   112.00000000000000        2530.5330781260941              343         210   5.1796930084368456E-004   5.7429115953135164E-002
   113.00000000000000        2536.0776105846408              390         210   4.5866788746270820E-003   5.7429115953135164E-002
   114.00000000000000        2541.6070580592150              411         210   5.2780422529192812E-003   5.7429115953135164E-002
   115.00000000000000        2547.1123128396125              547         210   4.7103640970429612E-005   5.7429115953135164E-002
   116.00000000000000        2552.6051779230215             1361         210   1.7538161108511675E-003   5.7429115953135164E-002
   117.00000000000000        2558.0786165680420             1513         210   5.3762784883027066E-004   5.7429115953135164E-002
   118.00000000000000        2563.5366670593430              246         210   4.5249917636841670E-003   5.7429115953135164E-002
   119.00000000000000        2568.9714024082409             1877         210   6.9557608055231127E-003   5.7429115953135164E-002
   120.00000000000000        2574.3932377246906              242         210   9.0442801399434332E-004   5.7429115953135164E-002
   121.00000000000000        2579.7972386389993              443         210   3.1824014228226043E-011   5.7429115953135164E-002
   122.00000000000000        2585.8970771285976              579         211   7.0117996095809670E-005   5.7429115953135164E-002
   123.00000000000000        2601.3346521548306              554         211   5.8231948810766180E-004   5.7429115953135164E-002
   124.00000000000000        2620.2749485452414              209         211   6.4372796112275024E-003   5.7429115953135164E-002
   125.00000000000000        2642.0794020603435              466         211   4.8896561562929222E-003   5.7429115953135164E-002
   126.00000000000000        2665.6366712682002             1425         211   1.2677847719740562E-003   5.7429115953135164E-002
   127.00000000000000        2676.6992020427060             4030         211   8.6238851776278009E-003   5.7429115953135164E-002
   128.00000000000000        2681.8503531730985               35         211   9.4072718285365949E-005   5.7429115953135164E-002
   129.00000000000000        2686.9834653923331              133         211   5.9266174713764762E-004   5.7429115953135164E-002
   130.00000000000000        2692.0984394175143               60         211   6.0137993739756515E-004   5.7429115953135164E-002
   131.00000000000000        2697.1954883494823               30         211   2.2650730090336243E-004   5.7429115953135164E-002
   132.00000000000000        2702.2749655097837               43         211   7.6884939999300383E-004   5.7429115953135164E-002
   133.00000000000000        2707.3368992788414               50         211   1.6655177559279878E-003   5.7429115953135164E-002
   134.00000000000000        2712.3813274017402               31         211   2.4549597753921529E-003   5.7429115953135164E-002
   135.00000000000000        2717.4084472394075              237         211   3.4910516694764545E-003   5.7429115953135164E-002
   136.00000000000000        2722.4183783317221               55         211   4.7658066437096455E-003   5.7429115953135164E-002
   137.00000000000000        2727.4112390137907               48         211   6.2805616573237766E-003   5.7429115953135164E-002
   138.00000000000000        2732.3868133049714               27         211   6.2762555902635920E-003   5.7429115953135164E-002
   139.00000000000000        2737.3452170048577               27         211   4.6752472181947101E-003   5.7429115953135164E-002
   140.00000000000000        2742.2864042256392              129         211   5.5241791362927817E-004   5.7429115953135164E-002
   0.0000000000000000        1652.8611830271366              304         211   2.3309517359264673E-003   5.7429115953135164E-002
   1.0000000000000000        1663.1261740575658              326         211   1.3847147962236752E-004   5.7429115953135164E-002
   2.0000000000000000        1683.4068963150173             2004         212   8.5455280015414165E-003   5.7429115953135164E-002
   3.0000000000000000        1702.6796609811850               93         212   1.2629309117707260E-003   5.7429115953135164E-002
   4.0000000000000000        1719.0132421330145               97         212   1.2526243124804048E-005   5.7429115953135164E-002
   5.0000000000000000        1733.6322901430260              154         212   2.3402554022185378E-003   5.7429115953135164E-002
   6.0000000000000000        1747.1024241932735               94         212   2.0663295218828980E-003   5.7429115953135164E-002
   7.0000000000000000        1759.6494124899832              105         212   1.1421516960752069E-003   5.7429115953135164E-002
   8.0000000000000000        1771.3820823811050               77         212   4.0318149275632365E-005   5.7429115953135164E-002
   9.0000000000000000        1782.3492638231392              145         212   1.3973069634923695E-003   5.7429115953135164E-002
   10.000000000000000        1792.5523041091742              276         212   5.8553206102867645E-003   5.7429115953135164E-002
   11.000000000000000        1805.5144281452299              782         213   1.6133791162915294E-003   5.7429115953135164E-002
   12.000000000000000        1813.9325300950302             1233         214   2.3677476980136814E-007   5.7429115953135164E-002
   13.000000000000000        1819.6967268850292              382         214   1.3390638622601838E-003   5.7429115953135164E-002
   14.000000000000000        1856.3903331555634             4309         216   2.0163241488636307E-004   5.7429115953135164E-002
   15.000000000000000        1866.2803297328796             1853         216   1.3331025285184001E-004   5.7429115953135164E-002
   16.000000000000000        1874.5763146795571             2733         216   2.2536416620373047E-004   5.7429115953135164E-002
   17.000000000000000        1883.8142433682763             1047         216   6.1069747418822221E-004   5.7429115953135164E-002
   18.000000000000000        1892.8494846437084              274         217   2.2886397918349378E-003   5.7429115953135164E-002
   19.000000000000000        1927.8041874514956              301         218   5.8138011675573443E-003   5.7429115953135164E-002
   20.000000000000000        1935.8850776555291               22         218   1.8134457267528509E-005   5.7429115953135164E-002
   21.000000000000000        1945.6388240839226               82         219   1.8426113440995295E-003   5.7429115953135164E-002
   22.000000000000000        1955.5866763879660              100         219   9.8441720439354954E-006   5.7429115953135164E-002
   23.000000000000000        1985.4008939972034              732         221   5.3815340896607887E-004   5.7429115953135164E-002
   24.000000000000000        1965.2125057348751             1044         222   4.7869555515691455E-006   5.7429115953135164E-002
   25.000000000000000        1975.0647282436839              278         222   6.0448024161446146E-003   5.7429115953135164E-002
   26.000000000000000        1983.5985684795073             1755         222   5.2289517147524563E-002   5.7429115953135164E-002
   27.000000000000000        1992.8566821635870               43         222   1.3774216912976812E-003   5.7429115953135164E-002
   28.000000000000000        2002.0178135906624               48         222   2.7457131219422553E-004   5.7429115953135164E-002
   29.000000000000000        2011.0846244825650               90         222   3.9504135807310889E-003   5.7429115953135164E-002
   30.000000000000000        2020.0596340542813               46         222   1.1642035846399813E-009   5.7429115953135164E-002
   31.000000000000000        2028.9452911998878               60         222   1.2083155928434372E-005   5.7429115953135164E-002
   32.000000000000000        2037.7439345792279              397         222   7.3228259358675471E-005   5.7429115953135164E-002
   33.000000000000000        2046.4576106189929              354         222   1.5720800349266519E-002   5.7429115953135164E-002
   34.000000000000000        2055.0890425107455              438         222   4.8048707789096990E-003   5.7429115953135164E-002
   35.000000000000000        2063.6398247818902              258         222   1.2767759346376831E-004   5.7429115953135164E-002
   36.000000000000000        2072.1122268553877              119         222   1.7411747060440592E-004   5.7429115953135164E-002
   37.000000000000000        2080.5081706892333              242         222   2.9823576740938706E-004   5.7429115953135164E-002
   38.000000000000000        2088.8295659086189             1343         222   1.0759293642935831E-004   5.7429115953135164E-002
   39.000000000000000        2097.0782662361416              402         222   3.1386292930031729E-003   5.7429115953135164E-002
   40.000000000000000        2105.2560460331065              596         222   2.9277207381848231E-003   5.7429115953135164E-002
   41.000000000000000        2113.3646752847067             2418         222   7.3171640572993856E-004   5.7429115953135164E-002
   42.000000000000000        2121.4059889981127             1717         222   2.7481888449858428E-002   5.7429115953135164E-002
   43.000000000000000        2129.3811797674798             1180         222   9.4368121707730504E-006   5.7429115953135164E-002
   44.000000000000000        2137.2923067753654              713         222   2.4441329932422473E-005   5.7429115953135164E-002
   45.000000000000000        2145.1407789441914             2350         222   9.4946452127252250E-007   5.7429115953135164E-002
   46.000000000000000        2152.9281154467067             2254         222   4.4024835104434670E-006   5.7429115953135164E-002
   47.000000000000000        2160.6559965943457             1223         222   1.4681278377543580E-002   5.7429115953135164E-002
   48.000000000000000        2168.3254920936829             1165         222   6.9219259720841569E-003   5.7429115953135164E-002
   49.000000000000000        2175.9380742419653             1714         222   2.2045200738091197E-002   5.7429115953135164E-002
   50.000000000000000        2183.4954425614524             1244         222   2.0953526294056484E-002   5.7429115953135164E-002
   51.000000000000000        2190.9983008577819              449         222   7.3186499786842153E-003   5.7429115953135164E-002
   52.000000000000000        2198.4494000255768              368         222   1.7654654082752325E-004   5.7429115953135164E-002
   53.000000000000000        2205.8482948611463             1037         222   7.5588605426304646E-003   5.7429115953135164E-002
   54.000000000000000        2213.1956846014073              426         222   9.5131853343116309E-003   5.7429115953135164E-002
   55.000000000000000        2220.4956348026385             1156         222   4.4685646801205956E-003   5.7429115953135164E-002
   56.000000000000000        2227.7472947512811             1089         222   2.9571341307321071E-003   5.7429115953135164E-002
   57.000000000000000        2234.9522028313122             1097         222   9.5261369035528373E-004   5.7429115953135164E-002
   58.000000000000000        2242.1115574508144             1389         222   6.8997191321221423E-004   5.7429115953135164E-002
   59.000000000000000        2249.2267364903155             2236         222   3.3456879035658138E-002   5.7429115953135164E-002
   60.000000000000000        2256.2978581533380              997         222   7.7383110429325732E-005   5.7429115953135164E-002
   61.000000000000000        2263.3282455627123             2326         222   2.8275215042948678E-005   5.7429115953135164E-002
   62.000000000000000        2270.3160379417086              871         222   4.0077708878058710E-004   5.7429115953135164E-002
   63.000000000000000        2277.2619458361287             1105         222   7.7077679264559622E-004   5.7429115953135164E-002
   64.000000000000000        2284.1698577666466               63         222   1.4630172462999078E-008   5.7429115953135164E-002
   65.000000000000000        2291.0392918840726              143         222   8.5436226446733931E-004   5.7429115953135164E-002
   66.000000000000000        2297.8711565554986               72         222   1.7166519284758749E-005   5.7429115953135164E-002
   67.000000000000000        2304.6663326483572              305         223   4.8695074001305620E-004   5.7429115953135164E-002
   68.000000000000000        2312.1679672072055             1225         224   3.1394205288397800E-002   5.7429115953135164E-002
   69.000000000000000        2318.8896592299302              535         224   7.1319077756946893E-004   5.7429115953135164E-002
   70.000000000000000        2325.5775143017554              141         224   1.1670880836607372E-002   5.7429115953135164E-002
   71.000000000000000        2332.2285018289326              232         224   2.4372453913373802E-004   5.7429115953135164E-002
   72.000000000000000        2338.8474714819081               90         224   6.7334349374628547E-003   5.7429115953135164E-002
   73.000000000000000        2345.4336117031548              209         224   1.7276886162338426E-002   5.7429115953135164E-002
   74.000000000000000        2351.9874731291980               91         224   2.7415407142844906E-007   5.7429115953135164E-002
   75.000000000000000        2358.5102261974830              189         224   7.3644518782907896E-005   5.7429115953135164E-002
   76.000000000000000        2365.0023670281512             1070         224   3.7283616286319589E-003   5.7429115953135164E-002
   77.000000000000000        2371.4647121586258             1353         224   5.8865567294380430E-002   5.8865567294380430E-002
   78.000000000000000        2377.8971795812968             1078         224   1.1143991266559588E-003   5.8865567294380430E-002
   79.000000000000000        2384.3011552232724              179         224   7.3872858918660076E-003   5.8865567294380430E-002
   80.000000000000000        2390.6770479361312             1293         224   3.5088245644606809E-002   5.8865567294380430E-002
   81.000000000000000        2397.0251211557943             1257         224   8.5241599143386093E-004   5.8865567294380430E-002
   82.000000000000000        2403.3462134033834             1709         224   1.7479435984350402E-008   5.8865567294380430E-002
   83.000000000000000        2409.6407545306406              138         224   2.8232881181429509E-003   5.8865567294380430E-002
   84.000000000000000        2415.9092167120393              468         224   1.1829086775651758E-005   5.8865567294380430E-002
   85.000000000000000        2422.1521039304266             2511         224   7.1193404170021956E-004   5.8865567294380430E-002
   86.000000000000000        2428.3698786338305             3076         224   1.3675159805876656E-002   5.8865567294380430E-002
   87.000000000000000        2434.5629688957547              214         224   6.4462186882530016E-003   5.8865567294380430E-002
   88.000000000000000        2440.7317582334499              112         224   7.9980836233738921E-007   5.8865567294380430E-002
   89.000000000000000        2446.8788682510831              338         224   1.0107087849181892E-002   5.8865567294380430E-002
   90.000000000000000        2452.9981800620576              272         224   1.2138772687042938E-006   5.8865567294380430E-002
   91.000000000000000        2459.0965403202222               83         224   3.9836583453822810E-004   5.8865567294380430E-002
   92.000000000000000        2465.1721582642863              304         224   7.1818446988294333E-003   5.8865567294380430E-002
   93.000000000000000        2471.2252625598821             2111         224   2.4696983350252746E-002   5.8865567294380430E-002
   94.000000000000000        2477.2563828600610             2233         224   4.9425826029598420E-002   5.8865567294380430E-002
   95.000000000000000        2483.2655930860574              483         224   2.0734649841576730E-003   5.8865567294380430E-002
   96.000000000000000        2489.2533077019048             1051         224   8.6706703187571519E-004   5.8865567294380430E-002
   97.000000000000000        2495.2197682513320             1243         224   1.1047153746480010E-003   5.8865567294380430E-002
   98.000000000000000        2501.1652329426997             1172         224   1.1521346918424622E-003   5.8865567294380430E-002
   99.000000000000000        2507.0940261646947             1336         224   6.3809032501574584E-003   5.8865567294380430E-002
   100.00000000000000        2512.9949735049913             1050         224   1.1211495913077439E-008   5.8865567294380430E-002
   101.00000000000000        2518.8788291235182              204         224   8.6519627556311653E-004   5.8865567294380430E-002
   102.00000000000000        2524.7426123158966              177         224   1.1529409029744468E-003   5.8865567294380430E-002
   103.00000000000000        2530.5865538927815              105         224   1.4454934285816491E-003   5.8865567294380430E-002
   104.00000000000000        2536.4108849405015               89         224   1.7389834030124159E-003   5.8865567294380430E-002
   105.00000000000000        2542.2180274665075              508         224   2.1433666497137831E-003   5.8865567294380430E-002
   106.00000000000000        2548.0004353287854              384         224   1.5787300773584529E-007   5.8865567294380430E-002
   107.00000000000000        2553.7696376803760              746         224   3.6190224192055574E-003   5.8865567294380430E-002
   108.00000000000000        2559.5158376289164              382         224   4.9091335975557267E-003   5.8865567294380430E-002
   109.00000000000000        2565.2439077475715              380         224   3.8665547376393644E-003   5.8865567294380430E-002
   110.00000000000000        2570.9535639898158              467         224   3.3114914240606466E-003   5.8865567294380430E-002
   111.00000000000000        2576.6416312262613              311         224   1.6815803251679490E-003   5.8865567294380430E-002
   112.00000000000000        2582.3162716669899              297         224   2.2978166954288255E-003   5.8865567294380430E-002
   113.00000000000000        2587.9669697497807              412         224   7.1237070162441049E-006   5.8865567294380430E-002
   114.00000000000000        2593.6040068270354              168         224   7.9085594794309350E-003   5.8865567294380430E-002
   115.00000000000000        2599.2192391745921             1130         224   2.0349015703553568E-005   5.8865567294380430E-002
   116.00000000000000        2604.8181073020919             1283         224   2.0096817933342736E-004   5.8865567294380430E-002
   117.00000000000000        2610.3989174963540             1234         224   2.9726194885835781E-008   5.8865567294380430E-002
   118.00000000000000        2615.9651123575586             2304         224   3.7675303018182157E-003   5.8865567294380430E-002
   119.00000000000000        2621.5066928717229              251         224   3.2995261921862253E-006   5.8865567294380430E-002
   120.00000000000000        2627.0338125209796              137         224   1.4925076798292913E-007   5.8865567294380430E-002
   121.00000000000000        2632.5438448482359              342         224   4.5308326704479951E-003   5.8865567294380430E-002
   122.00000000000000        2638.0348741505140              400         224   1.2313693876421888E-004   5.8865567294380430E-002
   123.00000000000000        2647.0648754591793              886         225   2.4562222585056717E-004   5.8865567294380430E-002
   124.00000000000000        2664.1617505735162             1273         225   3.7744175409225216E-003   5.8865567294380430E-002
   125.00000000000000        2684.9101041800268             1068         225   3.4987859656536156E-003   5.8865567294380430E-002
   126.00000000000000        2708.6401702412008             1396         225   1.2753998641298288E-002   5.8865567294380430E-002
   127.00000000000000        2731.8294405884976             3080         225   1.5049126286610266E-003   5.8865567294380430E-002
   128.00000000000000        2737.0844482801240               23         225   3.7044122541320481E-004   5.8865567294380430E-002
   129.00000000000000        2742.3211643406839              116         225   5.5912249751927134E-004   5.8865567294380430E-002
   130.00000000000000        2747.5391746079581               85         225   9.1961778791241100E-005   5.8865567294380430E-002
   131.00000000000000        2752.7389953447455               75         225   3.8222885431228755E-004   5.8865567294380430E-002
   132.00000000000000        2757.9206691353015               24         225   1.0406942734572590E-003   5.8865567294380430E-002
   133.00000000000000        2763.0842795872941               60         225   1.7835733562789823E-003   5.8865567294380430E-002
   134.00000000000000        2768.2299639501534              212         225   2.5883134520113655E-003   5.8865567294380430E-002
   135.00000000000000        2773.3578867233309               24         225   3.6056243758377611E-003   5.8865567294380430E-002
   136.00000000000000        2778.4681802674240               92         225   4.8420526318836829E-003   5.8865567294380430E-002
   137.00000000000000        2783.5609723452576               36         225   6.2982002051915941E-003   5.8865567294380430E-002
   138.00000000000000        2788.6360549379524               28         225   6.1883298550938293E-003   5.8865567294380430E-002
   139.00000000000000        2793.6928117729158               46         225   4.1073788748980809E-004   5.8865567294380430E-002
   140.00000000000000        2798.7334996757722               32         225   5.3293080812644199E-004   5.8865567294380430E-002
   0.0000000000000000        1684.9171312676419              382         225   7.4001803986233656E-006   5.8865567294380430E-002
   1.0000000000000000        1695.8761706082844             2195         225   5.1503457073672461E-003   5.8865567294380430E-002
   2.0000000000000000        1716.3428579507479              960         226   5.0174132278932599E-003   5.8865567294380430E-002
   3.0000000000000000        1736.2760224047011               87         226   8.1627699622044701E-005   5.8865567294380430E-002
   4.0000000000000000        1753.2164204849939              185         226   1.0585093740825969E-003   5.8865567294380430E-002
   5.0000000000000000        1768.3461231190522               81         226   3.4409564197806255E-004   5.8865567294380430E-002
   6.0000000000000000        1782.2688381834948              118         226   1.3447292784837966E-003   5.8865567294380430E-002
   7.0000000000000000        1795.2214631201189               76         226   3.9886161431937833E-004   5.8865567294380430E-002
   8.0000000000000000        1807.3167427300386              171         226   1.4612467574843304E-004   5.8865567294380430E-002
   9.0000000000000000        1818.6084578177099              174         226   2.7442997319353409E-004   5.8865567294380430E-002
   10.000000000000000        1829.1018219377781              112         226   7.9323014744032397E-005   5.8865567294380430E-002
   11.000000000000000        1838.7392516729526               80         226   5.2942093266509192E-004   5.8865567294380430E-002
   12.000000000000000        1850.5998610311669             3930         228   8.7034605877990053E-003   5.8865567294380430E-002
   13.000000000000000        1856.3079923743308               99         228   2.1728158406624658E-007   5.8865567294380430E-002
   14.000000000000000        1881.3702658029761             1585         229   7.6689419953074045E-003   5.8865567294380430E-002
   15.000000000000000        1904.4106586550199             1168         229   1.9004421532036784E-004   5.8865567294380430E-002
   16.000000000000000        1913.1860153529774             1022         229   2.0991830819333031E-003   5.8865567294380430E-002
   17.000000000000000        1922.6585816799845             1054         229   1.6414966214643181E-006   5.8865567294380430E-002
   18.000000000000000        1931.9196419565139             1000         229   9.5148110923218444E-003   5.8865567294380430E-002
   19.000000000000000        1967.8342255970144              442         230   2.1035383409664971E-003   5.8865567294380430E-002
   20.000000000000000        1976.1171287059938              189         230   9.7642311269882690E-006   5.8865567294380430E-002
   21.000000000000000        1985.7640320981543              282         231   9.6522147435533377E-007   5.8865567294380430E-002
   22.000000000000000        1995.9604386359717               75         231   4.2486016486654938E-006   5.8865567294380430E-002
   23.000000000000000        2010.2948899666817             1853         234   2.0419853248597138E-002   5.8865567294380430E-002
   24.000000000000000        2003.8325706562850             1582         234   8.9024681268020031E-003   5.8865567294380430E-002
   25.000000000000000        2014.1123415344623              259         234   7.7377897977714011E-003   5.8865567294380430E-002
   26.000000000000000        2022.9336113409420             2234         234   4.2360252974856646E-003   5.8865567294380430E-002
   27.000000000000000        2032.4110349040482               48         234   8.9202582924143546E-004   5.8865567294380430E-002
   28.000000000000000        2041.7892092077752               80         234   2.2073487063774781E-004   5.8865567294380430E-002
   29.000000000000000        2051.0708404734069               49         234   6.3865898857918326E-005   5.8865567294380430E-002
   30.000000000000000        2060.2585267563641               46         234   5.6682424133513922E-004   5.8865567294380430E-002
   31.000000000000000        2069.3547599325580              433         234   5.4855212618823104E-006   5.8865567294380430E-002
   32.000000000000000        2078.3619470403787              339         234   4.2280264497785539E-005   5.8865567294380430E-002
   33.000000000000000        2087.2822423360440              255         234   5.0873073097834371E-005   5.8865567294380430E-002
   34.000000000000000        2096.1181759059423              131         234   8.7936342650176387E-005   5.8865567294380430E-002
   35.000000000000000        2104.8717655307973              288         234   2.0845576662774921E-004   5.8865567294380430E-002
   36.000000000000000        2113.5450895766899              124         234   3.3467797622541596E-004   5.8865567294380430E-002
   37.000000000000000        2122.1401518971306              802         234   4.5393271873249473E-003   5.8865567294380430E-002
   38.000000000000000        2130.6591954209707             1406         234   6.5863831961451196E-004   5.8865567294380430E-002
   39.000000000000000        2139.1035764697258              282         234   5.3638129079819248E-008   5.8865567294380430E-002
   40.000000000000000        2147.4750789846248              481         234   1.3859395317126743E-004   5.8865567294380430E-002
   41.000000000000000        2155.7760498428438             1053         234   8.9926083365083533E-005   5.8865567294380430E-002
   42.000000000000000        2164.0079487761082              161         234   5.1220208903295671E-005   5.8865567294380430E-002
   43.000000000000000        2172.1724492659187             1081         234   1.5840441281643014E-004   5.8865567294380430E-002
   44.000000000000000        2180.2711761320020              398         234   1.2595622958975812E-005   5.8865567294380430E-002
   45.000000000000000        2188.3057520105522             1965         234   1.9412752856390308E-003   5.8865567294380430E-002
   46.000000000000000        2196.2776241300180             2283         234   5.1801539410442596E-009   5.8865567294380430E-002
   47.000000000000000        2204.1885381202824             2604         234   3.1531798602783330E-002   5.8865567294380430E-002
   48.000000000000000        2212.0394791184249             1214         234   2.3459122469515360E-004   5.8865567294380430E-002
   49.000000000000000        2219.8323155763233              506         234   6.7347986844318460E-004   5.8865567294380430E-002
   50.000000000000000        2227.5682774772895              893         234   6.3606729411636994E-003   5.8865567294380430E-002
   51.000000000000000        2235.2487759166570             1044         234   1.6455572005708352E-004   5.8865567294380430E-002
   52.000000000000000        2242.8758815670590              567         234   1.5456623392501563E-005   5.8865567294380430E-002
   53.000000000000000        2250.4493355391573             1301         234   6.6895100241211832E-005   5.8865567294380430E-002
   54.000000000000000        2257.9702271073143              503         234   5.8016239855423800E-005   5.8865567294380430E-002
   55.000000000000000        2265.4415633945014             1099         234   6.2240242820727687E-003   5.8865567294380430E-002
   56.000000000000000        2272.8636904698023             1334         234   4.8188327647331441E-004   5.8865567294380430E-002
   57.000000000000000        2280.2377801051593             1096         234   1.6347942114369783E-003   5.8865567294380430E-002
   58.000000000000000        2287.5660985676805              970         234   4.8209592207625087E-005   5.8865567294380430E-002
   59.000000000000000        2294.8472727534636             1281         234   4.8045335552823996E-003   5.8865567294380430E-002
   60.000000000000000        2302.0827455558324              186         234   1.0884689536735619E-002   5.8865567294380430E-002
   61.000000000000000        2309.2756791182583             1339         234   1.8968560532250446E-005   5.8865567294380430E-002
   62.000000000000000        2316.4274419364074             1058         234   1.2815765303072279E-004   5.8865567294380430E-002
   63.000000000000000        2323.5344461445275             1343         234   2.1954809367924584E-003   5.8865567294380430E-002
   64.000000000000000        2330.6022816525037               85         234   1.2626421033246911E-005   5.8865567294380430E-002
   65.000000000000000        2337.6303510959151               68         234   1.5628432238408474E-007   5.8865567294380430E-002
   66.000000000000000        2344.6195668942114               99         234   1.4674134038034323E-006   5.8865567294380430E-002
   67.000000000000000        2351.5708194149925              270         234   1.6445828461937595E-003   5.8865567294380430E-002
   68.000000000000000        2358.4867511327298             1192         234   5.3004233225734949E-002   5.8865567294380430E-002
   69.000000000000000        2365.3623821589003              240         234   3.4545805868705551E-002   5.8865567294380430E-002
   70.000000000000000        2372.8923361227357             1733         235   8.7670709390457405E-003   5.8865567294380430E-002
   71.000000000000000        2379.6963701290188              139         235   7.1795059062119910E-003   5.8865567294380430E-002
   72.000000000000000        2386.4658281481834              116         235   2.6690372716316464E-003   5.8865567294380430E-002
   73.000000000000000        2393.2012567746010               71         235   2.9210960821430915E-005   5.8865567294380430E-002
   74.000000000000000        2399.9035838874524              236         235   9.7487584926648704E-004   5.8865567294380430E-002
   75.000000000000000        2406.5733390769956              451         235   1.8601273513110965E-002   5.8865567294380430E-002
   76.000000000000000        2413.2114582198565              418         235   6.6363364018488233E-002   6.6363364018488233E-002
   77.000000000000000        2419.8181789096152             1170         235   3.6606535801490692E-003   6.6363364018488233E-002
   78.000000000000000        2426.3944469819648              148         235   6.0017789114890686E-004   6.6363364018488233E-002
   79.000000000000000        2432.9408305656043             1002         235   1.0698945572106369E-002   6.6363364018488233E-002
   80.000000000000000        2439.4579319478389             1154         235   4.2228765665693613E-003   6.6363364018488233E-002
   81.000000000000000        2445.9462675267555              619         235   3.2222366414186743E-004   6.6363364018488233E-002
   82.000000000000000        2452.4064192418382             1407         235   1.2440514463606422E-002   6.6363364018488233E-002
   83.000000000000000        2458.8388923230405             2220         235   4.6463579377541120E-005   6.6363364018488233E-002
   84.000000000000000        2465.2442715177440             3063         235  0.10301993980958206       0.10301993980958206     
   85.000000000000000        2471.6228855179506             1134         235   2.0288724387921059E-004  0.10301993980958206     
   86.000000000000000        2477.9753576789280             2372         235   1.2874352686189820E-007  0.10301993980958206     
   87.000000000000000        2484.3020900991264             2230         235   7.4515669745268238E-007  0.10301993980958206     
   88.000000000000000        2490.6035292848860              131         235   8.2843915329876131E-004  0.10301993980958206     
   89.000000000000000        2496.8800530929980             1308         235   8.1643216190106985E-006  0.10301993980958206     
   90.000000000000000        2503.1342222817279             1251         235   1.0210124997993206E-002  0.10301993980958206     
   91.000000000000000        2509.3601955277918              464         235   7.4187028876426279E-003  0.10301993980958206     
   92.000000000000000        2515.5638485610161              281         235   6.5816967756547381E-003  0.10301993980958206     
   93.000000000000000        2521.7450093149064              613         235   6.8513380730256803E-003  0.10301993980958206     
   94.000000000000000        2527.9027303252683             1219         235   1.7753767257914833E-005  0.10301993980958206     
   95.000000000000000        2534.0390878080602             1304         235   4.1265820167115060E-002  0.10301993980958206     
   96.000000000000000        2540.1514997871332              405         235   4.8154514119788845E-004  0.10301993980958206     
   97.000000000000000        2546.2406234633831             1197         235   4.3607618105308728E-005  0.10301993980958206     
   98.000000000000000        2552.3091256006032             1055         235   4.9972756728896650E-004  0.10301993980958206     
   99.000000000000000        2558.3569993886745             1207         235   1.3827778077678054E-002  0.10301993980958206     
   100.00000000000000        2564.3825081980476               41         235   4.4373546995265471E-004  0.10301993980958206     
   101.00000000000000        2570.3868460668223               88         235   9.5456616705264104E-004  0.10301993980958206     
   102.00000000000000        2576.3703163643631               41         235   1.2423005543193073E-003  0.10301993980958206     
   103.00000000000000        2582.3331576314422               69         235   1.5348141265025120E-003  0.10301993980958206     
   104.00000000000000        2588.2756074681843              149         235   1.8562978132576789E-003  0.10301993980958206     
   105.00000000000000        2594.1978043391932             1048         235   2.4123656442071270E-003  0.10301993980958206     
   106.00000000000000        2600.0997958045941              405         235   3.4069249216644409E-003  0.10301993980958206     
   107.00000000000000        2605.9819409758006              469         235   4.7105684259869662E-003  0.10301993980958206     
   108.00000000000000        2611.8458654132378              525         235   4.0943701054646821E-003  0.10301993980958206     
   109.00000000000000        2617.6857969901434              242         235   1.5962677240367144E-003  0.10301993980958206     
   110.00000000000000        2623.5088749647348             1709         235   2.2448975065297474E-003  0.10301993980958206     
   111.00000000000000        2629.3127566825151              835         235   5.7224766868866966E-004  0.10301993980958206     
   112.00000000000000        2635.0973356142272              239         235   5.8169956729518361E-005  0.10301993980958206     
   113.00000000000000        2640.8632615618999              137         235   3.8429254922354959E-003  0.10301993980958206     
   114.00000000000000        2646.6111965364043              198         235   5.4253793518257180E-003  0.10301993980958206     
   115.00000000000000        2652.3373718045946             2191         235   8.6221173020796136E-005  0.10301993980958206     
   116.00000000000000        2658.0466481042713             2258         235   7.1212362310143790E-004  0.10301993980958206     
   117.00000000000000        2663.7428906092455              831         235   1.0739796292945299E-002  0.10301993980958206     
   118.00000000000000        2669.4115057003633              987         235   6.6376330053457945E-003  0.10301993980958206     
   119.00000000000000        2675.0626657439147              509         235   1.0514085153265370E-006  0.10301993980958206     
   120.00000000000000        2680.6979760623867               83         235   1.1532151046030663E-006  0.10301993980958206     
   121.00000000000000        2686.3154194142794              473         235   1.5386964486196809E-003  0.10301993980958206     
   122.00000000000000        2691.9139953538775              271         235   3.7932394866266135E-003  0.10301993980958206     
   123.00000000000000        2697.4948916031385              518         235   4.0925932842620178E-003  0.10301993980958206     
   124.00000000000000        2709.8958528443404              739         236   2.3042929879114957E-006  0.10301993980958206     
   125.00000000000000        2728.7649095840197             1602         236   3.1558691749961100E-003  0.10301993980958206     
   126.00000000000000        2751.5049343941273             1009         236   7.8946312857499212E-003  0.10301993980958206     
   127.00000000000000        2777.3720917026690              282         236   1.4698943784457776E-003  0.10301993980958206     
   128.00000000000000        2793.3962612049977             2591         236   2.7728589907583662E-004  0.10301993980958206     
   129.00000000000000        2798.7389803464771               56         236   4.2812997401614814E-005  0.10301993980958206     
   130.00000000000000        2804.0627346122233               98         236   1.9869575388606692E-004  0.10301993980958206     
   131.00000000000000        2809.3676683750205               55         236   6.2490284554814874E-004  0.10301993980958206     
   132.00000000000000        2814.6539364196005               35         236   1.3245035890240083E-003  0.10301993980958206     
   133.00000000000000        2819.9216239274283               78         236   1.9448229390750533E-003  0.10301993980958206     
   134.00000000000000        2825.1709330984163               78         236   2.7541370231919707E-003  0.10301993980958206     
   135.00000000000000        2830.4020093846038               33         236   3.7569265779733713E-003  0.10301993980958206     
   136.00000000000000        2835.6149949327114               54         236   4.9595508950397906E-003  0.10301993980958206     
   137.00000000000000        2840.8100269856873               82         236   6.3617033501747137E-003  0.10301993980958206     
   138.00000000000000        2845.9866306930899               36         236   4.6515329955369306E-003  0.10301993980958206     
   139.00000000000000        2851.1450652325334              148         236   4.0906040886466998E-004  0.10301993980958206     
   140.00000000000000        2856.2867129316169               25         236   5.2853703819283001E-004  0.10301993980958206     
   0.0000000000000000        1717.3869131519564             1184         236   5.8198456697689128E-003  0.10301993980958206     
   1.0000000000000000        1729.1834994232051              374         236   2.7468372901326642E-003  0.10301993980958206     
   2.0000000000000000        1749.5771820599289              517         237   1.1095590897777660E-002  0.10301993980958206     
   3.0000000000000000        1770.4103748620339              432         237   2.5527886647128698E-004  0.10301993980958206     
   4.0000000000000000        1787.9760062858070              428         237   8.6261583357505611E-003  0.10301993980958206     
   5.0000000000000000        1803.6398479467398               86         237   6.0463310124073675E-004  0.10301993980958206     
   6.0000000000000000        1818.0390626604405               67         237   3.4023421128313901E-003  0.10301993980958206     
   7.0000000000000000        1831.4192767152526              159         237   1.9386847225176420E-004  0.10301993980958206     
   8.0000000000000000        1843.8966712295137              155         237   1.9655501048491997E-005  0.10301993980958206     
   9.0000000000000000        1855.5295607439521               72         237   1.4180896267151860E-003  0.10301993980958206     
   10.000000000000000        1866.3283670674186               81         237   1.1442764520514471E-003  0.10301993980958206     
   11.000000000000000        1876.2395462162287              110         237   1.0966153328171595E-004  0.10301993980958206     
   12.000000000000000        1887.9327582924477              697         239   5.0109543451600539E-003  0.10301993980958206     
   13.000000000000000        1893.5872007760133              120         239   7.5412337443698770E-004  0.10301993980958206     
   14.000000000000000        1908.6265041104011              737         240   4.3770361909257214E-003  0.10301993980958206     
   15.000000000000000        1943.2657533385634             2564         240   6.9747698567600672E-002  0.10301993980958206     
   16.000000000000000        1952.5288998712149              573         240   2.7357648346037215E-003  0.10301993980958206     
   17.000000000000000        1962.2421730926912             1045         240   4.5750180389312992E-011  0.10301993980958206     
   18.000000000000000        1971.7406423281004             1057         240   3.3995148799229354E-008  0.10301993980958206     
   19.000000000000000        1999.4536037866617              210         241   1.1448283769002751E-005  0.10301993980958206     
   20.000000000000000        2017.1277916088184              368         241   3.3443884826706813E-004  0.10301993980958206     
   21.000000000000000        2026.6780649864111               81         242   3.3418988740505306E-003  0.10301993980958206     
   22.000000000000000        2037.0869551625847               88         242   5.4488984666362003E-006  0.10301993980958206     
   23.000000000000000        2026.3709086463825             1927         245   6.4504325870521455E-003  0.10301993980958206     
   24.000000000000000        2043.0908374731036              122         245   5.4797402011637288E-004  0.10301993980958206     
   25.000000000000000        2053.8584722492301              362         245   1.0938028586412677E-003  0.10301993980958206     
   26.000000000000000        2062.9802838643855             1846         245   1.5844205851977628E-004  0.10301993980958206     
   27.000000000000000        2072.6823437156827               76         245   5.0522167935008555E-004  0.10301993980958206     
   28.000000000000000        2082.2827872175626              110         245   1.7661647224149668E-004  0.10301993980958206     
   29.000000000000000        2091.7843940622301               51         245   2.0682753174821071E-005  0.10301993980958206     
   30.000000000000000        2101.1898271917612              547         245   1.0948392932598451E-008  0.10301993980958206     
   31.000000000000000        2110.5016439661063              303         245   2.3661643326837564E-003  0.10301993980958206     
   32.000000000000000        2119.7223126855779              308         245   7.7421918082630918E-005  0.10301993980958206     
   33.000000000000000        2128.8541971243872              222         245   4.8807111543700277E-005  0.10301993980958206     
   34.000000000000000        2137.8993861018380              269         245   4.5712751812584994E-004  0.10301993980958206     
   35.000000000000000        2146.8604626538245              205         245   1.1173500531191195E-004  0.10301993980958206     
   36.000000000000000        2155.7393780852408              169         245   8.9912959897930797E-005  0.10301993980958206     
   37.000000000000000        2164.5381893510107              133         245   1.1662846519540820E-004  0.10301993980958206     
   38.000000000000000        2173.2588846469334             1402         245   8.0583027972514487E-003  0.10301993980958206     
   39.000000000000000        2181.9034064477587             1062         245   1.4133891776305792E-003  0.10301993980958206     
   40.000000000000000        2190.4736068526604             1082         245   1.0252878259475832E-005  0.10301993980958206     
   41.000000000000000        2198.9713072620148             1122         245   4.4866212615713846E-004  0.10301993980958206     
   42.000000000000000        2207.3982621058813              158         245   1.6101471274247688E-005  0.10301993980958206     
   43.000000000000000        2215.7561811023434             1080         245   1.2870559969512610E-003  0.10301993980958206     
   44.000000000000000        2224.0467350376798             2249         245   6.9180234592866909E-003  0.10301993980958206     
   45.000000000000000        2232.2715170277634             1438         245   2.0923577845761670E-003  0.10301993980958206     
   46.000000000000000        2240.4320807274516             2164         245   4.3875013029021464E-007  0.10301993980958206     
   47.000000000000000        2248.5299827718613             2131         245   2.7479850545877635E-002  0.10301993980958206     
   48.000000000000000        2256.5666942969092             1312         245   1.4839798361289215E-002  0.10301993980958206     
   49.000000000000000        2264.5445451631886             2004         245   9.1185931692150703E-003  0.10301993980958206     
   50.000000000000000        2272.4623474307914             1453         245   8.0398325032536647E-006  0.10301993980958206     
   51.000000000000000        2280.3244426367969             1358         245   2.6329086696663357E-002  0.10301993980958206     
   52.000000000000000        2288.1302401138814              215         245   8.9311454510775431E-003  0.10301993980958206     
   53.000000000000000        2295.8827061895281             1122         245   6.7833606595352593E-003  0.10301993980958206     
   54.000000000000000        2303.5807405506166              813         245   1.3297550399358883E-002  0.10301993980958206     
   55.000000000000000        2311.2285203332331              877         245   1.9752976268580798E-003  0.10301993980958206     
   56.000000000000000        2318.8241495450770             1201         245   9.7710859528963179E-003  0.10301993980958206     
   57.000000000000000        2326.3730595393108             1621         245   1.3941282463376350E-002  0.10301993980958206     
   58.000000000000000        2333.8698607188344             2040         245   2.1172232331541099E-002  0.10301993980958206     
   59.000000000000000        2341.3218457917969             1030         245   1.2502219909874048E-005  0.10301993980958206     
   60.000000000000000        2348.7272102853517              519         245   3.9257323209106946E-005  0.10301993980958206     
   61.000000000000000        2356.0875562277306             1276         245   1.0455287941952429E-004  0.10301993980958206     
   62.000000000000000        2363.4045453027675             2332         245   1.4932631793172196E-002  0.10301993980958206     
   63.000000000000000        2370.6754507501059              398         245   7.9230389963124096E-003  0.10301993980958206     
   64.000000000000000        2377.9066682119046             1257         245   2.5966536070043669E-003  0.10301993980958206     
   65.000000000000000        2385.0968060517903               86         245   9.4352181295880284E-007  0.10301993980958206     
   66.000000000000000        2392.2467849688396              191         245   8.5931457059505167E-005  0.10301993980958206     
   67.000000000000000        2399.3575004747795               57         245   2.5289343233210033E-009  0.10301993980958206     
   68.000000000000000        2406.4298288758359              851         245   1.9217516596744429E-002  0.10301993980958206     
   69.000000000000000        2413.4646025598204              111         245   1.3197595322224007E-004  0.10301993980958206     
   70.000000000000000        2420.4626250783126               83         245   1.6573570647833631E-004  0.10301993980958206     
   71.000000000000000        2427.4247182475851              280         245   8.7326227057020264E-005  0.10301993980958206     
   72.000000000000000        2434.3518093594544              895         245   1.6586916766720274E-002  0.10301993980958206     
   73.000000000000000        2441.8744328154771              262         246   6.5121743742253910E-004  0.10301993980958206     
   74.000000000000000        2448.7281795040603              182         246   5.6764197417595369E-003  0.10301993980958206     
   75.000000000000000        2455.5482214971589               49         246   5.0102897456372839E-003  0.10301993980958206     
   76.000000000000000        2462.3353759871702              989         246   7.0686854394681323E-002  0.10301993980958206     
   77.000000000000000        2469.0899012376613              170         246   3.6502384204950273E-003  0.10301993980958206     
   78.000000000000000        2475.8128627268370               66         246   5.5952008291130487E-004  0.10301993980958206     
   79.000000000000000        2482.5048175346515              451         246   2.0113577379438666E-004  0.10301993980958206     
   80.000000000000000        2489.1663127240054              316         246   2.8890865743965127E-004  0.10301993980958206     
   81.000000000000000        2495.7979289091845              139         246   4.6317369939872354E-006  0.10301993980958206     
   82.000000000000000        2502.4002272632683              191         246   4.3006255354155407E-008  0.10301993980958206     
   83.000000000000000        2508.9737582486446              740         246   9.5843344210590105E-003  0.10301993980958206     
   84.000000000000000        2515.5190162704248             1835         246   2.9274815526725796E-003  0.10301993980958206     
   85.000000000000000        2522.0365504242395             1086         246   3.8080453106223949E-003  0.10301993980958206     
   86.000000000000000        2528.5267856021596             1067         246   2.7682803304807518E-003  0.10301993980958206     
   87.000000000000000        2534.9902195564187             1395         246   3.5635518018445320E-002  0.10301993980958206     
   88.000000000000000        2541.4272896746247             1155         246   3.8679574835890330E-003  0.10301993980958206     
   89.000000000000000        2547.8405958079402             1252         246   1.9094338746812559E-002  0.10301993980958206     
   90.000000000000000        2554.2262064852653              310         246   1.8354855310078858E-002  0.10301993980958206     
   91.000000000000000        2560.5845993099565              293         246   6.1649375302916601E-003  0.10301993980958206     
   92.000000000000000        2566.9203760657083              163         246   2.1315726687969217E-005  0.10301993980958206     
   93.000000000000000        2573.2318002026827              662         246   1.1965939808628008E-002  0.10301993980958206     
   94.000000000000000        2579.5191583707879              273         246   1.2522420584450663E-003  0.10301993980958206     
   95.000000000000000        2585.7828401195125              117         246   1.2146188860137665E-005  0.10301993980958206     
   96.000000000000000        2592.0231415474395             2271         246   2.2029563883565379E-002  0.10301993980958206     
   97.000000000000000        2598.2403997050001             1445         246   2.9485508626577116E-003  0.10301993980958206     
   98.000000000000000        2604.4360162165849              574         246   3.5911196452280948E-002  0.10301993980958206     
   99.000000000000000        2610.6068383430024             1522         246   1.8076171599711176E-003  0.10301993980958206     
   100.00000000000000        2616.7566310035063              885         246   1.4034024449839772E-002  0.10301993980958206     
   101.00000000000000        2622.8853875712266              858         246   5.2619843370995081E-002  0.10301993980958206     
   102.00000000000000        2628.9913895817758               41         246   2.5422027092258429E-003  0.10301993980958206     
   103.00000000000000        2635.0760747446038              114         246   1.5536470548856538E-003  0.10301993980958206     
   104.00000000000000        2641.1394644227157               70         246   2.0225570236049968E-003  0.10301993980958206     
   105.00000000000000        2647.1817630881951               85         246   2.7513295238120513E-003  0.10301993980958206     
   106.00000000000000        2653.2031922308056               41         246   3.9102992504229895E-003  0.10301993980958206     
   107.00000000000000        2659.2040050608935              130         246   5.4265753267668491E-003  0.10301993980958206     
   108.00000000000000        2665.1843255246490              123         246   7.3609872884202211E-003  0.10301993980958206     
   109.00000000000000        2671.1442818195555               47         246   9.4542240880285365E-003  0.10301993980958206     
   110.00000000000000        2677.0828851056890              370         246   1.8343021196428975E-003  0.10301993980958206     
   111.00000000000000        2683.0026056415486             1585         246   1.1006291240846091E-004  0.10301993980958206     
   112.00000000000000        2688.9059140319064             1269         246   5.0643009247218216E-003  0.10301993980958206     
   113.00000000000000        2694.7858632593925             1087         246   2.2201773605089784E-003  0.10301993980958206     
   114.00000000000000        2700.6477736339289             1380         246   4.6174009612235988E-003  0.10301993980958206     
   115.00000000000000        2706.4846629511717             1391         246   3.7457937087355952E-005  0.10301993980958206     
   116.00000000000000        2712.3066299606626             1277         246   7.1718620909182827E-005  0.10301993980958206     
   117.00000000000000        2718.1118722435140             2200         246   9.5256597357345919E-003  0.10301993980958206     
   118.00000000000000        2723.8932450598600              171         246   7.9362935525118528E-003  0.10301993980958206     
   119.00000000000000        2729.6580531749296             1379         246   4.9754218937431832E-004  0.10301993980958206     
   120.00000000000000        2735.4040624570657              400         246   1.5716725017081445E-004  0.10301993980958206     
   121.00000000000000        2741.1314145341712              199         246   6.0025358761915746E-004  0.10301993980958206     
   122.00000000000000        2746.8399870768662             1072         246   7.6833422425088014E-003  0.10301993980958206     
   123.00000000000000        2752.5301234046697              398         246   8.1732301714233431E-006  0.10301993980958206     
   124.00000000000000        2758.2018126421476              500         246   9.6589824849252720E-004  0.10301993980958206     
   125.00000000000000        2774.4390979653240             1455         247   3.7992641511152654E-006  0.10301993980958206     
   126.00000000000000        2795.2103966766676              856         247   7.0069966572911988E-004  0.10301993980958206     
   127.00000000000000        2820.1214299665530             2213         247   8.1468898422018612E-003  0.10301993980958206     
   128.00000000000000        2848.4023541416714             1478         247   7.3913151268664877E-003  0.10301993980958206     
   129.00000000000000        2856.2567026146876              766         247   9.9013760419792694E-005  0.10301993980958206     
   130.00000000000000        2861.6886408911919               50         247   3.9056225328205918E-004  0.10301993980958206     
   131.00000000000000        2867.1012010485770              100         247   9.3689786295021867E-004  0.10301993980958206     
   132.00000000000000        2872.4945251494983               24         247   1.4904458931935182E-003  0.10301993980958206     
   133.00000000000000        2877.8687945356096               24         247   2.1365389934643745E-003  0.10301993980958206     
   134.00000000000000        2883.2241822193141               67         247   2.9494443708950381E-003  0.10301993980958206     
   135.00000000000000        2888.5608450806558              152         247   3.9401487979735727E-003  0.10301993980958206     
   136.00000000000000        2893.8789348462137               24         247   5.1135023089333657E-003  0.10301993980958206     
   137.00000000000000        2899.1785973794085               24         247   6.4632687007517573E-003  0.10301993980958206     
   138.00000000000000        2904.4593551640583              109         247   4.5620687640765155E-003  0.10301993980958206     
   139.00000000000000        2909.7215483970472               25         247   4.1329129335953245E-004  0.10301993980958206     
   140.00000000000000        2914.9664829965386              168         247   5.2778845840493842E-004  0.10301993980958206     
   0.0000000000000000        1750.2767674095580              792         247   6.3395075946372946E-003  0.10301993980958206     
   1.0000000000000000        1763.0523832812180             1248         247   3.2059333968975910E-003  0.10301993980958206     
   2.0000000000000000        1782.4738007538524              792         248   7.7980603764834979E-004  0.10301993980958206     
   3.0000000000000000        1805.0892267581394              631         248   6.7846183851569567E-003  0.10301993980958206     
   4.0000000000000000        1823.3045711811158              178         248   3.7729726669253537E-004  0.10301993980958206     
   5.0000000000000000        1839.5208121084274              287         248   2.9232766754122355E-003  0.10301993980958206     
   6.0000000000000000        1854.4197273974703               76         248   4.5932541038567002E-005  0.10301993980958206     
   7.0000000000000000        1868.2506870556979              100         248   1.3064350109505223E-004  0.10301993980958206     
   8.0000000000000000        1881.1309280704452               80         248   1.0745673962187085E-006  0.10301993980958206     
   9.0000000000000000        1893.1230245597778              116         248   5.1885766311279395E-005  0.10301993980958206     
   10.000000000000000        1904.2421704946535              116         248   6.8645294046804551E-006  0.10301993980958206     
   11.000000000000000        1914.4413598988745               88         248   6.0758923221981280E-007  0.10301993980958206     
   12.000000000000000        1923.4602638052411              180         249   1.2891594950764360E-005  0.10301993980958206     
   13.000000000000000        1931.5482058915754             2764         250   4.8896600821432480E-004  0.10301993980958206     
   14.000000000000000        1939.6995725312627             2465         250   1.3900092842485152E-002  0.10301993980958206     
   15.000000000000000        1982.8562360086764             2463         252   1.1062147096660168E-005  0.10301993980958206     
   16.000000000000000        1992.6154521699323              653         252   6.3709555257220366E-005  0.10301993980958206     
   17.000000000000000        2002.5737815035277             1028         252   1.2589323688894812E-002  0.10301993980958206     
   18.000000000000000        2012.3169682244272             1109         252   1.4896223190536836E-003  0.10301993980958206     
   19.000000000000000        2032.1358113778988             3000         253   3.5650666415087198E-002  0.10301993980958206     
   20.000000000000000        2058.9305271330736              274         253   9.4080465331517626E-006  0.10301993980958206     
   21.000000000000000        2068.3994269227514               43         254   9.5876739167849353E-005  0.10301993980958206     
   22.000000000000000        2078.9876871214656               68         254   7.2310911165348230E-006  0.10301993980958206     
   23.000000000000000        2064.7626055062933             1231         257   6.7518688244455564E-003  0.10301993980958206     
   24.000000000000000        2082.9960535923537             1447         257   7.5682874253560686E-006  0.10301993980958206     
   25.000000000000000        2094.3131027119834              127         257   5.9714475808746593E-004  0.10301993980958206     
   26.000000000000000        2103.7477610054725             1110         257   4.5188923005883104E-003  0.10301993980958206     
   27.000000000000000        2113.6798964989707               57         257   2.1422809434191203E-004  0.10301993980958206     
   28.000000000000000        2123.5079691977949              267         257   1.0700653347950241E-004  0.10301993980958206     
   29.000000000000000        2133.2348356639523              315         257   3.0195711547448744E-004  0.10301993980958206     
   30.000000000000000        2142.8632194830684              323         257   4.8429693037778934E-007  0.10301993980958206     
   31.000000000000000        2152.3957535832055              535         257   1.0656369648225590E-006  0.10301993980958206     
   32.000000000000000        2161.8347712667182              248         257   5.3160729798149512E-003  0.10301993980958206     
   33.000000000000000        2171.1830573979273              260         257   1.2967672448003584E-004  0.10301993980958206     
   34.000000000000000        2180.4427832385127              156         257   1.3133836458624701E-004  0.10301993980958206     
   35.000000000000000        2189.6162055378259              174         257   8.3218439965817117E-005  0.10301993980958206     
   36.000000000000000        2198.7055027579690               90         257   5.6181103240178169E-005  0.10301993980958206     
   37.000000000000000        2207.7127882811283              157         257   1.8655183563426716E-003  0.10301993980958206     
   38.000000000000000        2216.6400732449697             1042         257   1.6481858313801626E-003  0.10301993980958206     
   39.000000000000000        2225.4893489901528              334         257   7.8353411261172497E-004  0.10301993980958206     
   40.000000000000000        2234.2625193806230             1067         257   2.2927491404318406E-005  0.10301993980958206     
   41.000000000000000        2242.9614307439801              478         257   3.4700593009301959E-004  0.10301993980958206     
   42.000000000000000        2251.5878941682595               90         257   1.8956180536146168E-003  0.10301993980958206     
   43.000000000000000        2260.1435824841392             1111         257   2.0798083420195601E-003  0.10301993980958206     
   44.000000000000000        2268.6301893587856             1327         257   2.1693797307210178E-002  0.10301993980958206     
   45.000000000000000        2277.0494846033830             1414         257   2.4141498380718121E-002  0.10301993980958206     
   46.000000000000000        2285.4030195645546             2169         257   2.0874337485307631E-002  0.10301993980958206     
   47.000000000000000        2293.6922287400503             1870         257   1.9779700340565455E-002  0.10301993980958206     
   48.000000000000000        2301.9187320024112             2189         257   3.9416348375821827E-009  0.10301993980958206     
   49.000000000000000        2310.0842379890933             3057         257   6.0809148245728724E-003  0.10301993980958206     
   50.000000000000000        2318.1892867701704             1195         257   1.5574117247075684E-006  0.10301993980958206     
   51.000000000000000        2326.2361801627453              364         257   9.1203876652272179E-006  0.10301993980958206     
   52.000000000000000        2334.2259687338174             2099         257   3.5723465707246149E-004  0.10301993980958206     
   53.000000000000000        2342.1600137803443              205         257   1.9979962478998618E-003  0.10301993980958206     
   54.000000000000000        2350.0394703266466              109         257   6.5120086753607152E-004  0.10301993980958206     
   55.000000000000000        2357.8657309190130              164         257   3.6833732730997418E-003  0.10301993980958206     
   56.000000000000000        2365.6399286721535              838         257   9.6640333557861157E-004  0.10301993980958206     
   57.000000000000000        2373.3632931789498             1527         257   6.4987594946993235E-009  0.10301993980958206     
   58.000000000000000        2381.0384143345927             1273         257   1.7905411910401206E-005  0.10301993980958206     
   59.000000000000000        2388.6636127595034             1120         257   7.8765743501815509E-006  0.10301993980958206     
   60.000000000000000        2396.2413483972255              587         257   1.6174048515494368E-005  0.10301993980958206     
   61.000000000000000        2403.7709599219615             1366         257   1.7685907793866851E-002  0.10301993980958206     
   62.000000000000000        2411.2568399047605              170         257   1.6779636312497436E-003  0.10301993980958206     
   63.000000000000000        2418.6983638274010              265         257   3.2822443414102148E-004  0.10301993980958206     
   64.000000000000000        2426.0965199435927             1182         257   1.2533755782273011E-005  0.10301993980958206     
   65.000000000000000        2433.4522622199975               99         257   1.8837434594228339E-007  0.10301993980958206     
   66.000000000000000        2440.7665207787641              170         257   1.3633983264043780E-004  0.10301993980958206     
   67.000000000000000        2448.0401984162927              171         257   7.1044905287281157E-003  0.10301993980958206     
   68.000000000000000        2455.2741720510257              425         257   5.1536084275937886E-004  0.10301993980958206     
   69.000000000000000        2462.4693234317924              211         257   1.4216894562494374E-003  0.10301993980958206     
   70.000000000000000        2469.6264359977044               60         257   6.3146600130547887E-003  0.10301993980958206     
   71.000000000000000        2476.7464153728147              292         257   2.4867218199386113E-003  0.10301993980958206     
   72.000000000000000        2483.8296954906309              215         257   1.4882341177126050E-002  0.10301993980958206     
   73.000000000000000        2490.8774265781835               73         257   3.3478326574135635E-003  0.10301993980958206     
   74.000000000000000        2497.8901789168108              281         257   7.1228946027627278E-005  0.10301993980958206     
   75.000000000000000        2504.8686732144247              385         257   1.3846017104769855E-006  0.10301993980958206     
   76.000000000000000        2512.3883777242413              802         258   1.9976032340533129E-003  0.10301993980958206     
   77.000000000000000        2519.2942131663212              773         258   4.6747855524022518E-002  0.10301993980958206     
   78.000000000000000        2526.1672297845935              994         258   1.0343451808393151E-002  0.10301993980958206     
   79.000000000000000        2533.0079392599832              372         258   3.0978653707696644E-008  0.10301993980958206     
   80.000000000000000        2539.8170688671926              179         258   4.2932050889403538E-004  0.10301993980958206     
   81.000000000000000        2546.5951735950157              232         258   4.0342203762988166E-005  0.10301993980958206     
   82.000000000000000        2553.3428260117630             1110         258   7.6149582530698481E-004  0.10301993980958206     
   83.000000000000000        2560.0605827013701              225         258   2.1631114422809364E-003  0.10301993980958206     
   84.000000000000000        2566.7489719601049             2789         258   1.3157343823129809E-002  0.10301993980958206     
   85.000000000000000        2573.4084814631378             1139         258   5.6816995510695854E-006  0.10301993980958206     
   86.000000000000000        2580.0396532645291             1111         258   1.3712332968061152E-003  0.10301993980958206     
   87.000000000000000        2586.6433152464383             2364         258  0.10611140833740348       0.10611140833740348     
   88.000000000000000        2593.2190416335061              238         258   3.2433433434570827E-003  0.10611140833740348     
   89.000000000000000        2599.7677818986508             1592         258   1.7608104270125113E-002  0.10611140833740348     
   90.000000000000000        2606.2927784694634             1497         258   5.2827048670956245E-003  0.10611140833740348     
   91.000000000000000        2612.7862540054816              398         258   6.6739246741015124E-005  0.10611140833740348     
   92.000000000000000        2619.2587319797904             1265         258   1.1303944696287919E-002  0.10611140833740348     
   93.000000000000000        2625.7018131423451              370         258   1.1725246122684329E-007  0.10611140833740348     
   94.000000000000000        2632.1219546770103               90         258   6.9562551201085409E-003  0.10611140833740348     
   95.000000000000000        2638.5173651890027              520         258   5.3402368692530107E-005  0.10611140833740348     
   96.000000000000000        2644.8884882204325              296         258   2.8803102225031217E-005  0.10611140833740348     
   97.000000000000000        2651.2356299509856              439         258   3.6233097093609791E-003  0.10611140833740348     
   98.000000000000000        2657.5603981378026              477         258   2.1850051857818568E-002  0.10611140833740348     
   99.000000000000000        2663.8591521370140             1233         258   2.8460122131689005E-004  0.10611140833740348     
   100.00000000000000        2670.1361200585752             1083         258   3.3371003574269929E-003  0.10611140833740348     
   101.00000000000000        2676.3904063734499              329         258  0.11982141800827682       0.11982141800827682     
   102.00000000000000        2682.6229419863903              530         258   3.4213103211322110E-003  0.11982141800827682     
   103.00000000000000        2688.8323358681514              140         258   1.9006466691767314E-003  0.11982141800827682     
   104.00000000000000        2695.0195958991562               50         258   2.2920974082263953E-003  0.11982141800827682     
   105.00000000000000        2701.1849188782166               53         258   3.3003479377658241E-003  0.11982141800827682     
   106.00000000000000        2707.3286839454595               60         258   4.6173742945243091E-003  0.11982141800827682     
   107.00000000000000        2713.4510398228786              102         258   6.3999590797354077E-003  0.11982141800827682     
   108.00000000000000        2719.5521622677952               83         258   8.5820545155565614E-003  0.11982141800827682     
   109.00000000000000        2725.6322007679037              346         258   1.0785354820150802E-002  0.11982141800827682     
   110.00000000000000        2731.6903460230128              267         258   2.6917495093858827E-003  0.11982141800827682     
   111.00000000000000        2737.7287718991270              536         258   9.6163435641459982E-004  0.11982141800827682     
   112.00000000000000        2743.7472468225992               41         258   8.1440723503439730E-003  0.11982141800827682     
   113.00000000000000        2749.7457265916228               91         258   5.5695831638967758E-003  0.11982141800827682     
   114.00000000000000        2755.7230959189083               37         258   3.5408309438509132E-003  0.11982141800827682     
   115.00000000000000        2761.6815953852874             1619         258   1.7268680420837536E-002  0.11982141800827682     
   116.00000000000000        2767.6188024449002               50         258   4.6045697873602172E-003  0.11982141800827682     
   117.00000000000000        2773.5407229669954             2180         258   1.2711860223864014E-002  0.11982141800827682     
   118.00000000000000        2779.4326401714688              285         258   1.7683724643561156E-004  0.11982141800827682     
   119.00000000000000        2785.3113409831926             1128         258   7.8925906838253831E-003  0.11982141800827682     
   120.00000000000000        2791.1706094177835              116         258   6.9246967719788991E-004  0.11982141800827682     
   121.00000000000000        2797.0106568654196              270         258   6.4362569452289595E-006  0.11982141800827682     
   122.00000000000000        2802.8315701522170              680         258   1.1135177058362181E-005  0.11982141800827682     
   123.00000000000000        2808.6334440953829             1197         258   1.7977611827913074E-003  0.11982141800827682     
   124.00000000000000        2814.4191276931606             1333         258   5.4548308382127864E-003  0.11982141800827682     
   125.00000000000000        2822.5687092787834             1623         259   1.8263135495013791E-003  0.11982141800827682     
   126.00000000000000        2840.7287405921779              913         259   2.1254490653352726E-004  0.11982141800827682     
   127.00000000000000        2863.5790567227946             1525         259   6.0470134540771428E-004  0.11982141800827682     
   128.00000000000000        2890.8945169901949              145         259   1.6877590232427633E-004  0.11982141800827682     
   129.00000000000000        2914.8939499296880              834         259   9.8782079104851254E-005  0.11982141800827682     
   130.00000000000000        2920.4367030606018               31         259   6.8089291325162439E-004  0.11982141800827682     
   131.00000000000000        2925.9594645400034               42         259   1.1992677243681470E-003  0.11982141800827682     
   132.00000000000000        2931.4624448486634               31         259   1.6918407689525746E-003  0.11982141800827682     
   133.00000000000000        2936.9458542496091               43         259   2.3539580354959397E-003  0.11982141800827682     
   134.00000000000000        2942.4098591709762               50         259   3.1708765017415853E-003  0.11982141800827682     
   135.00000000000000        2947.8546258762603               55         259   4.1499604459760966E-003  0.11982141800827682     
   136.00000000000000        2953.2803158292222               60         259   5.2950453074639293E-003  0.11982141800827682     
   137.00000000000000        2958.6870427336726               96         259   6.3671075984888161E-003  0.11982141800827682     
   138.00000000000000        2964.0744414616865               26         259   4.4527578335285568E-003  0.11982141800827682     
   139.00000000000000        2969.4428299488259               25         259   4.1993452443723545E-004  0.11982141800827682     
   140.00000000000000        2974.7934627693739              120         259   5.2991716744559903E-004  0.11982141800827682     
   0.0000000000000000        1783.5613949297442              756         259   1.2136214525006195E-003  0.11982141800827682     
   1.0000000000000000        1797.4848179459493             1371         259   7.8194170494103061E-003  0.11982141800827682     
   2.0000000000000000        1816.3849960147104               56         259   7.3563708668142562E-008  0.11982141800827682     
   3.0000000000000000        1840.3168652529719             1585         260   8.1539025954308082E-003  0.11982141800827682     
   4.0000000000000000        1859.2010133125682               77         260   1.3692951026884608E-003  0.11982141800827682     
   5.0000000000000000        1875.9937238391990              100         260   1.1814723818445183E-003  0.11982141800827682     
   6.0000000000000000        1891.4188611986144             1000         260   5.9129967125972549E-003  0.11982141800827682     
   7.0000000000000000        1905.7232879515643              102         260   7.4603539846681318E-005  0.11982141800827682     
   8.0000000000000000        1919.0284324866216              203         260   1.6068852302496460E-004  0.11982141800827682     
   9.0000000000000000        1931.3984476495355              116         260   2.0368494701815756E-004  0.11982141800827682     
   10.000000000000000        1942.8545223785370               74         260   1.5817000610698681E-005  0.11982141800827682     
   11.000000000000000        1953.3570584146271               88         260   2.0603853756418220E-003  0.11982141800827682     
   12.000000000000000        1962.6350544616553              658         261   7.2813052955753959E-007  0.11982141800827682     
   13.000000000000000        1970.5530072689169             4041         261   5.7388971638435453E-003  0.11982141800827682     
   14.000000000000000        1979.5223238296003              486         261   2.4031601019551280E-002  0.11982141800827682     
   15.000000000000000        2023.1956403496558             1438         263   2.3441792603766465E-003  0.11982141800827682     
   16.000000000000000        2033.4572644687078             2338         263   3.2560488418000239E-003  0.11982141800827682     
   17.000000000000000        2043.6746767082618             1074         263   2.3744782465401935E-006  0.11982141800827682     
   18.000000000000000        2053.6639235305715              922         263   1.1848206125813741E-003  0.11982141800827682     
   19.000000000000000        2065.4800442226256             1394         264   2.4745528809218219E-002  0.11982141800827682     
   20.000000000000000        2101.5385897564997              427         264   1.3614437737629207E-004  0.11982141800827682     
   21.000000000000000        2110.9404703455762              190         265   1.2756806794944603E-004  0.11982141800827682     
   22.000000000000000        2121.7086512699166               23         265   4.6416989620648211E-006  0.11982141800827682     
   23.000000000000000        2103.5171240642071             2313         267   2.9574519780926718E-003  0.11982141800827682     
   24.000000000000000        2123.5454465614239              877         267   3.8968449943654324E-002  0.11982141800827682     
   25.000000000000000        2135.4854935196677              666         267   1.6011526758363911E-002  0.11982141800827682     
   26.000000000000000        2145.2451315355188             2937         267   1.9802955657931081E-004  0.11982141800827682     
   27.000000000000000        2155.4129011261502               98         267   1.4211519455042539E-004  0.11982141800827682     
   28.000000000000000        2165.4741019301373               69         267   1.0543501520052125E-005  0.11982141800827682     
   29.000000000000000        2175.4314815112657              468         267   2.2901995204743989E-005  0.11982141800827682     
   30.000000000000000        2185.2882370569760              571         267   9.8766158899133670E-003  0.11982141800827682     
   31.000000000000000        2195.0468328060515              407         267   1.4061406052147079E-009  0.11982141800827682     
   32.000000000000000        2204.7097648298163              458         267   2.4173087311237461E-003  0.11982141800827682     
   33.000000000000000        2214.2796137378195              404         267   6.6400904491704918E-009  0.11982141800827682     
   34.000000000000000        2223.7587675398645              346         267   3.4879753599442611E-007  0.11982141800827682     
   35.000000000000000        2233.1492544786988              297         267   2.4545245922507797E-003  0.11982141800827682     
   36.000000000000000        2242.4538770657487              402         267   3.1763265049784923E-003  0.11982141800827682     
   37.000000000000000        2251.6744377528112               82         267   8.6083823766922561E-004  0.11982141800827682     
   38.000000000000000        2260.8131455432258              254         267   5.2074629152801047E-003  0.11982141800827682     
   39.000000000000000        2269.8718749039076              175         267   4.4790160082090080E-004  0.11982141800827682     
   40.000000000000000        2278.8526772994114              417         267   1.6805980892744705E-004  0.11982141800827682     
   41.000000000000000        2287.7574077089375             1174         267   2.3788177167815980E-004  0.11982141800827682     
   42.000000000000000        2296.5878889960272              131         267   1.9939027356107268E-005  0.11982141800827682     
   43.000000000000000        2305.3458964378542              112         267   2.5829490265489734E-004  0.11982141800827682     
   44.000000000000000        2314.0332452053581             1795         267   1.6366706904540861E-003  0.11982141800827682     
   45.000000000000000        2322.6510818252664             1457         267   1.1164834159505397E-002  0.11982141800827682     
   46.000000000000000        2331.2020338868269             1234         267   4.8524565603998409E-004  0.11982141800827682     
   47.000000000000000        2339.6868329025965             2265         267   1.4234806970665833E-002  0.11982141800827682     
   48.000000000000000        2348.1073371333200             2264         267   6.5555318596905072E-004  0.11982141800827682     
   49.000000000000000        2356.4649493760221             1303         267   5.3078893253105152E-005  0.11982141800827682     
   50.000000000000000        2364.7613847396715             2475         267   1.0203520658263045E-002  0.11982141800827682     
   51.000000000000000        2372.9973478693573             1064         267   1.5745971071875423E-006  0.11982141800827682     
   52.000000000000000        2381.1751721122578             2040         267   7.5181634526734166E-003  0.11982141800827682     
   53.000000000000000        2389.2963592804858              880         267   6.7922183270181932E-004  0.11982141800827682     
   54.000000000000000        2397.3600633475953             1366         267   5.9073645640521826E-003  0.11982141800827682     
   55.000000000000000        2405.3703439163501              468         267   5.1954444571968183E-006  0.11982141800827682     
   56.000000000000000        2413.3264901890211              493         267   3.0583201111988484E-006  0.11982141800827682     
   57.000000000000000        2421.2288618034272              366         267   1.2874495860263834E-003  0.11982141800827682     
   58.000000000000000        2429.0830884250286              872         267   2.4344184202318450E-005  0.11982141800827682     
   59.000000000000000        2436.8841666165731              273         267   7.8788409548035540E-009  0.11982141800827682     
   60.000000000000000        2444.6379513864340               77         267   4.6749627544571985E-003  0.11982141800827682     
   61.000000000000000        2452.3439285136160              259         267   4.7312937005750875E-011  0.11982141800827682     
   62.000000000000000        2460.0031587240283               66         267   7.4089277410746002E-007  0.11982141800827682     
   63.000000000000000        2467.6166592195223              387         267   6.0414392977502262E-007  0.11982141800827682     
   64.000000000000000        2475.1856241199816              445         267   3.9100505548177678E-002  0.11982141800827682     
   65.000000000000000        2482.7104162292176              120         267   6.6123392243023410E-006  0.11982141800827682     
   66.000000000000000        2490.1925774524620              111         267   2.7633940834444372E-004  0.11982141800827682     
   67.000000000000000        2497.6328196272239              118         267   1.3979649252394127E-006  0.11982141800827682     
   68.000000000000000        2505.0320295684578              261         267   3.4845069325420370E-004  0.11982141800827682     
   69.000000000000000        2512.3910858344148              158         267   2.2358478482692838E-003  0.11982141800827682     
   70.000000000000000        2519.7107692204559              249         267   1.5783692388237518E-004  0.11982141800827682     
   71.000000000000000        2526.9920734619341              190         267   1.1584289303429918E-002  0.11982141800827682     
   72.000000000000000        2534.2355853322792             1098         267   1.2749514858236140E-002  0.11982141800827682     
   73.000000000000000        2541.4418575283539              138         267   9.7823832787922397E-003  0.11982141800827682     
   74.000000000000000        2548.6121098808162              140         267   2.6780330183418058E-004  0.11982141800827682     
   75.000000000000000        2555.7467949758047              434         267   3.4815759742728720E-004  0.11982141800827682     
   76.000000000000000        2562.8466795833574              116         267   1.3896695250465205E-004  0.11982141800827682     
   77.000000000000000        2569.9124111625461              186         267   9.1689402598738672E-005  0.11982141800827682     
   78.000000000000000        2577.4723472218279              413         268   1.7857437481399335E-003  0.11982141800827682     
   79.000000000000000        2584.4651934470830              196         268   2.4477860815817451E-005  0.11982141800827682     
   80.000000000000000        2591.4252832963243               83         268   4.8772484171850988E-003  0.11982141800827682     
   81.000000000000000        2598.3531857038010               46         268   4.4791316653887783E-004  0.11982141800827682     
   82.000000000000000        2605.2494856477915              454         268   3.8835755809413762E-004  0.11982141800827682     
   83.000000000000000        2612.1147626682036              227         268   2.0561363263219530E-003  0.11982141800827682     
   84.000000000000000        2618.9495076850731             1637         268   2.4351368809810224E-002  0.11982141800827682     
   85.000000000000000        2625.7543229716998             2645         268   1.2423150539492737E-006  0.11982141800827682     
   86.000000000000000        2632.5296689106362             1099         268   1.9877778612178995E-003  0.11982141800827682     
   87.000000000000000        2639.2766490270733             2262         268   9.8253982888067415E-003  0.11982141800827682     
   88.000000000000000        2645.9939407339052             3555         268   1.4147345433680137E-003  0.11982141800827682     
   89.000000000000000        2652.6838234324509             1310         268   1.6859057271865704E-002  0.11982141800827682     
   90.000000000000000        2659.3460478442680             1067         268   3.9168594748973291E-005  0.11982141800827682     
   91.000000000000000        2665.9811330657694               95         268   9.8672226156416402E-003  0.11982141800827682     
   92.000000000000000        2672.5916622292616             2243         268   5.3878576010744285E-002  0.11982141800827682     
   93.000000000000000        2679.1736360628493              336         268   1.6688980778345093E-003  0.11982141800827682     
   94.000000000000000        2685.7296101749944             1230         268   1.4962040546772542E-002  0.11982141800827682     
   95.000000000000000        2692.2581717973017             1442         268   1.4836068077863718E-002  0.11982141800827682     
   96.000000000000000        2698.7628423366591              293         268   3.3668313535918082E-006  0.11982141800827682     
   97.000000000000000        2705.2430323725685              117         268   4.3997690606425877E-003  0.11982141800827682     
   98.000000000000000        2711.6985514412681               86         268   6.1698807494904211E-003  0.11982141800827682     
   99.000000000000000        2718.1298023614640              121         268   9.4569186747488765E-003  0.11982141800827682     
   100.00000000000000        2724.5370546260906             1055         268   9.5927240609671848E-003  0.11982141800827682     
   101.00000000000000        2730.9220437419235             2309         268   7.6146568321523540E-003  0.11982141800827682     
   102.00000000000000        2737.2807410627220              743         268   3.7293388761672550E-004  0.11982141800827682     
   103.00000000000000        2743.6177079913050             1024         268   3.0861325979877458E-003  0.11982141800827682     
   104.00000000000000        2749.9329583923177             1173         268   1.3285779463760649E-002  0.11982141800827682     
   105.00000000000000        2756.2247024865023               41         268   3.2066165046944306E-003  0.11982141800827682     
   106.00000000000000        2762.4937355487850               95         268   5.6170595443156054E-003  0.11982141800827682     
   107.00000000000000        2768.7405966160045               59         268   7.7629035739701759E-003  0.11982141800827682     
   108.00000000000000        2774.9646128525874              230         268   1.2527351150195013E-003  0.11982141800827682     
   109.00000000000000        2781.1685082886534              175         268   1.1901142346586789E-002  0.11982141800827682     
   110.00000000000000        2787.3498902498577              264         268   1.3565668655843936E-002  0.11982141800827682     
   111.00000000000000        2793.5091145647439              282         268   3.3511880880176596E-008  0.11982141800827682     
   112.00000000000000        2799.6484027564443              119         268   7.8950502217188176E-003  0.11982141800827682     
   113.00000000000000        2805.7671741887307               55         268   6.0121393061878248E-003  0.11982141800827682     
   114.00000000000000        2811.8640232946536              266         268   3.1194998184490312E-003  0.11982141800827682     
   115.00000000000000        2817.9393095719529              368         268   8.6469127635945466E-003  0.11982141800827682     
   116.00000000000000        2823.9978322602306             1051         268   1.3140826942891305E-002  0.11982141800827682     
   117.00000000000000        2830.0309431314458              102         268   4.6963804161497076E-003  0.11982141800827682     
   118.00000000000000        2836.0470614442515               70         268   7.1160225552570301E-003  0.11982141800827682     
   119.00000000000000        2842.0410296793598              189         268   3.0352956750424849E-007  0.11982141800827682     
   120.00000000000000        2848.0163713545644             1036         268   1.2009034829349272E-002  0.11982141800827682     
   121.00000000000000        2853.9717691047240              282         268   1.7208184781712422E-002  0.11982141800827682     
   122.00000000000000        2859.9075925994130              271         268   6.3385458430419543E-006  0.11982141800827682     
   123.00000000000000        2865.8238511629015              290         268   3.4687902668138748E-006  0.11982141800827682     
   124.00000000000000        2871.7244645471974             2395         268   7.7287724141306682E-003  0.11982141800827682     
   125.00000000000000        2877.6013528115454              252         268   1.7443332492186664E-007  0.11982141800827682     
   126.00000000000000        2888.7959407929520              621         269   5.0078398972634866E-003  0.11982141800827682     
   127.00000000000000        2908.8006253590534              816         269   2.5454898096251778E-003  0.11982141800827682     
   128.00000000000000        2933.9231621465460             2319         269   4.2272261384721866E-004  0.11982141800827682     
   129.00000000000000        2963.8648887131449              154         269   5.0423600000999063E-003  0.11982141800827682     
   130.00000000000000        2980.3267156505999             1602         269   1.0175145908870260E-004  0.11982141800827682     
   131.00000000000000        2985.9625384281967               24         269   1.3689933798356716E-003  0.11982141800827682     
   132.00000000000000        2991.5778652453123              135         269   1.9171290464499162E-003  0.11982141800827682     
   133.00000000000000        2997.1730611862718               24         269   2.5943047080781564E-003  0.11982141800827682     
   134.00000000000000        3002.7483080807829               76         269   3.4135558086662711E-003  0.11982141800827682     
   135.00000000000000        3008.3037820855852               23         269   4.3810510802139348E-003  0.11982141800827682     
   136.00000000000000        3013.8396540816125              179         269   5.4975414423078838E-003  0.11982141800827682     
   137.00000000000000        3019.3559853905717              115         269   6.1675756691634111E-003  0.11982141800827682     
   138.00000000000000        3024.8525773165270              105         269   4.3134330335949239E-003  0.11982141800827682     
   139.00000000000000        3030.3296844182382               25         269   4.2835491082805397E-004  0.11982141800827682     
   140.00000000000000        3035.7885121068989               52         269   5.3411056065382758E-004  0.11982141800827682     
   0.0000000000000000        1817.2536282165565              273         269   1.7161554277401810E-003  0.11982141800827682     
   1.0000000000000000        1832.4926125102866             1196         269   7.2854488949550145E-003  0.11982141800827682     
   2.0000000000000000        1851.9356325210692               64         269   9.1410233525499150E-007  0.11982141800827682     
   3.0000000000000000        1876.1015086778243              821         270   3.3587138171169048E-005  0.11982141800827682     
   4.0000000000000000        1895.6727727167363               72         270   4.2508669387942622E-004  0.11982141800827682     
   5.0000000000000000        1913.0663025177068               83         270   5.2492097975246677E-004  0.11982141800827682     
   6.0000000000000000        1929.0386042058394               72         270   1.9033098719953702E-005  0.11982141800827682     
   7.0000000000000000        1943.8450831716787               85         270   8.2864532952231892E-005  0.11982141800827682     
   8.0000000000000000        1957.5982876743892               98         270   2.6721421923944699E-003  0.11982141800827682     
   9.0000000000000000        1970.3663220784695              112         270   5.9649858127156706E-005  0.11982141800827682     
   10.000000000000000        1982.1765217562984              104         270   7.4805233995610851E-005  0.11982141800827682     
   11.000000000000000        1992.9978472181028             1157         270   9.2766404276705284E-003  0.11982141800827682     
   12.000000000000000        2002.5517924590433              299         271   3.3824702875998506E-005  0.11982141800827682     
   13.000000000000000        2010.8978106503009             1561         271   7.0789182853876337E-003  0.11982141800827682     
   14.000000000000000        2020.1137035449842              180         271   1.1305012727298469E-003  0.11982141800827682     
   15.000000000000000        2064.3374850973200             5519         272   4.4288676936834956E-003  0.11982141800827682     
   16.000000000000000        2075.0661136863328             1051         272   1.2504486671447294E-004  0.11982141800827682     
   17.000000000000000        2085.5472350263517              109         272   1.2578659006449346E-004  0.11982141800827682     
   18.000000000000000        2095.7933487173282             1038         272   1.2443409881156373E-004  0.11982141800827682     
   19.000000000000000        2105.8151536794712             1028         272   1.2353703090142772E-004  0.11982141800827682     
   20.000000000000000        2136.3095979151904              607         274   1.0435453888618794E-004  0.11982141800827682     
   21.000000000000000        2144.3099349518861              258         275   4.3437205075757164E-003  0.11982141800827682     
   22.000000000000000        2156.9372195101569              300         275   2.4053519948617125E-002  0.11982141800827682     
   23.000000000000000        2142.5688540385022             4385         276   9.3253762179254865E-003  0.11982141800827682     
   24.000000000000000        2164.7356391496578              623         276   8.1355807052214939E-003  0.11982141800827682     
   25.000000000000000        2177.3849559842110              100         276   1.8613152786832088E-004  0.11982141800827682     
   26.000000000000000        2187.4815004875895             3033         276   2.1840622813719913E-003  0.11982141800827682     
   27.000000000000000        2197.8904816964009               51         276   1.6185642534244520E-009  0.11982141800827682     
   28.000000000000000        2208.1904529727622              309         276   5.2229041223339505E-005  0.11982141800827682     
   29.000000000000000        2218.3842455768286              350         276   3.2024540336346766E-003  0.11982141800827682     
   30.000000000000000        2228.4744777429396              387         276   2.9740809214349527E-003  0.11982141800827682     
   31.000000000000000        2238.4645735644285             1199         276   9.4577945296317107E-006  0.11982141800827682     
   32.000000000000000        2248.3565647296900              311         276   1.9340895744290755E-006  0.11982141800827682     
   33.000000000000000        2258.1529343155344              314         276   3.0145327023350430E-006  0.11982141800827682     
   34.000000000000000        2267.8566371922457              264         276   5.2360017411859951E-003  0.11982141800827682     
   35.000000000000000        2277.4698224446493              151         276   5.1272924948621984E-003  0.11982141800827682     
   36.000000000000000        2286.9947735027072              218         276   3.8423345134889244E-004  0.11982141800827682     
   37.000000000000000        2296.4336539439228              194         276   1.3960308725667555E-005  0.11982141800827682     
   38.000000000000000        2305.7890434218698              479         276   3.3774821356356448E-004  0.11982141800827682     
   39.000000000000000        2315.0617193087373              178         276   2.2881486199324998E-004  0.11982141800827682     
   40.000000000000000        2324.2549451814457             1052         276   1.6339741983279031E-005  0.11982141800827682     
   41.000000000000000        2333.3702231183938              110         276   1.3655399972314092E-004  0.11982141800827682     
   42.000000000000000        2342.4097003709267             2207         276   1.8177343122126443E-002  0.11982141800827682     
   43.000000000000000        2351.3743441542806             1202         276   1.4940616847230110E-003  0.11982141800827682     
   44.000000000000000        2360.2668235518267             1312         276   1.4869341676273644E-002  0.11982141800827682     
   45.000000000000000        2369.0890290141415              587         276   3.9820816758987529E-006  0.11982141800827682     
   46.000000000000000        2377.8407023605978             1273         276   2.8743321654656996E-003  0.11982141800827682     
   47.000000000000000        2386.5255322228800             2222         276   2.5120283226736118E-005  0.11982141800827682     
   48.000000000000000        2395.1443297187866             1086         276   8.4154577673400226E-003  0.11982141800827682     
   49.000000000000000        2403.6991928013745             1073         276   6.3198760328924174E-003  0.11982141800827682     
   50.000000000000000        2412.1904021058290             1099         276   5.3528903440761702E-003  0.11982141800827682     
   51.000000000000000        2420.6197485299635             2472         276   1.0335707217225756E-002  0.11982141800827682     
   52.000000000000000        2428.9892575828894             2468         276   2.6320006012653589E-003  0.11982141800827682     
   53.000000000000000        2437.2999521271395               93         276   3.3809817960328541E-003  0.11982141800827682     
   54.000000000000000        2445.5531061894158             2231         276   1.5716626626095589E-003  0.11982141800827682     
   55.000000000000000        2453.7500268307112              593         276   1.6436275214299389E-008  0.11982141800827682     
   56.000000000000000        2461.8934884784571              920         276   2.9693184088081813E-005  0.11982141800827682     
   57.000000000000000        2469.9817409231450              506         276   6.6624190808430203E-006  0.11982141800827682     
   58.000000000000000        2478.0173246084087             1574         276   2.5888739771745800E-002  0.11982141800827682     
   59.000000000000000        2486.0001166793322             1730         276   6.2887545377172949E-002  0.11982141800827682     
   60.000000000000000        2493.9336227598951              173         276   1.0951115648357833E-007  0.11982141800827682     
   61.000000000000000        2501.8182041102996               99         276   1.4364991215966467E-004  0.11982141800827682     
   62.000000000000000        2509.6545646716895              361         276   1.3643334864600403E-002  0.11982141800827682     
   63.000000000000000        2517.4438989207529               87         276   7.4259502678673196E-008  0.11982141800827682     
   64.000000000000000        2525.1870503230130              183         276   1.5566052846315221E-005  0.11982141800827682     
   65.000000000000000        2532.8850489774036             1158         276   6.1069354441502017E-008  0.11982141800827682     
   66.000000000000000        2540.5388451663166               94         276   3.5405025335842219E-007  0.11982141800827682     
   67.000000000000000        2548.1492613019459             1402         276   6.0811241507800824E-002  0.11982141800827682     
   68.000000000000000        2555.7175071856987               75         276   2.2290793036717875E-003  0.11982141800827682     
   69.000000000000000        2563.2441399430436              326         276   2.2332185189373493E-004  0.11982141800827682     
   70.000000000000000        2570.7301394694491              380         276   1.4597969251744412E-002  0.11982141800827682     
   71.000000000000000        2578.1763238654580              119         276   9.6293633248639328E-003  0.11982141800827682     
   72.000000000000000        2585.5833808655830             1081         276   2.2481601297316758E-002  0.11982141800827682     
   73.000000000000000        2592.9521960514812              190         276   6.1545331254106821E-003  0.11982141800827682     
   74.000000000000000        2600.2833660993292              178         276   5.9147758253678346E-003  0.11982141800827682     
   75.000000000000000        2607.5778725789446              707         276   1.2142868310182681E-002  0.11982141800827682     
   76.000000000000000        2614.8362643491118              118         276   1.2452105068751383E-006  0.11982141800827682     
   77.000000000000000        2622.0593980331564               75         276   9.1756603174071045E-003  0.11982141800827682     
   78.000000000000000        2629.2475262915491              314         276   5.3765142520508341E-008  0.11982141800827682     
   79.000000000000000        2636.4026554721945              179         276   3.0051298568829213E-002  0.11982141800827682     
   80.000000000000000        2643.5223583899206              420         276   2.2685725173004879E-007  0.11982141800827682     
   81.000000000000000        2651.0873744133187              976         277   9.0267250722125564E-004  0.11982141800827682     
   82.000000000000000        2658.1356196852107              614         277   3.2339961284831771E-004  0.11982141800827682     
   83.000000000000000        2665.1517845635531             1323         277   1.1297472201425941E-002  0.11982141800827682     
   84.000000000000000        2672.1362148738413             1514         277   3.8518150274166767E-002  0.11982141800827682     
   85.000000000000000        2679.0897594082244             1180         277   2.2367444242877049E-003  0.11982141800827682     
   86.000000000000000        2686.0127092398247              295         277   1.1336774176835276E-002  0.11982141800827682     
   87.000000000000000        2692.9054244647100             1062         277   2.3237884862257678E-003  0.11982141800827682     
   88.000000000000000        2699.7686584127014             1248         277   3.6486310314007560E-006  0.11982141800827682     
   89.000000000000000        2706.6027813730138             1060         277   1.0134188791104626E-004  0.11982141800827682     
   90.000000000000000        2713.4082612486072             1154         277   2.6486798514398792E-003  0.11982141800827682     
   91.000000000000000        2720.1856310468888             3362         277   1.8716845514484262E-003  0.11982141800827682     
   92.000000000000000        2726.9350217975211             3054         277   2.6145070061985135E-002  0.11982141800827682     
   93.000000000000000        2733.6570691296624             1344         277   3.7683755013519888E-007  0.11982141800827682     
   94.000000000000000        2740.3521732944032              848         277   6.2376426445426118E-005  0.11982141800827682     
   95.000000000000000        2747.0206726583010             1274         277   2.6692704329072903E-005  0.11982141800827682     
   96.000000000000000        2753.6629343697891              104         277   1.1848090385398359E-004  0.11982141800827682     
   97.000000000000000        2760.2793120690772              102         277   3.0810155553907234E-004  0.11982141800827682     
   98.000000000000000        2766.8701461122541              475         277   1.9040688163865117E-004  0.11982141800827682     
   99.000000000000000        2773.4358347526895              370         277   9.3947646933978633E-003  0.11982141800827682     
   100.00000000000000        2779.9764871660664             1311         277   3.1422576509865371E-005  0.11982141800827682     
   101.00000000000000        2786.4926166394189             1241         277   3.6605614059466896E-003  0.11982141800827682     
   102.00000000000000        2792.9844385383631             2204         277   5.9846478376590021E-003  0.11982141800827682     
   103.00000000000000        2799.4534049979598             1439         277   1.4343653677051321E-002  0.11982141800827682     
   104.00000000000000        2805.8963225693706             1305         277   4.4985803123293234E-004  0.11982141800827682     
   105.00000000000000        2812.3181558568967              638         277   1.2200229961670437E-006  0.11982141800827682     
   106.00000000000000        2818.7159543970843               93         277   6.8261709389305630E-003  0.11982141800827682     
   107.00000000000000        2825.0903676942617               53         277   9.7413207137201988E-003  0.11982141800827682     
   108.00000000000000        2831.4412918699636              201         277   2.4187483411643843E-006  0.11982141800827682     
   109.00000000000000        2837.7710769590876              415         277   1.4005732522203334E-002  0.11982141800827682     
   110.00000000000000        2844.0770480434030              251         277   1.8581433724760442E-003  0.11982141800827682     
   111.00000000000000        2850.3622196537967              245         277   1.2697123943085604E-002  0.11982141800827682     
   112.00000000000000        2856.6247447287619               38         277   8.6566960135908023E-003  0.11982141800827682     
   113.00000000000000        2862.8671912038590              202         277   1.0667826152378015E-002  0.11982141800827682     
   114.00000000000000        2869.0859311979616               40         277   2.6828175908174476E-003  0.11982141800827682     
   115.00000000000000        2875.2832200685598              760         277   1.1167386798886843E-002  0.11982141800827682     
   116.00000000000000        2881.4624651235085               75         277   9.6773731933088771E-003  0.11982141800827682     
   117.00000000000000        2887.6174060326830               37         277   7.6956944070228550E-003  0.11982141800827682     
   118.00000000000000        2893.7523166612909               60         277   9.3549817258881986E-003  0.11982141800827682     
   119.00000000000000        2899.8659785061818              198         277   8.9119996822204436E-005  0.11982141800827682     
   120.00000000000000        2905.9602284719244              122         277   4.6121048138242958E-003  0.11982141800827682     
   121.00000000000000        2912.0358222216391              232         277   1.2779842667162904E-002  0.11982141800827682     
   122.00000000000000        2918.0870749784481              169         277   3.6498558780004395E-002  0.11982141800827682     
   123.00000000000000        2924.1204251680651              323         277   2.3942641628137523E-009  0.11982141800827682     
   124.00000000000000        2930.1338046350193               57         277   2.4390184884619807E-008  0.11982141800827682     
   125.00000000000000        2936.1273646100722               41         277   4.0881968260541588E-003  0.11982141800827682     
   126.00000000000000        2942.1012110821630               64         277   3.7957445079049683E-003  0.11982141800827682     
   127.00000000000000        2956.7095516975069             2373         278   3.9980604798339524E-003  0.11982141800827682     
   128.00000000000000        2978.7185909547943              507         278   3.3872154609562123E-003  0.11982141800827682     
   129.00000000000000        3006.2831043670408             1359         278   3.9340376918195301E-003  0.11982141800827682     
   130.00000000000000        3039.1066541230325              544         278   6.9788523522519462E-003  0.11982141800827682     
   131.00000000000000        3047.1304324209818              453         278   8.8814158806504670E-005  0.11982141800827682     
   132.00000000000000        3052.8611456868666              119         278   2.1550920224875690E-003  0.11982141800827682     
   133.00000000000000        3058.5708638542237               32         278   2.8527056471789746E-003  0.11982141800827682     
   134.00000000000000        3064.2600654333273               67         278   3.6722965775832814E-003  0.11982141800827682     
   135.00000000000000        3069.9289375964013               45         278   4.6254550104992704E-003  0.11982141800827682     
   136.00000000000000        3075.5776611640408               83         278   5.7124050101947862E-003  0.11982141800827682     
   137.00000000000000        3081.2061781257353               27         278   5.5802039319777647E-003  0.11982141800827682     
   138.00000000000000        3086.8146504096053              110         278   4.1384238782882152E-003  0.11982141800827682     
   139.00000000000000        3092.4030870485158               51         278   4.3784539421435579E-004  0.11982141800827682     
   140.00000000000000        3097.9726933500870               19         278   5.3959143126412323E-004  0.11982141800827682     
   0.0000000000000000        1851.3742229904535              474         278   1.4655820715938803E-004  0.11982141800827682     
   1.0000000000000000        1868.0742286319926              273         278   4.9168302819615267E-003  0.11982141800827682     
   2.0000000000000000        1888.0746077610561               69         278   7.0294606580192338E-008  0.11982141800827682     
   3.0000000000000000        1912.4483650624054             2102         279   2.8895272389781799E-003  0.11982141800827682     
   4.0000000000000000        1932.7229147413138              211         279   2.9650819863392188E-004  0.11982141800827682     
   5.0000000000000000        1950.7421410056029               80         279   1.3425982850229145E-005  0.11982141800827682     
   6.0000000000000000        1967.2898625732007               68         279   1.5277425476548740E-003  0.11982141800827682     
   7.0000000000000000        1982.6237268377388               96         279   1.2294393429730934E-003  0.11982141800827682     
   8.0000000000000000        1996.8494117263699              106         279   5.5808000289447386E-005  0.11982141800827682     
   9.0000000000000000        2010.0368647921275               95         279   4.3487219544203427E-005  0.11982141800827682     
   10.000000000000000        2022.2197233203235              108         279   6.0433045726688847E-003  0.11982141800827682     
   11.000000000000000        2033.3765941513780               94         279   6.0611244045049727E-004  0.11982141800827682     
   12.000000000000000        2043.2237124316775              229         280   8.7158857419556085E-007  0.11982141800827682     
   13.000000000000000        2052.0134990059619             2594         280   6.5383911501332268E-004  0.11982141800827682     
   14.000000000000000        2061.4923932618276             1179         280   1.4695750819637440E-002  0.11982141800827682     
   15.000000000000000        2106.4461200723595             3745         281   7.3334116558903834E-003  0.11982141800827682     
   16.000000000000000        2117.4534832123618             1039         281   8.4381804666961734E-007  0.11982141800827682     
   17.000000000000000        2128.2065050347232             1050         281   6.9433529042083685E-005  0.11982141800827682     
   18.000000000000000        2138.7171734220324             1041         281   1.4027362173949534E-004  0.11982141800827682     
   19.000000000000000        2144.7655815447447             2304         282   9.5757025460947581E-002  0.11982141800827682     
   20.000000000000000        2166.1556386807933             3000         283   1.9098387719003986E-002  0.11982141800827682     
   21.000000000000000        2175.2775682227798              655         283   5.6007985713182060E-003  0.11982141800827682     
   22.000000000000000        2187.0142138789115             1176         284   6.8393114377935937E-002  0.11982141800827682     
   23.000000000000000        2181.8334725457203             5064         285   1.7219828240081985E-002  0.11982141800827682     
   24.000000000000000        2206.5604186710057              127         285   2.1853401544349470E-005  0.11982141800827682     
   25.000000000000000        2220.0195291303162              194         285   5.2273561800823587E-006  0.11982141800827682     
   26.000000000000000        2230.4652297339599             2270         285   1.3876100363273546E-003  0.11982141800827682     
   27.000000000000000        2241.1215002782114              990         285   6.6670931087601495E-006  0.11982141800827682     
   28.000000000000000        2251.6662055088673              989         285   3.0488058363156578E-006  0.11982141800827682     
   29.000000000000000        2262.1019273779848              198         285   1.6800032646077125E-003  0.11982141800827682     
   30.000000000000000        2272.4319855760182              520         285   6.8917806270710150E-003  0.11982141800827682     
   31.000000000000000        2282.6586000793859              713         285   1.6342045899948044E-004  0.11982141800827682     
   32.000000000000000        2292.7850814118838              198         285   7.0455504143985314E-003  0.11982141800827682     
   33.000000000000000        2302.8139389338321             1178         285   1.4855920037960299E-003  0.11982141800827682     
   34.000000000000000        2312.7475932840362              250         285   5.7090350324367047E-006  0.11982141800827682     
   35.000000000000000        2322.5884934843243             2044         285   1.2203431328463069E-005  0.11982141800827682     
   36.000000000000000        2332.3385814235121              256         285   6.4398088765290083E-005  0.11982141800827682     
   37.000000000000000        2342.0008725723524              182         285   7.5291001382553558E-006  0.11982141800827682     
   38.000000000000000        2351.5771771273035              171         285   3.5312945289767789E-006  0.11982141800827682     
   39.000000000000000        2361.0695977200467              150         285   3.8382292319986991E-006  0.11982141800827682     
   40.000000000000000        2370.4801669372337             1044         285   8.9350011574633152E-007  0.11982141800827682     
   41.000000000000000        2379.8108528658663              400         285   1.0466408700046984E-004  0.11982141800827682     
   42.000000000000000        2389.0635563726801              523         285   2.1784535815057665E-004  0.11982141800827682     
   43.000000000000000        2398.2401280403346             1078         285   3.6237445784479186E-004  0.11982141800827682     
   44.000000000000000        2407.3423527460404             2229         285   7.5828249697774681E-004  0.11982141800827682     
   45.000000000000000        2416.3719556308029             1424         285   2.5680302385618818E-003  0.11982141800827682     
   46.000000000000000        2425.3305523431923             1529         285   1.1137587022186844E-002  0.11982141800827682     
   47.000000000000000        2434.2199717380804             1043         285   7.5137132265511303E-003  0.11982141800827682     
   48.000000000000000        2443.0416302512122             1130         285   6.1863980594123683E-003  0.11982141800827682     
   49.000000000000000        2451.7971392551331             1081         285   1.6685214233209933E-003  0.11982141800827682     
   50.000000000000000        2460.4879608224173             1113         285   5.2774307434972343E-004  0.11982141800827682     
   51.000000000000000        2469.1153805182298             2194         285   1.4055945301723277E-002  0.11982141800827682     
   52.000000000000000        2477.6826351243240             2097         285   1.8531915103506615E-005  0.11982141800827682     
   53.000000000000000        2486.1883456789483             1173         285   2.0702775027353994E-002  0.11982141800827682     
   54.000000000000000        2494.6344179228204             1407         285   2.2488704235148764E-004  0.11982141800827682     
   55.000000000000000        2503.0229800444590              469         285   5.3152446178745784E-006  0.11982141800827682     
   56.000000000000000        2511.3550363375562              875         285   4.5845472753955887E-003  0.11982141800827682     
   57.000000000000000        2519.6299408150294             1165         285   6.2994987042387859E-002  0.11982141800827682     
   58.000000000000000        2527.8525766873313              279         285   1.7837540237934057E-002  0.11982141800827682     
   59.000000000000000        2536.0221998860470               53         285   1.3541360155304505E-003  0.11982141800827682     
   60.000000000000000        2544.1400568885647              477         285   1.1589542443105907E-002  0.11982141800827682     
   61.000000000000000        2552.2071931191808               62         285   1.0695802244744194E-003  0.11982141800827682     
   62.000000000000000        2560.2247371433273              133         285   2.4058522339197709E-010  0.11982141800827682     
   63.000000000000000        2568.1937314333722              393         285   9.4967592924985137E-003  0.11982141800827682     
   64.000000000000000        2576.1151587673180              718         285   1.4453597087797714E-002  0.11982141800827682     
   65.000000000000000        2583.9903648598674              884         285   4.7752612237047964E-002  0.11982141800827682     
   66.000000000000000        2591.8193204041982             1136         285   1.3972834110224071E-002  0.11982141800827682     
   67.000000000000000        2599.6053132905581              111         285   8.2356752153422003E-003  0.11982141800827682     
   68.000000000000000        2607.3447845072997              143         285   4.3782233186770124E-003  0.11982141800827682     
   69.000000000000000        2615.0427655035796              117         285   8.2526850096899804E-005  0.11982141800827682     
   70.000000000000000        2622.6987555301348              127         285   2.7670779843596933E-003  0.11982141800827682     
   71.000000000000000        2630.3136053122589              333         285   4.6339295028192265E-003  0.11982141800827682     
   72.000000000000000        2637.8880025970857               72         285   2.5760221960833478E-003  0.11982141800827682     
   73.000000000000000        2645.4228144419576               59         285   4.4560993478667682E-003  0.11982141800827682     
   74.000000000000000        2652.9188372841722              155         285   2.2036835707602669E-003  0.11982141800827682     
   75.000000000000000        2660.3767904072006               56         285   1.7397081737230332E-004  0.11982141800827682     
   76.000000000000000        2667.7973733542526              106         285   6.8899369854783571E-007  0.11982141800827682     
   77.000000000000000        2675.1812907659132              107         285   2.6974659652721344E-004  0.11982141800827682     
   78.000000000000000        2682.5293344368674              171         285   3.5899778799531226E-002  0.11982141800827682     
   79.000000000000000        2689.8418110377102              173         285   7.9808334360886781E-004  0.11982141800827682     
   80.000000000000000        2697.1195758944614              170         285   1.5199101522167937E-002  0.11982141800827682     
   81.000000000000000        2704.3634971604711              358         285   7.0426720075540865E-003  0.11982141800827682     
   82.000000000000000        2711.5737311830362              543         285   1.4361209959840745E-005  0.11982141800827682     
   83.000000000000000        2718.7510878308849              230         285   6.6280877413578448E-005  0.11982141800827682     
   84.000000000000000        2726.3250943460980              363         286   4.3123020260397091E-003  0.11982141800827682     
   85.000000000000000        2733.4305894170675              482         286   8.0849568155053498E-003  0.11982141800827682     
   86.000000000000000        2740.5044174380573              349         286   4.6504243277844729E-005  0.11982141800827682     
   87.000000000000000        2747.5470845601130             1959         286   1.8125437953061190E-004  0.11982141800827682     
   88.000000000000000        2754.5590797201712             1047         286   6.8481973784242976E-004  0.11982141800827682     
   89.000000000000000        2761.5408363100137             2303         286   1.1679862291002823E-002  0.11982141800827682     
   90.000000000000000        2768.4927696718300             2328         286   1.5406049966222265E-002  0.11982141800827682     
   91.000000000000000        2775.4157664085219             1065         286   5.7655545122888160E-004  0.11982141800827682     
   92.000000000000000        2782.3097505818018             1055         286   8.8115935287172570E-003  0.11982141800827682     
   93.000000000000000        2789.1753135677400             1059         286   7.8586197392912008E-004  0.11982141800827682     
   94.000000000000000        2796.0128872867481             1089         286   9.3175435336646361E-004  0.11982141800827682     
   95.000000000000000        2802.8229181790766              180         286   3.5530530714086711E-003  0.11982141800827682     
   96.000000000000000        2809.6056109586589              146         286   2.3844950855145158E-004  0.11982141800827682     
   97.000000000000000        2816.3615125078450              111         286   5.2243147593550974E-006  0.11982141800827682     
   98.000000000000000        2823.0929377084926             2335         286   2.1717567459981366E-002  0.11982141800827682     
   99.000000000000000        2829.7965268289781             1249         286   4.5966207346272167E-003  0.11982141800827682     
   100.00000000000000        2836.4716171325604              261         286   8.8067189681689860E-004  0.11982141800827682     
   101.00000000000000        2843.1235524025583              281         286   8.4318887549886582E-004  0.11982141800827682     
   102.00000000000000        2849.7503056215151             1103         286   1.6471916276375784E-004  0.11982141800827682     
   103.00000000000000        2856.3521500772222             2287         286   1.5816988622525976E-002  0.11982141800827682     
   104.00000000000000        2862.9294282841238             1065         286   3.3577046721618171E-003  0.11982141800827682     
   105.00000000000000        2869.4823732994787             1082         286   1.3363015398029810E-003  0.11982141800827682     
   106.00000000000000        2876.0116111886873             1225         286   9.4769661844297595E-003  0.11982141800827682     
   107.00000000000000        2882.5176166840288              374         286   1.8149893810081004E-009  0.11982141800827682     
   108.00000000000000        2888.9990881541235              221         286   2.4854730512404773E-011  0.11982141800827682     
   109.00000000000000        2895.4579078229581             1114         286   1.6701490008469089E-002  0.11982141800827682     
   110.00000000000000        2901.8922702962609              187         286   1.5449192608852842E-002  0.11982141800827682     
   111.00000000000000        2908.3050518702676              393         286   1.2247883616573129E-002  0.11982141800827682     
   112.00000000000000        2914.6945362624037               53         286   9.6529183078826429E-003  0.11982141800827682     
   113.00000000000000        2921.0614961346078              295         286   3.4457876722278162E-005  0.11982141800827682     
   114.00000000000000        2927.4073776983469              335         286   3.1903712807280103E-003  0.11982141800827682     
   115.00000000000000        2933.7323769412155             2000         286   2.1137623858161748E-002  0.11982141800827682     
   116.00000000000000        2940.0304698695281              249         286   7.4384162858561656E-002  0.11982141800827682     
   117.00000000000000        2946.3102439957738              225         286   3.6920905143367384E-003  0.11982141800827682     
   118.00000000000000        2952.5683372548765              440         286   3.5837747163562071E-003  0.11982141800827682     
   119.00000000000000        2958.8050732413280               36         286   9.9091474183257578E-003  0.11982141800827682     
   120.00000000000000        2965.0207381179303               74         286   5.0481198682008049E-003  0.11982141800827682     
   121.00000000000000        2971.2154393909718              127         286   6.5370789276930673E-003  0.11982141800827682     
   122.00000000000000        2977.3892779436078              259         286   8.1417623228284932E-004  0.11982141800827682     
   123.00000000000000        2983.5432326226623             1046         286   5.9949099380379282E-002  0.11982141800827682     
   124.00000000000000        2989.6751417525661               88         286   2.7632358434821493E-009  0.11982141800827682     
   125.00000000000000        2995.7874876348060               50         286   5.5421922967957811E-003  0.11982141800827682     
   126.00000000000000        3001.8795818433009               57         286   2.1432426348722230E-003  0.11982141800827682     
   127.00000000000000        3007.9515771920742              532         286   3.4600809410650999E-005  0.11982141800827682     
   128.00000000000000        3026.3248062212037             1481         287   8.4821024813786870E-003  0.11982141800827682     
   129.00000000000000        3050.4999717279211              478         287   2.6929789477808658E-007  0.11982141800827682     
   130.00000000000000        3080.6798306995993              245         287   2.7638590126371685E-004  0.11982141800827682     
   131.00000000000000        3109.4843223328603              863         287   9.2636453730455561E-004  0.11982141800827682     
   132.00000000000000        3115.3328344221550               45         287   2.4186498541919873E-003  0.11982141800827682     
   133.00000000000000        3121.1598972063771               31         287   3.1238799577350007E-003  0.11982141800827682     
   134.00000000000000        3126.9658554442826               24         287   3.9397757951811488E-003  0.11982141800827682     
   135.00000000000000        3132.7509061213304              103         287   4.8757271109673775E-003  0.11982141800827682     
   136.00000000000000        3138.5152399809963               70         287   5.9310511967237073E-003  0.11982141800827682     
   137.00000000000000        3144.2585489324742               48         287   4.1927594362230593E-003  0.11982141800827682     
   138.00000000000000        3149.9817440002098               38         287   3.9280632042518505E-003  0.11982141800827682     
   139.00000000000000        3155.6842092857951               25         287   4.4772740429314684E-004  0.11982141800827682     
   140.00000000000000        3161.3672667148162               38         287   5.4553378741875266E-004  0.11982141800827682     
   0.0000000000000000        1885.9628581182226             1250         287   4.7278289245394674E-003  0.11982141800827682     
   1.0000000000000000        1904.2377837307140             1233         287   7.7469765094100012E-003  0.11982141800827682     
   2.0000000000000000        1924.8023607481653               45         287   6.0276318260440468E-003  0.11982141800827682     
   3.0000000000000000        1949.3646192195770              747         288   3.7303915374214975E-003  0.11982141800827682     
   4.0000000000000000        1970.3531903150524               72         288   1.5872396017837186E-003  0.11982141800827682     
   5.0000000000000000        1989.0237124508942              173         288   1.5592710307759609E-004  0.11982141800827682     
   6.0000000000000000        2006.1779530539272               97         288   2.2778625664779139E-003  0.11982141800827682     
   7.0000000000000000        2022.0666805045737              157         288   6.7867560769248748E-004  0.11982141800827682     
   8.0000000000000000        2036.7914447632543               70         288   7.7602302698727367E-004  0.11982141800827682     
   9.0000000000000000        2050.4203492289280              137         288   8.1024077874131280E-004  0.11982141800827682     
   10.000000000000000        2062.9953713319333              132         288   4.1768790471834942E-004  0.11982141800827682     
   11.000000000000000        2074.5058734995987               74         288   6.1169128589024704E-003  0.11982141800827682     
   12.000000000000000        2084.6641248047672              297         289   4.6556455968964969E-006  0.11982141800827682     
   13.000000000000000        2093.9125619346155             2646         289   4.0018698303036315E-006  0.11982141800827682     
   14.000000000000000        2103.6544913215930             1183         289   1.6374123123858082E-004  0.11982141800827682     
   15.000000000000000        2149.3334965973672             1728         290   6.8372110869784541E-003  0.11982141800827682     
   16.000000000000000        2160.6308166528129              119         290   1.4819139916510398E-004  0.11982141800827682     
   17.000000000000000        2171.6642543546964             1027         290   1.4950085570579228E-004  0.11982141800827682     
   18.000000000000000        2181.5111135385159             1462         291   7.5698507611369490E-003  0.11982141800827682     
   19.000000000000000        2181.4170032802408             1204         291   1.1455876274319680E-002  0.11982141800827682     
   20.000000000000000        2190.7256687355462             2335         292   3.4895486568268810E-002  0.11982141800827682     
   21.000000000000000        2205.2276804516900             1113         292   3.4070573869517747E-004  0.11982141800827682     
   22.000000000000000        2215.0213905360224              258         293   4.6198934859960298E-003  0.11982141800827682     
   23.000000000000000        2221.2032074678268             1983         294   5.7704814871594222E-003  0.11982141800827682     
   24.000000000000000        2249.0096288944992              141         294   3.3379913488287692E-004  0.11982141800827682     
   25.000000000000000        2263.3969420819553              627         294   3.6990775812918153E-003  0.11982141800827682     
   26.000000000000000        2274.2057798027517             4894         294   3.8791354457867510E-003  0.11982141800827682     
   27.000000000000000        2285.1153534193204              727         294   7.3879416478976256E-003  0.11982141800827682     
   28.000000000000000        2295.9104397324850              297         294   7.6146069439510678E-003  0.11982141800827682     
   29.000000000000000        2306.5955210077464              705         294   3.8480078282145730E-003  0.11982141800827682     
   30.000000000000000        2317.1690108228299              220         294   2.0898065220293274E-004  0.11982141800827682     
   31.000000000000000        2327.6388604784256             1070         294   6.2420614933911484E-003  0.11982141800827682     
   32.000000000000000        2338.0051218161816              250         294   5.5556252690732767E-004  0.11982141800827682     
   33.000000000000000        2348.2713285858536              345         294   1.7121966615936906E-006  0.11982141800827682     
   34.000000000000000        2358.4405243214865              765         294   5.2913982914155680E-003  0.11982141800827682     
   35.000000000000000        2368.5146808415589              313         294   9.1002937871573206E-006  0.11982141800827682     
   36.000000000000000        2378.4955707763565              372         294   3.7353025839249833E-003  0.11982141800827682     
   37.000000000000000        2388.3865110839388              122         294   3.0977131754431999E-006  0.11982141800827682     
   38.000000000000000        2398.1893399919904              147         294   2.6448673618842189E-006  0.11982141800827682     
   39.000000000000000        2407.9061982653197              113         294   3.0071762115729573E-004  0.11982141800827682     
   40.000000000000000        2417.5391683174066             1150         294   2.9051016084565531E-005  0.11982141800827682     
   41.000000000000000        2427.0905739310551             1742         294   4.6933359531694807E-003  0.11982141800827682     
   42.000000000000000        2436.5613715321874             1233         294   8.4260620888345454E-003  0.11982141800827682     
   43.000000000000000        2445.9544986724554              188         294   6.5202899497792679E-004  0.11982141800827682     
   44.000000000000000        2455.2713655205862             3114         294   1.4270842189965700E-006  0.11982141800827682     
   45.000000000000000        2464.5136801948720             3074         294   1.2201229032562896E-002  0.11982141800827682     
   46.000000000000000        2473.6833687104872             1043         294   8.3472373970085896E-003  0.11982141800827682     
   47.000000000000000        2482.7819965152976             1056         294   3.1756336023984163E-004  0.11982141800827682     
   48.000000000000000        2491.8110760204095             1159         294   4.4105058568293110E-003  0.11982141800827682     
   49.000000000000000        2500.7722851063377             1043         294   3.2194703693498410E-003  0.11982141800827682     
   50.000000000000000        2509.6671225014329             1064         294   1.3883070141994050E-003  0.11982141800827682     
   51.000000000000000        2518.4970463298046             1106         294   1.1344130285854234E-003  0.11982141800827682     
   52.000000000000000        2527.2636728539310             2379         294   5.7579815998751536E-003  0.11982141800827682     
   53.000000000000000        2535.9679076001712             1407         294   1.4039597078765247E-003  0.11982141800827682     
   54.000000000000000        2544.6116073988064              824         294   5.1374091364409106E-003  0.11982141800827682     
   55.000000000000000        2553.1976333616676             1533         294   2.0389072157622909E-005  0.11982141800827682     
   56.000000000000000        2561.7221980281433             1289         294   3.0618442836241131E-002  0.11982141800827682     
   57.000000000000000        2570.1915229767351               61         294   2.2728538627835035E-003  0.11982141800827682     
   58.000000000000000        2578.6052486017011               98         294   2.2064510631725361E-003  0.11982141800827682     
   59.000000000000000        2586.9645413702742              136         294   9.4759923424960976E-004  0.11982141800827682     
   60.000000000000000        2595.2712692256669             1281         294   3.7735553558126474E-002  0.11982141800827682     
   61.000000000000000        2603.5245299586286             1205         294   5.4893513429732990E-002  0.11982141800827682     
   62.000000000000000        2611.7270958334680               86         294   8.3409088574637127E-005  0.11982141800827682     
   63.000000000000000        2619.8798076301027              105         294   6.4043335425108224E-006  0.11982141800827682     
   64.000000000000000        2627.9835246455718              837         294   2.1134478788311181E-004  0.11982141800827682     
   65.000000000000000        2636.0392509228718             1114         294   4.4175092303210938E-004  0.11982141800827682     
   66.000000000000000        2644.0479546770252             1245         294   1.3844839747639351E-003  0.11982141800827682     
   67.000000000000000        2652.0106019609634               77         294   4.9063160846571081E-004  0.11982141800827682     
   68.000000000000000        2659.9281207718273               55         294   4.3842092864794591E-003  0.11982141800827682     
   69.000000000000000        2667.8014168878899              293         294   1.3815834360346889E-002  0.11982141800827682     
   70.000000000000000        2675.6311969171566               90         294   2.9735094385621434E-007  0.11982141800827682     
   71.000000000000000        2683.4185300554786              129         294   5.1489833208156456E-005  0.11982141800827682     
   72.000000000000000        2691.1641797574343              139         294   9.2175772891294979E-004  0.11982141800827682     
   73.000000000000000        2698.8688921102025               47         294   9.3225098262628130E-003  0.11982141800827682     
   74.000000000000000        2706.5334167199012              237         294   6.0285640640632789E-004  0.11982141800827682     
   75.000000000000000        2714.1586836537049              164         294   3.0274046735285398E-003  0.11982141800827682     
   76.000000000000000        2721.7451204980734               45         294   7.3524471084115018E-005  0.11982141800827682     
   77.000000000000000        2729.2936381069976              319         294   1.9100460377599077E-002  0.11982141800827682     
   78.000000000000000        2736.8050171479849               82         294   3.1913572854038005E-009  0.11982141800827682     
   79.000000000000000        2744.2797429269222              145         294   1.9740496683615059E-004  0.11982141800827682     
   80.000000000000000        2751.7185219411813              232         294   4.8593450816836418E-003  0.11982141800827682     
   81.000000000000000        2759.1219770892749              148         294   4.8728871061321751E-005  0.11982141800827682     
   82.000000000000000        2766.4907723800861              501         294   3.3487108898200509E-002  0.11982141800827682     
   83.000000000000000        2773.8253349581000              315         294   3.1268614778168105E-004  0.11982141800827682     
   84.000000000000000        2781.1263979225632              327         294   6.9996497524945720E-003  0.11982141800827682     
   85.000000000000000        2788.3944472974786              276         294   7.3688713382765250E-004  0.11982141800827682     
   86.000000000000000        2795.6300317193864              161         294   9.8364578222427859E-003  0.11982141800827682     
   87.000000000000000        2803.2171179622519             3585         295   2.0148709479906685E-002  0.11982141800827682     
   88.000000000000000        2810.3814061386552             1111         295   6.5691425681542700E-005  0.11982141800827682     
   89.000000000000000        2817.5144880095654             2945         295   4.3506468913107133E-003  0.11982141800827682     
   90.000000000000000        2824.6165748889748             2206         295   5.9588169807289829E-002  0.11982141800827682     
   91.000000000000000        2831.6883985568043             1597         295   2.3370243255254638E-003  0.11982141800827682     
   92.000000000000000        2838.7303494944654             2197         295   4.9883332834164909E-005  0.11982141800827682     
   93.000000000000000        2845.7428518202373             1303         295   1.9661498141536660E-004  0.11982141800827682     
   94.000000000000000        2852.7264168146003             2235         295   3.6740370401699272E-002  0.11982141800827682     
   95.000000000000000        2859.6811951183704             1120         295   2.3579749074595591E-004  0.11982141800827682     
   96.000000000000000        2866.6078431695496             1312         295   5.5660028190604568E-004  0.11982141800827682     
   97.000000000000000        2873.5091719378083             1386         295   1.1247590694903142E-002  0.11982141800827682     
   98.000000000000000        2880.3780147399202              374         295   8.0984650884916628E-003  0.11982141800827682     
   99.000000000000000        2887.2222693664994             1355         295   7.4804331442511283E-003  0.11982141800827682     
   100.00000000000000        2894.0419125298213              472         295   1.2508033494771904E-002  0.11982141800827682     
   101.00000000000000        2900.8308487452296              550         295   6.3036450576133658E-004  0.11982141800827682     
   102.00000000000000        2907.5958435462803              130         295   3.2965477707513867E-003  0.11982141800827682     
   103.00000000000000        2914.3350653485313             1390         295   9.7549645766772542E-003  0.11982141800827682     
   104.00000000000000        2921.0509776799922             1386         295   1.4033197507319168E-002  0.11982141800827682     
   105.00000000000000        2927.7372052146025             1162         295   5.4357056203048482E-003  0.11982141800827682     
   106.00000000000000        2934.4009935383979             1345         295   1.9136606962851016E-008  0.11982141800827682     
   107.00000000000000        2941.0400285843584             1125         295   1.0008247446658254E-005  0.11982141800827682     
   108.00000000000000        2947.6561029267818              834         295   6.3401065973088229E-003  0.11982141800827682     
   109.00000000000000        2954.2465991220797              174         295   2.4062678992428862E-005  0.11982141800827682     
   110.00000000000000        2960.8131876647244              138         295   1.5492833763372535E-002  0.11982141800827682     
   111.00000000000000        2967.3563050396015              168         295   9.5518859223454003E-008  0.11982141800827682     
   112.00000000000000        2973.8759800846165              240         295   6.3746095234618893E-005  0.11982141800827682     
   113.00000000000000        2980.3738256272582              268         295   1.4685686972148450E-002  0.11982141800827682     
   114.00000000000000        2986.8462067185455             1171         295   7.1232208805587470E-004  0.11982141800827682     
   115.00000000000000        2993.2969983408066              453         295   1.9206453627773604E-003  0.11982141800827682     
   116.00000000000000        2999.7254314771276              194         295   1.4627596254037019E-002  0.11982141800827682     
   117.00000000000000        3006.1313839191444              235         295   1.0195509430760641E-004  0.11982141800827682     
   118.00000000000000        3012.5153119335218               46         295   7.3082636109116767E-004  0.11982141800827682     
   119.00000000000000        3018.8773326898272              242         295   6.7416253825161995E-003  0.11982141800827682     
   120.00000000000000        3025.2175405218245              130         295   8.0169504508840897E-004  0.11982141800827682     
   121.00000000000000        3031.5361677220326               79         295   1.6379628333198868E-003  0.11982141800827682     
   122.00000000000000        3037.8334112098387              244         295   9.0802067025898313E-004  0.11982141800827682     
   123.00000000000000        3044.1093218069150              250         295   1.0732560604210905E-004  0.11982141800827682     
   124.00000000000000        3050.3642177174956               67         295   4.0778231551836528E-003  0.11982141800827682     
   125.00000000000000        3056.5981716129168              134         295   2.5667151725040672E-003  0.11982141800827682     
   126.00000000000000        3062.8114856850993             1181         295   1.5654143885995814E-002  0.11982141800827682     
   127.00000000000000        3069.0038366666076              245         295   3.6912102331730324E-003  0.11982141800827682     
   128.00000000000000        3077.3802333016110              801         296   1.9679790997484549E-002  0.11982141800827682     
   129.00000000000000        3097.6837006201122              408         296   1.2622269608078104E-008  0.11982141800827682     
   130.00000000000000        3124.1566702032665              118         296   1.0088519402206971E-004  0.11982141800827682     
   131.00000000000000        3157.1009486905305              173         296   5.5987405807788227E-004  0.11982141800827682     
   132.00000000000000        3179.0131955848356              689         296   1.0824149168061316E-004  0.11982141800827682     
   133.00000000000000        3184.9607698354612               98         296   1.6717186881797933E-003  0.11982141800827682     
   134.00000000000000        3190.8865102675582               67         296   3.6640282386947690E-003  0.11982141800827682     
   135.00000000000000        3196.7906843660858               24         296   5.1103320692378155E-003  0.11982141800827682     
   136.00000000000000        3202.6734421640804               36         296   5.9167500613515975E-003  0.11982141800827682     
   137.00000000000000        3208.5346275077050              168         296   4.0451662681371152E-003  0.11982141800827682     
   138.00000000000000        3214.3745806648058               32         296   3.6933334227063226E-004  0.11982141800827682     
   139.00000000000000        3220.1944129227427               37         296   4.5160590307857389E-004  0.11982141800827682     
   140.00000000000000        3225.9936855776518               19         296   5.5113462975967453E-004  0.11982141800827682     
   0.0000000000000000        1921.1129174489988              427         296   1.7884882429698087E-003  0.11982141800827682     
   1.0000000000000000        1940.9903547710803             3241         296   1.3430010571438675E-003  0.11982141800827682     
   2.0000000000000000        1962.1285014312680              218         296   2.9016395000233245E-003  0.11982141800827682     
   3.0000000000000000        1986.8558767233931              737         297   8.3258323223431036E-004  0.11982141800827682     
   4.0000000000000000        2008.5620893147927               72         297   5.3050788880238398E-003  0.11982141800827682     
   5.0000000000000000        2027.9099742657386              104         297   2.3319268587089327E-004  0.11982141800827682     
   6.0000000000000000        2045.6999606434219              100         297   2.7596568614681984E-006  0.11982141800827682     
   7.0000000000000000        2062.1787265458479             1000         297   7.2745496635271464E-003  0.11982141800827682     
   8.0000000000000000        2077.4306455320275               69         297   8.7444974100028415E-004  0.11982141800827682     
   9.0000000000000000        2091.5268492610967              102         297   4.2381721743811864E-006  0.11982141800827682     
   10.000000000000000        2104.5149336498980               69         297   4.0105490222740360E-004  0.11982141800827682     
   11.000000000000000        2116.3977452092608              135         297   4.8425731261389894E-004  0.11982141800827682     
   12.000000000000000        2126.8863754890303              383         298   2.3592281710753714E-005  0.11982141800827682     
   13.000000000000000        2136.6073632291318             3463         298   3.0103771421600148E-005  0.11982141800827682     
   14.000000000000000        2146.6297042545780              527         298   1.9955740350772867E-004  0.11982141800827682     
   15.000000000000000        2193.0161109753453             1864         299   6.1328549251505910E-005  0.11982141800827682     
   16.000000000000000        2204.6080055171501               56         299   7.3081704236637110E-003  0.11982141800827682     
   17.000000000000000        2215.9323546345390             1065         299   1.5868209473075757E-009  0.11982141800827682     
   18.000000000000000        2219.1229647788227             1210         300   7.8706334624298233E-008  0.11982141800827682     
   19.000000000000000        2217.9754237938719              182         300   6.7495308470897171E-003  0.11982141800827682     
   20.000000000000000        2214.8813387041387             1646         301  0.22754021841645639       0.22754021841645639     
   21.000000000000000        2233.8969693381982             2769         301   1.6199143578340607E-002  0.22754021841645639     
   22.000000000000000        2241.3575534674023               72         301   7.7759831912667390E-007  0.22754021841645639     
   23.000000000000000        2260.5484256091913             2729         303   3.4336067171084539E-003  0.22754021841645639     
   24.000000000000000        2292.0678136543006              469         303   3.7321043507002626E-003  0.22754021841645639     
   25.000000000000000        2307.5233570845658              236         303   7.9634894731586201E-005  0.22754021841645639     
   26.000000000000000        2318.7110219831843             2022         303   2.7457415249025007E-003  0.22754021841645639     
   27.000000000000000        2329.8803504442917              634         303   1.0789923705486084E-002  0.22754021841645639     
   28.000000000000000        2340.9321721820829              444         303   3.6647576327107021E-004  0.22754021841645639     
   29.000000000000000        2351.8692698480859              228         303   4.5478815201717368E-006  0.22754021841645639     
   30.000000000000000        2362.6959639187926              915         303   8.3934244861911377E-003  0.22754021841645639     
   31.000000000000000        2373.4136274722396              379         303   1.3084511775698172E-004  0.22754021841645639     
   32.000000000000000        2384.0262747849815             1349         303   7.4370790780609423E-003  0.22754021841645639     
   33.000000000000000        2394.5361771901530              318         303   2.1034352864560037E-004  0.22754021841645639     
   34.000000000000000        2404.9461908050580              350         303   5.3763021988669619E-004  0.22754021841645639     
   35.000000000000000        2415.2583315830007              222         303   2.0569650642429961E-005  0.22754021841645639     
   36.000000000000000        2425.4761472278319              769         303   2.2403859733446663E-003  0.22754021841645639     
   37.000000000000000        2435.6014835769388              242         303   2.6656550568185939E-007  0.22754021841645639     
   38.000000000000000        2445.6362114879603              624         303   4.4271769899692972E-005  0.22754021841645639     
   39.000000000000000        2455.5821786316765              464         303   1.6503504693929082E-005  0.22754021841645639     
   40.000000000000000        2465.4427430928886             1058         303   3.2279489453567915E-009  0.22754021841645639     
   41.000000000000000        2475.2196016821636              509         303   6.3688213480821284E-003  0.22754021841645639     
   42.000000000000000        2484.9148380709148             2065         303   3.1682525575347857E-005  0.22754021841645639     
   43.000000000000000        2494.5295350869510              703         303   5.0884542581539140E-011  0.22754021841645639     
   44.000000000000000        2504.0660440922238             2207         303   1.4782734481325959E-002  0.22754021841645639     
   45.000000000000000        2513.5262082768568             1250         303   3.2498833767845765E-003  0.22754021841645639     
   46.000000000000000        2522.9111929668929             1368         303   7.9265901722260796E-003  0.22754021841645639     
   47.000000000000000        2532.2244197047012             1331         303   2.5681878842663138E-003  0.22754021841645639     
   48.000000000000000        2541.4653228327243             1376         303   2.4327283490251886E-002  0.22754021841645639     
   49.000000000000000        2550.6361606729347             1105         303   2.2118385481301427E-003  0.22754021841645639     
   50.000000000000000        2559.7396462860283             1106         303   4.6390278102279135E-005  0.22754021841645639     
   51.000000000000000        2568.7765072040370             2288         303   2.3196925872467477E-003  0.22754021841645639     
   52.000000000000000        2577.7481756698480             2942         303   5.2569215889054915E-003  0.22754021841645639     
   53.000000000000000        2586.6561485534953             2225         303   2.0781390688455129E-009  0.22754021841645639     
   54.000000000000000        2595.5017584828634             1272         303   3.7039516421712555E-002  0.22754021841645639     
   55.000000000000000        2604.2863305158162               50         303   2.9432705080238106E-004  0.22754021841645639     
   56.000000000000000        2613.0112214507717              159         303   9.9199357155086939E-004  0.22754021841645639     
   57.000000000000000        2621.6776436123055              147         303   2.8604719848525963E-004  0.22754021841645639     
   58.000000000000000        2630.2869854655341              333         303   7.9908870470168959E-003  0.22754021841645639     
   59.000000000000000        2638.8401109311262              222         303   1.7849241784225744E-007  0.22754021841645639     
   60.000000000000000        2647.3385722775101               48         303   8.4999459157249161E-003  0.22754021841645639     
   61.000000000000000        2655.7832526434636              660         303   1.7809931184767418E-002  0.22754021841645639     
   62.000000000000000        2664.1753275378051               66         303   7.4532434006873379E-005  0.22754021841645639     
   63.000000000000000        2672.5159245798868              134         303   9.4426903198690512E-008  0.22754021841645639     
   64.000000000000000        2680.8060573337975              536         303   5.9276345337376203E-003  0.22754021841645639     
   65.000000000000000        2689.0467010542261             1399         303   1.2699107286809664E-002  0.22754021841645639     
   66.000000000000000        2697.2389441477671              668         303   1.4529861368298336E-005  0.22754021841645639     
   67.000000000000000        2705.3836687892363              204         303   4.1098300485282866E-004  0.22754021841645639     
   68.000000000000000        2713.4818099897484               95         303   2.4654612847003274E-006  0.22754021841645639     
   69.000000000000000        2721.5343236899748              121         303   2.5998796591511952E-003  0.22754021841645639     
   70.000000000000000        2729.5420908546139              316         303   2.7938389751313391E-002  0.22754021841645639     
   71.000000000000000        2737.5058505996835              449         303   1.9349454237646934E-004  0.22754021841645639     
   72.000000000000000        2745.4266731104890              295         303   3.3492941690402289E-002  0.22754021841645639     
   73.000000000000000        2753.3050939986538              156         303   4.4398688803669855E-003  0.22754021841645639     
   74.000000000000000        2761.1420773406376               79         303   2.7197655007901218E-004  0.22754021841645639     
   75.000000000000000        2768.9384487446937              168         303   4.9129461624509228E-002  0.22754021841645639     
   76.000000000000000        2776.6948627738834              208         303   2.0117831403064952E-002  0.22754021841645639     
   77.000000000000000        2784.4117917090548              291         303   6.0128325798014439E-004  0.22754021841645639     
   78.000000000000000        2792.0903520394472              136         303   1.2440604361811383E-003  0.22754021841645639     
   79.000000000000000        2799.7310395674854               95         303   3.1633824690699849E-003  0.22754021841645639     
   80.000000000000000        2807.3345044765606               59         303   1.6478854728231645E-003  0.22754021841645639     
   81.000000000000000        2814.9015161350540              649         303   7.3479626347690868E-002  0.22754021841645639     
   82.000000000000000        2822.4324013847249              207         303   1.6056992128059462E-004  0.22754021841645639     
   83.000000000000000        2829.9280579314641              348         303   3.8784162282595788E-003  0.22754021841645639     
   84.000000000000000        2837.3889772559278              265         303   7.5528959261176171E-003  0.22754021841645639     
   85.000000000000000        2844.8156238907468               58         303   3.4319428602978027E-005  0.22754021841645639     
   86.000000000000000        2852.2086942258247              480         303   6.2494004118875041E-002  0.22754021841645639     
   87.000000000000000        2859.5686190352890              178         303   1.9542090785727760E-003  0.22754021841645639     
   88.000000000000000        2866.8960275076129              804         303   9.8893995662601864E-003  0.22754021841645639     
   89.000000000000000        2874.1912316997582             1358         303   7.1968985897002029E-003  0.22754021841645639     
   90.000000000000000        2881.7955969319623             2104         304   1.3037913778571754E-002  0.22754021841645639     
   91.000000000000000        2889.0201365920302              439         304   6.1025358448991589E-002  0.22754021841645639     
   92.000000000000000        2896.2137130293377             2366         304   3.0814267296997887E-002  0.22754021841645639     
   93.000000000000000        2903.3764900433384             1259         304   5.1590849983536486E-004  0.22754021841645639     
   94.000000000000000        2910.5094457990090             1120         304   2.7444053435754078E-004  0.22754021841645639     
   95.000000000000000        2917.6126743477284              277         304   4.7967270771893342E-004  0.22754021841645639     
   96.000000000000000        2924.6875086890182             1369         304   4.2299965472515549E-002  0.22754021841645639     
   97.000000000000000        2931.7319317672932             2053         304   3.2281428767738036E-003  0.22754021841645639     
   98.000000000000000        2938.7487641754078             1454         304   5.4618351632815747E-002  0.22754021841645639     
   99.000000000000000        2945.7374087165067               93         304   1.7760174126732847E-004  0.22754021841645639     
   100.00000000000000        2952.6984105386746              867         304   6.3560714490230310E-003  0.22754021841645639     
   101.00000000000000        2959.6320684121106              472         304   8.7878365136952342E-003  0.22754021841645639     
   102.00000000000000        2966.5386848662120              404         304   1.4889886182753694E-003  0.22754021841645639     
   103.00000000000000        2973.4186259637795             1317         304   2.6704096989327677E-004  0.22754021841645639     
   104.00000000000000        2980.2742053540883              549         304   1.8251430472859709E-002  0.22754021841645639     
   105.00000000000000        2987.1019176063992              653         304   1.6061233543873996E-002  0.22754021841645639     
   106.00000000000000        2993.9014941332207             1160         304   2.3051416192708237E-008  0.22754021841645639     
   107.00000000000000        3000.6795533279064             1466         304   3.4843605548410060E-002  0.22754021841645639     
   108.00000000000000        3007.4324598234198             2220         304   4.8322020112972902E-003  0.22754021841645639     
   109.00000000000000        3014.1567029031889              275         304   2.1266545139383624E-002  0.22754021841645639     
   110.00000000000000        3020.8580778515952              235         304   6.3380883668924146E-005  0.22754021841645639     
   111.00000000000000        3027.5354061335788              300         304   2.0791448872885136E-002  0.22754021841645639     
   112.00000000000000        3034.1880863160263              305         304   4.8670651929235752E-007  0.22754021841645639     
   113.00000000000000        3040.8181833910066              232         304   2.3995228087930150E-002  0.22754021841645639     
   114.00000000000000        3047.4224710828557              542         304   2.7359591463967949E-003  0.22754021841645639     
   115.00000000000000        3054.0043838188658              249         304   1.1332661931027502E-004  0.22754021841645639     
   116.00000000000000        3060.5647749706827             1098         304   4.8044646358797717E-002  0.22754021841645639     
   117.00000000000000        3067.0987913697213              200         304   2.6830211781807365E-002  0.22754021841645639     
   118.00000000000000        3073.6115839479844              359         304   3.1788367594053389E-003  0.22754021841645639     
   119.00000000000000        3080.1018642203690              338         304   1.7021288870849887E-004  0.22754021841645639     
   120.00000000000000        3086.5697162881274               36         304   2.8862876222797594E-003  0.22754021841645639     
   121.00000000000000        3093.0153391160802              120         304   8.1778948749714820E-004  0.22754021841645639     
   122.00000000000000        3099.4389631960471               36         304   2.7456806165946372E-003  0.22754021841645639     
   123.00000000000000        3105.8418152327081              582         304   2.2563689795887472E-002  0.22754021841645639     
   124.00000000000000        3112.2206272311423              189         304   5.4536373358411286E-005  0.22754021841645639     
   125.00000000000000        3118.5791620077785               46         304   4.0713055923657024E-003  0.22754021841645639     
   126.00000000000000        3124.9163257066130               38         304   8.0121137055199198E-003  0.22754021841645639     
   127.00000000000000        3131.2322076410419              248         304   9.2978141597326613E-005  0.22754021841645639     
   128.00000000000000        3137.5289178339008             1135         304   8.5429831000640982E-003  0.22754021841645639     
   129.00000000000000        3148.6118690651119              232         305   1.2557427401366122E-003  0.22754021841645639     
   130.00000000000000        3170.7857633984372             1088         305   3.7657124934911905E-002  0.22754021841645639     
   131.00000000000000        3199.6691986784276              171         305   6.2416554505012654E-004  0.22754021841645639     
   132.00000000000000        3235.4864320013498              243         305   4.4256480319260503E-003  0.22754021841645639     
   133.00000000000000        3249.9946700244982              879         305   7.4779205164674401E-004  0.22754021841645639     
   134.00000000000000        3256.0433354897186               21         305   4.4181524599206188E-003  0.22754021841645639     
   135.00000000000000        3262.0694573670394               24         305   5.3590560108998540E-003  0.22754021841645639     
   136.00000000000000        3268.0734642848497               41         305   5.1837465148513772E-003  0.22754021841645639     
   137.00000000000000        3274.0555570492520               38         305   3.8526404880461890E-003  0.22754021841645639     
   138.00000000000000        3280.0157777340364               25         305   3.8142738568882028E-004  0.22754021841645639     
   139.00000000000000        3285.9552499923698               52         305   4.6067385545432450E-004  0.22754021841645639     
   140.00000000000000        3291.8735915756033               20         305   5.5560699682393963E-004  0.22754021841645639     
   0.0000000000000000        1956.8524258898422              515         305   4.7181421928998426E-003  0.22754021841645639     
   1.0000000000000000        1978.3248507192982              335         305   5.0624588755038835E-003  0.22754021841645639     
   2.0000000000000000        2000.0531780497145               74         305   3.3581663415796215E-003  0.22754021841645639     
   3.0000000000000000        2024.9290161324166             2543         306   1.1604720283735463E-002  0.22754021841645639     
   4.0000000000000000        2047.3447755006327              162         306   1.8455329574955200E-004  0.22754021841645639     
   5.0000000000000000        2067.3958505123992              211         306   3.2107541638952144E-003  0.22754021841645639     
   6.0000000000000000        2085.8591892443014               64         306   1.0091566621519452E-003  0.22754021841645639     
   7.0000000000000000        2102.9625419299600               85         306   1.4584498890209713E-003  0.22754021841645639     
   8.0000000000000000        2118.7753488345356              103         306   5.0258342913549253E-003  0.22754021841645639     
   9.0000000000000000        2133.3659224128619               67         306   6.3166863069685363E-004  0.22754021841645639     
   10.000000000000000        2146.7895830870184               72         306   2.4648660319254703E-006  0.22754021841645639     
   11.000000000000000        2159.0645668069051              581         306   2.9731156843518816E-004  0.22754021841645639     
   12.000000000000000        2169.9037754576648              239         307   3.7927221045967854E-006  0.22754021841645639     
   13.000000000000000        2180.1103373586875              836         307   4.0194502092682736E-003  0.22754021841645639     
   14.000000000000000        2190.4268007536612             2000         307   2.6071694967437522E-002  0.22754021841645639     
   15.000000000000000        2230.1495065037784             1113         308   6.6309434492484694E-003  0.22754021841645639     
   16.000000000000000        2249.4013196611818              174         308   3.0985535426447872E-003  0.22754021841645639     
   17.000000000000000        2256.6157710697357             1291         309   4.1921658991493756E-002  0.22754021841645639     
   18.000000000000000        2256.7048796374916              119         309   8.9194689482743340E-006  0.22754021841645639     
   19.000000000000000        2254.3494044780577              252         309   1.3634168056674905E-003  0.22754021841645639     
   20.000000000000000        2249.1600924156669              328         309   4.7215922610496417E-004  0.22754021841645639     
   21.000000000000000        2261.0691511773412             2714         310   8.7518512275616620E-003  0.22754021841645639     
   22.000000000000000        2268.5044305092451              163         310   2.9312196938925672E-003  0.22754021841645639     
   23.000000000000000        2299.6857152110729             2285         312   1.2141744566781456E-004  0.22754021841645639     
   24.000000000000000        2335.7140399125219              349         312   9.6328353322525512E-003  0.22754021841645639     
   25.000000000000000        2352.4049199788792             1256         312   2.4508039147365910E-004  0.22754021841645639     
   26.000000000000000        2363.9904354528089             3451         312   2.0581972099350013E-004  0.22754021841645639     
   27.000000000000000        2375.4252903854294              714         312   9.7821882728150525E-003  0.22754021841645639     
   28.000000000000000        2386.7399750762906              418         312   8.0798394274185174E-006  0.22754021841645639     
   29.000000000000000        2397.9373455559394              108         312   4.1796810406499551E-004  0.22754021841645639     
   30.000000000000000        2409.0206957318655              153         312   5.1981309965883852E-004  0.22754021841645639     
   31.000000000000000        2419.9930947577564              297         312   8.5275308895922436E-004  0.22754021841645639     
   32.000000000000000        2430.8574858588554              166         312   1.2821208882716714E-003  0.22754021841645639     
   33.000000000000000        2441.6166907371089              215         312   2.0464671490258227E-003  0.22754021841645639     
   34.000000000000000        2452.2738713546287              457         312   7.3039289996629378E-003  0.22754021841645639     
   35.000000000000000        2462.8308435579197              274         312   2.5245821853841362E-006  0.22754021841645639     
   36.000000000000000        2473.2899975825812             1253         312   5.9825841968313281E-003  0.22754021841645639     
   37.000000000000000        2483.6546348132974             1174         312   7.5756404431885967E-003  0.22754021841645639     
   38.000000000000000        2493.9271317788775             1522         312   1.0455984345911998E-006  0.22754021841645639     
   39.000000000000000        2504.1081949643522             1145         312   6.6288040306930560E-003  0.22754021841645639     
   40.000000000000000        2514.2016435430437             1065         312   3.4386011467959461E-005  0.22754021841645639     
   41.000000000000000        2524.2105837979748             3065         312   1.9046267767220196E-002  0.22754021841645639     
   42.000000000000000        2534.1333737372320             2051         312   6.1881224835173771E-007  0.22754021841645639     
   43.000000000000000        2543.9738195451264             1225         312   9.7379426947125666E-004  0.22754021841645639     
   44.000000000000000        2553.7361923824710             2438         312   1.1823298599361730E-002  0.22754021841645639     
   45.000000000000000        2563.4189172115407             1272         312   5.5552481725084672E-003  0.22754021841645639     
   46.000000000000000        2573.0252776670095              380         312   1.1013414204417772E-004  0.22754021841645639     
   47.000000000000000        2582.5556279369252             1228         312   7.0111557627870972E-003  0.22754021841645639     
   48.000000000000000        2592.0139242250648             1106         312   3.0947621442421265E-008  0.22754021841645639     
   49.000000000000000        2601.4007604483186             1091         312   1.0301680787515777E-004  0.22754021841645639     
   50.000000000000000        2610.7183739693614             2813         312   1.0715791030288909E-002  0.22754021841645639     
   51.000000000000000        2619.9661821416198             1206         312   1.1924510925480501E-003  0.22754021841645639     
   52.000000000000000        2629.1477906945252             1738         312   5.7918116017119170E-006  0.22754021841645639     
   53.000000000000000        2638.2639822949959              152         312   1.0788328183874509E-002  0.22754021841645639     
   54.000000000000000        2647.3160380897657              224         312   2.6011019129093250E-004  0.22754021841645639     
   55.000000000000000        2656.3054455177953              301         312   4.8719917973399788E-004  0.22754021841645639     
   56.000000000000000        2665.2334944531422              233         312   1.1478173853925403E-004  0.22754021841645639     
   57.000000000000000        2674.1014818283875              348         312   1.5390051961089598E-003  0.22754021841645639     
   58.000000000000000        2682.9106456448176              108         312   2.9372224003137551E-005  0.22754021841645639     
   59.000000000000000        2691.6623196855444              284         312   4.1433089897686765E-002  0.22754021841645639     
   60.000000000000000        2700.3573929760200              127         312   2.4839819579406326E-005  0.22754021841645639     
   61.000000000000000        2708.9973141778833              361         312   1.4505368992510593E-003  0.22754021841645639     
   62.000000000000000        2717.5831060512442               80         312   1.8628619871613913E-005  0.22754021841645639     
   63.000000000000000        2726.1158634120925              347         312   2.0989841705878013E-005  0.22754021841645639     
   64.000000000000000        2734.5966474865763               59         312   2.1084564809412798E-004  0.22754021841645639     
   65.000000000000000        2743.0264938315286             1147         312   2.4773432840809874E-003  0.22754021841645639     
   66.000000000000000        2751.4064039934688             1105         312   2.9897294624379877E-005  0.22754021841645639     
   67.000000000000000        2759.7373579448390              136         312   1.7261588259125610E-006  0.22754021841645639     
   68.000000000000000        2768.0203225933124              232         312   2.7051568752447825E-004  0.22754021841645639     
   69.000000000000000        2776.2561721697894              158         312   6.4582375300253358E-005  0.22754021841645639     
   70.000000000000000        2784.4458841904648               48         312   3.1780745500982902E-003  0.22754021841645639     
   71.000000000000000        2792.5902308595046              167         312   2.8551910167639688E-004  0.22754021841645639     
   72.000000000000000        2800.6901464234729              293         312   5.6068501325014160E-006  0.22754021841645639     
   73.000000000000000        2808.7464954199036              235         312   1.2564985744538673E-002  0.22754021841645639     
   74.000000000000000        2816.7599029763387               99         312   1.7322046195013679E-003  0.22754021841645639     
   75.000000000000000        2824.7313020390579              139         312   4.1812034974189057E-004  0.22754021841645639     
   76.000000000000000        2832.6614086563427              224         312   1.6128867634437816E-002  0.22754021841645639     
   77.000000000000000        2840.5509437132441              148         312   9.7110041983711117E-004  0.22754021841645639     
   78.000000000000000        2848.4008488896320              242         312   6.5526778103768141E-002  0.22754021841645639     
   79.000000000000000        2856.2114571153456              274         312   3.1960564318242582E-002  0.22754021841645639     
   80.000000000000000        2863.9833022291123              146         312   3.6984056257636029E-003  0.22754021841645639     
   81.000000000000000        2871.7175766811579               67         312   9.8129370632729336E-004  0.22754021841645639     
   82.000000000000000        2879.4147632084155              735         312   3.2649126628460007E-002  0.22754021841645639     
   83.000000000000000        2887.0751826821329              136         312   3.0555410449638390E-005  0.22754021841645639     
   84.000000000000000        2894.6997647099997               47         312   7.7882191122765065E-003  0.22754021841645639     
   85.000000000000000        2902.2890045333106              398         312   3.5755716402091132E-003  0.22754021841645639     
   86.000000000000000        2909.8432417648928              220         312   1.1018098948343708E-002  0.22754021841645639     
   87.000000000000000        2917.3633118003731              277         312   3.1091208698524725E-003  0.22754021841645639     
   88.000000000000000        2924.8496035325220              271         312   3.9625435354164247E-002  0.22754021841645639     
   89.000000000000000        2932.3021216415591              244         312   4.4007244531193472E-002  0.22754021841645639     
   90.000000000000000        2939.7230529170620              334         312   6.1752330583712535E-008  0.22754021841645639     
   91.000000000000000        2947.1111437455706              182         312   3.2673623577560222E-004  0.22754021841645639     
   92.000000000000000        2954.4674546704327             1369         312   1.2685570295703282E-004  0.22754021841645639     
   93.000000000000000        2962.0931417551151             2374         313   1.2603192520977370E-003  0.22754021841645639     
   94.000000000000000        2969.3793461392665             2427         313   4.8228526469785406E-002  0.22754021841645639     
   95.000000000000000        2976.6344002618293             2261         313   1.1910310910952871E-002  0.22754021841645639     
   96.000000000000000        2983.8594332264879             2434         313   2.6075143823806366E-004  0.22754021841645639     
   97.000000000000000        2991.0546243901513             2219         313   4.2178647072208713E-006  0.22754021841645639     
   98.000000000000000        2998.2203758166279             1336         313   1.3271937214613180E-009  0.22754021841645639     
   99.000000000000000        3005.3573665344315             1056         313   5.5789092810784469E-003  0.22754021841645639     
   100.00000000000000        3012.4651079651230             2343         313   4.9914004685773367E-003  0.22754021841645639     
   101.00000000000000        3019.5448402555166             1573         313   4.6412905212723607E-002  0.22754021841645639     
   102.00000000000000        3026.5966041882939             2364         313   6.4372739708435664E-003  0.22754021841645639     
   103.00000000000000        3033.6208765627362             2179         313   2.1813486182649174E-002  0.22754021841645639     
   104.00000000000000        3040.6177452163665              348         313   9.2583630055163499E-003  0.22754021841645639     
   105.00000000000000        3047.5875732464101              356         313   2.2109445002051072E-003  0.22754021841645639     
   106.00000000000000        3054.5308740505347              485         313   1.2377424705726727E-007  0.22754021841645639     
   107.00000000000000        3061.4478544697063             1472         313   5.3875935148355401E-005  0.22754021841645639     
   108.00000000000000        3068.3405983469511              526         313   1.5125810199206223E-002  0.22754021841645639     
   109.00000000000000        3075.2060114439978              362         313   1.2863890928363875E-002  0.22754021841645639     
   110.00000000000000        3082.0436858470243             1260         313   1.6072373994529946E-004  0.22754021841645639     
   111.00000000000000        3088.8582054449730             2299         313   1.9593089627686040E-004  0.22754021841645639     
   112.00000000000000        3095.6477871470502             1153         313   1.3575365032458247E-004  0.22754021841645639     
   113.00000000000000        3102.4126869743332             1122         313   7.9532104744768470E-007  0.22754021841645639     
   114.00000000000000        3109.1545213104428              557         313   8.2773187700071194E-003  0.22754021841645639     
   115.00000000000000        3115.8706710019383              179         313   6.1035660190817498E-010  0.22754021841645639     
   116.00000000000000        3122.5629120085546              321         313   7.9328735050307558E-007  0.22754021841645639     
   117.00000000000000        3129.2314239510383               73         313   1.2771028212576661E-003  0.22754021841645639     
   118.00000000000000        3135.8764226167041               90         313   4.9939323260527191E-003  0.22754021841645639     
   119.00000000000000        3142.4981142243214              306         313   2.0678727780487255E-004  0.22754021841645639     
   120.00000000000000        3149.0967324943354               36         313   3.4975952710894335E-003  0.22754021841645639     
   121.00000000000000        3155.6724634826392              314         313   2.7472359535097284E-003  0.22754021841645639     
   122.00000000000000        3162.2254847593053              245         313   1.4678340638488202E-003  0.22754021841645639     
   123.00000000000000        3168.7559957650928              290         313   2.6768011260437327E-004  0.22754021841645639     
   124.00000000000000        3175.2642283278865              138         313   1.6325934628740105E-003  0.22754021841645639     
   125.00000000000000        3181.7503281499721               61         313   3.6478332399242793E-003  0.22754021841645639     
   126.00000000000000        3188.2144127750585               39         313   1.3205899655493520E-004  0.22754021841645639     
   127.00000000000000        3194.6574190598312               37         313   8.7988718889618033E-003  0.22754021841645639     
   128.00000000000000        3201.0802909683575              153         313   6.7747440335267570E-003  0.22754021841645639     
   129.00000000000000        3207.4766935867083             1127         313   3.8070629982166334E-005  0.22754021841645639     
   130.00000000000000        3221.4861776348525             1088         314   1.2251901835008979E-002  0.22754021841645639     
   131.00000000000000        3245.6355858826064             2000         314   5.7526408435106896E-002  0.22754021841645639     
   132.00000000000000        3276.9871145379057              143         314   8.9769910939092711E-003  0.22754021841645639     
   133.00000000000000        3315.8465166451069              959         314   2.9207432780376043E-002  0.22754021841645639     
   134.00000000000000        3322.4566275073389              442         314   1.1503904890074619E-004  0.22754021841645639     
   135.00000000000000        3328.6085658544957               58         314   5.5204270491918082E-003  0.22754021841645639     
   136.00000000000000        3334.7369766070046               28         314   5.0659955561974824E-003  0.22754021841645639     
   137.00000000000000        3340.8428786066775               35         314   3.5962983478235234E-003  0.22754021841645639     
   138.00000000000000        3346.9263676537580               44         314   3.9189478813920868E-004  0.22754021841645639     
   139.00000000000000        3352.9884503995308               64         314   4.6809135905313414E-004  0.22754021841645639     
   140.00000000000000        3359.0288095373230               25         314   5.5820250259578784E-004  0.22754021841645639     
   0.0000000000000000        1993.2156417110061              513         314   6.0670951821298518E-003  0.22754021841645639     
   1.0000000000000000        2016.2524586050154             1190         314   3.1936477023866219E-003  0.22754021841645639     
   2.0000000000000000        2038.5705374499121               56         314   9.6293023867924366E-004  0.22754021841645639     
   3.0000000000000000        2063.5910090959519             1920         315   3.6103783105041025E-003  0.22754021841645639     
   4.0000000000000000        2086.6954330287499              110         315   4.8354074523844414E-003  0.22754021841645639     
   5.0000000000000000        2107.4722197158349              447         315   2.5011032326195336E-003  0.22754021841645639     
   6.0000000000000000        2126.6467251312770               71         315   6.4603318876717457E-003  0.22754021841645639     
   7.0000000000000000        2144.4197907252101               91         315   1.0086320872468716E-003  0.22754021841645639     
   8.0000000000000000        2160.8327668933912               78         315   1.2209734127900666E-003  0.22754021841645639     
   9.0000000000000000        2175.9462543389805               70         315   1.5237368823887160E-004  0.22754021841645639     
   10.000000000000000        2189.8301328563475               97         315   4.5676019744335472E-007  0.22754021841645639     
   11.000000000000000        2202.5187127582631             1222         316   3.3485788918118996E-003  0.22754021841645639     
   12.000000000000000        2213.7295294849514              312         317   1.0174263949943522E-007  0.22754021841645639     
   13.000000000000000        2224.4338525523576              562         317   2.7012267674667188E-003  0.22754021841645639     
   14.000000000000000        2235.0552194782363              449         317   1.0894775782597805E-002  0.22754021841645639     
   15.000000000000000        2261.1717889690167              797         318   5.6231135191041969E-007  0.22754021841645639     
   16.000000000000000        2293.8964457299967             1946         319   4.2283977950226025E-003  0.22754021841645639     
   17.000000000000000        2295.1845301784297             2000         319  0.11157072055836914       0.22754021841645639     
   18.000000000000000        2294.1683379382312              230         319   3.5136736018238378E-002  0.22754021841645639     
   19.000000000000000        2290.4327944904012              124         319   3.9064530599000301E-005  0.22754021841645639     
   20.000000000000000        2283.5498705053424             1121         319   4.0317630989225951E-005  0.22754021841645639     
   21.000000000000000        2286.5173393400059             2038         320   1.8369849756663663E-003  0.22754021841645639     
   22.000000000000000        2293.9407293230811               58         320   5.4465562346182658E-011  0.22754021841645639     
   23.000000000000000        2338.3966345298018             2723         322   1.8792003692904149E-002  0.22754021841645639     
   24.000000000000000        2379.9188351444636             1027         322   1.2726836662056455E-003  0.22754021841645639     
   25.000000000000000        2398.0450212380706              816         322   3.3437740854698546E-003  0.22754021841645639     
   26.000000000000000        2410.0514713327343             2009         322   1.4074118273063643E-005  0.22754021841645639     
   27.000000000000000        2421.7591267689954              142         322   2.8621511562490241E-010  0.22754021841645639     
   28.000000000000000        2433.3431234958193              142         322   4.5694894786044251E-006  0.22754021841645639     
   29.000000000000000        2444.8068996241009              124         322   3.4592637094836998E-004  0.22754021841645639     
   30.000000000000000        2456.1537548472320              105         322   6.2936018897208649E-004  0.22754021841645639     
   31.000000000000000        2467.3868408981803               92         322   1.1563195001713712E-003  0.22754021841645639     
   32.000000000000000        2478.5096470356680              439         322   7.1296411521376781E-006  0.22754021841645639     
   33.000000000000000        2489.5236890869505              248         322   6.1276821143194093E-007  0.22754021841645639     
   34.000000000000000        2500.4331217936247              215         322   4.1145885708766892E-004  0.22754021841645639     
   35.000000000000000        2511.2407523965576              372         322   8.9792573671471845E-006  0.22754021841645639     
   36.000000000000000        2521.9480401434862              255         322   7.1130595014528400E-006  0.22754021841645639     
   37.000000000000000        2532.5580004457661             1166         322   1.3867651382639244E-008  0.22754021841645639     
   38.000000000000000        2543.0730282017048             2049         322   2.6979986755180283E-007  0.22754021841645639     
   39.000000000000000        2553.4946329156037              197         322   7.4972606637116791E-006  0.22754021841645639     
   40.000000000000000        2563.8265686405234             1049         322   2.3026843197650417E-005  0.22754021841645639     
   41.000000000000000        2574.0705049002686             1218         322   8.2843739192600026E-003  0.22754021841645639     
   42.000000000000000        2584.2294819771182             2164         322   1.0873084980410256E-002  0.22754021841645639     
   43.000000000000000        2594.3012659851897             1605         322   5.8558665572816171E-003  0.22754021841645639     
   44.000000000000000        2604.2933151198695             1292         322   2.9726230808600610E-003  0.22754021841645639     
   45.000000000000000        2614.2041189769038             1232         322   4.0467418655879620E-003  0.22754021841645639     
   46.000000000000000        2624.0351497696802             1209         322   2.5184115045972475E-005  0.22754021841645639     
   47.000000000000000        2633.7905976367383             1109         322   2.7850817978278715E-003  0.22754021841645639     
   48.000000000000000        2643.4719193446181             3332         322   1.3778310262480260E-002  0.22754021841645639     
   49.000000000000000        2653.0780697399091             1213         322   8.1599994915608845E-005  0.22754021841645639     
   50.000000000000000        2662.6149859082479             1473         322   4.7785824184182840E-007  0.22754021841645639     
   51.000000000000000        2672.0783640683348             1406         322   7.5985770207607760E-005  0.22754021841645639     
   52.000000000000000        2681.4747056879887              801         322   2.1543946558611978E-003  0.22754021841645639     
   53.000000000000000        2690.8038244627714               70         322   6.8372921166468751E-004  0.22754021841645639     
   54.000000000000000        2700.0671566118631              319         322   5.8259930736211910E-004  0.22754021841645639     
   55.000000000000000        2709.2660713592977               73         322   1.7700417335517395E-005  0.22754021841645639     
   56.000000000000000        2718.4019486060233               49         322   1.6283761110309272E-003  0.22754021841645639     
   57.000000000000000        2727.4760752018742               85         322   2.5432212109998097E-003  0.22754021841645639     
   58.000000000000000        2736.4897441118846              155         322   8.1517211690891982E-003  0.22754021841645639     
   59.000000000000000        2745.4442119221894             1111         322   6.6148832764987453E-002  0.22754021841645639     
   60.000000000000000        2754.3406504633872              981         322   4.7541461168391723E-004  0.22754021841645639     
   61.000000000000000        2763.1802368614935               82         322   1.3654009205899973E-007  0.22754021841645639     
   62.000000000000000        2771.9641312034591              343         322   1.9144853185398412E-002  0.22754021841645639     
   63.000000000000000        2780.6934548334980              872         322   3.0436439461518582E-003  0.22754021841645639     
   64.000000000000000        2789.3692627573414              273         322   4.2322402607368088E-003  0.22754021841645639     
   65.000000000000000        2797.9944114529148             1140         322   3.5022960447595952E-002  0.22754021841645639     
   66.000000000000000        2806.5645911346733             1305         322   1.6629360030362327E-002  0.22754021841645639     
   67.000000000000000        2815.0860104824956              170         322   1.8951304875741065E-006  0.22754021841645639     
   68.000000000000000        2823.5580129401837               90         322   1.4331254835958706E-006  0.22754021841645639     
   69.000000000000000        2831.9815247206257              173         322   5.5909760865582312E-003  0.22754021841645639     
   70.000000000000000        2840.3573304074189              193         322   1.5797050753850960E-004  0.22754021841645639     
   71.000000000000000        2848.6866508412759              342         322   2.2937567529630352E-002  0.22754021841645639     
   72.000000000000000        2856.9696998988716               49         322   2.7060268278988175E-003  0.22754021841645639     
   73.000000000000000        2865.2079277536727               58         322   9.4487762389464251E-006  0.22754021841645639     
   74.000000000000000        2873.4019483785937              247         322   2.1594339148594526E-003  0.22754021841645639     
   75.000000000000000        2881.5525560379915              220         322   9.5696204964639485E-004  0.22754021841645639     
   76.000000000000000        2889.6603680633566              326         322   3.2770268078571030E-002  0.22754021841645639     
   77.000000000000000        2897.7265995465318               65         322   1.7855852260589920E-004  0.22754021841645639     
   78.000000000000000        2905.7515947252796              869         322   1.1945996107370705E-003  0.22754021841645639     
   79.000000000000000        2913.7359807683597               75         322   5.3599556298502888E-008  0.22754021841645639     
   80.000000000000000        2921.6807234225830              284         322   8.9255503686195645E-003  0.22754021841645639     
   81.000000000000000        2929.5862971566353              255         322   2.5210290477794827E-005  0.22754021841645639     
   82.000000000000000        2937.4534678526743              159         322   1.3300872688509080E-004  0.22754021841645639     
   83.000000000000000        2945.2828272036299              385         322   2.8131364175048843E-003  0.22754021841645639     
   84.000000000000000        2953.0750252468301               52         322   2.2510218644687242E-003  0.22754021841645639     
   85.000000000000000        2960.8305473338733              185         322   2.0136423032604166E-007  0.22754021841645639     
   86.000000000000000        2968.5500816244607              176         322   1.8731082417109226E-004  0.22754021841645639     
   87.000000000000000        2976.2341588746895               75         322   3.0685732871440005E-004  0.22754021841645639     
   88.000000000000000        2983.8833232973066             1127         322   9.8886019271995224E-003  0.22754021841645639     
   89.000000000000000        2991.4981338502598             1264         322   1.6586981740897483E-002  0.22754021841645639     
   90.000000000000000        2999.0789829221044              211         322   5.4341180974510220E-003  0.22754021841645639     
   91.000000000000000        3006.6265004062325              111         322   3.3689375962906707E-003  0.22754021841645639     
   92.000000000000000        3014.1411535227016             1325         322   1.3686439324436675E-002  0.22754021841645639     
   93.000000000000000        3021.6233331707435             1241         322   9.8487628196081622E-004  0.22754021841645639     
   94.000000000000000        3029.0735676266772             1716         322   4.7701480416292071E-003  0.22754021841645639     
   95.000000000000000        3036.4922830323926              378         322   1.4095385345669242E-004  0.22754021841645639     
   96.000000000000000        3044.1432720793277             2399         323   1.7015506309881008E-003  0.22754021841645639     
   97.000000000000000        3051.4921693582619             2508         323   2.0107105470440052E-002  0.22754021841645639     
   98.000000000000000        3058.8106021787416             1321         323   2.2221841584493087E-003  0.22754021841645639     
   99.000000000000000        3066.0988477838487             1060         323   9.9075141404410920E-003  0.22754021841645639     
   100.00000000000000        3073.3575400994378             1309         323   4.4493736076668505E-005  0.22754021841645639     
   101.00000000000000        3080.5869426273357             2265         323   3.9277554342858436E-007  0.22754021841645639     
   102.00000000000000        3087.7874448712114             1066         323   3.0624340374989950E-003  0.22754021841645639     
   103.00000000000000        3094.9593990413168             1057         323   8.1961501870785741E-004  0.22754021841645639     
   104.00000000000000        3102.1031329383495             1081         323   1.9674111181887948E-003  0.22754021841645639     
   105.00000000000000        3109.2190070368501             1088         323   4.5218976452714018E-003  0.22754021841645639     
   106.00000000000000        3116.3074240319515             1346         323   1.8512542375897331E-002  0.22754021841645639     
   107.00000000000000        3123.3714245131873             1186         323   3.8973876993478630E-002  0.22754021841645639     
   108.00000000000000        3130.4029789987062              690         323   2.0718632787129789E-002  0.22754021841645639     
   109.00000000000000        3137.4122348523620             2196         323   4.1665611985138531E-002  0.22754021841645639     
   110.00000000000000        3144.3917332539268             1269         323   3.2305568765879779E-003  0.22754021841645639     
   111.00000000000000        3151.3492777696201             2220         323   3.9550573971515700E-002  0.22754021841645639     
   112.00000000000000        3158.2783221811255              254         323   2.2392304637347765E-004  0.22754021841645639     
   113.00000000000000        3165.1825937891394              201         323   3.3898158629834710E-002  0.22754021841645639     
   114.00000000000000        3172.0611257878963              138         323   2.9735547788037309E-004  0.22754021841645639     
   115.00000000000000        3178.9154484546029              760         323   5.0892930998434581E-002  0.22754021841645639     
   116.00000000000000        3185.7440289539595              404         323   6.0609050810056742E-006  0.22754021841645639     
   117.00000000000000        3192.5487129373182              241         323   1.4503209377562548E-003  0.22754021841645639     
   118.00000000000000        3199.3291313119016              260         323   1.3724036408273842E-002  0.22754021841645639     
   119.00000000000000        3206.0855536432819              129         323   1.0723282660035100E-003  0.22754021841645639     
   120.00000000000000        3212.8181265373437              136         323   2.2166382156375490E-003  0.22754021841645639     
   121.00000000000000        3219.5271281635924              200         323   1.7893234800092793E-005  0.22754021841645639     
   122.00000000000000        3226.2126199969794              439         323   5.3425110952203786E-002  0.22754021841645639     
   123.00000000000000        3232.8753266646077               55         323   1.3716760902455483E-003  0.22754021841645639     
   124.00000000000000        3239.5148904696907              110         323   1.1548473831915190E-003  0.22754021841645639     
   125.00000000000000        3246.1316598260332               98         323   2.5008929850538391E-003  0.22754021841645639     
   126.00000000000000        3252.7294375490151              189         323   1.1785337679729908E-002  0.22754021841645639     
   127.00000000000000        3259.2976682224380              230         323   1.1006597625129152E-005  0.22754021841645639     
   128.00000000000000        3265.8476360944223               82         323   8.2402969191848578E-003  0.22754021841645639     
   129.00000000000000        3272.3750977165660               79         323   5.9833741508342943E-004  0.22754021841645639     
   130.00000000000000        3278.8801674886954               45         323   4.6810364511339650E-004  0.22754021841645639     
   131.00000000000000        3296.0026836507022              384         324   2.5811170729808219E-002  0.22754021841645639     
   132.00000000000000        3322.1854654318122              350         324   9.0027661529585735E-003  0.22754021841645639     
   133.00000000000000        3356.0366637511961             2808         324   1.6189382870548795E-002  0.22754021841645639     
   134.00000000000000        3390.1500029276599             4084         324   3.6480183567535965E-003  0.22754021841645639     
   135.00000000000000        3396.4295199584844               24         324   5.5012149762255907E-003  0.22754021841645639     
   136.00000000000000        3402.6853036929765               27         324   3.6985359563432305E-003  0.22754021841645639     
   137.00000000000000        3408.9178510298088              100         324   3.3179822072877685E-004  0.22754021841645639     
   138.00000000000000        3415.1281618278013               35         324   3.9637190024128784E-004  0.22754021841645639     
   139.00000000000000        3421.3159215613246               25         324   4.7309592683171412E-004  0.22754021841645639     
   140.00000000000000        3427.4813421360436               32         324   5.5823962975063226E-004  0.22754021841645639     
   0.0000000000000000        2030.1495758421884              313         324   1.2217747535942872E-004  0.22754021841645639     
   1.0000000000000000        2054.7800304345387             2322         324   5.3694223416239552E-006  0.22754021841645639     
   2.0000000000000000        2077.6886277088211             1000         324   3.5315286374269675E-003  0.22754021841645639     
   3.0000000000000000        2102.8481198672880             1523         325   7.7890431985922432E-003  0.22754021841645639     
   4.0000000000000000        2126.6091978170480              115         325   3.9947893711042321E-004  0.22754021841645639     
   5.0000000000000000        2148.1243524288143              178         325   2.1438779157912668E-003  0.22754021841645639     
   6.0000000000000000        2168.0521444418910              169         325   4.3492768708013338E-003  0.22754021841645639     
   7.0000000000000000        2186.5459568377637               98         325   1.3740765141129628E-003  0.22754021841645639     
   8.0000000000000000        2203.6009842263634               76         325   9.1601729069013698E-004  0.22754021841645639     
   9.0000000000000000        2219.2761773694037              151         325   3.2222925621331849E-003  0.22754021841645639     
   10.000000000000000        2233.6461333553648              114         325   2.5636435304285683E-003  0.22754021841645639     
   11.000000000000000        2246.7384985980616             1610         326   9.6402778192445551E-003  0.22754021841645639     
   12.000000000000000        2258.3767620325866              462         326   2.2195541587676022E-003  0.22754021841645639     
   13.000000000000000        2269.5901217441860             1074         326   1.2906048354897138E-002  0.22754021841645639     
   14.000000000000000        2280.5316600286828               68         326   4.8362277248263303E-003  0.22754021841645639     
   15.000000000000000        2294.8917597708360              843         327   1.2755284216880217E-003  0.22754021841645639     
   16.000000000000000        2333.4407536618828             1603         328   2.5510983775710854E-003  0.22754021841645639     
   17.000000000000000        2333.7253912133992             1176         328   4.9966845165893446E-003  0.22754021841645639     
   18.000000000000000        2331.4164065892883             1138         328   1.1502410260447525E-003  0.22754021841645639     
   19.000000000000000        2326.0990135369570             1214         328   1.3722547929719052E-004  0.22754021841645639     
   20.000000000000000        2317.2901057689173             1100         328   3.0428543080278859E-002  0.22754021841645639     
   21.000000000000000        2310.5861517220847              333         328   7.0874223249347559E-004  0.22754021841645639     
   22.000000000000000        2320.7466776810393               64         328   1.6895696224134477E-003  0.22754021841645639     
   23.000000000000000        2376.3975724704951             2205         330   8.9203947646100503E-006  0.22754021841645639     
   24.000000000000000        2424.6444571435181             1404         330   2.2217477594204921E-005  0.22754021841645639     
   25.000000000000000        2444.4454502410126             2818         330   1.1516792315736480E-002  0.22754021841645639     
   26.000000000000000        2456.9030326182733             2042         330   4.1225138800534582E-008  0.22754021841645639     
   27.000000000000000        2468.8899427023430              313         330   4.6277890261428324E-004  0.22754021841645639     
   28.000000000000000        2480.7499865125073              413         330   1.8134498241471062E-004  0.22754021841645639     
   29.000000000000000        2492.4867263297397              322         330   6.7802948302993086E-004  0.22754021841645639     
   30.000000000000000        2504.1039634776139             1630         330   7.3425783911632301E-003  0.22754021841645639     
   31.000000000000000        2515.6037543953562             1331         330   2.1363866588755297E-002  0.22754021841645639     
   32.000000000000000        2526.9902639048787              211         330   1.2647966048346326E-007  0.22754021841645639     
   33.000000000000000        2538.2679091562700              705         330   2.0921101292077672E-002  0.22754021841645639     
   34.000000000000000        2549.4350638269502              268         330   5.7846803589288389E-005  0.22754021841645639     
   35.000000000000000        2560.4983519221164              247         330   1.4373552014389488E-005  0.22754021841645639     
   36.000000000000000        2571.4592940832863             1297         330   2.0487670537101280E-009  0.22754021841645639     
   37.000000000000000        2582.3204358135667              353         330   3.6308939881461022E-005  0.22754021841645639     
   38.000000000000000        2593.0842197273469             1144         330   1.1755808856388586E-008  0.22754021841645639     
   39.000000000000000        2603.7530153235462             1287         330   6.8133714540068939E-006  0.22754021841645639     
   40.000000000000000        2614.3290989019188             1155         330   3.9372364580654751E-005  0.22754021841645639     
   41.000000000000000        2624.8144344436901             1329         330   2.2103029248821397E-002  0.22754021841645639     
   42.000000000000000        2635.2107625652352             1182         330   1.2968805139231582E-003  0.22754021841645639     
   43.000000000000000        2645.5215414822746             2155         330   1.6376985520300804E-004  0.22754021841645639     
   44.000000000000000        2655.7479506875225             1100         330   3.8294907558128759E-003  0.22754021841645639     
   45.000000000000000        2665.8919678827597             1517         330   2.1098027326399177E-004  0.22754021841645639     
   46.000000000000000        2675.9552596237118             2291         330   1.3198415555636476E-002  0.22754021841645639     
   47.000000000000000        2685.9415888921617             1578         330   2.0617189097714174E-006  0.22754021841645639     
   48.000000000000000        2695.8477333498413             1163         330   1.7919933277297010E-004  0.22754021841645639     
   49.000000000000000        2705.6800706362446             1072         330   1.0464632106849559E-003  0.22754021841645639     
   50.000000000000000        2715.4387281378895             1102         330   4.8494636875842569E-003  0.22754021841645639     
   51.000000000000000        2725.1253011925642               55         330   2.6677793720917479E-003  0.22754021841645639     
   52.000000000000000        2734.7413352686076               67         330   6.7755273517060990E-008  0.22754021841645639     
   53.000000000000000        2744.2883661235742               47         330   3.7582224251455328E-003  0.22754021841645639     
   54.000000000000000        2753.7677556166273              524         330   1.2181043019174431E-003  0.22754021841645639     
   55.000000000000000        2763.1809016999209              451         330   2.2337205732839614E-002  0.22754021841645639     
   56.000000000000000        2772.5294871461010               48         330   9.8407015494661248E-004  0.22754021841645639     
   57.000000000000000        2781.8145382506523               61         330   6.0663658139851360E-003  0.22754021841645639     
   58.000000000000000        2791.0373883536195              241         330   5.1792652807660560E-004  0.22754021841645639     
   59.000000000000000        2800.1993792402627              241         330   1.5048843359763597E-005  0.22754021841645639     
   60.000000000000000        2809.3017134569536              539         330   3.7599616345130232E-004  0.22754021841645639     
   61.000000000000000        2818.3455847687737              116         330   1.2054099912585823E-006  0.22754021841645639     
   62.000000000000000        2827.3321738351674              493         330   4.6893344651063428E-004  0.22754021841645639     
   63.000000000000000        2836.2625548650512               83         330   7.2817898480122921E-005  0.22754021841645639     
   64.000000000000000        2845.1396333486778              655         330   2.6365269213833809E-002  0.22754021841645639     
   65.000000000000000        2853.9611851442291             1305         330   1.8218284810951269E-002  0.22754021841645639     
   66.000000000000000        2862.7283343526742              363         330   2.6117155667731290E-002  0.22754021841645639     
   67.000000000000000        2871.4439668077525              180         330   4.7134494872871129E-005  0.22754021841645639     
   68.000000000000000        2880.1094022309526              154         330   4.3714970993488651E-008  0.22754021841645639     
   69.000000000000000        2888.7248477652433              125         330   3.0237813170737939E-004  0.22754021841645639     
   70.000000000000000        2897.2912423806233              194         330   4.7398362433882131E-003  0.22754021841645639     
   71.000000000000000        2905.8093843670326               90         330   3.7287430901560455E-003  0.22754021841645639     
   72.000000000000000        2914.2801970623773              313         330   1.4600788003268430E-005  0.22754021841645639     
   73.000000000000000        2922.7046256914182              134         330   5.8084724610318926E-004  0.22754021841645639     
   74.000000000000000        2931.0834466963565             1103         330   4.1741269703764883E-007  0.22754021841645639     
   75.000000000000000        2939.4174719183720               91         330   1.1261253635727808E-003  0.22754021841645639     
   76.000000000000000        2947.7076386044187              448         330   3.6630195607341556E-002  0.22754021841645639     
   77.000000000000000        2955.9543211091468               65         330   1.9364110924056451E-003  0.22754021841645639     
   78.000000000000000        2964.1585458400041               46         330   1.9350724502055462E-003  0.22754021841645639     
   79.000000000000000        2972.3210524091132               75         330   1.1790550515254497E-003  0.22754021841645639     
   80.000000000000000        2980.4424750447229              140         330   1.2679952170140036E-003  0.22754021841645639     
   81.000000000000000        2988.5235243290540              110         330   1.8822662065685655E-004  0.22754021841645639     
   82.000000000000000        2996.5650125989396              289         330   5.6079657934527523E-002  0.22754021841645639     
   83.000000000000000        3004.5671237065576              491         330   1.1693797967849601E-002  0.22754021841645639     
   84.000000000000000        3012.5309233485964              171         330   2.8059430622168953E-006  0.22754021841645639     
   85.000000000000000        3020.4569008213462               53         330   9.6600518453012710E-004  0.22754021841645639     
   86.000000000000000        3028.3456622087251              123         330   5.9886745013897991E-004  0.22754021841645639     
   87.000000000000000        3036.1980314412140              187         330   8.5989414136052961E-002  0.22754021841645639     
   88.000000000000000        3044.0136921515332               69         330   1.2885411293675486E-008  0.22754021841645639     
   89.000000000000000        3051.7941069923777               65         330   9.8155422951550051E-004  0.22754021841645639     
   90.000000000000000        3059.5394936285466              338         330   2.6857851920888953E-005  0.22754021841645639     
   91.000000000000000        3067.2503637766499               51         330   1.3921758555616205E-003  0.22754021841645639     
   92.000000000000000        3074.9272098674069             1156         330   4.0908736258441936E-002  0.22754021841645639     
   93.000000000000000        3082.5705289499811             1555         330   2.6602338697743200E-003  0.22754021841645639     
   94.000000000000000        3090.1808344054366             1315         330   1.7245509953973344E-002  0.22754021841645639     
   95.000000000000000        3097.7584611180537             1095         330   2.7474671432586666E-004  0.22754021841645639     
   96.000000000000000        3105.3039630794319             1074         330   9.1722120716212905E-006  0.22754021841645639     
   97.000000000000000        3112.8177382490935             1055         330   6.4735742796725180E-004  0.22754021841645639     
   98.000000000000000        3120.3002068580549             1063         330   5.4267062577393916E-004  0.22754021841645639     
   99.000000000000000        3127.7517838676076               92         330   7.9210000998033818E-004  0.22754021841645639     
   100.00000000000000        3135.3936206518879             4683         331   2.8650213162689661E-002  0.22754021841645639     
   101.00000000000000        3142.7762830304423             1043         331   2.9987025503278491E-003  0.22754021841645639     
   102.00000000000000        3150.1292166013395              397         331   1.5270531310985960E-003  0.22754021841645639     
   103.00000000000000        3157.4528056238787             1166         331   3.3642822991133427E-003  0.22754021841645639     
   104.00000000000000        3164.7469189667718             1543         331   1.7615627958887346E-002  0.22754021841645639     
   105.00000000000000        3172.0123587791404             1079         331   7.9696587136776735E-003  0.22754021841645639     
   106.00000000000000        3179.2493514138960             1114         331   7.5466264564707461E-005  0.22754021841645639     
   107.00000000000000        3186.4582607913458             1457         331   2.7577271206220104E-003  0.22754021841645639     
   108.00000000000000        3193.6393836449520             2223         331   1.9779365988319578E-004  0.22754021841645639     
   109.00000000000000        3200.7930340130065             2298         331   1.5528986749906673E-003  0.22754021841645639     
   110.00000000000000        3207.9195189379134             1947         331   8.7074630627783209E-006  0.22754021841645639     
   111.00000000000000        3215.0191395106585              962         331   2.0814578965571268E-003  0.22754021841645639     
   112.00000000000000        3222.0921843711185             1077         331   2.9278830775705637E-003  0.22754021841645639     
   113.00000000000000        3229.1389767743754             2188         331   2.4811890469534841E-002  0.22754021841645639     
   114.00000000000000        3236.1614157586559              208         331   5.5328730129098084E-003  0.22754021841645639     
   115.00000000000000        3243.1561853384837              319         331   9.2448336708666978E-002  0.22754021841645639     
   116.00000000000000        3250.1270566752123              184         331   6.0022912057748179E-002  0.22754021841645639     
   117.00000000000000        3257.0699096480880              186         331   2.9612682891485870E-004  0.22754021841645639     
   118.00000000000000        3263.9890715769075               49         331   3.9124525088668829E-003  0.22754021841645639     
   119.00000000000000        3270.8836202505763               42         331   4.1328919740924001E-003  0.22754021841645639     
   120.00000000000000        3277.7537129685506              293         331   4.1288140668929253E-002  0.22754021841645639     
   121.00000000000000        3284.5991488421560               46         331   1.7537747776816476E-005  0.22754021841645639     
   122.00000000000000        3291.4212317126453             1321         331   5.1689113616774848E-002  0.22754021841645639     
   123.00000000000000        3298.2185134155634               50         331   2.4877024714773273E-003  0.22754021841645639     
   124.00000000000000        3304.9926507323880              198         331   5.8227846221600168E-004  0.22754021841645639     
   125.00000000000000        3311.7433657505080               49         331   1.7343491836201146E-003  0.22754021841645639     
   126.00000000000000        3318.4708981046301               40         331   4.9627514163445019E-003  0.22754021841645639     
   127.00000000000000        3325.1757461468037               49         331   2.5829596503354002E-003  0.22754021841645639     
   128.00000000000000        3331.8577826612923               66         331   9.3443216229250406E-003  0.22754021841645639     
   129.00000000000000        3338.5163950485739               44         331   4.4340471935583343E-003  0.22754021841645639     
   130.00000000000000        3345.1524146715951               43         331   3.9456251657752689E-003  0.22754021841645639     
   131.00000000000000        3351.7656311793603               37         331   3.9923337117349807E-003  0.22754021841645639     
   132.00000000000000        3372.1592637879712              722         332   3.4196515991736058E-003  0.22754021841645639     
   133.00000000000000        3400.3970578399517               90         332   5.3901634205675364E-003  0.22754021841645639     
   134.00000000000000        3436.6890708508877              679         332   1.0155914441840139E-002  0.22754021841645639     
   135.00000000000000        3465.5531983246897             1387         332   1.0177522704235527E-004  0.22754021841645639     
   136.00000000000000        3471.9406174225996               27         332   3.5260477848063376E-003  0.22754021841645639     
   137.00000000000000        3478.3033466568063              104         332   3.4067127140688868E-004  0.22754021841645639     
   138.00000000000000        3484.6431429198456               46         332   4.0250995131593966E-004  0.22754021841645639     
   139.00000000000000        3490.9597415351122               59         332   4.7513208451958221E-004  0.22754021841645639     
   140.00000000000000        3497.2533642603494               86         332   5.5516021741510162E-004  0.22754021841645639     
   0.0000000000000000        2067.6481820298986              131         332   2.3605930804978370E-004  0.22754021841645639     
   1.0000000000000000        2093.9032380115650              189         332   1.6944668704175594E-003  0.22754021841645639     
   2.0000000000000000        2117.4095997168497              110         332   6.1292738054905043E-003  0.22754021841645639     
   3.0000000000000000        2142.7060743236166              539         333   8.8050745594565848E-003  0.22754021841645639     
   4.0000000000000000        2167.0739442148906              189         333   3.7898965395843204E-004  0.22754021841645639     
   5.0000000000000000        2189.3329430597832             1543         334   2.2885939361136839E-004  0.22754021841645639     
   6.0000000000000000        2210.0591221152299              168         334   2.4686564902718475E-005  0.22754021841645639     
   7.0000000000000000        2229.3309346875808              104         334   1.2184030830618441E-003  0.22754021841645639     
   8.0000000000000000        2247.0815562359767              145         334   2.6558610797751355E-003  0.22754021841645639     
   9.0000000000000000        2263.3581344856616              148         334   7.4419198866599261E-005  0.22754021841645639     
   10.000000000000000        2278.2488453326700              179         334   2.9269117566635416E-003  0.22754021841645639     
   11.000000000000000        2291.7862048187744              532         335   3.5974975475769420E-004  0.22754021841645639     
   12.000000000000000        2303.8581238643324              404         335   1.4352824900557755E-002  0.22754021841645639     
   13.000000000000000        2315.5915154701474             2098         335   6.3156731690319221E-003  0.22754021841645639     
   14.000000000000000        2326.8679016131973             1249         335   1.2556317456730646E-003  0.22754021841645639     
   15.000000000000000        2337.2264413265234             5137         336   6.1474952865335775E-002  0.22754021841645639     
   16.000000000000000        2372.9915039459056              868         337   3.0015793642201470E-003  0.22754021841645639     
   17.000000000000000        2372.0903962286620             1330         337   5.3953743317552594E-002  0.22754021841645639     
   18.000000000000000        2368.3254520656137              160         337   7.8172426420600085E-004  0.22754021841645639     
   19.000000000000000        2361.2069628380041             1318         337   4.2744162783650249E-004  0.22754021841645639     
   20.000000000000000        2350.2293218625628              381         337   2.0334302434643543E-003  0.22754021841645639     
   21.000000000000000        2357.7729647595147             3107         337   4.9646460387161803E-004  0.22754021841645639     
   22.000000000000000        2368.1922918879236               89         337   1.5605555044399912E-003  0.22754021841645639     
   23.000000000000000        2413.3469638099014             1877         339   6.4935271602035842E-007  0.22754021841645639     
   24.000000000000000        2469.8414127353317             1432         339   1.6898466072483677E-003  0.22754021841645639     
   25.000000000000000        2491.6075024339425             1331         339   2.9495917529194188E-003  0.22754021841645639     
   26.000000000000000        2504.5530227489858             3904         339   7.8952426790991192E-003  0.22754021841645639     
   27.000000000000000        2516.8260733272391              304         339   5.8662084173877096E-004  0.22754021841645639     
   28.000000000000000        2528.9690250216559              334         339   3.5927685034618096E-004  0.22754021841645639     
   29.000000000000000        2540.9854535787981             1387         339   1.0021973373360004E-002  0.22754021841645639     
   30.000000000000000        2552.8788484294992              623         339   6.4338526682237215E-003  0.22754021841645639     
   31.000000000000000        2564.6526592704727             1305         339   9.1197941319030933E-007  0.22754021841645639     
   32.000000000000000        2576.3099099615370             1347         339   1.0777061765687575E-002  0.22754021841645639     
   33.000000000000000        2587.8558433031053             1245         339   3.7472699961636317E-002  0.22754021841645639     
   34.000000000000000        2599.2876935532836              316         339   7.7502630728425547E-005  0.22754021841645639     
   35.000000000000000        2610.6126471074058              229         339   6.0408225878938195E-005  0.22754021841645639     
   36.000000000000000        2621.8332994210473              188         339   4.1312406550161933E-009  0.22754021841645639     
   37.000000000000000        2632.9515890150724              176         339   2.3847565203281456E-009  0.22754021841645639     
   38.000000000000000        2643.9700273593285              159         339   1.9445679036137858E-010  0.22754021841645639     
   39.000000000000000        2654.8910351186623             1052         339   4.4169516333313961E-006  0.22754021841645639     
   40.000000000000000        2665.7169469546711             1056         339   2.3449828119303842E-005  0.22754021841645639     
   41.000000000000000        2676.4500045918353              105         339   3.7291827273639930E-003  0.22754021841645639     
   42.000000000000000        2687.0936238591503             1258         339   3.9262920025178566E-004  0.22754021841645639     
   43.000000000000000        2697.6462487911899             1152         339   3.5208765228811787E-005  0.22754021841645639     
   44.000000000000000        2708.1135364751403             1075         339   2.8255246624496644E-003  0.22754021841645639     
   45.000000000000000        2718.4962813935117             2297         339   6.5913148067080649E-007  0.22754021841645639     
   46.000000000000000        2728.7963491551773             2395         339   4.4197315601405965E-004  0.22754021841645639     
   47.000000000000000        2739.0166625041843             3047         339   7.1979261020290609E-003  0.22754021841645639     
   48.000000000000000        2749.1557972804158             1157         339   5.7534936310920923E-006  0.22754021841645639     
   49.000000000000000        2759.2197794969029             2468         339   1.3019162274850117E-002  0.22754021841645639     
   50.000000000000000        2769.2085259206779             1810         339   4.8885761549256321E-002  0.22754021841645639     
   51.000000000000000        2779.1192680448326              419         339   2.6108616902153756E-002  0.22754021841645639     
   52.000000000000000        2788.9600528231808               52         339   7.4090978983059946E-004  0.22754021841645639     
   53.000000000000000        2798.7300133945341              139         339   4.2328441273523166E-003  0.22754021841645639     
   54.000000000000000        2808.4305198947645              322         339   5.1819587318622257E-003  0.22754021841645639     
   55.000000000000000        2818.0630663560196             1132         339   1.5698258053489094E-005  0.22754021841645639     
   56.000000000000000        2827.6290998418435              102         339   2.4107235148627189E-003  0.22754021841645639     
   57.000000000000000        2837.1298694099787              136         339   2.3036994828533608E-003  0.22754021841645639     
   58.000000000000000        2846.5667746656522              162         339   9.2079161366752154E-004  0.22754021841645639     
   59.000000000000000        2855.9411014602733               92         339   8.3964954458824407E-003  0.22754021841645639     
   60.000000000000000        2865.2540951389205              169         339   1.3901418767703270E-005  0.22754021841645639     
   61.000000000000000        2874.5069624963285              210         339   3.5636539225857026E-008  0.22754021841645639     
   62.000000000000000        2883.7009703299559              563         339   6.7872282779710330E-002  0.22754021841645639     
   63.000000000000000        2892.8371615294313             1109         339   1.6542912888181428E-002  0.22754021841645639     
   64.000000000000000        2901.9165003204807             1144         339   3.0679358334206185E-003  0.22754021841645639     
   65.000000000000000        2910.9417411741470             1294         339   1.9231296211207529E-002  0.22754021841645639     
   66.000000000000000        2919.9097391196538               81         339   4.8830929458205821E-004  0.22754021841645639     
   67.000000000000000        2928.8256004358759               55         339   1.6755723408113998E-009  0.22754021841645639     
   68.000000000000000        2937.6889751747499              185         339   5.9552301684674599E-005  0.22754021841645639     
   69.000000000000000        2946.5008203414150              594         339   2.5830006118504798E-003  0.22754021841645639     
   70.000000000000000        2955.2621037320541              118         339   1.4685085959155422E-005  0.22754021841645639     
   71.000000000000000        2963.9737273215383               89         339   2.1162545499062743E-003  0.22754021841645639     
   72.000000000000000        2972.6367846831658              214         339   3.1508437476993723E-002  0.22754021841645639     
   73.000000000000000        2981.2516358960397               79         339   1.6348326642880598E-003  0.22754021841645639     
   74.000000000000000        2989.8195902881835              199         339   2.9060579853065467E-004  0.22754021841645639     
   75.000000000000000        2998.3413609351323              219         339   1.6873596120522440E-004  0.22754021841645639     
   76.000000000000000        3006.8177292233236               72         339   2.4723789083206764E-003  0.22754021841645639     
   77.000000000000000        3015.2494877427089               78         339   1.3270580635818788E-006  0.22754021841645639     
   78.000000000000000        3023.6373865435676               60         339   5.3456297110253421E-010  0.22754021841645639     
   79.000000000000000        3031.9821750078836              403         339   1.8713207273632601E-004  0.22754021841645639     
   80.000000000000000        3040.2845552471267              116         339   1.3723955046462228E-004  0.22754021841645639     
   81.000000000000000        3048.5452449440268               90         339   2.1619764810988741E-006  0.22754021841645639     
   82.000000000000000        3056.7660163884852             1388         339   4.3911679327931816E-002  0.22754021841645639     
   83.000000000000000        3064.9442402270111              103         339   2.1767025369278151E-004  0.22754021841645639     
   84.000000000000000        3073.0838601192436              222         339   3.8825902129462947E-003  0.22754021841645639     
   85.000000000000000        3081.1843784241100              260         339   1.2473196429211642E-003  0.22754021841645639     
   86.000000000000000        3089.2464322998007               70         339   1.7569100093891493E-008  0.22754021841645639     
   87.000000000000000        3097.2706126564581               60         339   5.9726451003736334E-003  0.22754021841645639     
   88.000000000000000        3105.2574692035159              181         339   4.9331096612081852E-005  0.22754021841645639     
   89.000000000000000        3113.2076372926417               71         339   7.5625217793752718E-003  0.22754021841645639     
   90.000000000000000        3121.1215113729472             1143         339   3.4957455162769616E-002  0.22754021841645639     
   91.000000000000000        3128.9997552970999               47         339   7.0495437545969658E-003  0.22754021841645639     
   92.000000000000000        3136.8428308969810              350         339   6.5820854916181807E-003  0.22754021841645639     
   93.000000000000000        3144.6512704807287              106         339   3.8092150673607532E-003  0.22754021841645639     
   94.000000000000000        3152.4255374027980               80         339   4.7100142803667006E-003  0.22754021841645639     
   95.000000000000000        3160.1660806127065             1079         339   1.5592541787012733E-003  0.22754021841645639     
   96.000000000000000        3167.8733937550805              170         339   3.2272937226642709E-003  0.22754021841645639     
   97.000000000000000        3175.5479299852441              263         339   7.7370092057068684E-004  0.22754021841645639     
   98.000000000000000        3183.1901032879655              219         339   6.2689997111434605E-004  0.22754021841645639     
   99.000000000000000        3190.8003488215272              139         339   1.4518103077224515E-003  0.22754021841645639     
   100.00000000000000        3198.3791355146168             1252         339   1.3261250093143256E-002  0.22754021841645639     
   101.00000000000000        3205.9266455587717              628         339   9.7244382976680743E-006  0.22754021841645639     
   102.00000000000000        3213.4435873228031             1075         339   2.4424245622503412E-003  0.22754021841645639     
   103.00000000000000        3221.1186365774038             2292         340   2.3628776775123542E-003  0.22754021841645639     
   104.00000000000000        3228.5674053928606              717         340   3.2472330043015131E-003  0.22754021841645639     
   105.00000000000000        3235.9858931757462              343         340   1.0570692622458883E-003  0.22754021841645639     
   106.00000000000000        3243.3752664711578             2321         340   3.9286479195496920E-003  0.22754021841645639     
   107.00000000000000        3250.7356038190037             2289         340   1.7254108059903555E-002  0.22754021841645639     
   108.00000000000000        3258.0673694817356             1983         340   1.0773358600713864E-002  0.22754021841645639     
   109.00000000000000        3265.3706154583542             1177         340   1.2149971677733202E-004  0.22754021841645639     
   110.00000000000000        3272.6458851383086             1078         340   1.8375134179816400E-004  0.22754021841645639     
   111.00000000000000        3279.8934260636192             1056         340   5.4224055102603159E-004  0.22754021841645639     
   112.00000000000000        3287.1135426448468             1057         340   7.0504289549250514E-004  0.22754021841645639     
   113.00000000000000        3294.3065506176176             1508         340   1.9328982207530168E-002  0.22754021841645639     
   114.00000000000000        3301.4726804163847             1298         340   1.5355970762223195E-005  0.22754021841645639     
   115.00000000000000        3308.6143131211675             1371         340   9.9662298039734712E-003  0.22754021841645639     
   116.00000000000000        3315.7273819126895              257         340   1.3301166990384794E-007  0.22754021841645639     
   117.00000000000000        3322.8145869958366              230         340   5.5812817683370119E-004  0.22754021841645639     
   118.00000000000000        3329.8760751263067              109         340   2.4728370294016568E-003  0.22754021841645639     
   119.00000000000000        3336.9121154048698              337         340   4.3604530163964591E-003  0.22754021841645639     
   120.00000000000000        3343.9234060556896              265         340   2.0153388455988196E-002  0.22754021841645639     
   121.00000000000000        3350.9083010676204              442         340   6.2147125543522107E-003  0.22754021841645639     
   122.00000000000000        3357.8693054953301              380         340   3.1325108956813876E-008  0.22754021841645639     
   123.00000000000000        3364.8056834463805               42         340   1.5618566159917914E-003  0.22754021841645639     
   124.00000000000000        3371.7177321207741              203         340   9.3254540951177934E-005  0.22754021841645639     
   125.00000000000000        3378.6056855758843               42         340   4.1171099037814963E-004  0.22754021841645639     
   126.00000000000000        3385.4697521694566               70         340   6.0877488522376817E-004  0.22754021841645639     
   127.00000000000000        3392.3101295365591              252         340   1.1240808309901088E-004  0.22754021841645639     
   128.00000000000000        3399.1286771672922             1061         340   6.0016410274626147E-002  0.22754021841645639     
   129.00000000000000        3405.9213131419729               86         340   6.1911002435757435E-003  0.22754021841645639     
   130.00000000000000        3412.6914584970600               85         340   1.6459315368891776E-003  0.22754021841645639     
   131.00000000000000        3419.4382283196692              158         340   1.1963423861807718E-003  0.22754021841645639     
   132.00000000000000        3427.3012577285676             1358         341   1.8522693166247240E-003  0.22754021841645639     
   133.00000000000000        3449.9101175636820              294         341   1.2282019558706024E-002  0.22754021841645639     
   134.00000000000000        3480.1815062253686              607         341   1.6243423215613582E-002  0.22754021841645639     
   135.00000000000000        3518.8024578617074             1395         341   1.1421021033651287E-002  0.22754021841645639     
   136.00000000000000        3542.5244507206412              470         341   1.3013791731163564E-003  0.22754021841645639     
   137.00000000000000        3549.0208879396891               44         341   3.4107402327813909E-004  0.22754021841645639     
   138.00000000000000        3555.4934541777620               47         341   4.0543417783809357E-004  0.22754021841645639     
   139.00000000000000        3561.9421529789624               45         341   4.7372415107194615E-004  0.22754021841645639     
   140.00000000000000        3568.3672170176951               28         341   5.4850043747786410E-004  0.22754021841645639     
   0.0000000000000000        2105.6315080154368               66         341   2.9113418721471039E-004  0.22754021841645639     
   1.0000000000000000        2133.6251055943471              230         341   6.4968563107823483E-003  0.22754021841645639     
   2.0000000000000000        2157.7409423904096             2000         341   9.6871154946389284E-003  0.22754021841645639     
   3.0000000000000000        2183.1575261126736             1682         342   1.2006518290808081E-002  0.22754021841645639     
   4.0000000000000000        2208.0806303057279              211         342   1.0774449290755724E-003  0.22754021841645639     
   5.0000000000000000        2231.0755000065678              328         342   1.3640815899278305E-002  0.22754021841645639     
   6.0000000000000000        2252.6397686851424              153         342   5.9789694419044883E-006  0.22754021841645639     
   7.0000000000000000        2272.7589782560490              119         342   9.2553286191857738E-004  0.22754021841645639     
   8.0000000000000000        2291.2721141698189              429         342   6.4479610442923496E-003  0.22754021841645639     
   9.0000000000000000        2308.1990926516701               93         342   5.5135289161909417E-004  0.22754021841645639     
   10.000000000000000        2323.6445541917224              145         342   2.6216456036086333E-003  0.22754021841645639     
   11.000000000000000        2337.6517752199716              232         343   5.2792381205022412E-007  0.22754021841645639     
   12.000000000000000        2350.1857411547858             1335         344   9.2744524176090592E-003  0.22754021841645639     
   13.000000000000000        2362.4502772142960              569         344   9.1717801996260442E-004  0.22754021841645639     
   14.000000000000000        2374.0772740891539             1265         344   1.3943326056323924E-002  0.22754021841645639     
   15.000000000000000        2382.6866564819366             4291         345   4.2559014660885873E-004  0.22754021841645639     
   16.000000000000000        2412.4639218180687              716         346   1.9083712511409732E-004  0.22754021841645639     
   17.000000000000000        2410.2122331742835             1352         346   4.0555816291430926E-003  0.22754021841645639     
   18.000000000000000        2404.7637489818248             1133         346   9.2485673108575709E-004  0.22754021841645639     
   19.000000000000000        2395.6027338795066              146         346   3.9996907199260058E-005  0.22754021841645639     
   20.000000000000000        2394.9548305913172             2042         346   6.4907117278452187E-003  0.22754021841645639     
   21.000000000000000        2405.8464936082705              177         346   5.0774905888477286E-004  0.22754021841645639     
   22.000000000000000        2416.5324009399396              139         346   2.9404730912842975E-004  0.22754021841645639     
   23.000000000000000        2448.8430938317338             2496         348   6.5191505269486208E-002  0.22754021841645639     
   24.000000000000000        2515.4464201127453             1649         348   5.9147230950951655E-003  0.22754021841645639     
   25.000000000000000        2539.5289093295523             1302         348   3.5150220990311769E-003  0.22754021841645639     
   26.000000000000000        2553.0091824109350             4139         348   6.0780074090953182E-003  0.22754021841645639     
   27.000000000000000        2565.5759142376082             1574         348   1.1791286796451165E-002  0.22754021841645639     
   28.000000000000000        2578.0089876971215              427         348   3.0472598295594444E-004  0.22754021841645639     
   29.000000000000000        2590.3116403691870              417         348   4.2230559722407016E-008  0.22754021841645639     
   30.000000000000000        2602.4885285593796              128         348   4.6388023408670061E-004  0.22754021841645639     
   31.000000000000000        2614.5426104034414              341         348   1.8051054051177319E-005  0.22754021841645639     
   32.000000000000000        2626.4780186373559             1417         348   1.0078365472478893E-002  0.22754021841645639     
   33.000000000000000        2638.2955525478410             2506         348   3.8202110330272071E-002  0.22754021841645639     
   34.000000000000000        2650.0004165991172              645         348   3.2377102806736308E-002  0.22754021841645639     
   35.000000000000000        2661.5945821407622             1352         348   2.2079470444363824E-002  0.22754021841645639     
   36.000000000000000        2673.0813118590950              157         348   1.1553335645347382E-008  0.22754021841645639     
   37.000000000000000        2684.4630157936031               95         348   1.6596491053864582E-009  0.22754021841645639     
   38.000000000000000        2695.7422946234019              106         348   1.3620903070811480E-008  0.22754021841645639     
   39.000000000000000        2706.9216464261999              150         348   1.9094499855897180E-003  0.22754021841645639     
   40.000000000000000        2718.0034148116529              219         348   2.0442203273708008E-005  0.22754021841645639     
   41.000000000000000        2728.9899483641962             1076         348   1.6502775420999490E-003  0.22754021841645639     
   42.000000000000000        2739.8832326300308              101         348   3.6551042119508386E-003  0.22754021841645639     
   43.000000000000000        2750.6861577881537             1211         348   1.5146721182134680E-003  0.22754021841645639     
   44.000000000000000        2761.4000149540243             1057         348   2.0802354250139092E-003  0.22754021841645639     
   45.000000000000000        2772.0279244530502             2275         348   7.4465748213479073E-003  0.22754021841645639     
   46.000000000000000        2782.5711157616424             2062         348   6.0319689487338791E-006  0.22754021841645639     
   47.000000000000000        2793.0287399237268             1223         348   1.6285754612661103E-003  0.22754021841645639     
   48.000000000000000        2803.4069598903907              209         348   4.8087577632267321E-003  0.22754021841645639     
   49.000000000000000        2813.7058276721514              248         348   7.6057947123733995E-005  0.22754021841645639     
   50.000000000000000        2823.9270640374407              162         348   6.3140186899789535E-003  0.22754021841645639     
   51.000000000000000        2834.0722974072714               96         348   3.0569846908631115E-003  0.22754021841645639     
   52.000000000000000        2844.1431736240024              275         348   1.7806490568181545E-005  0.22754021841645639     
   53.000000000000000        2854.1412448250526               61         348   8.1776552156136417E-005  0.22754021841645639     
   54.000000000000000        2864.0680170991518              177         348   5.5841352859664463E-003  0.22754021841645639     
   55.000000000000000        2873.9249303052493              132         348   9.4891568748546335E-003  0.22754021841645639     
   56.000000000000000        2883.7135929200294              181         348   4.8760410488291267E-003  0.22754021841645639     
   57.000000000000000        2893.4351603865744               67         348   5.4208396221601942E-003  0.22754021841645639     
   58.000000000000000        2903.0910981573152              289         348   1.0113549157495978E-003  0.22754021841645639     
   59.000000000000000        2912.6828752310325              197         348   3.0531935260292194E-003  0.22754021841645639     
   60.000000000000000        2922.2112373994751              411         348   1.6014179644229264E-002  0.22754021841645639     
   61.000000000000000        2931.6779686787177               94         348   9.3332606000945025E-007  0.22754021841645639     
   62.000000000000000        2941.0839859926873              345         348   4.6810719452625514E-002  0.22754021841645639     
   63.000000000000000        2950.4307418038420             1193         348   1.0267893193649630E-003  0.22754021841645639     
   64.000000000000000        2959.7191047009992             1154         348   1.2006382152401650E-004  0.22754021841645639     
   65.000000000000000        2968.9502780580774             1204         348   1.2958811619833638E-003  0.22754021841645639     
   66.000000000000000        2978.1252936461333              547         348   1.0426700586415498E-002  0.22754021841645639     
   67.000000000000000        2987.2452941701163              156         348   5.4159642904528116E-003  0.22754021841645639     
   68.000000000000000        2996.3114030963866              152         348   5.5325566448724351E-003  0.22754021841645639     
   69.000000000000000        3005.3241227799513              191         348   8.8651832167352916E-004  0.22754021841645639     
   70.000000000000000        3014.2849659176809             1056         348   1.0129285757190878E-002  0.22754021841645639     
   71.000000000000000        3023.1945458771065               62         348   3.3494264492674305E-005  0.22754021841645639     
   72.000000000000000        3032.0539577325644              374         348   2.8456236976724732E-005  0.22754021841645639     
   73.000000000000000        3040.8640104664232              477         348   8.9150710526339754E-003  0.22754021841645639     
   74.000000000000000        3049.6256206535086              453         348   4.5827370135877921E-005  0.22754021841645639     
   75.000000000000000        3058.3395844922084               56         348   1.3305068423495267E-003  0.22754021841645639     
   76.000000000000000        3067.0067223301012               60         348   6.4599812612222939E-003  0.22754021841645639     
   77.000000000000000        3075.6278999009405             1257         348   3.2442827692060819E-002  0.22754021841645639     
   78.000000000000000        3084.2038660372591              254         348   1.2639072665296900E-002  0.22754021841645639     
   79.000000000000000        3092.7351814196559              172         348   1.7753566703420171E-009  0.22754021841645639     
   80.000000000000000        3101.2228600549361               57         348   2.0820916094086276E-003  0.22754021841645639     
   81.000000000000000        3109.6674986457247              214         348   8.0720878061445005E-004  0.22754021841645639     
   82.000000000000000        3118.0698106860500               97         348   3.1209865108017651E-005  0.22754021841645639     
   83.000000000000000        3126.4305129250661              211         348   5.3308566834855669E-003  0.22754021841645639     
   84.000000000000000        3134.7501327295140              137         348   2.2198662343602391E-006  0.22754021841645639     
   85.000000000000000        3143.0293987186701              218         348   5.3475908603311674E-002  0.22754021841645639     
   86.000000000000000        3151.2690284062523               78         348   1.2918842337990740E-008  0.22754021841645639     
   87.000000000000000        3159.4694926764614               53         348   1.8993856410875517E-005  0.22754021841645639     
   88.000000000000000        3167.6314523223850             1063         348   1.1864906156723934E-002  0.22754021841645639     
   89.000000000000000        3175.7554127956892               76         348   2.8095422120462225E-003  0.22754021841645639     
   90.000000000000000        3183.8420009507195              200         348   6.3448784280620860E-004  0.22754021841645639     
   91.000000000000000        3191.8917430037613               57         348   1.3369360051895869E-004  0.22754021841645639     
   92.000000000000000        3199.9051660020259              231         348   7.2419659853563553E-005  0.22754021841645639     
   93.000000000000000        3207.8827871134399              224         348   1.9844002719995566E-005  0.22754021841645639     
   94.000000000000000        3215.8251055275941               89         348   6.8654899863478894E-003  0.22754021841645639     
   95.000000000000000        3223.7326149735450              286         348   1.3215617620276317E-003  0.22754021841645639     
   96.000000000000000        3231.6057534958140               51         348   2.8848441486718237E-003  0.22754021841645639     
   97.000000000000000        3239.4450938267937              238         348   2.3245102543252363E-003  0.22754021841645639     
   98.000000000000000        3247.2509741795452              102         348   2.1503972871332734E-003  0.22754021841645639     
   99.000000000000000        3255.0238436281343              149         348   2.1501697238425594E-004  0.22754021841645639     
   100.00000000000000        3262.7642082052807             1394         348   5.2007852298717435E-003  0.22754021841645639     
   101.00000000000000        3270.4723157290478             2286         348   1.4376907271776294E-002  0.22754021841645639     
   102.00000000000000        3278.1501417112304             3163         348   5.1554152653969072E-002  0.22754021841645639     
   103.00000000000000        3285.7939497007301             1796         348   6.8801104011641634E-002  0.22754021841645639     
   104.00000000000000        3293.4081012177612             1051         348   2.8451690463380109E-003  0.22754021841645639     
   105.00000000000000        3300.9915343962389             1042         348   9.7715970978187226E-005  0.22754021841645639     
   106.00000000000000        3308.5448395954359             1066         348   5.5202573885203462E-006  0.22754021841645639     
   107.00000000000000        3316.2192825390707             2252         349   1.2888126521727763E-004  0.22754021841645639     
   108.00000000000000        3323.7052745278324             1643         349   8.2770416235521262E-006  0.22754021841645639     
   109.00000000000000        3331.1619940719920             1059         349   3.2882805760771813E-005  0.22754021841645639     
   110.00000000000000        3338.5908236769906             1577         349   7.3777908719047214E-002  0.22754021841645639     
   111.00000000000000        3345.9889460286868             1896         349   7.3112385131295955E-003  0.22754021841645639     
   112.00000000000000        3353.3600734813704             1111         349   2.0243681413902809E-003  0.22754021841645639     
   113.00000000000000        3360.7051484420676             1239         349   1.5082194067110944E-002  0.22754021841645639     
   114.00000000000000        3368.0179397577422             1268         349   9.9389044209846674E-003  0.22754021841645639     
   115.00000000000000        3375.3057608711974             2347         349   6.3315792371949273E-006  0.22754021841645639     
   116.00000000000000        3382.5665284319898             2235         349   6.3086003080857120E-004  0.22754021841645639     
   117.00000000000000        3389.8004041660797             1061         349   2.0379258439857154E-003  0.22754021841645639     
   118.00000000000000        3397.0078148667644             1491         349   3.4808930907617074E-002  0.22754021841645639     
   119.00000000000000        3404.1888563444836              368         349   9.3163021536983706E-005  0.22754021841645639     
   120.00000000000000        3411.3455516504487              403         349   1.0182060072358336E-002  0.22754021841645639     
   121.00000000000000        3418.4748530336815             1139         349   3.3427514993488773E-004  0.22754021841645639     
   122.00000000000000        3425.5785579826374             1219         349   7.4331701722546429E-004  0.22754021841645639     
   123.00000000000000        3432.6570918870407             1111         349   1.1522443751091956E-002  0.22754021841645639     
   124.00000000000000        3439.7104144729437               55         349   7.6821539444610294E-005  0.22754021841645639     
   125.00000000000000        3446.7390214614393               43         349   2.1461700862873272E-004  0.22754021841645639     
   126.00000000000000        3453.7430568895797               43         349   5.0207739423680767E-004  0.22754021841645639     
   127.00000000000000        3460.7242617727793              163         349   2.0549355610991374E-002  0.22754021841645639     
   128.00000000000000        3467.6807239645896             1226         349   6.0192371236177648E-002  0.22754021841645639     
   129.00000000000000        3474.6106039209067               64         349   6.0794719355898336E-005  0.22754021841645639     
   130.00000000000000        3481.5182693658044               74         349   4.7183936196674350E-003  0.22754021841645639     
   131.00000000000000        3488.4018329909572               44         349   8.9278386573477333E-004  0.22754021841645639     
   132.00000000000000        3495.2616211221784               43         349   3.3725818604104179E-004  0.22754021841645639     
   133.00000000000000        3505.0766196537661             1224         350   1.3095665979278253E-002  0.22754021841645639     
   134.00000000000000        3529.2461017142787             1075         350   1.1466372642488712E-002  0.22754021841645639     
   135.00000000000000        3561.4634563096670              245         350   3.5194030054624563E-004  0.22754021841645639     
   136.00000000000000        3602.2126528405611              169         350   2.1023885757563477E-008  0.22754021841645639     
   137.00000000000000        3621.0926119882129             2021         350   8.0203265647702272E-005  0.22754021841645639     
   138.00000000000000        3627.7013961810244               66         350   4.0459206867858594E-004  0.22754021841645639     
   139.00000000000000        3634.2855567422939               55         350   4.6853713853479306E-004  0.22754021841645639     
   140.00000000000000        3640.8448174453065               79         351   2.4977187220600904E-003  0.22754021841645639     
