 THERM-A           1   1599.9999391166361        300.00000000000000        102.57930900883906        100.61000000000000        748.80311797419870        0.0000000000000000        0.0000000000000000        0.0000000000000000        0.0000000000000000        0.0000000000000000        0.0000000000000000        0.0000000000000000        0.0000000000000000        0.0000000000000000        0.0000000000000000        0.0000000000000000       0.39261344167412543       0.98845798051352329        1.6049262597541072       -1.4456583345858380E-002   0.0000000000000000        0.0000000000000000       0.46800196654233295        2.4960103932473290     
 THERM-A           2   1599.9999391166361        300.00000000000000        104.65915170771935        100.45200000000000        701.85913345865197        0.0000000000000000        0.0000000000000000        0.0000000000000000        0.0000000000000000        0.0000000000000000        0.0000000000000000        0.0000000000000000        0.0000000000000000        0.0000000000000000        0.0000000000000000        0.0000000000000000       0.60331376056407859        1.0253485031106351       0.99502875124200285       -7.8457181361767103E-003   0.0000000000000000        0.0000000000000000       0.43866197510366789        2.3395304448621732     
 THERM-A           3   1599.9999391166361        300.00000000000000        41.045524415918273        39.762000000000000        775.84748173502055        0.0000000000000000        0.0000000000000000        0.0000000000000000        0.0000000000000000        0.0000000000000000        0.0000000000000000        0.0000000000000000        0.0000000000000000        0.0000000000000000        0.0000000000000000        0.0000000000000000        1.1047792654386737        3.9707049789158648        2.3534197053057540       -3.3050903928968603E-002   0.0000000000000000        0.0000000000000000       0.48490469453603097        2.5861582724500685     
 THERM-A           4   1599.9999391166361        300.00000000000000        42.362816072813395        40.843000000000004        713.01434431650466        0.0000000000000000        0.0000000000000000        0.0000000000000000        0.0000000000000000        0.0000000000000000        0.0000000000000000        0.0000000000000000        0.0000000000000000        0.0000000000000000        0.0000000000000000        0.0000000000000000        1.3768915245172992        4.1277674365904904        2.4416574969241083       -6.1240368337926732E-003   0.0000000000000000        0.0000000000000000       0.44563398215512534        2.3767144810550156     
 THERM-A           5   1599.9999391166361        300.00000000000000        46.334975901509182        44.527999999999999        501.39906518649695        0.0000000000000000        0.0000000000000000        0.0000000000000000        0.0000000000000000        0.0000000000000000        0.0000000000000000        0.0000000000000000        0.0000000000000000        0.0000000000000000        0.0000000000000000        0.0000000000000000        1.3804725081966085       0.39727469263000048        1.2429653612023843        6.8993745615618468E-002   0.0000000000000000        0.0000000000000000       0.31337442766611640        1.6713302172883231     
 THERM-A           6   1599.9999391166361        300.00000000000000        44.983308397967122        43.564000000000000        725.69899076340187        0.0000000000000000        0.0000000000000000        0.0000000000000000        0.0000000000000000        0.0000000000000000        0.0000000000000000        0.0000000000000000        0.0000000000000000        0.0000000000000000        0.0000000000000000        0.0000000000000000        1.1262736075024296        3.9821828530198200        3.0386285131009303       -1.4596344937257227E-002   0.0000000000000000        0.0000000000000000       0.45356188648610951        2.4189966358780062     
 THERM-A           7   1599.9999391166361        300.00000000000000        65.713073794459888        62.676000000000002        780.13492920493957        0.0000000000000000        0.0000000000000000        0.0000000000000000        0.0000000000000000        0.0000000000000000        0.0000000000000000        0.0000000000000000        0.0000000000000000        0.0000000000000000        0.0000000000000000        0.0000000000000000       0.92156549524495723        3.3737945432487537        2.4257641869301514       -2.1346010994122651E-002   0.0000000000000000        0.0000000000000000       0.48758434930669681        2.6004497640164654     
 THERM-A           8   1599.9999391166361        300.00000000000000        68.935493750260576        65.941000000000003        655.10071905472284        0.0000000000000000        0.0000000000000000        0.0000000000000000        0.0000000000000000        0.0000000000000000        0.0000000000000000        0.0000000000000000        0.0000000000000000        0.0000000000000000        0.0000000000000000        0.0000000000000000       0.82969934401262668        3.3185956396266829       0.98370032007083086       -3.1364828093771481E-002   0.0000000000000000        0.0000000000000000       0.40943796498917717        2.1836690635157430     
 THERM-A           9   1599.9999391166361        300.00000000000000        62.274904851141166        59.140000000000001        753.85447291546234        0.0000000000000000        0.0000000000000000        0.0000000000000000        0.0000000000000000        0.0000000000000000        0.0000000000000000        0.0000000000000000        0.0000000000000000        0.0000000000000000        0.0000000000000000        0.0000000000000000       0.93513246600905897        3.3739639405412198        2.3057827523855545       -2.2721088329773723E-002   0.0000000000000000        0.0000000000000000       0.47115906350075692        2.5128482430515411     
 THERM-A          10   1599.9999391166361        300.00000000000000        71.029269717794477        68.054000000000002        718.05435982027632        0.0000000000000000        0.0000000000000000        0.0000000000000000        0.0000000000000000        0.0000000000000000        0.0000000000000000        0.0000000000000000        0.0000000000000000        0.0000000000000000        0.0000000000000000        0.0000000000000000       0.90759037019495692        3.3746748753434681        1.2620396608493460       -2.8402262072915692E-002   0.0000000000000000        0.0000000000000000       0.44878399196484714        2.3935145327342542     
 THERM-A          11   1599.9999391166361        300.00000000000000        64.226569687045114        60.759999999999998        774.30037786024343        0.0000000000000000        0.0000000000000000        0.0000000000000000        0.0000000000000000        0.0000000000000000        0.0000000000000000        0.0000000000000000        0.0000000000000000        0.0000000000000000        0.0000000000000000        0.0000000000000000        1.1365663010763645       0.16983387157905050        2.3028203596103363        4.7321620789450042E-002   0.0000000000000000        0.0000000000000000       0.48393775457750116        2.5810012595341449     
 THERM-A          12   1599.9999391166361        300.00000000000000        67.357777628624802        63.854129999999998        651.29903450091240        0.0000000000000000        0.0000000000000000        0.0000000000000000        0.0000000000000000        0.0000000000000000        0.0000000000000000        0.0000000000000000        0.0000000000000000        0.0000000000000000        0.0000000000000000        0.0000000000000000        1.1361654105584247       0.17131462670993677        1.2465597139504165        3.0326579346824069E-002   0.0000000000000000        0.0000000000000000       0.40706191205263181        2.1709967816697078     
 THERM-A          13   1599.9999391166361        300.00000000000000        69.091771953638357        66.039000000000001        747.20285385189629        0.0000000000000000        0.0000000000000000        0.0000000000000000        0.0000000000000000        0.0000000000000000        0.0000000000000000        0.0000000000000000        0.0000000000000000        0.0000000000000000        0.0000000000000000        0.0000000000000000        1.0382843036688061       0.65667742683739250        1.1005476435105597        1.3139587005459672E-002   0.0000000000000000        0.0000000000000000       0.46700180142783554        2.4906761795063210     
 THERM-A          14   1599.9999391166361        300.00000000000000        70.649489849152346        67.867000000000004        675.00757931426324        0.0000000000000000        0.0000000000000000        0.0000000000000000        0.0000000000000000        0.0000000000000000        0.0000000000000000        0.0000000000000000        0.0000000000000000        0.0000000000000000        0.0000000000000000        0.0000000000000000       0.99125775777909886       0.65067490890495550        1.0432304872684905        9.5650633436001730E-003   0.0000000000000000        0.0000000000000000       0.42187975312482612        2.2500252643808776     
 THERM-A          15   1599.9999391166361        300.00000000000000        65.565293841895922        62.500000000000000        767.03519103481483        0.0000000000000000        0.0000000000000000        0.0000000000000000        0.0000000000000000        0.0000000000000000        0.0000000000000000        0.0000000000000000        0.0000000000000000        0.0000000000000000        0.0000000000000000        0.0000000000000000        1.0401247542697794       0.66018276355219296        1.4777359482158967        1.8210217969699165E-002   0.0000000000000000        0.0000000000000000       0.47939701263882351        2.5567839701160495     
 THERM-A          16   1599.9999391166361        300.00000000000000        66.003499120099207        63.573999999999998        779.63685319672777        0.0000000000000000        0.0000000000000000        0.0000000000000000        0.0000000000000000        0.0000000000000000        0.0000000000000000        0.0000000000000000        0.0000000000000000        0.0000000000000000        0.0000000000000000        0.0000000000000000       0.84232022529506589       0.64440035770956294        1.7854128935457758        5.7625696292511602E-003   0.0000000000000000        0.0000000000000000       0.48727305178971891        2.5987895106557590     
 THERM-A          17   1599.9999391166361        300.00000000000000        62.650225866337863        60.508000000000003        795.31282213929762        0.0000000000000000        0.0000000000000000        0.0000000000000000        0.0000000000000000        0.0000000000000000        0.0000000000000000        0.0000000000000000        0.0000000000000000        0.0000000000000000        0.0000000000000000        0.0000000000000000       0.92199101410521378        2.1278518321710900        1.8887447703011389       -8.4047879688904370E-003   0.0000000000000000        0.0000000000000000       0.49707053275163982        2.6510427404643253     
 THERM-A          18   1599.9999391166361        300.00000000000000        66.833336877479255        64.605999999999995        707.90751041883618        0.0000000000000000        0.0000000000000000        0.0000000000000000        0.0000000000000000        0.0000000000000000        0.0000000000000000        0.0000000000000000        0.0000000000000000        0.0000000000000000        0.0000000000000000        0.0000000000000000       0.79110764290296653       0.63796281589020687        1.7425268422996374        1.8834689956312581E-003   0.0000000000000000        0.0000000000000000       0.44244221084762891        2.3596917013961205     
 THERM-A          19   1599.9999391166361        300.00000000000000        41.874571878406840        39.901000000000003        677.19579513807787        0.0000000000000000        0.0000000000000000        0.0000000000000000        0.0000000000000000        0.0000000000000000        0.0000000000000000        0.0000000000000000        0.0000000000000000        0.0000000000000000        0.0000000000000000        0.0000000000000000        1.1126531690467882        1.1153815091941424        1.3115890413204048        2.2002032081352259E-002   0.0000000000000000        0.0000000000000000       0.42324738806675161        2.2573193171269264     
 THERM-A          20   1599.9999391166361        300.00000000000000        42.196824209796482        40.271999999999998        671.70025233194235        0.0000000000000000        0.0000000000000000        0.0000000000000000        0.0000000000000000        0.0000000000000000        0.0000000000000000        0.0000000000000000        0.0000000000000000        0.0000000000000000        0.0000000000000000        0.0000000000000000        1.0001233412031900        1.1003482547688155       0.76424407143593598        1.8057306852870963E-003   0.0000000000000000        0.0000000000000000       0.41981267368221881        2.2390008411064746     
 THERM-A          21   1599.9999391166361        300.00000000000000        117.12070341183103        113.08000000000000        793.70385215652004        0.0000000000000000        0.0000000000000000        0.0000000000000000        0.0000000000000000        0.0000000000000000        0.0000000000000000        0.0000000000000000        0.0000000000000000        0.0000000000000000        0.0000000000000000        0.0000000000000000        1.0680772193396901        1.5278968582952921       0.98110749903863947        1.1284751763358282E-004   0.0000000000000000        0.0000000000000000       0.49606492647413841        2.6456795071884001     
 THERM-A          22   1599.9999391166361        300.00000000000000        119.71052167565681        115.43000000000001        712.43633632103479        0.0000000000000000        0.0000000000000000        0.0000000000000000        0.0000000000000000        0.0000000000000000        0.0000000000000000        0.0000000000000000        0.0000000000000000        0.0000000000000000        0.0000000000000000        0.0000000000000000        1.1238853836529139        1.5405355656566251        2.1336924538137905        1.0420683783718706E-002   0.0000000000000000        0.0000000000000000       0.44527272714421018        2.3747877877367825     
 THERM-A          23   1599.9999391166361        300.00000000000000        129.44005706510833        125.12000000000000        792.90317191579038        0.0000000000000000        0.0000000000000000        0.0000000000000000        0.0000000000000000        0.0000000000000000        0.0000000000000000        0.0000000000000000        0.0000000000000000        0.0000000000000000        0.0000000000000000        0.0000000000000000        1.1261918528423476        2.0167176422520789        2.4120591574755119        7.5758595272020328E-003   0.0000000000000000        0.0000000000000000       0.49556450130464014        2.6430105730526345     
 THERM-A          24   1599.9999391166361        300.00000000000000        118.35278260664992        114.32400000000000        794.38224270957505        0.0000000000000000        0.0000000000000000        0.0000000000000000        0.0000000000000000        0.0000000000000000        0.0000000000000000        0.0000000000000000        0.0000000000000000        0.0000000000000000        0.0000000000000000        0.0000000000000000        1.0319646508019982        1.6383849473543199        1.0097668867732332       -1.6820445043541823E-003   0.0000000000000000        0.0000000000000000       0.49648892058593164        2.6479408090319168     
 THERM-A          25   1599.9999391166361        300.00000000000000        115.70436790891044        110.84200000000000        800.96322339712924        0.0000000000000000        0.0000000000000000        0.0000000000000000        0.0000000000000000        0.0000000000000000        0.0000000000000000        0.0000000000000000        0.0000000000000000        0.0000000000000000        0.0000000000000000        0.0000000000000000        1.2547855433165995        3.3439018467542013E-002   2.6743136645046226        3.9580145596359938E-002   0.0000000000000000        0.0000000000000000       0.50060203367216560        2.6698774113237640     
 THERM-A          26   1599.9999391166361        300.00000000000000        136.69815463879496        131.99000000000001        723.33052617722933        0.0000000000000000        0.0000000000000000        0.0000000000000000        0.0000000000000000        0.0000000000000000        0.0000000000000000        0.0000000000000000        0.0000000000000000        0.0000000000000000        0.0000000000000000        0.0000000000000000        1.0987520137489775        1.5324361491030911        2.9012750858443805        1.2969733422324027E-002   0.0000000000000000        0.0000000000000000       0.45208159606342352        2.4111017539240978     
 THERM-A          27   1599.9999391166361        300.00000000000000        124.40788636115208        118.71599999999999        730.84685205694302        0.0000000000000000        0.0000000000000000        0.0000000000000000        0.0000000000000000        0.0000000000000000        0.0000000000000000        0.0000000000000000        0.0000000000000000        0.0000000000000000        0.0000000000000000        0.0000000000000000        1.3382454957857768        1.6097197477293959        2.2252071731815128        2.1156844041658851E-002   0.0000000000000000        0.0000000000000000       0.45677929991700211        2.4361561735231434     
 THERM-A          28   1599.9999391166361        300.00000000000000        28.832625706081576        27.449999999999999        727.80342505849285        0.0000000000000000        0.0000000000000000        0.0000000000000000        0.0000000000000000        0.0000000000000000        0.0000000000000000        0.0000000000000000        0.0000000000000000        0.0000000000000000        0.0000000000000000        0.0000000000000000        1.9744804436221650       0.87894489875245774        1.6993367607126069       0.27308916045003850        0.0000000000000000        0.0000000000000000       0.45487715797059025        2.4260114168616429     
 THERM-A          29   1599.9999391166361        300.00000000000000        45.565440463515785        43.603000000000002        772.93630950133127        0.0000000000000000        0.0000000000000000        0.0000000000000000        0.0000000000000000        0.0000000000000000        0.0000000000000000        0.0000000000000000        0.0000000000000000        0.0000000000000000        0.0000000000000000        0.0000000000000000        1.0927788684321498        2.2586022699809534        2.3101489455092974        9.4787861989260383E-003   0.0000000000000000        0.0000000000000000       0.48308521182073999        2.5764543650044374     
 THERM-A          30   1599.9999391166361        300.00000000000000        48.473786679819732        46.289999999999999        586.71213902028592        0.0000000000000000        0.0000000000000000        0.0000000000000000        0.0000000000000000        0.0000000000000000        0.0000000000000000        0.0000000000000000        0.0000000000000000        0.0000000000000000        0.0000000000000000        0.0000000000000000        1.2430544020134389        3.0783175813955905        1.6280501843901694       -1.0660968164774284E-002   0.0000000000000000        0.0000000000000000       0.36669510084119822        1.9557071300676196     
 THERM-A          31   1599.9999391166361        300.00000000000000        42.317581214138578        40.515000000000001        803.56590200295943        0.0000000000000000        0.0000000000000000        0.0000000000000000        0.0000000000000000        0.0000000000000000        0.0000000000000000        0.0000000000000000        0.0000000000000000        0.0000000000000000        0.0000000000000000        0.0000000000000000        1.3330812890304589        2.4423755332652024        2.6381982942650213        4.8139616267282567E-002   0.0000000000000000        0.0000000000000000       0.50222870786270790        2.6785530066765313     
 THERM-A          32   1599.9999391166361        300.00000000000000        44.642111300410086        42.799999999999997        603.77827374219305        0.0000000000000000        0.0000000000000000        0.0000000000000000        0.0000000000000000        0.0000000000000000        0.0000000000000000        0.0000000000000000        0.0000000000000000        0.0000000000000000        0.0000000000000000        0.0000000000000000        1.3285682577602191        2.4340336640485232       0.93242759867089120       -5.3910205076174861E-003   0.0000000000000000        0.0000000000000000       0.37736143544826667        2.0125942458073101     
 THERM-A          33   1599.9999391166361        300.00000000000000        40.968114927857485        39.493000000000002        843.21588762040437        0.0000000000000000        0.0000000000000000        0.0000000000000000        0.0000000000000000        0.0000000000000000        0.0000000000000000        0.0000000000000000        0.0000000000000000        0.0000000000000000        0.0000000000000000        0.0000000000000000        1.2135998741051419        2.5578283468899188        2.3264126134789591        1.8749223626587985E-002   0.0000000000000000        0.0000000000000000       0.52700994981658933        2.8107196254013478     
 THERM-A          34   1599.9999391166361        300.00000000000000        43.350032989438198        41.859999999999999        622.15561881833582        0.0000000000000000        0.0000000000000000        0.0000000000000000        0.0000000000000000        0.0000000000000000        0.0000000000000000        0.0000000000000000        0.0000000000000000        0.0000000000000000        0.0000000000000000        0.0000000000000000        1.3764914977500982        2.6001405242422844        1.7956383632416495        2.1320433509336670E-002   0.0000000000000000        0.0000000000000000       0.38884727655791629        2.0738520627277861     
 THERM-A          35   1599.9999391166361        300.00000000000000        27.358635691713374        26.353999999999999        886.65225715525787        0.0000000000000000        0.0000000000000000        0.0000000000000000        0.0000000000000000        0.0000000000000000        0.0000000000000000        0.0000000000000000        0.0000000000000000        0.0000000000000000        0.0000000000000000        0.0000000000000000        1.3014336059808378        2.4196600048996113        3.4945393462999639       0.10744771606255682        0.0000000000000000        0.0000000000000000       0.55415768180890101        2.9555075238508595     
 THERM-A          36   1599.9999391166361        300.00000000000000        27.883736040585759        26.853999999999999        726.05926774578711        0.0000000000000000        0.0000000000000000        0.0000000000000000        0.0000000000000000        0.0000000000000000        0.0000000000000000        0.0000000000000000        0.0000000000000000        0.0000000000000000        0.0000000000000000        0.0000000000000000        1.3021161506016234        2.4209046577267048        3.7380403255403518       0.11667124543293159        0.0000000000000000        0.0000000000000000       0.45378705960866861        2.4201975591526237     
 THERM-A          37   1599.9999391166361        300.00000000000000        26.443440763618341        25.577000000000002        891.29765516500493        0.0000000000000000        0.0000000000000000        0.0000000000000000        0.0000000000000000        0.0000000000000000        0.0000000000000000        0.0000000000000000        0.0000000000000000        0.0000000000000000        0.0000000000000000        0.0000000000000000        1.3885998595823024        1.8768317535132069        2.9599207460914032       0.13888185308107867        0.0000000000000000        0.0000000000000000       0.55706105567547237        2.9709921838833497     
 THERM-A          38   1599.9999391166361        300.00000000000000        31.754072761225036        30.286999999999999        603.83216163919258        0.0000000000000000        0.0000000000000000        0.0000000000000000        0.0000000000000000        0.0000000000000000        0.0000000000000000        0.0000000000000000        0.0000000000000000        0.0000000000000000        0.0000000000000000        0.0000000000000000        1.7814132464159982        2.6139009541890594       0.54499988896630414        1.6699720270429541E-002   0.0000000000000000        0.0000000000000000       0.37739511538517295        2.0127738721306421     
 THERM-A          39   1599.9999391166361        300.00000000000000        29.750160572250216        28.904000000000000        740.84610381555672        0.0000000000000000        0.0000000000000000        0.0000000000000000        0.0000000000000000        0.0000000000000000        0.0000000000000000        0.0000000000000000        0.0000000000000000        0.0000000000000000        0.0000000000000000        0.0000000000000000        1.2306470737091659        2.3615663474353901        2.5902397126277794        4.7178083890213010E-002   0.0000000000000000        0.0000000000000000       0.46302883250394350        2.4694870127185222     
 THERM-A          40   1599.9999391166361        300.00000000000000        25.477321310205372        24.445000000000000        836.73329585854572        0.0000000000000000        0.0000000000000000        0.0000000000000000        0.0000000000000000        0.0000000000000000        0.0000000000000000        0.0000000000000000        0.0000000000000000        0.0000000000000000        0.0000000000000000        0.0000000000000000        1.6003976340376060       0.88104247611924857        1.8452544474065227       0.19721875037010939        0.0000000000000000        0.0000000000000000       0.52295832981125501        2.7891109861951522     
 THERM-A          41   1599.9999391166361        300.00000000000000        26.284161131186941        25.321000000000002        698.26050153525432        0.0000000000000000        0.0000000000000000        0.0000000000000000        0.0000000000000000        0.0000000000000000        0.0000000000000000        0.0000000000000000        0.0000000000000000        0.0000000000000000        0.0000000000000000        0.0000000000000000        1.5947399064786723       0.87626463813053967        2.2884278741049107       0.22105760242936207        0.0000000000000000        0.0000000000000000       0.43641283006595966        2.3275350051175145     
 THERM-A          42   1599.9999391166361        300.00000000000000        26.018091242643319        24.943999999999999        801.25721916245516        0.0000000000000000        0.0000000000000000        0.0000000000000000        0.0000000000000000        0.0000000000000000        0.0000000000000000        0.0000000000000000        0.0000000000000000        0.0000000000000000        0.0000000000000000        0.0000000000000000        1.6015207243612217       0.88198963079966775        2.5265183763691788       0.24235840639972817        0.0000000000000000        0.0000000000000000       0.50078578103248628        2.6708573972081839     
 THERM-A          43   1599.9999391166361        300.00000000000000        30.889177865084854        29.576789999999999        604.08772898475308        0.0000000000000000        0.0000000000000000        0.0000000000000000        0.0000000000000000        0.0000000000000000        0.0000000000000000        0.0000000000000000        0.0000000000000000        0.0000000000000000        0.0000000000000000        0.0000000000000000        1.6032989867259384       0.88348845670743814        2.1114089295035168       0.17941994120491367        0.0000000000000000        0.0000000000000000       0.37755484498222630        2.0136257632825103     
 THERM-A          44   1599.9999391166361        300.00000000000000        28.825878322063865        27.520900000000001        706.16763723992619        0.0000000000000000        0.0000000000000000        0.0000000000000000        0.0000000000000000        0.0000000000000000        0.0000000000000000        0.0000000000000000        0.0000000000000000        0.0000000000000000        0.0000000000000000        0.0000000000000000        1.6074370824425510       0.88697216673943580        3.9263186363350360       0.31174192646733145        0.0000000000000000        0.0000000000000000       0.44135479006943157        2.3538921241330875     
 THERM-A          45   1599.9999391166361        300.00000000000000        28.273103385786708        27.090000000000000        706.48180165185192        0.0000000000000000        0.0000000000000000        0.0000000000000000        0.0000000000000000        0.0000000000000000        0.0000000000000000        0.0000000000000000        0.0000000000000000        0.0000000000000000        0.0000000000000000        0.0000000000000000        1.6023511064250657       0.88268965873760308        3.1515766338669797       0.26463218805112892        0.0000000000000000        0.0000000000000000       0.44155114283435676        2.3549393388395066     
 THERM-A          46   1599.9999391166361        300.00000000000000        29.225923279773756        28.189000000000000        716.35632404302601        0.0000000000000000        0.0000000000000000        0.0000000000000000        0.0000000000000000        0.0000000000000000        0.0000000000000000        0.0000000000000000        0.0000000000000000        0.0000000000000000        0.0000000000000000        0.0000000000000000        1.5930538722526433       0.87483875570157088        3.0818771871711008       0.24868083210669734        0.0000000000000000        0.0000000000000000       0.44772271956368204        2.3878544134767532     
 THERM-A          47   1599.9999391166361        300.00000000000000        25.286721029564720        24.110800000000001        858.01294925624256        0.0000000000000000        0.0000000000000000        0.0000000000000000        0.0000000000000000        0.0000000000000000        0.0000000000000000        0.0000000000000000        0.0000000000000000        0.0000000000000000        0.0000000000000000        0.0000000000000000        1.7963634950566578        2.0694058266339637        1.6051474342552972       0.15691820042547613        0.0000000000000000        0.0000000000000000       0.53625811369090026        2.8600431641874753     
 THERM-A          48   1599.9999391166361        300.00000000000000        26.491275843394526        25.296340000000001        710.84437486085278        0.0000000000000000        0.0000000000000000        0.0000000000000000        0.0000000000000000        0.0000000000000000        0.0000000000000000        0.0000000000000000        0.0000000000000000        0.0000000000000000        0.0000000000000000        0.0000000000000000        1.7909441777066115        2.0588052455647659        2.0524057342976088       0.18703433106817116        0.0000000000000000        0.0000000000000000       0.44427775119373547        2.3694812495361761     
 THERM-A          49   1599.9999391166361        300.00000000000000        25.916301893408395        24.500000000000000        673.30890150132814        0.0000000000000000        0.0000000000000000        0.0000000000000000        0.0000000000000000        0.0000000000000000        0.0000000000000000        0.0000000000000000        0.0000000000000000        0.0000000000000000        0.0000000000000000        0.0000000000000000        2.0806930132472790        2.1466090343094866        3.2105173469131145       0.40504955726997771        0.0000000000000000        0.0000000000000000       0.42081807945134275        2.2443630050044270     
 THERM-A          50   1599.9999391166361        300.00000000000000        29.495535023078428        27.688440000000000        609.89413491604773        0.0000000000000000        0.0000000000000000        0.0000000000000000        0.0000000000000000        0.0000000000000000        0.0000000000000000        0.0000000000000000        0.0000000000000000        0.0000000000000000        0.0000000000000000        0.0000000000000000        1.8570116198176190        2.1881415163901110        2.9589198164215893       0.25094762910731316        0.0000000000000000        0.0000000000000000       0.38118384882737666        2.0329804497201591     
 THERM-A          51   1599.9999391166361        300.00000000000000        28.131897850379332        26.949000000000002        701.63189103736443        0.0000000000000000        0.0000000000000000        0.0000000000000000        0.0000000000000000        0.0000000000000000        0.0000000000000000        0.0000000000000000        0.0000000000000000        0.0000000000000000        0.0000000000000000        0.0000000000000000        1.7792570032493316        2.0359496942914284        3.4723098382367166       0.28662149843797224        0.0000000000000000        0.0000000000000000       0.43851994858495874        2.3387729701245479     
 THERM-A          52   1599.9999391166361        300.00000000000000        37.920968749660140        36.134999999999998        768.77344222857596        0.0000000000000000        0.0000000000000000        0.0000000000000000        0.0000000000000000        0.0000000000000000        0.0000000000000000        0.0000000000000000        0.0000000000000000        0.0000000000000000        0.0000000000000000        0.0000000000000000        1.6479588483223697        1.1029504214658998        1.4938109759422700       0.11466930434049739        0.0000000000000000        0.0000000000000000       0.48048341967626429        2.5625781407619197     
 THERM-A          53   1599.9999391166361        300.00000000000000        39.023530815219196        37.216000000000001        663.40040110313214        0.0000000000000000        0.0000000000000000        0.0000000000000000        0.0000000000000000        0.0000000000000000        0.0000000000000000        0.0000000000000000        0.0000000000000000        0.0000000000000000        0.0000000000000000        0.0000000000000000        1.6464771458189131        1.1010569532281160        2.7632623000223706       0.17498550595936693        0.0000000000000000        0.0000000000000000       0.41462526646682069        2.2113346703437737     
 THERM-A          54   1599.9999391166361        300.00000000000000        38.019851364858908        36.270000000000003        657.65880483201704        0.0000000000000000        0.0000000000000000        0.0000000000000000        0.0000000000000000        0.0000000000000000        0.0000000000000000        0.0000000000000000        0.0000000000000000        0.0000000000000000        0.0000000000000000        0.0000000000000000        1.6459180306652608        1.1003426463442223        1.8978789592395942       0.13491535945356625        0.0000000000000000        0.0000000000000000       0.41103676866082389        2.1921960161067235     
 THERM-A          55   1599.9999391166361        300.00000000000000        43.923413723596546        41.701999999999998        500.12306820580568        0.0000000000000000        0.0000000000000000        0.0000000000000000        0.0000000000000000        0.0000000000000000        0.0000000000000000        0.0000000000000000        0.0000000000000000        0.0000000000000000        0.0000000000000000        0.0000000000000000        1.5971412741662445       0.31879421188958257        1.6389494525131996       0.12551485230674467        0.0000000000000000        0.0000000000000000       0.31257692952283789        1.6670768940193523     
 THERM-A          56   1599.9999391166361        300.00000000000000        41.526514163885238        39.420999999999999        629.92583285641376        0.0000000000000000        0.0000000000000000        0.0000000000000000        0.0000000000000000        0.0000000000000000        0.0000000000000000        0.0000000000000000        0.0000000000000000        0.0000000000000000        0.0000000000000000        0.0000000000000000        1.6548918904821381        1.1118196933239670        2.2125569187983505       0.13976321537346614        0.0000000000000000        0.0000000000000000       0.39370366051651062        2.0997527761880459     
 THERM-A          57   1599.9999391166361        300.00000000000000        114.94488471507553        109.88300000000000        813.11899282714091        0.0000000000000000        0.0000000000000000        0.0000000000000000        0.0000000000000000        0.0000000000000000        0.0000000000000000        0.0000000000000000        0.0000000000000000        0.0000000000000000        0.0000000000000000        0.0000000000000000        1.5009996731703978        1.1093748388761040        2.1202345075438558        3.8083110968212271E-002   0.0000000000000000        0.0000000000000000       0.50819938985501834        2.7103966427571362     
 THERM-A          58   1599.9999391166361        300.00000000000000        117.15535201997514        112.04500000000000        738.19161658803387        0.0000000000000000        0.0000000000000000        0.0000000000000000        0.0000000000000000        0.0000000000000000        0.0000000000000000        0.0000000000000000        0.0000000000000000        0.0000000000000000        0.0000000000000000        0.0000000000000000        1.5002736889887931        1.1082219203412336        2.9769552561321104        4.9522811202558602E-002   0.0000000000000000        0.0000000000000000       0.46136977792361122        2.4606387219601129     
 THERM-A          59   1599.9999391166361        300.00000000000000        114.48429589774747        109.40100000000000        791.59675672203002        0.0000000000000000        0.0000000000000000        0.0000000000000000        0.0000000000000000        0.0000000000000000        0.0000000000000000        0.0000000000000000        0.0000000000000000        0.0000000000000000        0.0000000000000000        0.0000000000000000        1.5016345965062401        1.1103833282960585        2.6254013936341805        4.5635036257887604E-002   0.0000000000000000        0.0000000000000000       0.49474799177747003        2.6386558557401001     
 THERM-A          60   1599.9999391166361        300.00000000000000        47.639219471350756        44.975999999999999        706.31486465374383        0.0000000000000000        0.0000000000000000        0.0000000000000000        0.0000000000000000        0.0000000000000000        0.0000000000000000        0.0000000000000000        0.0000000000000000        0.0000000000000000        0.0000000000000000        0.0000000000000000        1.5983855100922801        1.8440616517295407        2.8275251794974023       0.11125049857635591        0.0000000000000000        0.0000000000000000       0.44144680720656898        2.3543828821791459     
 THERM-A          61   1599.9999391166361        300.00000000000000        51.763846323323072        49.024000000000001        393.19273022876610        0.0000000000000000        0.0000000000000000        0.0000000000000000        0.0000000000000000        0.0000000000000000        0.0000000000000000        0.0000000000000000        0.0000000000000000        0.0000000000000000        0.0000000000000000        0.0000000000000000        1.5891873166213357        1.8257070290101121        6.7014607121596681E-002   2.9822037011832461E-003   0.0000000000000000        0.0000000000000000       0.24574546574411044        1.3106424340958869     
 THERM-A          62   1599.9999391166361        300.00000000000000        45.548768740881101        43.399700000000003        458.32282719412660        0.0000000000000000        0.0000000000000000        0.0000000000000000        0.0000000000000000        0.0000000000000000        0.0000000000000000        0.0000000000000000        0.0000000000000000        0.0000000000000000        0.0000000000000000        0.0000000000000000        1.5718927803170570        1.7911980406238959      -0.15881954488387762       -5.6482277114433821E-003   0.0000000000000000        0.0000000000000000       0.28645177789642151        1.5277427573137554     
 THERM-A          63   1599.9999391166361        300.00000000000000        48.087464608774063        45.420000000000002        682.63830643829976        0.0000000000000000        0.0000000000000000        0.0000000000000000        0.0000000000000000        0.0000000000000000        0.0000000000000000        0.0000000000000000        0.0000000000000000        0.0000000000000000        0.0000000000000000        0.0000000000000000        1.5970360678703361        1.8413688590524884       0.85390225650370688        3.3684939150465186E-002   0.0000000000000000        0.0000000000000000       0.42664895775882716        2.2754610214609992     
 THERM-A          64   1599.9999391166361        300.00000000000000        46.334975901509182        44.527999999999999        501.39906518649695        0.0000000000000000        0.0000000000000000        0.0000000000000000        0.0000000000000000        0.0000000000000000        0.0000000000000000        0.0000000000000000        0.0000000000000000        0.0000000000000000        0.0000000000000000        0.0000000000000000        1.3804725081966085       0.39727469263000048        1.2429653612023843        6.8993745615618468E-002   0.0000000000000000        0.0000000000000000       0.31337442766611640        1.6713302172883231     
 THERM-A          65   1599.9999391166361        300.00000000000000        22.364421050605706        22.421050000000001        883.37983912601703        0.0000000000000000        0.0000000000000000        0.0000000000000000        0.0000000000000000        0.0000000000000000        0.0000000000000000        0.0000000000000000        0.0000000000000000        0.0000000000000000        0.0000000000000000        0.0000000000000000       -3.9469515589778674E-002   1.0109082168510819        2.4130020573806310      -0.14810016072369814        0.0000000000000000        0.0000000000000000       0.55211242046279896        2.9445994637533901     
 THERM-A          66   1599.9999391166361        300.00000000000000        20.916805011365543        20.657000000000000        872.03218545064010        0.0000000000000000        0.0000000000000000        0.0000000000000000        0.0000000000000000        0.0000000000000000        0.0000000000000000        0.0000000000000000        0.0000000000000000        0.0000000000000000        0.0000000000000000        0.0000000000000000       0.29405290179159788       0.98387736983702134        2.7243038745743253      -0.12137009503356841        0.0000000000000000        0.0000000000000000       0.54502013664581217        2.9067739515021338     
 THERM-A          67   1599.9999391166361        300.00000000000000        14.531986327744336        14.016999999999999        1033.6928032885323        0.0000000000000000        0.0000000000000000        0.0000000000000000        0.0000000000000000        0.0000000000000000        0.0000000000000000        0.0000000000000000        0.0000000000000000        0.0000000000000000        0.0000000000000000        0.0000000000000000        1.6947927787887855        2.4901925083835930        5.7570584493476478       0.76400599078111564        0.0000000000000000        0.0000000000000000       0.64605802663919887        3.4456426776284412     
 THERM-A          68   1599.9999391166361        300.00000000000000        14.144273179559718        13.670000000000000        1072.0782307802040        0.0000000000000000        0.0000000000000000        0.0000000000000000        0.0000000000000000        0.0000000000000000        0.0000000000000000        0.0000000000000000        0.0000000000000000        0.0000000000000000        0.0000000000000000        0.0000000000000000        1.6865054938991031        2.4734184321880042        4.8482384026537657       0.64742362807606813        0.0000000000000000        0.0000000000000000       0.67004891973439762        3.5735941026006799     
 THERM-A          69   1599.9999391166361        300.00000000000000        45.734864439714762        44.226999999999997        913.88867102896631        0.0000000000000000        0.0000000000000000        0.0000000000000000        0.0000000000000000        0.0000000000000000        0.0000000000000000        0.0000000000000000        0.0000000000000000        0.0000000000000000        0.0000000000000000        0.0000000000000000       0.95812113759847761        1.0682279001314121        2.9371306934782400        2.7267713216473678E-002   0.0000000000000000        0.0000000000000000       0.57118044112772060        3.0462955700965542     
 THERM-A          70   1599.9999391166361        300.00000000000000        57.165214342620331        53.868400000000001        712.51055317944133        0.0000000000000000        0.0000000000000000        0.0000000000000000        0.0000000000000000        0.0000000000000000        0.0000000000000000        0.0000000000000000        0.0000000000000000        0.0000000000000000        0.0000000000000000        0.0000000000000000       0.74112610988337413        1.0737547704479606       0.58803744917645173       -1.0458286649117557E-002   0.0000000000000000        0.0000000000000000       0.44531911268247931        2.3750351772648046     
 THERM-A          71   1599.9999391166361        300.00000000000000        7.5551423663496218        7.0930000000000000        357.12098057697790        0.0000000000000000        0.0000000000000000        0.0000000000000000        0.0000000000000000        0.0000000000000000        0.0000000000000000        0.0000000000000000        0.0000000000000000        0.0000000000000000        0.0000000000000000        0.0000000000000000        1.7693905326543713       0.97704656301691994        6.9419275120726898        2.3141296196741612        0.0000000000000000        0.0000000000000000       0.22320062135386409        1.1904032685899264     
 THERM-A          72   1599.9999391166361        300.00000000000000        7.5102069831811580        6.9883499999999996        248.34952283609630        0.0000000000000000        0.0000000000000000        0.0000000000000000        0.0000000000000000        0.0000000000000000        0.0000000000000000        0.0000000000000000        0.0000000000000000        0.0000000000000000        0.0000000000000000        0.0000000000000000        1.9957864552937630        1.0937227172350932        8.0065793811064339        3.2496902622410695        0.0000000000000000        0.0000000000000000       0.15521845767894885       0.82783174278698768     
 THERM-A          73   1599.9999391166361        300.00000000000000        7.3702108604963641        6.7651000000000003        313.86448076323001        0.0000000000000000        0.0000000000000000        0.0000000000000000        0.0000000000000000        0.0000000000000000        0.0000000000000000        0.0000000000000000        0.0000000000000000        0.0000000000000000        0.0000000000000000        0.0000000000000000        2.3150406706146609       0.87115976950715024        7.2657807748522867        4.0119316630614952        0.0000000000000000        0.0000000000000000       0.19616530794152115        1.0462149358774333     
 THERM-A           1   1732.6565765088390        300.00000000000000        93.188232038054068        100.61000000000000        776.19533498411431        0.0000000000000000        0.0000000000000000        0.0000000000000000        0.0000000000000000        0.0000000000000000        0.0000000000000000        0.0000000000000000        0.0000000000000000        0.0000000000000000        0.0000000000000000        0.0000000000000000       0.35594503111151926        1.0601670660175118        1.7569937564158473       -1.8139981861769152E-002   0.0000000000000000        0.0000000000000000       0.44797990871802440        2.5873177832803811     
 THERM-A           2   1732.6565765088390        300.00000000000000        90.178764637235759        100.45200000000000        762.97256573957043        0.0000000000000000        0.0000000000000000        0.0000000000000000        0.0000000000000000        0.0000000000000000        0.0000000000000000        0.0000000000000000        0.0000000000000000        0.0000000000000000        0.0000000000000000        0.0000000000000000       0.52097480756210279       0.95541634717650026        1.1286397940450643       -1.0849768684971494E-002   0.0000000000000000        0.0000000000000000       0.44034840838274925        2.5432418857985679     
 THERM-A           3   1732.6565765088390        300.00000000000000        38.880971378277422        39.762000000000000        818.77898492567385        0.0000000000000000        0.0000000000000000        0.0000000000000000        0.0000000000000000        0.0000000000000000        0.0000000000000000        0.0000000000000000        0.0000000000000000        0.0000000000000000        0.0000000000000000        0.0000000000000000       0.89069892712280008        4.0211003488094024        2.4469520199820307       -5.3653674180393560E-002   0.0000000000000000        0.0000000000000000       0.47255699486360214        2.7292632830855794     
 THERM-A           4   1732.6565765088390        300.00000000000000        40.205431044847366        40.843000000000004        760.79835680910867        0.0000000000000000        0.0000000000000000        0.0000000000000000        0.0000000000000000        0.0000000000000000        0.0000000000000000        0.0000000000000000        0.0000000000000000        0.0000000000000000        0.0000000000000000        0.0000000000000000        1.1163260048277037        3.9362761607966759        2.4796979229405789       -2.8856703419000498E-002   0.0000000000000000        0.0000000000000000       0.43909356714072850        2.5359945226970289     
 THERM-A           5   1732.6565765088390        300.00000000000000        43.943103550539909        44.527999999999999        539.03740520047700        0.0000000000000000        0.0000000000000000        0.0000000000000000        0.0000000000000000        0.0000000000000000        0.0000000000000000        0.0000000000000000        0.0000000000000000        0.0000000000000000        0.0000000000000000        0.0000000000000000        1.3506620708728596       0.42407108744294686        1.0854147045711027        6.2802885696324501E-002   0.0000000000000000        0.0000000000000000       0.31110458501048904        1.7967913506682567     
 THERM-A           6   1732.6565765088390        300.00000000000000        42.479575402578668        43.564000000000000        768.79453437664540        0.0000000000000000        0.0000000000000000        0.0000000000000000        0.0000000000000000        0.0000000000000000        0.0000000000000000        0.0000000000000000        0.0000000000000000        0.0000000000000000        0.0000000000000000        0.0000000000000000       0.89675475100314905        4.0212919936190401        3.1087652019924539       -4.1499192751876079E-002   0.0000000000000000        0.0000000000000000       0.44370854836432932        2.5626484479221512     
 THERM-A           7   1732.6565765088390        300.00000000000000        59.650252376253142        62.676000000000002        841.69674924790206        0.0000000000000000        0.0000000000000000        0.0000000000000000        0.0000000000000000        0.0000000000000000        0.0000000000000000        0.0000000000000000        0.0000000000000000        0.0000000000000000        0.0000000000000000        0.0000000000000000       0.65892302774325229        3.6549561872085357        2.6128208552514831       -4.1223720509436776E-002   0.0000000000000000        0.0000000000000000       0.48578394625890148        2.8056558308263404     
 THERM-A           8   1732.6565765088390        300.00000000000000        62.435948384236745        65.941000000000003        702.41098066268762        0.0000000000000000        0.0000000000000000        0.0000000000000000        0.0000000000000000        0.0000000000000000        0.0000000000000000        0.0000000000000000        0.0000000000000000        0.0000000000000000        0.0000000000000000        0.0000000000000000       0.58738434399015160        3.7691743471561967        1.2126108162218183       -4.0030939285291223E-002   0.0000000000000000        0.0000000000000000       0.40539538543638476        2.3413699355422919     
 THERM-A           9   1732.6565765088390        300.00000000000000        56.381396227147597        59.140000000000001        815.69616764856266        0.0000000000000000        0.0000000000000000        0.0000000000000000        0.0000000000000000        0.0000000000000000        0.0000000000000000        0.0000000000000000        0.0000000000000000        0.0000000000000000        0.0000000000000000        0.0000000000000000       0.66305292870389743        3.6444485709533492        2.4974450843164160       -4.3264356861515786E-002   0.0000000000000000        0.0000000000000000       0.47077775175281628        2.7189872254952090     
 THERM-A          10   1732.6565765088390        300.00000000000000        64.648854787766822        68.054000000000002        772.45351220970701        0.0000000000000000        0.0000000000000000        0.0000000000000000        0.0000000000000000        0.0000000000000000        0.0000000000000000        0.0000000000000000        0.0000000000000000        0.0000000000000000        0.0000000000000000        0.0000000000000000       0.65447347413787560        3.6665904006642083        1.4710095745816147       -3.7920533888254962E-002   0.0000000000000000        0.0000000000000000       0.44582032162780783        2.5748450406990235     
 THERM-A          11   1732.6565765088390        300.00000000000000        59.034064849463952        60.759999999999998        851.51783268352267        0.0000000000000000        0.0000000000000000        0.0000000000000000        0.0000000000000000        0.0000000000000000        0.0000000000000000        0.0000000000000000        0.0000000000000000        0.0000000000000000        0.0000000000000000        0.0000000000000000        1.1179551650521191       0.21790735916842979        2.0642523982011731        4.4526435456878954E-002   0.0000000000000000        0.0000000000000000       0.49145216901508626        2.8383927756117422     
 THERM-A          12   1732.6565765088390        300.00000000000000        61.955181629255847        63.854129999999998        715.66624982351289        0.0000000000000000        0.0000000000000000        0.0000000000000000        0.0000000000000000        0.0000000000000000        0.0000000000000000        0.0000000000000000        0.0000000000000000        0.0000000000000000        0.0000000000000000        0.0000000000000000        1.1176202810461451       0.21850613119642057        1.0884900478773734        2.8173589008461647E-002   0.0000000000000000        0.0000000000000000       0.41304564304688801        2.3855541660783763     
 THERM-A          13   1732.6565765088390        300.00000000000000        63.560747050321218        66.039000000000001        813.02245490749021        0.0000000000000000        0.0000000000000000        0.0000000000000000        0.0000000000000000        0.0000000000000000        0.0000000000000000        0.0000000000000000        0.0000000000000000        0.0000000000000000        0.0000000000000000        0.0000000000000000       0.98706333328266527       0.55949008438524506        1.0320703661573594        1.1667502082193413E-002   0.0000000000000000        0.0000000000000000       0.46923462267731314        2.7100748496916340     
 THERM-A          14   1732.6565765088390        300.00000000000000        65.288028444250870        67.867000000000004        728.56543372658632        0.0000000000000000        0.0000000000000000        0.0000000000000000        0.0000000000000000        0.0000000000000000        0.0000000000000000        0.0000000000000000        0.0000000000000000        0.0000000000000000        0.0000000000000000        0.0000000000000000       0.94518662104615947       0.55845628944912917       0.99496644580310867        8.4685841988061655E-003   0.0000000000000000        0.0000000000000000       0.42049038661463195        2.4285514457552879     
 THERM-A          15   1732.6565765088390        300.00000000000000        60.276346054341637        62.500000000000000        835.26778617062416        0.0000000000000000        0.0000000000000000        0.0000000000000000        0.0000000000000000        0.0000000000000000        0.0000000000000000        0.0000000000000000        0.0000000000000000        0.0000000000000000        0.0000000000000000        0.0000000000000000       0.98818305293921083       0.56160642250928805        1.3870903627112205        1.6132506800277589E-002   0.0000000000000000        0.0000000000000000       0.48207348039714848        2.7842259539020806     
 THERM-A          16   1732.6565765088390        300.00000000000000        60.833996854911383        63.573999999999998        833.66920296171986        0.0000000000000000        0.0000000000000000        0.0000000000000000        0.0000000000000000        0.0000000000000000        0.0000000000000000        0.0000000000000000        0.0000000000000000        0.0000000000000000        0.0000000000000000        0.0000000000000000       0.80219169314514660       0.55524464813510799        1.7599664850373271        4.0940979840775934E-003   0.0000000000000000        0.0000000000000000       0.48115086062899726        2.7788973432057329     
 THERM-A          17   1732.6565765088390        300.00000000000000        58.313133369022609        60.508000000000003        845.71687857679910        0.0000000000000000        0.0000000000000000        0.0000000000000000        0.0000000000000000        0.0000000000000000        0.0000000000000000        0.0000000000000000        0.0000000000000000        0.0000000000000000        0.0000000000000000        0.0000000000000000       0.79556785182809731        1.9964471138744373        1.9396232818320487       -1.5145310533493536E-002   0.0000000000000000        0.0000000000000000       0.48810415753642844        2.8190562619226638     
 THERM-A          18   1732.6565765088390        300.00000000000000        61.727366940909199        64.605999999999995        752.71564784022030        0.0000000000000000        0.0000000000000000        0.0000000000000000        0.0000000000000000        0.0000000000000000        0.0000000000000000        0.0000000000000000        0.0000000000000000        0.0000000000000000        0.0000000000000000        0.0000000000000000       0.75451266026453889       0.55615315232764007        1.7369572024950493        2.9333156740222327E-004   0.0000000000000000        0.0000000000000000       0.43442864445583362        2.5090521594674011     
 THERM-A          19   1732.6565765088390        300.00000000000000        37.855669473656974        39.901000000000003        753.37080242763761        0.0000000000000000        0.0000000000000000        0.0000000000000000        0.0000000000000000        0.0000000000000000        0.0000000000000000        0.0000000000000000        0.0000000000000000        0.0000000000000000        0.0000000000000000        0.0000000000000000        1.0060609942736130       0.89231875410614758        1.2347894814750715        1.6466137428855519E-002   0.0000000000000000        0.0000000000000000       0.43480676588872452        2.5112360080921254     
 THERM-A          20   1732.6565765088390        300.00000000000000        37.861665943924592        40.271999999999998        744.28936608435583        0.0000000000000000        0.0000000000000000        0.0000000000000000        0.0000000000000000        0.0000000000000000        0.0000000000000000        0.0000000000000000        0.0000000000000000        0.0000000000000000        0.0000000000000000        0.0000000000000000       0.89856193251819694       0.88615125354673374       0.76190343048726439       -6.9077142199162889E-004   0.0000000000000000        0.0000000000000000       0.42956542928087799        2.4809645536145193     
 THERM-A          21   1732.6565765088390        300.00000000000000        110.54928146118573        113.08000000000000        842.05138153765267        0.0000000000000000        0.0000000000000000        0.0000000000000000        0.0000000000000000        0.0000000000000000        0.0000000000000000        0.0000000000000000        0.0000000000000000        0.0000000000000000        0.0000000000000000        0.0000000000000000       0.98279975982705303        1.3598437225565339       0.98353699649081094       -8.4311679920244000E-004   0.0000000000000000        0.0000000000000000       0.48598862172347923        2.8068379384588424     
 THERM-A          22   1732.6565765088390        300.00000000000000        113.06307210974087        115.43000000000001        757.68137079353755        0.0000000000000000        0.0000000000000000        0.0000000000000000        0.0000000000000000        0.0000000000000000        0.0000000000000000        0.0000000000000000        0.0000000000000000        0.0000000000000000        0.0000000000000000        0.0000000000000000        1.0346816062066329        1.3606523936525932        2.0734239715878782        7.7816422440247206E-003   0.0000000000000000        0.0000000000000000       0.43729460359663624        2.5256045693117919     
 THERM-A          23   1732.6565765088390        300.00000000000000        121.97393732061259        125.12000000000000        844.62534446651080        0.0000000000000000        0.0000000000000000        0.0000000000000000        0.0000000000000000        0.0000000000000000        0.0000000000000000        0.0000000000000000        0.0000000000000000        0.0000000000000000        0.0000000000000000        0.0000000000000000        1.0056135276409430        1.8050008142650482        2.3696130814310097        3.8771519722336795E-003   0.0000000000000000        0.0000000000000000       0.48747418035278617        2.8154178148883693     
 THERM-A          24   1732.6565765088390        300.00000000000000        111.50790599138067        114.32400000000000        842.38705876247798        0.0000000000000000        0.0000000000000000        0.0000000000000000        0.0000000000000000        0.0000000000000000        0.0000000000000000        0.0000000000000000        0.0000000000000000        0.0000000000000000        0.0000000000000000        0.0000000000000000       0.94088794127530673        1.4697318944703022        1.0248761812653537       -2.7329402038410947E-003   0.0000000000000000        0.0000000000000000       0.48618235730234488        2.8079568625415932     
 THERM-A          25   1732.6565765088390        300.00000000000000        109.38256900477518        110.84200000000000        859.35602770735250        0.0000000000000000        0.0000000000000000        0.0000000000000000        0.0000000000000000        0.0000000000000000        0.0000000000000000        0.0000000000000000        0.0000000000000000        0.0000000000000000        0.0000000000000000        0.0000000000000000        1.2488963337822354       0.12893688372816078        2.4299140633750533        3.7691526811007625E-002   0.0000000000000000        0.0000000000000000       0.49597597086370371        2.8645200923578416     
 THERM-A          26   1732.6565765088390        300.00000000000000        128.26707268595271        131.99000000000001        773.28672874554252        0.0000000000000000        0.0000000000000000        0.0000000000000000        0.0000000000000000        0.0000000000000000        0.0000000000000000        0.0000000000000000        0.0000000000000000        0.0000000000000000        0.0000000000000000        0.0000000000000000        1.0029485344478473        1.3408986757440646        2.8069964081014223        9.4925236079361087E-003   0.0000000000000000        0.0000000000000000       0.44630121123232158        2.5776224291518086     
 THERM-A          27   1732.6565765088390        300.00000000000000        116.58735363490280        118.71599999999999        793.88380661609381        0.0000000000000000        0.0000000000000000        0.0000000000000000        0.0000000000000000        0.0000000000000000        0.0000000000000000        0.0000000000000000        0.0000000000000000        0.0000000000000000        0.0000000000000000        0.0000000000000000        1.2157693199924124        1.3578739522100436        2.0773325065881529        1.6859806075108171E-002   0.0000000000000000        0.0000000000000000       0.45818878211613329        2.6462793553869792     
 THERM-A          28   1732.6565765088390        300.00000000000000        27.641733501433855        27.449999999999999        789.79891219525030        0.0000000000000000        0.0000000000000000        0.0000000000000000        0.0000000000000000        0.0000000000000000        0.0000000000000000        0.0000000000000000        0.0000000000000000        0.0000000000000000        0.0000000000000000        0.0000000000000000        1.9017915923239583       0.89547627114017680        1.3983904499920701       0.23331621295178301        0.0000000000000000        0.0000000000000000       0.45583119176832515        2.6326630406508342     
 THERM-A          29   1732.6565765088390        300.00000000000000        42.096468021624467        43.603000000000002        836.90474997546357        0.0000000000000000        0.0000000000000000        0.0000000000000000        0.0000000000000000        0.0000000000000000        0.0000000000000000        0.0000000000000000        0.0000000000000000        0.0000000000000000        0.0000000000000000        0.0000000000000000       0.92353556201720499        2.0101203900097726        2.3022931934083508       -4.7316962993393177E-003   0.0000000000000000        0.0000000000000000       0.48301825146547972        2.7896824999182117     
 THERM-A          30   1732.6565765088390        300.00000000000000        44.844796696435743        46.289999999999999        639.64583885104241        0.0000000000000000        0.0000000000000000        0.0000000000000000        0.0000000000000000        0.0000000000000000        0.0000000000000000        0.0000000000000000        0.0000000000000000        0.0000000000000000        0.0000000000000000        0.0000000000000000       0.99076394637342169        2.7889836186095818        1.6888970465591604       -2.2885216833588025E-002   0.0000000000000000        0.0000000000000000       0.36917058320921065        2.1321527961701414     
 THERM-A          31   1732.6565765088390        300.00000000000000        39.784020424798456        40.515000000000001        867.58730100113451        0.0000000000000000        0.0000000000000000        0.0000000000000000        0.0000000000000000        0.0000000000000000        0.0000000000000000        0.0000000000000000        0.0000000000000000        0.0000000000000000        0.0000000000000000        0.0000000000000000        1.1583860570014242        2.1248447521969198        2.5407188404669054        2.9570978742323131E-002   0.0000000000000000        0.0000000000000000       0.50072663721350474        2.8919576700037819     
 THERM-A          32   1732.6565765088390        300.00000000000000        41.983796458966104        42.799999999999997        651.46584662562645        0.0000000000000000        0.0000000000000000        0.0000000000000000        0.0000000000000000        0.0000000000000000        0.0000000000000000        0.0000000000000000        0.0000000000000000        0.0000000000000000        0.0000000000000000        0.0000000000000000        1.1558135961827043        2.1202678750098660       0.95195105044126205       -9.2564609256595362E-003   0.0000000000000000        0.0000000000000000       0.37599248198294249        2.1715528220854217     
 THERM-A          33   1732.6565765088390        300.00000000000000        38.755160175415092        39.493000000000002        898.01983507970283        0.0000000000000000        0.0000000000000000        0.0000000000000000        0.0000000000000000        0.0000000000000000        0.0000000000000000        0.0000000000000000        0.0000000000000000        0.0000000000000000        0.0000000000000000        0.0000000000000000        1.0602666094947870        2.3203107255530075        2.3007120735703017        4.7893967484387012E-003   0.0000000000000000        0.0000000000000000       0.51829072607633486        2.9933994502656760     
 THERM-A          34   1732.6565765088390        300.00000000000000        41.312835954931586        41.859999999999999        662.22890015744986        0.0000000000000000        0.0000000000000000        0.0000000000000000        0.0000000000000000        0.0000000000000000        0.0000000000000000        0.0000000000000000        0.0000000000000000        0.0000000000000000        0.0000000000000000        0.0000000000000000        1.2230288467595027        2.3236501813671904        1.7623903421556717        1.1620050472358576E-002   0.0000000000000000        0.0000000000000000       0.38220436128882901        2.2074296671914997     
 THERM-A          35   1732.6565765088390        300.00000000000000        26.037712323259331        26.353999999999999        942.25808380772071        0.0000000000000000        0.0000000000000000        0.0000000000000000        0.0000000000000000        0.0000000000000000        0.0000000000000000        0.0000000000000000        0.0000000000000000        0.0000000000000000        0.0000000000000000        0.0000000000000000        1.1620436754959695        2.1695528019797345        3.3742285868538091        7.5782945899554463E-002   0.0000000000000000        0.0000000000000000       0.54382276129196561        3.1408602793590692     
 THERM-A          36   1732.6565765088390        300.00000000000000        26.536721632516514        26.853999999999999        771.64187597391867        0.0000000000000000        0.0000000000000000        0.0000000000000000        0.0000000000000000        0.0000000000000000        0.0000000000000000        0.0000000000000000        0.0000000000000000        0.0000000000000000        0.0000000000000000        0.0000000000000000        1.1625198897386719        2.1703912608251450        3.6042938554445154        8.3060621102319931E-002   0.0000000000000000        0.0000000000000000       0.44535188705930051        2.5721395865797287     
 THERM-A          37   1732.6565765088390        300.00000000000000        25.419200463502769        25.577000000000002        939.75323116717277        0.0000000000000000        0.0000000000000000        0.0000000000000000        0.0000000000000000        0.0000000000000000        0.0000000000000000        0.0000000000000000        0.0000000000000000        0.0000000000000000        0.0000000000000000        0.0000000000000000        1.2944227885639379        1.6844649213499026        2.8287750749226497       0.11787606410360443        0.0000000000000000        0.0000000000000000       0.54237708955614194        3.1325107705572424     
 THERM-A          38   1732.6565765088390        300.00000000000000        30.134031512956881        30.286999999999999        659.06095014407390        0.0000000000000000        0.0000000000000000        0.0000000000000000        0.0000000000000000        0.0000000000000000        0.0000000000000000        0.0000000000000000        0.0000000000000000        0.0000000000000000        0.0000000000000000        0.0000000000000000        1.5717786054308505        2.1889351862391409       0.52229090627659591        1.1621841608860872E-002   0.0000000000000000        0.0000000000000000       0.38037598395408956        2.1968698338135795     
 THERM-A          39   1732.6565765088390        300.00000000000000        28.500843233432644        28.904000000000000        779.04984441223132        0.0000000000000000        0.0000000000000000        0.0000000000000000        0.0000000000000000        0.0000000000000000        0.0000000000000000        0.0000000000000000        0.0000000000000000        0.0000000000000000        0.0000000000000000        0.0000000000000000        1.1169409449368108        2.1653612106489177        2.5418013612129968        3.0746257450216183E-002   0.0000000000000000        0.0000000000000000       0.44962738431521898        2.5968328147074375     
 THERM-A          40   1732.6565765088390        300.00000000000000        24.495984417798727        24.445000000000000        890.07997342594149        0.0000000000000000        0.0000000000000000        0.0000000000000000        0.0000000000000000        0.0000000000000000        0.0000000000000000        0.0000000000000000        0.0000000000000000        0.0000000000000000        0.0000000000000000        0.0000000000000000        1.5473486315362561       0.83583504530069541        1.6613772921211205       0.17792326767472988        0.0000000000000000        0.0000000000000000       0.51370824749321053        2.9669332447531382     
 THERM-A          41   1732.6565765088390        300.00000000000000        25.355732716332440        25.321000000000002        738.82540258143820        0.0000000000000000        0.0000000000000000        0.0000000000000000        0.0000000000000000        0.0000000000000000        0.0000000000000000        0.0000000000000000        0.0000000000000000        0.0000000000000000        0.0000000000000000        0.0000000000000000        1.5464275227480595       0.83504221190579286        2.0923994993167456       0.20158212797455727        0.0000000000000000        0.0000000000000000       0.42641191139568513        2.4627513419381275     
 THERM-A          42   1732.6565765088390        300.00000000000000        24.981592293845939        24.943999999999999        854.19157413833170        0.0000000000000000        0.0000000000000000        0.0000000000000000        0.0000000000000000        0.0000000000000000        0.0000000000000000        0.0000000000000000        0.0000000000000000        0.0000000000000000        0.0000000000000000        0.0000000000000000        1.5466021066261817       0.83519250298541947        2.2879758290489844       0.21842687780839215        0.0000000000000000        0.0000000000000000       0.49299531466267699        2.8473052471277724     
 THERM-A          43   1732.6565765088390        300.00000000000000        29.431136148870081        29.576789999999999        651.73953789838868        0.0000000000000000        0.0000000000000000        0.0000000000000000        0.0000000000000000        0.0000000000000000        0.0000000000000000        0.0000000000000000        0.0000000000000000        0.0000000000000000        0.0000000000000000        0.0000000000000000        1.5383377273124217       0.82806782798864698        1.8655533834899525       0.15834585638737239        0.0000000000000000        0.0000000000000000       0.37615044246771073        2.1724651263279622     
 THERM-A          44   1732.6565765088390        300.00000000000000        27.456336504448640        27.520900000000001        762.39690114767768        0.0000000000000000        0.0000000000000000        0.0000000000000000        0.0000000000000000        0.0000000000000000        0.0000000000000000        0.0000000000000000        0.0000000000000000        0.0000000000000000        0.0000000000000000        0.0000000000000000        1.5416437036754622       0.83092040056927707        3.5242955110977743       0.27622684831648148        0.0000000000000000        0.0000000000000000       0.44001616447492725        2.5413230038255921     
 THERM-A          45   1732.6565765088390        300.00000000000000        27.050634968460191        27.090000000000000        757.31895033267335        0.0000000000000000        0.0000000000000000        0.0000000000000000        0.0000000000000000        0.0000000000000000        0.0000000000000000        0.0000000000000000        0.0000000000000000        0.0000000000000000        0.0000000000000000        0.0000000000000000        1.5427907273813748       0.83190933353202845        2.8454614477045173       0.23680938464576051        0.0000000000000000        0.0000000000000000       0.43708543320143051        2.5243965011089111     
 THERM-A          46   1732.6565765088390        300.00000000000000        28.110174815047500        28.189000000000000        761.40113215776398        0.0000000000000000        0.0000000000000000        0.0000000000000000        0.0000000000000000        0.0000000000000000        0.0000000000000000        0.0000000000000000        0.0000000000000000        0.0000000000000000        0.0000000000000000        0.0000000000000000        1.5410656340609927       0.83042185196502927        2.8175238294427922       0.22563208221012312        0.0000000000000000        0.0000000000000000       0.43944145797889439        2.5380037738592134     
 THERM-A          47   1732.6565765088390        300.00000000000000        24.241156534222416        24.110800000000001        922.78891967494928        0.0000000000000000        0.0000000000000000        0.0000000000000000        0.0000000000000000        0.0000000000000000        0.0000000000000000        0.0000000000000000        0.0000000000000000        0.0000000000000000        0.0000000000000000        0.0000000000000000        1.6559664111111609        1.7953353267395460        1.4550840519147967       0.13128530174441477        0.0000000000000000        0.0000000000000000       0.53258616403620695        3.0759630655831645     
 THERM-A          48   1732.6565765088390        300.00000000000000        25.401995341252640        25.296340000000001        764.05059361392830        0.0000000000000000        0.0000000000000000        0.0000000000000000        0.0000000000000000        0.0000000000000000        0.0000000000000000        0.0000000000000000        0.0000000000000000        0.0000000000000000        0.0000000000000000        0.0000000000000000        1.6523386102775486        1.7882702559379666        1.8659231189519050       0.15671506758509934        0.0000000000000000        0.0000000000000000       0.44097059046370729        2.5468353120464275     
 THERM-A          49   1732.6565765088390        300.00000000000000        24.815075525881138        24.500000000000000        734.11536604593550        0.0000000000000000        0.0000000000000000        0.0000000000000000        0.0000000000000000        0.0000000000000000        0.0000000000000000        0.0000000000000000        0.0000000000000000        0.0000000000000000        0.0000000000000000        0.0000000000000000        1.9086935827140619        1.8408132251105720        2.8075730564659183       0.33052131068151924        0.0000000000000000        0.0000000000000000       0.42369352126612292        2.4470512201531185     
 THERM-A          50   1732.6565765088390        300.00000000000000        27.712289847124701        27.688440000000000        679.96200548480090        0.0000000000000000        0.0000000000000000        0.0000000000000000        0.0000000000000000        0.0000000000000000        0.0000000000000000        0.0000000000000000        0.0000000000000000        0.0000000000000000        0.0000000000000000        0.0000000000000000        1.6426471893637309        1.7694009923492324        2.5678340712896448       0.19169088707810533        0.0000000000000000        0.0000000000000000       0.39243899495355777        2.2665400182826696     
 THERM-A          51   1732.6565765088390        300.00000000000000        26.986095226184695        26.949000000000002        753.31507790765465        0.0000000000000000        0.0000000000000000        0.0000000000000000        0.0000000000000000        0.0000000000000000        0.0000000000000000        0.0000000000000000        0.0000000000000000        0.0000000000000000        0.0000000000000000        0.0000000000000000        1.6441446630207828        1.7723161442354227        3.1712608281437840       0.24086334705978266        0.0000000000000000        0.0000000000000000       0.43477460457023909        2.5110502596921820     
 THERM-A          52   1732.6565765088390        300.00000000000000        36.168290697022222        36.134999999999998        829.51593559541095        0.0000000000000000        0.0000000000000000        0.0000000000000000        0.0000000000000000        0.0000000000000000        0.0000000000000000        0.0000000000000000        0.0000000000000000        0.0000000000000000        0.0000000000000000        0.0000000000000000        1.5680046023448759        1.0018080941775216        1.3062389133776970        9.9824719208703533E-002   0.0000000000000000        0.0000000000000000       0.47875380894396141        2.7650531186513700     
 THERM-A          53   1732.6565765088390        300.00000000000000        37.224599890609326        37.216000000000001        715.62868449643724        0.0000000000000000        0.0000000000000000        0.0000000000000000        0.0000000000000000        0.0000000000000000        0.0000000000000000        0.0000000000000000        0.0000000000000000        0.0000000000000000        0.0000000000000000        0.0000000000000000        1.5669221301340175        1.0004532490848692        2.4687660893096890       0.15308876496817864        0.0000000000000000        0.0000000000000000       0.41302396227783950        2.3854289483214575     
 THERM-A          54   1732.6565765088390        300.00000000000000        36.323186722100026        36.270000000000003        707.70389804284321        0.0000000000000000        0.0000000000000000        0.0000000000000000        0.0000000000000000        0.0000000000000000        0.0000000000000000        0.0000000000000000        0.0000000000000000        0.0000000000000000        0.0000000000000000        0.0000000000000000        1.5688605746379507        1.0028797223110844        1.6835265514915909       0.11824923220941153        0.0000000000000000        0.0000000000000000       0.40845018432262475        2.3590129934761439     
 THERM-A          55   1732.6565765088390        300.00000000000000        41.501739769246647        41.701999999999998        547.03674956364318        0.0000000000000000        0.0000000000000000        0.0000000000000000        0.0000000000000000        0.0000000000000000        0.0000000000000000        0.0000000000000000        0.0000000000000000        0.0000000000000000        0.0000000000000000        0.0000000000000000        1.5633785908562696       0.42585933561832123        1.3539219244651683       0.11002374125363978        0.0000000000000000        0.0000000000000000       0.31572139394517373        1.8234558318788106     
 THERM-A          56   1732.6565765088390        300.00000000000000        39.319491591605725        39.420999999999999        687.72289993058132        0.0000000000000000        0.0000000000000000        0.0000000000000000        0.0000000000000000        0.0000000000000000        0.0000000000000000        0.0000000000000000        0.0000000000000000        0.0000000000000000        0.0000000000000000        0.0000000000000000        1.5625363323226893       0.99496786962602923        1.9272584203424257       0.11948599933666364        0.0000000000000000        0.0000000000000000       0.39691818289593578        2.2924096664352711     
 THERM-A          57   1732.6565765088390        300.00000000000000        109.42163850860470        109.88300000000000        873.82708907457561        0.0000000000000000        0.0000000000000000        0.0000000000000000        0.0000000000000000        0.0000000000000000        0.0000000000000000        0.0000000000000000        0.0000000000000000        0.0000000000000000        0.0000000000000000        0.0000000000000000        1.4254877707979710       0.99069161937997452        1.9228484581193486        3.3534110497317540E-002   0.0000000000000000        0.0000000000000000       0.50432792102129409        2.9127569635819186     
 THERM-A          58   1732.6565765088390        300.00000000000000        111.53441802251854        112.04500000000000        793.19303275426751        0.0000000000000000        0.0000000000000000        0.0000000000000000        0.0000000000000000        0.0000000000000000        0.0000000000000000        0.0000000000000000        0.0000000000000000        0.0000000000000000        0.0000000000000000        0.0000000000000000        1.4249798757220360       0.98990209724009337        2.7155956421735725        4.3655719773523838E-002   0.0000000000000000        0.0000000000000000       0.45779010307540946        2.6439767758475585     
 THERM-A          59   1732.6565765088390        300.00000000000000        108.97869422317096        109.40100000000000        850.77243196071879        0.0000000000000000        0.0000000000000000        0.0000000000000000        0.0000000000000000        0.0000000000000000        0.0000000000000000        0.0000000000000000        0.0000000000000000        0.0000000000000000        0.0000000000000000        0.0000000000000000        1.4259679988974476       0.99143824445668494        2.3895942385852589        4.0196512523612657E-002   0.0000000000000000        0.0000000000000000       0.49102196216803423        2.8359081065357294     
 THERM-A          60   1732.6565765088390        300.00000000000000        44.617182483019874        44.975999999999999        779.85383665469101        0.0000000000000000        0.0000000000000000        0.0000000000000000        0.0000000000000000        0.0000000000000000        0.0000000000000000        0.0000000000000000        0.0000000000000000        0.0000000000000000        0.0000000000000000        0.0000000000000000        1.4326532113301924        1.5134484118121658        2.5294237536895654        8.7444970903050326E-002   0.0000000000000000        0.0000000000000000       0.45009140716507862        2.5995127888489700     
 THERM-A          61   1732.6565765088390        300.00000000000000        48.507934643500619        49.024000000000001        433.55159657127803        0.0000000000000000        0.0000000000000000        0.0000000000000000        0.0000000000000000        0.0000000000000000        0.0000000000000000        0.0000000000000000        0.0000000000000000        0.0000000000000000        0.0000000000000000        0.0000000000000000        1.4271063315493691        1.5023872767787982        5.8353819076016000E-002   2.3736140973301539E-003   0.0000000000000000        0.0000000000000000       0.25022361756468148        1.4451719885709267     
 THERM-A          62   1732.6565765088390        300.00000000000000        43.253029676040754        43.399700000000003        495.41399238524360        0.0000000000000000        0.0000000000000000        0.0000000000000000        0.0000000000000000        0.0000000000000000        0.0000000000000000        0.0000000000000000        0.0000000000000000        0.0000000000000000        0.0000000000000000        0.0000000000000000        1.4427830943731719        1.5336493809243570      -0.14704292591096602       -4.6570853108584484E-003   0.0000000000000000        0.0000000000000000       0.28592740136851713        1.6513799746174787     
 THERM-A          63   1732.6565765088390        300.00000000000000        45.042276550597286        45.420000000000002        753.52838973329358        0.0000000000000000        0.0000000000000000        0.0000000000000000        0.0000000000000000        0.0000000000000000        0.0000000000000000        0.0000000000000000        0.0000000000000000        0.0000000000000000        0.0000000000000000        0.0000000000000000        1.4319143092902793        1.5119749359769372       0.76289360830168973        2.6511191901117406E-002   0.0000000000000000        0.0000000000000000       0.43489771715269249        2.5117612991109786     
 THERM-A          64   1732.6565765088390        300.00000000000000        43.943103550539909        44.527999999999999        539.03740520047700        0.0000000000000000        0.0000000000000000        0.0000000000000000        0.0000000000000000        0.0000000000000000        0.0000000000000000        0.0000000000000000        0.0000000000000000        0.0000000000000000        0.0000000000000000        0.0000000000000000        1.3506620708728596       0.42407108744294686        1.0854147045711027        6.2802885696324501E-002   0.0000000000000000        0.0000000000000000       0.31110458501048904        1.7967913506682567     
 THERM-A          65   1732.6565765088390        300.00000000000000        20.624446191053650        22.421050000000001        880.68618399083232        0.0000000000000000        0.0000000000000000        0.0000000000000000        0.0000000000000000        0.0000000000000000        0.0000000000000000        0.0000000000000000        0.0000000000000000        0.0000000000000000        0.0000000000000000        0.0000000000000000       -3.5787526027286500E-002   1.4331331230795294        2.6961957263277183      -0.17873650859249809        0.0000000000000000        0.0000000000000000       0.50828663679293151        2.9356206133027745     
 THERM-A          66   1732.6565765088390        300.00000000000000        19.170421024600529        20.657000000000000        893.68431212413850        0.0000000000000000        0.0000000000000000        0.0000000000000000        0.0000000000000000        0.0000000000000000        0.0000000000000000        0.0000000000000000        0.0000000000000000        0.0000000000000000        0.0000000000000000        0.0000000000000000       0.26843201459535060        1.1149313273456407        2.9597072615082882      -0.14973052281624619        0.0000000000000000        0.0000000000000000       0.51578848586650627        2.9789477070804615     
 THERM-A          67   1732.6565765088390        300.00000000000000        14.053328765655699        14.016999999999999        1091.6385221349403        0.0000000000000000        0.0000000000000000        0.0000000000000000        0.0000000000000000        0.0000000000000000        0.0000000000000000        0.0000000000000000        0.0000000000000000        0.0000000000000000        0.0000000000000000        0.0000000000000000        1.5662060906102249        2.2296254108129565        5.4206825575829161       0.64596154971337860        0.0000000000000000        0.0000000000000000       0.63003744477425672        3.6387950737831343     
 THERM-A          68   1732.6565765088390        300.00000000000000        13.712135712439739        13.670000000000000        1127.5367310762540        0.0000000000000000        0.0000000000000000        0.0000000000000000        0.0000000000000000        0.0000000000000000        0.0000000000000000        0.0000000000000000        0.0000000000000000        0.0000000000000000        0.0000000000000000        0.0000000000000000        1.5679166533436852        2.2330962660068048        4.5893435511903684       0.55404585496315206        0.0000000000000000        0.0000000000000000       0.65075603923089487        3.7584557702541801     
 THERM-A          69   1732.6565765088390        300.00000000000000        43.067131336068385        44.226999999999997        966.37382615925196        0.0000000000000000        0.0000000000000000        0.0000000000000000        0.0000000000000000        0.0000000000000000        0.0000000000000000        0.0000000000000000        0.0000000000000000        0.0000000000000000        0.0000000000000000        0.0000000000000000       0.90182142639416718       0.95029087298226800        2.8724553642105057        2.1317543174194941E-002   0.0000000000000000        0.0000000000000000       0.55774112381024521        3.2212460871975064     
 THERM-A          70   1732.6565765088390        300.00000000000000        48.466996924784155        53.868400000000001        797.50532397287691        0.0000000000000000        0.0000000000000000        0.0000000000000000        0.0000000000000000        0.0000000000000000        0.0000000000000000        0.0000000000000000        0.0000000000000000        0.0000000000000000        0.0000000000000000        0.0000000000000000       0.63063773605889473       0.89640447485252883       0.69149426162587402       -1.3629409382110953E-002   0.0000000000000000        0.0000000000000000       0.46027893512503487        2.6583510799095897     
 THERM-A          71   1732.6565765088390        300.00000000000000        7.0695327683916407        7.0930000000000000        400.20676242094845        0.0000000000000000        0.0000000000000000        0.0000000000000000        0.0000000000000000        0.0000000000000000        0.0000000000000000        0.0000000000000000        0.0000000000000000        0.0000000000000000        0.0000000000000000        0.0000000000000000        1.6622983501906339       0.90295627756925723        5.9167558067828727        1.9224621859699826        0.0000000000000000        0.0000000000000000       0.23097869932617132        1.3340225414031615     
 THERM-A          72   1732.6565765088390        300.00000000000000        7.0116017355108067        6.9883499999999996        283.44372938157954        0.0000000000000000        0.0000000000000000        0.0000000000000000        0.0000000000000000        0.0000000000000000        0.0000000000000000        0.0000000000000000        0.0000000000000000        0.0000000000000000        0.0000000000000000        0.0000000000000000        1.8555380133008097        1.0253363701001990        6.5598712976104965        2.5824522183457024        0.0000000000000000        0.0000000000000000       0.16358909966607199       0.94481243127193182     
 THERM-A          73   1732.6565765088390        300.00000000000000        6.8784879881373895        6.7651000000000003        366.41727374977921        0.0000000000000000        0.0000000000000000        0.0000000000000000        0.0000000000000000        0.0000000000000000        0.0000000000000000        0.0000000000000000        0.0000000000000000        0.0000000000000000        0.0000000000000000        0.0000000000000000        2.1672494636521571        1.0105355808167991        5.5403259659391040        3.0445101489899660        0.0000000000000000        0.0000000000000000       0.21147714943493304        1.2213909124992641     
 THERM-A           1   1870.0286655907216        300.00000000000000        87.712847674758905        100.61000000000000        792.55954010048606        0.0000000000000000        0.0000000000000000        0.0000000000000000        0.0000000000000000        0.0000000000000000        0.0000000000000000        0.0000000000000000        0.0000000000000000        0.0000000000000000        0.0000000000000000        0.0000000000000000       0.33316903405056830        1.1271344602481279        1.8638255808479860       -2.0987932824732596E-002   0.0000000000000000        0.0000000000000000       0.42382213421852821        2.6418651336682868     
 THERM-A           2   1870.0286655907216        300.00000000000000        80.837819226598768        100.45200000000000        805.39805776647302        0.0000000000000000        0.0000000000000000        0.0000000000000000        0.0000000000000000        0.0000000000000000        0.0000000000000000        0.0000000000000000        0.0000000000000000        0.0000000000000000        0.0000000000000000        0.0000000000000000       0.46979677854284946       0.94088747669277883        1.2429721381805561       -1.3810506252696272E-002   0.0000000000000000        0.0000000000000000       0.43068754644574209        2.6846601925549098     
 THERM-A           3   1870.0286655907216        300.00000000000000        37.248287126740856        39.762000000000000        847.98819944896070        0.0000000000000000        0.0000000000000000        0.0000000000000000        0.0000000000000000        0.0000000000000000        0.0000000000000000        0.0000000000000000        0.0000000000000000        0.0000000000000000        0.0000000000000000        0.0000000000000000       0.74641077290173385        4.2498779667890751        2.5484399337916539       -7.1054676552528201E-002   0.0000000000000000        0.0000000000000000       0.45346267415697100        2.8266273314965358     
 THERM-A           4   1870.0286655907216        300.00000000000000        38.578867092668169        40.843000000000004        793.87579163754197        0.0000000000000000        0.0000000000000000        0.0000000000000000        0.0000000000000000        0.0000000000000000        0.0000000000000000        0.0000000000000000        0.0000000000000000        0.0000000000000000        0.0000000000000000        0.0000000000000000       0.94926540598969145        3.9367734388441322        2.5402912822646107       -4.5744069797853310E-002   0.0000000000000000        0.0000000000000000       0.42452600125611728        2.6462526387918066     
 THERM-A           5   1870.0286655907216        300.00000000000000        42.156865666818639        44.527999999999999        569.83073510590077        0.0000000000000000        0.0000000000000000        0.0000000000000000        0.0000000000000000        0.0000000000000000        0.0000000000000000        0.0000000000000000        0.0000000000000000        0.0000000000000000        0.0000000000000000        0.0000000000000000        1.3267381111150018       0.43613209806992748       0.97717937611942629        5.8421493040282289E-002   0.0000000000000000        0.0000000000000000       0.30471764716285643        1.8994357836863358     
 THERM-A           6   1870.0286655907216        300.00000000000000        40.703386904799792        43.564000000000000        796.29942268346372        0.0000000000000000        0.0000000000000000        0.0000000000000000        0.0000000000000000        0.0000000000000000        0.0000000000000000        0.0000000000000000        0.0000000000000000        0.0000000000000000        0.0000000000000000        0.0000000000000000       0.75216810085760888        4.2427336886060214        3.2002192264954621       -6.1797794684288407E-002   0.0000000000000000        0.0000000000000000       0.42582204077172336        2.6543314089448788     
 THERM-A           7   1870.0286655907216        300.00000000000000        56.321479228946295        62.676000000000002        870.80402731528841        0.0000000000000000        0.0000000000000000        0.0000000000000000        0.0000000000000000        0.0000000000000000        0.0000000000000000        0.0000000000000000        0.0000000000000000        0.0000000000000000        0.0000000000000000        0.0000000000000000       0.52716724048117014        4.1744938049701217        2.7727323032567499       -5.5419792139114459E-002   0.0000000000000000        0.0000000000000000       0.46566346459732527        2.9026800910509611     
 THERM-A           8   1870.0286655907216        300.00000000000000        59.017459072286634        65.941000000000003        723.55139487345002        0.0000000000000000        0.0000000000000000        0.0000000000000000        0.0000000000000000        0.0000000000000000        0.0000000000000000        0.0000000000000000        0.0000000000000000        0.0000000000000000        0.0000000000000000        0.0000000000000000       0.46719539817549427        4.4329030651717281        1.3614132094020541       -4.7452766808611338E-002   0.0000000000000000        0.0000000000000000       0.38691994844094435        2.4118379829115000     
 THERM-A           9   1870.0286655907216        300.00000000000000        53.202456836029761        59.140000000000001        844.36902540401559        0.0000000000000000        0.0000000000000000        0.0000000000000000        0.0000000000000000        0.0000000000000000        0.0000000000000000        0.0000000000000000        0.0000000000000000        0.0000000000000000        0.0000000000000000        0.0000000000000000       0.52958885852992788        4.1608749409303361        2.6572000546707248       -5.7839982873685920E-002   0.0000000000000000        0.0000000000000000       0.45152731663462958        2.8145634180133854     
 THERM-A          10   1870.0286655907216        300.00000000000000        61.080759214712316        68.054000000000002        798.70012552606840        0.0000000000000000        0.0000000000000000        0.0000000000000000        0.0000000000000000        0.0000000000000000        0.0000000000000000        0.0000000000000000        0.0000000000000000        0.0000000000000000        0.0000000000000000        0.0000000000000000       0.52452398814761092        4.1895790095092220        1.6198970451638888       -4.5958208360866872E-002   0.0000000000000000        0.0000000000000000       0.42710581940398640        2.6623337517535615     
 THERM-A          11   1870.0286655907216        300.00000000000000        55.830295999028436        60.759999999999998        905.97301324732337        0.0000000000000000        0.0000000000000000        0.0000000000000000        0.0000000000000000        0.0000000000000000        0.0000000000000000        0.0000000000000000        0.0000000000000000        0.0000000000000000        0.0000000000000000        0.0000000000000000        1.1037745620118546       0.23839134929504929        1.9245039890825939        4.2705100977915113E-002   0.0000000000000000        0.0000000000000000       0.48447012065514855        3.0199100441577444     
 THERM-A          12   1870.0286655907216        300.00000000000000        58.607344362952595        63.854129999999998        761.21149000297373        0.0000000000000000        0.0000000000000000        0.0000000000000000        0.0000000000000000        0.0000000000000000        0.0000000000000000        0.0000000000000000        0.0000000000000000        0.0000000000000000        0.0000000000000000        0.0000000000000000        1.1034780466284142       0.23872999332403969       0.99645325776377347        2.6807465151951392E-002   0.0000000000000000        0.0000000000000000       0.40705872803426535        2.5373716333432457     
 THERM-A          13   1870.0286655907216        300.00000000000000        59.874667692285982        66.039000000000001        861.59750590154988        0.0000000000000000        0.0000000000000000        0.0000000000000000        0.0000000000000000        0.0000000000000000        0.0000000000000000        0.0000000000000000        0.0000000000000000        0.0000000000000000        0.0000000000000000        0.0000000000000000       0.95631035401045139       0.50152893724996539       0.99064411654690110        1.0826427029292852E-002   0.0000000000000000        0.0000000000000000       0.46074026658269468        2.8719916863384998     
 THERM-A          14   1870.0286655907216        300.00000000000000        61.646398663524089        67.867000000000004        768.54176050112528        0.0000000000000000        0.0000000000000000        0.0000000000000000        0.0000000000000000        0.0000000000000000        0.0000000000000000        0.0000000000000000        0.0000000000000000        0.0000000000000000        0.0000000000000000        0.0000000000000000       0.91689492673491302       0.50181983935988650       0.96533483897765804        7.8164824560893725E-003   0.0000000000000000        0.0000000000000000       0.41097859869348652        2.5618058683370841     
 THERM-A          15   1870.0286655907216        300.00000000000000        56.764404446738801        62.500000000000000        885.47093695144349        0.0000000000000000        0.0000000000000000        0.0000000000000000        0.0000000000000000        0.0000000000000000        0.0000000000000000        0.0000000000000000        0.0000000000000000        0.0000000000000000        0.0000000000000000        0.0000000000000000       0.95714408552740493       0.50309590558191364        1.3325505158980755        1.4950808813765358E-002   0.0000000000000000        0.0000000000000000       0.47350661155332230        2.9515697898381448     
 THERM-A          16   1870.0286655907216        300.00000000000000        57.353626955189377        63.573999999999998        873.36822225622848        0.0000000000000000        0.0000000000000000        0.0000000000000000        0.0000000000000000        0.0000000000000000        0.0000000000000000        0.0000000000000000        0.0000000000000000        0.0000000000000000        0.0000000000000000        0.0000000000000000       0.77767003312613980       0.49981702547641221        1.7476279701229203        2.9978979601250084E-003   0.0000000000000000        0.0000000000000000       0.46703467081898503        2.9112274075207618     
 THERM-A          17   1870.0286655907216        300.00000000000000        55.093507478854306        60.508000000000003        882.64827043017260        0.0000000000000000        0.0000000000000000        0.0000000000000000        0.0000000000000000        0.0000000000000000        0.0000000000000000        0.0000000000000000        0.0000000000000000        0.0000000000000000        0.0000000000000000        0.0000000000000000       0.71150040896311229        1.9433337273943518        1.9971332417688910       -2.0688580959865914E-002   0.0000000000000000        0.0000000000000000       0.47199718735399904        2.9421609014339087     
 THERM-A          18   1870.0286655907216        300.00000000000000        58.180421189928303        64.605999999999995        786.53332811408757        0.0000000000000000        0.0000000000000000        0.0000000000000000        0.0000000000000000        0.0000000000000000        0.0000000000000000        0.0000000000000000        0.0000000000000000        0.0000000000000000        0.0000000000000000        0.0000000000000000       0.73125152006064575       0.50316973942121246        1.7379192269770709       -8.4223663251837763E-004   0.0000000000000000        0.0000000000000000       0.42059961036245946        2.6217777603802919     
 THERM-A          19   1870.0286655907216        300.00000000000000        35.227723048752836        39.901000000000003        808.17104769623404        0.0000000000000000        0.0000000000000000        0.0000000000000000        0.0000000000000000        0.0000000000000000        0.0000000000000000        0.0000000000000000        0.0000000000000000        0.0000000000000000        0.0000000000000000        0.0000000000000000       0.94783601914253079       0.76896809947890032        1.1954774016475351        1.3523789596698935E-002   0.0000000000000000        0.0000000000000000       0.43217040603008172        2.6939034923207803     
 THERM-A          20   1870.0286655907216        300.00000000000000        35.052884271357762        40.271999999999998        795.90913441168516        0.0000000000000000        0.0000000000000000        0.0000000000000000        0.0000000000000000        0.0000000000000000        0.0000000000000000        0.0000000000000000        0.0000000000000000        0.0000000000000000        0.0000000000000000        0.0000000000000000       0.84320675262636446       0.76743406233058187       0.76603423689549621       -2.2513005272312044E-003   0.0000000000000000        0.0000000000000000       0.42561333366527093        2.6530304480389506     
 THERM-A          21   1870.0286655907216        300.00000000000000        105.53138701662718        113.08000000000000        880.17664859128240        0.0000000000000000        0.0000000000000000        0.0000000000000000        0.0000000000000000        0.0000000000000000        0.0000000000000000        0.0000000000000000        0.0000000000000000        0.0000000000000000        0.0000000000000000        0.0000000000000000       0.92512881120518453        1.2465987339102020       0.98954340913128114       -1.5495288804880641E-003   0.0000000000000000        0.0000000000000000       0.47067548470613640        2.9339221619709415     
 THERM-A          22   1870.0286655907216        300.00000000000000        108.15457249725067        115.43000000000001        792.24204498264658        0.0000000000000000        0.0000000000000000        0.0000000000000000        0.0000000000000000        0.0000000000000000        0.0000000000000000        0.0000000000000000        0.0000000000000000        0.0000000000000000        0.0000000000000000        0.0000000000000000       0.97664457444141040        1.2433975383554030        2.0395156173128863        6.0610328783333896E-003   0.0000000000000000        0.0000000000000000       0.42365235333565648        2.6408068166088219     
 THERM-A          23   1870.0286655907216        300.00000000000000        116.26655058421206        125.12000000000000        884.57728632326791        0.0000000000000000        0.0000000000000000        0.0000000000000000        0.0000000000000000        0.0000000000000000        0.0000000000000000        0.0000000000000000        0.0000000000000000        0.0000000000000000        0.0000000000000000        0.0000000000000000       0.92536751090305902        1.6703598004753408        2.3548999917190252        1.3032043665548304E-003   0.0000000000000000        0.0000000000000000       0.47302873084239039        2.9485909544108933     
 THERM-A          24   1870.0286655907216        300.00000000000000        106.34322413620278        114.32400000000000        879.52238872608018        0.0000000000000000        0.0000000000000000        0.0000000000000000        0.0000000000000000        0.0000000000000000        0.0000000000000000        0.0000000000000000        0.0000000000000000        0.0000000000000000        0.0000000000000000        0.0000000000000000       0.87990773756666540        1.3592142919686077        1.0410689558541968       -3.5425013676065511E-003   0.0000000000000000        0.0000000000000000       0.47032561848363358        2.9317412957536004     
 THERM-A          25   1870.0286655907216        300.00000000000000        104.72156317287535        110.84200000000000        907.22711081585066        0.0000000000000000        0.0000000000000000        0.0000000000000000        0.0000000000000000        0.0000000000000000        0.0000000000000000        0.0000000000000000        0.0000000000000000        0.0000000000000000        0.0000000000000000        0.0000000000000000        1.2403442367452333       0.18426731327065254        2.2577992974552243        3.6144015601291636E-002   0.0000000000000000        0.0000000000000000       0.48514075078590707        3.0240903693861689     
 THERM-A          26   1870.0286655907216        300.00000000000000        122.17676077116749        131.99000000000001        810.72531244880759        0.0000000000000000        0.0000000000000000        0.0000000000000000        0.0000000000000000        0.0000000000000000        0.0000000000000000        0.0000000000000000        0.0000000000000000        0.0000000000000000        0.0000000000000000        0.0000000000000000       0.94245550859446270        1.2199677547487953        2.7560061232363497        7.2863559424991703E-003   0.0000000000000000        0.0000000000000000       0.43353630207198363        2.7024177081626921     
 THERM-A          27   1870.0286655907216        300.00000000000000        110.93335385481885        118.71599999999999        841.72803955103723        0.0000000000000000        0.0000000000000000        0.0000000000000000        0.0000000000000000        0.0000000000000000        0.0000000000000000        0.0000000000000000        0.0000000000000000        0.0000000000000000        0.0000000000000000        0.0000000000000000        1.1409266389406461        1.2029545252183231        1.9891948455260313        1.4391520054873611E-002   0.0000000000000000        0.0000000000000000       0.45011504638360422        2.8057601318367906     
 THERM-A          28   1870.0286655907216        300.00000000000000        26.664247015595265        27.449999999999999        844.84766404012771        0.0000000000000000        0.0000000000000000        0.0000000000000000        0.0000000000000000        0.0000000000000000        0.0000000000000000        0.0000000000000000        0.0000000000000000        0.0000000000000000        0.0000000000000000        0.0000000000000000        1.8414501467709399       0.89370133448448386        1.1845021703465015       0.20491749887939067        0.0000000000000000        0.0000000000000000       0.45178326920098283        2.8161588801337589     
 THERM-A          29   1870.0286655907216        300.00000000000000        39.692794305485073        43.603000000000002        880.93849480480026        0.0000000000000000        0.0000000000000000        0.0000000000000000        0.0000000000000000        0.0000000000000000        0.0000000000000000        0.0000000000000000        0.0000000000000000        0.0000000000000000        0.0000000000000000        0.0000000000000000       0.82371037486267207        1.8888144490134720        2.3251072937858801       -1.4280481214629680E-002   0.0000000000000000        0.0000000000000000       0.47108288285330718        2.9364616493493343     
 THERM-A          30   1870.0286655907216        300.00000000000000        42.429664217087890        46.289999999999999        673.02828556464692        0.0000000000000000        0.0000000000000000        0.0000000000000000        0.0000000000000000        0.0000000000000000        0.0000000000000000        0.0000000000000000        0.0000000000000000        0.0000000000000000        0.0000000000000000        0.0000000000000000       0.85136923421219579        2.7042979705054213        1.7544782833962929       -3.1575615608087984E-002   0.0000000000000000        0.0000000000000000       0.35990265708148633        2.2434276185488229     
 THERM-A          31   1870.0286655907216        300.00000000000000        37.901571545952571        40.515000000000001        915.21202667639466        0.0000000000000000        0.0000000000000000        0.0000000000000000        0.0000000000000000        0.0000000000000000        0.0000000000000000        0.0000000000000000        0.0000000000000000        0.0000000000000000        0.0000000000000000        0.0000000000000000        1.0500082552834682        1.9354233840557209        2.4960689409690047        1.8112889684510421E-002   0.0000000000000000        0.0000000000000000       0.48941069381270108        3.0507067555879823     
 THERM-A          32   1870.0286655907216        300.00000000000000        40.002792200990172        42.799999999999997        687.04954033927311        0.0000000000000000        0.0000000000000000        0.0000000000000000        0.0000000000000000        0.0000000000000000        0.0000000000000000        0.0000000000000000        0.0000000000000000        0.0000000000000000        0.0000000000000000        0.0000000000000000        1.0481638064464374        1.9322683732930346       0.97307603682890775       -1.2077643378838931E-002   0.0000000000000000        0.0000000000000000       0.36740053935068512        2.2901651344642437     
 THERM-A          33   1870.0286655907216        300.00000000000000        37.067768764414225        39.493000000000002        939.25193711504460        0.0000000000000000        0.0000000000000000        0.0000000000000000        0.0000000000000000        0.0000000000000000        0.0000000000000000        0.0000000000000000        0.0000000000000000        0.0000000000000000        0.0000000000000000        0.0000000000000000       0.95932912988252783        2.1809005535784376        2.3009206417202122       -4.9610797104997773E-003   0.0000000000000000        0.0000000000000000       0.50226606382974626        3.1308397903834821     
 THERM-A          34   1870.0286655907216        300.00000000000000        39.709947034560678        41.859999999999999        693.60758348057641        0.0000000000000000        0.0000000000000000        0.0000000000000000        0.0000000000000000        0.0000000000000000        0.0000000000000000        0.0000000000000000        0.0000000000000000        0.0000000000000000        0.0000000000000000        0.0000000000000000        1.1196944669864839        2.1439979942940122        1.7491577838285808        5.0042063834777259E-003   0.0000000000000000        0.0000000000000000       0.37090746053428725        2.3120252782685879     
 THERM-A          35   1870.0286655907216        300.00000000000000        25.045550821839555        26.353999999999999        983.99349607467389        0.0000000000000000        0.0000000000000000        0.0000000000000000        0.0000000000000000        0.0000000000000000        0.0000000000000000        0.0000000000000000        0.0000000000000000        0.0000000000000000        0.0000000000000000        0.0000000000000000        1.0714768427954766        2.0126678862540919        3.3092958311065619        5.5508278437948644E-002   0.0000000000000000        0.0000000000000000       0.52619166442768994        3.2799783202489130     
 THERM-A          36   1870.0286655907216        300.00000000000000        25.524788437699367        26.853999999999999        805.85959215278547        0.0000000000000000        0.0000000000000000        0.0000000000000000        0.0000000000000000        0.0000000000000000        0.0000000000000000        0.0000000000000000        0.0000000000000000        0.0000000000000000        0.0000000000000000        0.0000000000000000        1.0718201722247211        2.0132518571588189        3.5313230827054971        6.1591696079144359E-002   0.0000000000000000        0.0000000000000000       0.43093435249465722        2.6861986405092848     
 THERM-A          37   1870.0286655907216        300.00000000000000        24.570317590812522        25.577000000000002        980.81527353441140        0.0000000000000000        0.0000000000000000        0.0000000000000000        0.0000000000000000        0.0000000000000000        0.0000000000000000        0.0000000000000000        0.0000000000000000        0.0000000000000000        0.0000000000000000        0.0000000000000000        1.2254499804908723        1.5430447516621679        2.7351004380827479       0.10318362881284532        0.0000000000000000        0.0000000000000000       0.52449210623441567        3.2693842451147046     
 THERM-A          38   1870.0286655907216        300.00000000000000        28.889681954573270        30.286999999999999        702.22465514351268        0.0000000000000000        0.0000000000000000        0.0000000000000000        0.0000000000000000        0.0000000000000000        0.0000000000000000        0.0000000000000000        0.0000000000000000        0.0000000000000000        0.0000000000000000        0.0000000000000000        1.4415043435028780        1.9237793563289196       0.50972990826437403        8.6758714795048542E-003   0.0000000000000000        0.0000000000000000       0.37551544961033395        2.3407488504783758     
 THERM-A          39   1870.0286655907216        300.00000000000000        27.482927941657181        28.904000000000000        810.11100733259855        0.0000000000000000        0.0000000000000000        0.0000000000000000        0.0000000000000000        0.0000000000000000        0.0000000000000000        0.0000000000000000        0.0000000000000000        0.0000000000000000        0.0000000000000000        0.0000000000000000        1.0349790970193817        2.0299152952504165        2.5166929758377239        1.8750907201714115E-002   0.0000000000000000        0.0000000000000000       0.43320780169789180        2.7003700244419950     
 THERM-A          40   1870.0286655907216        300.00000000000000        23.687751084477256        24.445000000000000        936.84316238895769        0.0000000000000000        0.0000000000000000        0.0000000000000000        0.0000000000000000        0.0000000000000000        0.0000000000000000        0.0000000000000000        0.0000000000000000        0.0000000000000000        0.0000000000000000        0.0000000000000000        1.5054838957688086       0.79954177492017819        1.5234164757372726       0.16370022154957678        0.0000000000000000        0.0000000000000000       0.50097796874841982        3.1228105412965257     
 THERM-A          41   1870.0286655907216        300.00000000000000        24.576073075891784        25.321000000000002        774.90698920195541        0.0000000000000000        0.0000000000000000        0.0000000000000000        0.0000000000000000        0.0000000000000000        0.0000000000000000        0.0000000000000000        0.0000000000000000        0.0000000000000000        0.0000000000000000        0.0000000000000000        1.5074213499283839       0.80123282972547893        1.9410831290589536       0.18680351369648329        0.0000000000000000        0.0000000000000000       0.41438241213119092        2.5830232973398513     
 THERM-A          42   1870.0286655907216        300.00000000000000        24.132000235276827        24.943999999999999        900.46769978844463        0.0000000000000000        0.0000000000000000        0.0000000000000000        0.0000000000000000        0.0000000000000000        0.0000000000000000        0.0000000000000000        0.0000000000000000        0.0000000000000000        0.0000000000000000        0.0000000000000000        1.5035289289573393       0.79783433448555363        2.1099671264745297       0.20091287916057499        0.0000000000000000        0.0000000000000000       0.48152614789142645        3.0015589992948155     
 THERM-A          43   1870.0286655907216        300.00000000000000        28.273497961984795        29.576789999999999        692.54896853304501        0.0000000000000000        0.0000000000000000        0.0000000000000000        0.0000000000000000        0.0000000000000000        0.0000000000000000        0.0000000000000000        0.0000000000000000        0.0000000000000000        0.0000000000000000        0.0000000000000000        1.4893489404176734       0.78541696147212892        1.6908879423140928       0.14369954613768260        0.0000000000000000        0.0000000000000000       0.37034136496205866        2.3084965617768165     
 THERM-A          44   1870.0286655907216        300.00000000000000        26.371547902440639        27.520900000000001        810.45958471029189        0.0000000000000000        0.0000000000000000        0.0000000000000000        0.0000000000000000        0.0000000000000000        0.0000000000000000        0.0000000000000000        0.0000000000000000        0.0000000000000000        0.0000000000000000        0.0000000000000000        1.4921693268675724       0.78789132278407115        3.2382769789109265       0.25157129068409090        0.0000000000000000        0.0000000000000000       0.43339420385530647        2.7015319490343064     
 THERM-A          45   1870.0286655907216        300.00000000000000        26.063301746188824        27.090000000000000        801.33959472538015        0.0000000000000000        0.0000000000000000        0.0000000000000000        0.0000000000000000        0.0000000000000000        0.0000000000000000        0.0000000000000000        0.0000000000000000        0.0000000000000000        0.0000000000000000        0.0000000000000000        1.4969197957454665       0.79205387176868414        2.6216528522652696       0.21690552609972341        0.0000000000000000        0.0000000000000000       0.42851727862270267        2.6711319824179340     
 THERM-A          46   1870.0286655907216        300.00000000000000        27.188228490781885        28.189000000000000        800.99613940400536        0.0000000000000000        0.0000000000000000        0.0000000000000000        0.0000000000000000        0.0000000000000000        0.0000000000000000        0.0000000000000000        0.0000000000000000        0.0000000000000000        0.0000000000000000        0.0000000000000000        1.4998782000635471       0.79464289211002048        2.6175149381144598       0.20852594316790440        0.0000000000000000        0.0000000000000000       0.42833361549085103        2.6699871313466845     
 THERM-A          47   1870.0286655907216        300.00000000000000        23.395686841171798        24.110800000000001        976.93363038164659        0.0000000000000000        0.0000000000000000        0.0000000000000000        0.0000000000000000        0.0000000000000000        0.0000000000000000        0.0000000000000000        0.0000000000000000        0.0000000000000000        0.0000000000000000        0.0000000000000000        1.5590722176714982        1.6069766842358530        1.3512320311683301       0.11493359366554187        0.0000000000000000        0.0000000000000000       0.52241639305194498        3.2564454346054887     
 THERM-A          48   1870.0286655907216        300.00000000000000        24.519048252143428        25.296340000000001        808.63118960573036        0.0000000000000000        0.0000000000000000        0.0000000000000000        0.0000000000000000        0.0000000000000000        0.0000000000000000        0.0000000000000000        0.0000000000000000        0.0000000000000000        0.0000000000000000        0.0000000000000000        1.5563202090829782        1.6016379590574419        1.7364167206830705       0.13728625555501170        0.0000000000000000        0.0000000000000000       0.43241646745040274        2.6954372986857678     
 THERM-A          49   1870.0286655907216        300.00000000000000        23.933732133808938        24.500000000000000        784.87655085529593        0.0000000000000000        0.0000000000000000        0.0000000000000000        0.0000000000000000        0.0000000000000000        0.0000000000000000        0.0000000000000000        0.0000000000000000        0.0000000000000000        0.0000000000000000        0.0000000000000000        1.7925480299961791        1.6379513930124374        2.5372187638049954       0.28468190605312438        0.0000000000000000        0.0000000000000000       0.41971364679982698        2.6162551695176530     
 THERM-A          50   1870.0286655907216        300.00000000000000        26.400392170574932        27.688440000000000        734.01891251192762        0.0000000000000000        0.0000000000000000        0.0000000000000000        0.0000000000000000        0.0000000000000000        0.0000000000000000        0.0000000000000000        0.0000000000000000        0.0000000000000000        0.0000000000000000        0.0000000000000000        1.5168722538402406        1.5251857214917586        2.3376383486810792       0.16063172966110992        0.0000000000000000        0.0000000000000000       0.39251746565075196        2.4467297083730921     
 THERM-A          51   1870.0286655907216        300.00000000000000        26.054011412727260        26.949000000000002        796.77609067883884        0.0000000000000000        0.0000000000000000        0.0000000000000000        0.0000000000000000        0.0000000000000000        0.0000000000000000        0.0000000000000000        0.0000000000000000        0.0000000000000000        0.0000000000000000        0.0000000000000000        1.5499641545077780        1.5893101308678204        2.9609808265430466       0.21131635009762845        0.0000000000000000        0.0000000000000000       0.42607693953565462        2.6559203022627962     
 THERM-A          52   1870.0286655907216        300.00000000000000        34.775612548925530        36.134999999999998        881.16619581458917        0.0000000000000000        0.0000000000000000        0.0000000000000000        0.0000000000000000        0.0000000000000000        0.0000000000000000        0.0000000000000000        0.0000000000000000        0.0000000000000000        0.0000000000000000        0.0000000000000000        1.5097113206458568       0.92940130222710748        1.1743656565961618        8.9788945771113127E-002   0.0000000000000000        0.0000000000000000       0.47120464623264929        2.9372206527152973     
 THERM-A          53   1870.0286655907216        300.00000000000000        35.793645599984472        37.216000000000001        760.08033308362769        0.0000000000000000        0.0000000000000000        0.0000000000000000        0.0000000000000000        0.0000000000000000        0.0000000000000000        0.0000000000000000        0.0000000000000000        0.0000000000000000        0.0000000000000000        0.0000000000000000        1.5088381785400065       0.92832536587570791        2.2605676978011342       0.13824463316816260        0.0000000000000000        0.0000000000000000       0.40645384055838879        2.5336011102787590     
 THERM-A          54   1870.0286655907216        300.00000000000000        34.964744318998790        36.270000000000003        750.48743331742969        0.0000000000000000        0.0000000000000000        0.0000000000000000        0.0000000000000000        0.0000000000000000        0.0000000000000000        0.0000000000000000        0.0000000000000000        0.0000000000000000        0.0000000000000000        0.0000000000000000        1.5120950725208699       0.93233999475907980        1.5308212442165103       0.10683186374577133        0.0000000000000000        0.0000000000000000       0.40132402627120101        2.5016247777247655     
 THERM-A          55   1870.0286655907216        300.00000000000000        39.627595564349775        41.701999999999998        587.58438592399830        0.0000000000000000        0.0000000000000000        0.0000000000000000        0.0000000000000000        0.0000000000000000        0.0000000000000000        0.0000000000000000        0.0000000000000000        0.0000000000000000        0.0000000000000000        0.0000000000000000        1.5308541514799774       0.47998654574188637        1.1583996426778771        9.8750611904322064E-002   0.0000000000000000        0.0000000000000000       0.31421143254955763        1.9586146197466610     
 THERM-A          56   1870.0286655907216        300.00000000000000        37.611503839032487        39.420999999999999        736.05839427435171        0.0000000000000000        0.0000000000000000        0.0000000000000000        0.0000000000000000        0.0000000000000000        0.0000000000000000        0.0000000000000000        0.0000000000000000        0.0000000000000000        0.0000000000000000        0.0000000000000000        1.4977283327835813       0.91465738670612540        1.7346231412297330       0.10642111669278784        0.0000000000000000        0.0000000000000000       0.39360808089101612        2.4535279809145059     
 THERM-A          57   1870.0286655907216        300.00000000000000        105.10324267974579        109.88300000000000        924.43495972617404        0.0000000000000000        0.0000000000000000        0.0000000000000000        0.0000000000000000        0.0000000000000000        0.0000000000000000        0.0000000000000000        0.0000000000000000        0.0000000000000000        0.0000000000000000        0.0000000000000000        1.3720701061819722       0.90833305894720018        1.7847038127324402        3.0515723299039260E-002   0.0000000000000000        0.0000000000000000       0.49434266796875820        3.0814498657539136     
 THERM-A          58   1870.0286655907216        300.00000000000000        107.13665907125548        112.04500000000000        839.07166823468913        0.0000000000000000        0.0000000000000000        0.0000000000000000        0.0000000000000000        0.0000000000000000        0.0000000000000000        0.0000000000000000        0.0000000000000000        0.0000000000000000        0.0000000000000000        0.0000000000000000        1.3716685738377548       0.90771930387708033        2.5323761685086947        3.9758824478618164E-002   0.0000000000000000        0.0000000000000000       0.44869454873817965        2.7969055607822972     
 THERM-A          59   1870.0286655907216        300.00000000000000        104.67523829024140        109.40100000000000        900.09142626029359        0.0000000000000000        0.0000000000000000        0.0000000000000000        0.0000000000000000        0.0000000000000000        0.0000000000000000        0.0000000000000000        0.0000000000000000        0.0000000000000000        0.0000000000000000        0.0000000000000000        1.3724636119620794       0.90893462408618497        2.2245518058082112        3.6589790153449389E-002   0.0000000000000000        0.0000000000000000       0.48132493518539970        3.0003047542009784     
 THERM-A          60   1870.0286655907216        300.00000000000000        42.391695905665195        44.975999999999999        836.95299527659529        0.0000000000000000        0.0000000000000000        0.0000000000000000        0.0000000000000000        0.0000000000000000        0.0000000000000000        0.0000000000000000        0.0000000000000000        0.0000000000000000        0.0000000000000000        0.0000000000000000        1.3329024006465959        1.3145846981417619        2.3498766686305821        7.4424591450503425E-002   0.0000000000000000        0.0000000000000000       0.44756158591409129        2.7898433175886508     
 THERM-A          61   1870.0286655907216        300.00000000000000        46.109007504295697        49.024000000000001        464.90000329646273        0.0000000000000000        0.0000000000000000        0.0000000000000000        0.0000000000000000        0.0000000000000000        0.0000000000000000        0.0000000000000000        0.0000000000000000        0.0000000000000000        0.0000000000000000        0.0000000000000000        1.3291943683249430        1.3071946351274844        5.3075477612590793E-002   2.0401279448603593E-003   0.0000000000000000        0.0000000000000000       0.24860581650474642        1.5496666776548758     
 THERM-A          62   1870.0286655907216        300.00000000000000        41.463309468332042        43.399700000000003        525.58014239693625        0.0000000000000000        0.0000000000000000        0.0000000000000000        0.0000000000000000        0.0000000000000000        0.0000000000000000        0.0000000000000000        0.0000000000000000        0.0000000000000000        0.0000000000000000        0.0000000000000000        1.3572690480809639        1.3631514996966123      -0.13927081837258237       -4.0483618117513678E-003   0.0000000000000000        0.0000000000000000       0.28105459133746019        1.7519338079897875     
 THERM-A          63   1870.0286655907216        300.00000000000000        42.797830994346114        45.420000000000002        808.61606116153848        0.0000000000000000        0.0000000000000000        0.0000000000000000        0.0000000000000000        0.0000000000000000        0.0000000000000000        0.0000000000000000        0.0000000000000000        0.0000000000000000        0.0000000000000000        0.0000000000000000        1.3323970178858617        1.3135774658949333       0.70797391979100133        2.2582145961919445E-002   0.0000000000000000        0.0000000000000000       0.43240837749730726        2.6953868705384618     
 THERM-A          64   1870.0286655907216        300.00000000000000        42.156865666818639        44.527999999999999        569.83073510590077        0.0000000000000000        0.0000000000000000        0.0000000000000000        0.0000000000000000        0.0000000000000000        0.0000000000000000        0.0000000000000000        0.0000000000000000        0.0000000000000000        0.0000000000000000        0.0000000000000000        1.3267381111150018       0.43613209806992748       0.97717937611942629        5.8421493040282289E-002   0.0000000000000000        0.0000000000000000       0.30471764716285643        1.8994357836863358     
 THERM-A          65   1870.0286655907216        300.00000000000000        19.773923641859728        22.421050000000001        879.40155772791320        0.0000000000000000        0.0000000000000000        0.0000000000000000        0.0000000000000000        0.0000000000000000        0.0000000000000000        0.0000000000000000        0.0000000000000000        0.0000000000000000        0.0000000000000000        0.0000000000000000       -3.3490748651173914E-002   1.7278269699143569        2.8557838086127134      -0.19693777973442711        0.0000000000000000        0.0000000000000000       0.47026100396708082        2.9313385257597107     
 THERM-A          66   1870.0286655907216        300.00000000000000        17.858069911250219        20.657000000000000        910.16516334264827        0.0000000000000000        0.0000000000000000        0.0000000000000000        0.0000000000000000        0.0000000000000000        0.0000000000000000        0.0000000000000000        0.0000000000000000        0.0000000000000000        0.0000000000000000        0.0000000000000000       0.24680273783890477        1.2616073424812473        3.1741175844669978      -0.17829532073032267        0.0000000000000000        0.0000000000000000       0.48671187778564723        3.0338838778088277     
 THERM-A          67   1870.0286655907216        300.00000000000000        13.649870349767596        14.016999999999999        1140.9876406875844        0.0000000000000000        0.0000000000000000        0.0000000000000000        0.0000000000000000        0.0000000000000000        0.0000000000000000        0.0000000000000000        0.0000000000000000        0.0000000000000000        0.0000000000000000        0.0000000000000000        1.4719205457997566        2.0380847020796473        5.1769399534371479       0.56470441829903439        0.0000000000000000        0.0000000000000000       0.61014446552730195        3.8032921356252816     
 THERM-A          68   1870.0286655907216        300.00000000000000        13.343257138312666        13.670000000000000        1175.3329613111400        0.0000000000000000        0.0000000000000000        0.0000000000000000        0.0000000000000000        0.0000000000000000        0.0000000000000000        0.0000000000000000        0.0000000000000000        0.0000000000000000        0.0000000000000000        0.0000000000000000        1.4790073117421836        2.0524982538935954        4.3974836134393565       0.48801910615798683        0.0000000000000000        0.0000000000000000       0.62851066560515279        3.9177765377038001     
 THERM-A          69   1870.0286655907216        300.00000000000000        41.034123089617985        44.226999999999997        1008.4817207907340        0.0000000000000000        0.0000000000000000        0.0000000000000000        0.0000000000000000        0.0000000000000000        0.0000000000000000        0.0000000000000000        0.0000000000000000        0.0000000000000000        0.0000000000000000        0.0000000000000000       0.86306117899215107       0.86840684088748032        2.8334247183086450        1.7118695819271404E-002   0.0000000000000000        0.0000000000000000       0.53928677102506639        3.3616057359691136     
 THERM-A          70   1870.0286655907216        300.00000000000000        43.810585898690313        53.868400000000001        847.65021920774018        0.0000000000000000        0.0000000000000000        0.0000000000000000        0.0000000000000000        0.0000000000000000        0.0000000000000000        0.0000000000000000        0.0000000000000000        0.0000000000000000        0.0000000000000000        0.0000000000000000       0.57828656601758888       0.82323544989461950       0.76076728317801723       -1.6269069729806816E-002   0.0000000000000000        0.0000000000000000       0.45328193883058832        2.8255007306924673     
 THERM-A          71   1870.0286655907216        300.00000000000000        6.7455741490967318        7.0930000000000000        431.97068615178267        0.0000000000000000        0.0000000000000000        0.0000000000000000        0.0000000000000000        0.0000000000000000        0.0000000000000000        0.0000000000000000        0.0000000000000000        0.0000000000000000        0.0000000000000000        0.0000000000000000        1.5952491800886690       0.85284207228154196        5.3300364856743059        1.7049552535288950        0.0000000000000000        0.0000000000000000       0.23099682593118318        1.4399022871726088     
 THERM-A          72   1870.0286655907216        300.00000000000000        6.6836965357308609        6.9883499999999996        309.13351389296770        0.0000000000000000        0.0000000000000000        0.0000000000000000        0.0000000000000000        0.0000000000000000        0.0000000000000000        0.0000000000000000        0.0000000000000000        0.0000000000000000        0.0000000000000000        0.0000000000000000        1.7688258877463938       0.97291461303554139        5.7725535659388534        2.2297069297357481        0.0000000000000000        0.0000000000000000       0.16530950545365880        1.0304450463098924     
 THERM-A          73   1870.0286655907216        300.00000000000000        6.5376515268521000        6.7651000000000003        407.93373640754675        0.0000000000000000        0.0000000000000000        0.0000000000000000        0.0000000000000000        0.0000000000000000        0.0000000000000000        0.0000000000000000        0.0000000000000000        0.0000000000000000        0.0000000000000000        0.0000000000000000        2.0572808253706558        1.0310082927304707        4.5972693393159734        2.5065191838016672        0.0000000000000000        0.0000000000000000       0.21814303914891323        1.3597791213584891     
 THERM-A           1   1954.1672608251179        300.00000000000000        83.796048150339459        100.61000000000000        804.39915386673647        0.0000000000000000        0.0000000000000000        0.0000000000000000        0.0000000000000000        0.0000000000000000        0.0000000000000000        0.0000000000000000        0.0000000000000000        0.0000000000000000        0.0000000000000000        0.0000000000000000       0.31599746678777724        1.1917979969327410        1.9507465432156508       -2.3466020884657691E-002   0.0000000000000000        0.0000000000000000       0.41163270411514874        2.6813305128891214     
 THERM-A           2   1954.1672608251179        300.00000000000000        73.804312087143998        100.45200000000000        839.08943616764759        0.0000000000000000        0.0000000000000000        0.0000000000000000        0.0000000000000000        0.0000000000000000        0.0000000000000000        0.0000000000000000        0.0000000000000000        0.0000000000000000        0.0000000000000000        0.0000000000000000       0.43107727627735054       0.95270576761042725        1.3505378572331279       -1.6938700083439638E-002   0.0000000000000000        0.0000000000000000       0.42938465554548011        2.7969647872254919     
 THERM-A           3   1954.1672608251179        300.00000000000000        35.909473133454505        39.762000000000000        869.67701959902467        0.0000000000000000        0.0000000000000000        0.0000000000000000        0.0000000000000000        0.0000000000000000        0.0000000000000000        0.0000000000000000        0.0000000000000000        0.0000000000000000        0.0000000000000000        0.0000000000000000       0.63492200268447552        4.6212348273614730        2.6543192960938873       -8.7524411858355244E-002   0.0000000000000000        0.0000000000000000       0.44503714550606921        2.8989233986634155     
 THERM-A           4   1954.1672608251179        300.00000000000000        37.236449549216402        40.843000000000004        819.17120627439965        0.0000000000000000        0.0000000000000000        0.0000000000000000        0.0000000000000000        0.0000000000000000        0.0000000000000000        0.0000000000000000        0.0000000000000000        0.0000000000000000        0.0000000000000000        0.0000000000000000       0.82435621733331599        4.0488741714070020        2.6114945516956700       -6.0535288988958644E-002   0.0000000000000000        0.0000000000000000       0.41919196104458167        2.7305706875813320     
 THERM-A           5   1954.1672608251179        300.00000000000000        40.688346315195204        44.527999999999999        597.05923825446712        0.0000000000000000        0.0000000000000000        0.0000000000000000        0.0000000000000000        0.0000000000000000        0.0000000000000000        0.0000000000000000        0.0000000000000000        0.0000000000000000        0.0000000000000000        0.0000000000000000        1.3062358826968428       0.44171796227825266       0.89392708174282065        5.4986874403376372E-002   0.0000000000000000        0.0000000000000000       0.30553128702113647        1.9901974608482238     
 THERM-A           6   1954.1672608251179        300.00000000000000        39.293852993660394        43.564000000000000        816.11499931190053        0.0000000000000000        0.0000000000000000        0.0000000000000000        0.0000000000000000        0.0000000000000000        0.0000000000000000        0.0000000000000000        0.0000000000000000        0.0000000000000000        0.0000000000000000        0.0000000000000000       0.64409087651995722        4.5893267925006356        3.2997328036051967       -7.9758366796816874E-002   0.0000000000000000        0.0000000000000000       0.41762801765868712        2.7203833310396686     
 THERM-A           7   1954.1672608251179        300.00000000000000        53.943914134989974        62.676000000000002        889.03607952995810        0.0000000000000000        0.0000000000000000        0.0000000000000000        0.0000000000000000        0.0000000000000000        0.0000000000000000        0.0000000000000000        0.0000000000000000        0.0000000000000000        0.0000000000000000        0.0000000000000000       0.43427021149011785        4.8732115402424432        2.9190750307425732       -6.8124492882476545E-002   0.0000000000000000        0.0000000000000000       0.45494369768254939        2.9634535984331936     
 THERM-A           8   1954.1672608251179        300.00000000000000        56.603694955655754        65.941000000000003        736.48791814279343        0.0000000000000000        0.0000000000000000        0.0000000000000000        0.0000000000000000        0.0000000000000000        0.0000000000000000        0.0000000000000000        0.0000000000000000        0.0000000000000000        0.0000000000000000        0.0000000000000000       0.38187803087574801        5.2970018272838528        1.4841116800000442       -5.4512943110790468E-002   0.0000000000000000        0.0000000000000000       0.37688069640048233        2.4549597271426449     
 THERM-A           9   1954.1672608251179        300.00000000000000        50.939947179581488        59.140000000000001        862.25835858422261        0.0000000000000000        0.0000000000000000        0.0000000000000000        0.0000000000000000        0.0000000000000000        0.0000000000000000        0.0000000000000000        0.0000000000000000        0.0000000000000000        0.0000000000000000        0.0000000000000000       0.43590785183583675        4.8572700850324457        2.8023193952559371       -7.0903513307299437E-002   0.0000000000000000        0.0000000000000000       0.44124081692994227        2.8741945286140753     
 THERM-A          10   1954.1672608251179        300.00000000000000        58.522884015046706        68.054000000000002        815.20752327835476        0.0000000000000000        0.0000000000000000        0.0000000000000000        0.0000000000000000        0.0000000000000000        0.0000000000000000        0.0000000000000000        0.0000000000000000        0.0000000000000000        0.0000000000000000        0.0000000000000000       0.43247198593957081        4.8908991729372193        1.7468069197481513       -5.3584645510220533E-002   0.0000000000000000        0.0000000000000000       0.41716363774007020        2.7173584109278490     
 THERM-A          11   1954.1672608251179        300.00000000000000        53.441351244035019        60.759999999999998        950.53464666401374        0.0000000000000000        0.0000000000000000        0.0000000000000000        0.0000000000000000        0.0000000000000000        0.0000000000000000        0.0000000000000000        0.0000000000000000        0.0000000000000000        0.0000000000000000        0.0000000000000000        1.0920429964927318       0.24967007229045027        1.8241332905056267        4.1321823766938263E-002   0.0000000000000000        0.0000000000000000       0.48641417022955585        3.1684488222133793     
 THERM-A          12   1954.1672608251179        300.00000000000000        56.109533490827062        63.854129999999998        798.48744818787884        0.0000000000000000        0.0000000000000000        0.0000000000000000        0.0000000000000000        0.0000000000000000        0.0000000000000000        0.0000000000000000        0.0000000000000000        0.0000000000000000        0.0000000000000000        0.0000000000000000        1.0917842673174161       0.24987487668279423       0.93076954231293718        2.5785936387411935E-002   0.0000000000000000        0.0000000000000000       0.40860752515663856        2.6616248272929295     
 THERM-A          13   1954.1672608251179        300.00000000000000        57.058831293506515        66.039000000000001        901.73226163811580        0.0000000000000000        0.0000000000000000        0.0000000000000000        0.0000000000000000        0.0000000000000000        0.0000000000000000        0.0000000000000000        0.0000000000000000        0.0000000000000000        0.0000000000000000        0.0000000000000000       0.93442426583136939       0.46049076013115831       0.96098546440816290        1.0247789215903412E-002   0.0000000000000000        0.0000000000000000       0.46144067589044185        3.0057742054603862     
 THERM-A          14   1954.1672608251179        300.00000000000000        58.841293186156300        67.867000000000004        801.68364130243981        0.0000000000000000        0.0000000000000000        0.0000000000000000        0.0000000000000000        0.0000000000000000        0.0000000000000000        0.0000000000000000        0.0000000000000000        0.0000000000000000        0.0000000000000000        0.0000000000000000       0.89657918864246366       0.46114676917483299       0.94406087928190296        7.3573792446432369E-003   0.0000000000000000        0.0000000000000000       0.41024310322543267        2.6722788043414663     
 THERM-A          15   1954.1672608251179        300.00000000000000        54.082989684382319        62.500000000000000        926.94290741725808        0.0000000000000000        0.0000000000000000        0.0000000000000000        0.0000000000000000        0.0000000000000000        0.0000000000000000        0.0000000000000000        0.0000000000000000        0.0000000000000000        0.0000000000000000        0.0000000000000000       0.93507758507726857       0.46171300145495497        1.2935666078477799        1.4138406110201574E-002   0.0000000000000000        0.0000000000000000       0.47434164208946489        3.0898096913908604     
 THERM-A          16   1954.1672608251179        300.00000000000000        54.690725744766496        63.573999999999998        905.87852821108288        0.0000000000000000        0.0000000000000000        0.0000000000000000        0.0000000000000000        0.0000000000000000        0.0000000000000000        0.0000000000000000        0.0000000000000000        0.0000000000000000        0.0000000000000000        0.0000000000000000       0.76014549641871743       0.45964602608118726        1.7407588273377623        2.1606085770024428E-003   0.0000000000000000        0.0000000000000000       0.46356243212701725        3.0195950940369429     
 THERM-A          17   1954.1672608251179        300.00000000000000        52.493065580280934        60.508000000000003        912.11562523620955        0.0000000000000000        0.0000000000000000        0.0000000000000000        0.0000000000000000        0.0000000000000000        0.0000000000000000        0.0000000000000000        0.0000000000000000        0.0000000000000000        0.0000000000000000        0.0000000000000000       0.64796215461493423        1.9310736777263331        2.0573900291619007       -2.5764685981924131E-002   0.0000000000000000        0.0000000000000000       0.46675412259802285        3.0403854174540319     
 THERM-A          18   1954.1672608251179        300.00000000000000        55.428643511565284        64.605999999999995        814.56060487856007        0.0000000000000000        0.0000000000000000        0.0000000000000000        0.0000000000000000        0.0000000000000000        0.0000000000000000        0.0000000000000000        0.0000000000000000        0.0000000000000000        0.0000000000000000        0.0000000000000000       0.71432686806569956       0.46400695688967764        1.7414866943654057       -1.7565575419557083E-003   0.0000000000000000        0.0000000000000000       0.41683259217771568        2.7152020162618671     
 THERM-A          19   1954.1672608251179        300.00000000000000        33.249403498985892        39.901000000000003        852.69338147589326        0.0000000000000000        0.0000000000000000        0.0000000000000000        0.0000000000000000        0.0000000000000000        0.0000000000000000        0.0000000000000000        0.0000000000000000        0.0000000000000000        0.0000000000000000        0.0000000000000000       0.90887401839503257       0.68559072975536928        1.1706986280174383        1.1556894791548797E-002   0.0000000000000000        0.0000000000000000       0.43634616062284060        2.8423112715863108     
 THERM-A          20   1954.1672608251179        300.00000000000000        32.953521377954765        40.271999999999998        837.47347199694957        0.0000000000000000        0.0000000000000000        0.0000000000000000        0.0000000000000000        0.0000000000000000        0.0000000000000000        0.0000000000000000        0.0000000000000000        0.0000000000000000        0.0000000000000000        0.0000000000000000       0.80622194244020662       0.68697610579378843       0.77200160700008347       -3.4398884714636029E-003   0.0000000000000000        0.0000000000000000       0.42855772317224217        2.7915782399898319     
 THERM-A          21   1954.1672608251179        300.00000000000000        101.38203239603700        113.08000000000000        912.63897367703566        0.0000000000000000        0.0000000000000000        0.0000000000000000        0.0000000000000000        0.0000000000000000        0.0000000000000000        0.0000000000000000        0.0000000000000000        0.0000000000000000        0.0000000000000000        0.0000000000000000       0.88154353773032990        1.1613020459789651       0.99718328876116746       -2.1339927878869670E-003   0.0000000000000000        0.0000000000000000       0.46702193408546183        3.0421299122567858     
 THERM-A          22   1954.1672608251179        300.00000000000000        104.16771113203032        115.43000000000001        821.16616106115350        0.0000000000000000        0.0000000000000000        0.0000000000000000        0.0000000000000000        0.0000000000000000        0.0000000000000000        0.0000000000000000        0.0000000000000000        0.0000000000000000        0.0000000000000000        0.0000000000000000       0.93363715541225856        1.1563594485646491        2.0179601653743928        4.7649933708164543E-003   0.0000000000000000        0.0000000000000000       0.42021283311973429        2.7372205368705118     
 THERM-A          23   1954.1672608251179        300.00000000000000        111.55247569085752        125.12000000000000        917.94941493720569        0.0000000000000000        0.0000000000000000        0.0000000000000000        0.0000000000000000        0.0000000000000000        0.0000000000000000        0.0000000000000000        0.0000000000000000        0.0000000000000000        0.0000000000000000        0.0000000000000000       0.86532102540588085        1.5742866102447624        2.3536032774454925       -7.4724275338337517E-004   0.0000000000000000        0.0000000000000000       0.46973942985290590        3.0598313831240191     
 THERM-A          24   1954.1672608251179        300.00000000000000        102.10950620420515        114.32400000000000        910.66642084208479        0.0000000000000000        0.0000000000000000        0.0000000000000000        0.0000000000000000        0.0000000000000000        0.0000000000000000        0.0000000000000000        0.0000000000000000        0.0000000000000000        0.0000000000000000        0.0000000000000000       0.83404588680380887        1.2778236462330090        1.0575227805488638       -4.2360901294032707E-003   0.0000000000000000        0.0000000000000000       0.46601252569218132        3.0355547361402828     
 THERM-A          25   1954.1672608251179        300.00000000000000        100.91236215104703        110.84200000000000        949.73525477308488        0.0000000000000000        0.0000000000000000        0.0000000000000000        0.0000000000000000        0.0000000000000000        0.0000000000000000        0.0000000000000000        0.0000000000000000        0.0000000000000000        0.0000000000000000        0.0000000000000000        1.2310313808066500       0.22113096437265053        2.1226376863437562        3.4814025774635687E-002   0.0000000000000000        0.0000000000000000       0.48600509987669804        3.1657841825769495     
 THERM-A          26   1954.1672608251179        300.00000000000000        117.31366361093420        131.99000000000001        841.59529283805171        0.0000000000000000        0.0000000000000000        0.0000000000000000        0.0000000000000000        0.0000000000000000        0.0000000000000000        0.0000000000000000        0.0000000000000000        0.0000000000000000        0.0000000000000000        0.0000000000000000       0.89852655435328710        1.1321572756465736        2.7245874556248304        5.6501180718863207E-003   0.0000000000000000        0.0000000000000000       0.43066696986966241        2.8053176427935056     
 THERM-A          27   1954.1672608251179        300.00000000000000        106.38076303434534        118.71599999999999        881.93588877317040        0.0000000000000000        0.0000000000000000        0.0000000000000000        0.0000000000000000        0.0000000000000000        0.0000000000000000        0.0000000000000000        0.0000000000000000        0.0000000000000000        0.0000000000000000        0.0000000000000000        1.0874319982252862        1.0915847753768304        1.9276292674375293        1.2692540146076054E-002   0.0000000000000000        0.0000000000000000       0.45131033891171946        2.9397862959105678     
 THERM-A          28   1954.1672608251179        300.00000000000000        25.794274596420372        27.449999999999999        897.25982479076413        0.0000000000000000        0.0000000000000000        0.0000000000000000        0.0000000000000000        0.0000000000000000        0.0000000000000000        0.0000000000000000        0.0000000000000000        0.0000000000000000        0.0000000000000000        0.0000000000000000        1.7879328806451127       0.88342301593373285        1.0161474935759351       0.18254980605524893        0.0000000000000000        0.0000000000000000       0.45915200954288304        2.9908660826358804     
 THERM-A          29   1954.1672608251179        300.00000000000000        37.818212537925817        43.603000000000002        915.15533747189386        0.0000000000000000        0.0000000000000000        0.0000000000000000        0.0000000000000000        0.0000000000000000        0.0000000000000000        0.0000000000000000        0.0000000000000000        0.0000000000000000        0.0000000000000000        0.0000000000000000       0.75309027923523686        1.8211668746494754        2.3590795650552918       -2.2041583403840395E-002   0.0000000000000000        0.0000000000000000       0.46830962518811375        3.0505177915729793     
 THERM-A          30   1954.1672608251179        300.00000000000000        40.575307128780246        46.289999999999999        697.58808144627005        0.0000000000000000        0.0000000000000000        0.0000000000000000        0.0000000000000000        0.0000000000000000        0.0000000000000000        0.0000000000000000        0.0000000000000000        0.0000000000000000        0.0000000000000000        0.0000000000000000       0.75466010249526905        2.7020288495565472        1.8198498109092651       -3.9088639103398409E-002   0.0000000000000000        0.0000000000000000       0.35697460265081093        2.3252936048209003     
 THERM-A          31   1954.1672608251179        300.00000000000000        36.362357659691646        40.515000000000001        954.34553121701776        0.0000000000000000        0.0000000000000000        0.0000000000000000        0.0000000000000000        0.0000000000000000        0.0000000000000000        0.0000000000000000        0.0000000000000000        0.0000000000000000        0.0000000000000000        0.0000000000000000       0.97177158475468628        1.8041487479209330        2.4747995504493292        9.6228888759530493E-003   0.0000000000000000        0.0000000000000000       0.48836430245692464        3.1811517707233925     
 THERM-A          32   1954.1672608251179        300.00000000000000        38.382873560738879        42.799999999999997        716.29238058102055        0.0000000000000000        0.0000000000000000        0.0000000000000000        0.0000000000000000        0.0000000000000000        0.0000000000000000        0.0000000000000000        0.0000000000000000        0.0000000000000000        0.0000000000000000        0.0000000000000000       0.97039088554487218        1.8018841201133851       0.99455407323324829       -1.4457731789624652E-002   0.0000000000000000        0.0000000000000000       0.36654609609956151        2.3876412686034016     
 THERM-A          33   1954.1672608251179        300.00000000000000        35.669893198228003        39.493000000000002        973.09261833179664        0.0000000000000000        0.0000000000000000        0.0000000000000000        0.0000000000000000        0.0000000000000000        0.0000000000000000        0.0000000000000000        0.0000000000000000        0.0000000000000000        0.0000000000000000        0.0000000000000000       0.88379979149802368        2.0897187754205988        2.3133739051316695       -1.2853095716106801E-002   0.0000000000000000        0.0000000000000000       0.49795769166704945        3.2436420611059886     
 THERM-A          34   1954.1672608251179        300.00000000000000        38.351821079374936        41.859999999999999        720.16651872180148        0.0000000000000000        0.0000000000000000        0.0000000000000000        0.0000000000000000        0.0000000000000000        0.0000000000000000        0.0000000000000000        0.0000000000000000        0.0000000000000000        0.0000000000000000        0.0000000000000000        1.0416289723315988        2.0132763241470988        1.7459108768271763       -1.7319590102825300E-004   0.0000000000000000        0.0000000000000000       0.36852859689079120        2.4005550624060050     
 THERM-A          35   1954.1672608251179        300.00000000000000        24.225557044700846        26.353999999999999        1018.5549544545052        0.0000000000000000        0.0000000000000000        0.0000000000000000        0.0000000000000000        0.0000000000000000        0.0000000000000000        0.0000000000000000        0.0000000000000000        0.0000000000000000        0.0000000000000000        0.0000000000000000        1.0039763943477888        1.8997869787949533        3.2700972054176241        4.0289338764028362E-002   0.0000000000000000        0.0000000000000000       0.52122199305725525        3.3951831815150171     
 THERM-A          36   1954.1672608251179        300.00000000000000        24.688772905265704        26.853999999999999        834.18454640633479        0.0000000000000000        0.0000000000000000        0.0000000000000000        0.0000000000000000        0.0000000000000000        0.0000000000000000        0.0000000000000000        0.0000000000000000        0.0000000000000000        0.0000000000000000        0.0000000000000000        1.0042544238082611        1.9002433336209099        3.4866364163905539        4.5519131372467311E-002   0.0000000000000000        0.0000000000000000       0.42687469139878687        2.7806151546877826     
 THERM-A          37   1954.1672608251179        300.00000000000000        23.820111728079450        25.577000000000002        1017.9146205198778        0.0000000000000000        0.0000000000000000        0.0000000000000000        0.0000000000000000        0.0000000000000000        0.0000000000000000        0.0000000000000000        0.0000000000000000        0.0000000000000000        0.0000000000000000        0.0000000000000000        1.1702936737014731        1.4295409897790399        2.6620394294241985        9.1819462921499673E-002   0.0000000000000000        0.0000000000000000       0.52089431694300237        3.3930487350662593     
 THERM-A          38   1954.1672608251179        300.00000000000000        27.840945949368756        30.286999999999999        739.34618759019020        0.0000000000000000        0.0000000000000000        0.0000000000000000        0.0000000000000000        0.0000000000000000        0.0000000000000000        0.0000000000000000        0.0000000000000000        0.0000000000000000        0.0000000000000000        0.0000000000000000        1.3474386528746320        1.7315950117237744       0.50173450654637231        6.6273745648572080E-003   0.0000000000000000        0.0000000000000000       0.37834334983076745        2.4644872919673007     
 THERM-A          39   1954.1672608251179        300.00000000000000        26.602071281221846        28.904000000000000        836.99208649696379        0.0000000000000000        0.0000000000000000        0.0000000000000000        0.0000000000000000        0.0000000000000000        0.0000000000000000        0.0000000000000000        0.0000000000000000        0.0000000000000000        0.0000000000000000        0.0000000000000000       0.97040655409561738        1.9280210583187927        2.5044959066905168        9.0206696613167187E-003   0.0000000000000000        0.0000000000000000       0.42831138525141210        2.7899736216565461     
 THERM-A          40   1954.1672608251179        300.00000000000000        22.969306597622953        24.445000000000000        980.75715377610584        0.0000000000000000        0.0000000000000000        0.0000000000000000        0.0000000000000000        0.0000000000000000        0.0000000000000000        0.0000000000000000        0.0000000000000000        0.0000000000000000        0.0000000000000000        0.0000000000000000        1.4695832854007485       0.76801390095332378        1.4100049937849595       0.15218038553466190        0.0000000000000000        0.0000000000000000       0.50187984080850678        3.2691905125870195     
 THERM-A          41   1954.1672608251179        300.00000000000000        23.874205182919898        25.321000000000002        809.10063423908969        0.0000000000000000        0.0000000000000000        0.0000000000000000        0.0000000000000000        0.0000000000000000        0.0000000000000000        0.0000000000000000        0.0000000000000000        0.0000000000000000        0.0000000000000000        0.0000000000000000        1.4734699092206816       0.77144449812693272        1.8143116703463420       0.17460204904819826        0.0000000000000000        0.0000000000000000       0.41403857820105894        2.6970021141302989     
 THERM-A          42   1954.1672608251179        300.00000000000000        23.380121828917726        24.943999999999999        943.80263843276430        0.0000000000000000        0.0000000000000000        0.0000000000000000        0.0000000000000000        0.0000000000000000        0.0000000000000000        0.0000000000000000        0.0000000000000000        0.0000000000000000        0.0000000000000000        0.0000000000000000        1.4667910494433050       0.76554673331029965        1.9642840515069870       0.18681152908656781        0.0000000000000000        0.0000000000000000       0.48296922036973322        3.1460087947758808     
 THERM-A          43   1954.1672608251179        300.00000000000000        27.278887618300708        29.576789999999999        729.95540938530564        0.0000000000000000        0.0000000000000000        0.0000000000000000        0.0000000000000000        0.0000000000000000        0.0000000000000000        0.0000000000000000        0.0000000000000000        0.0000000000000000        0.0000000000000000        0.0000000000000000        1.4489757570573194       0.74975588294666884        1.5536759725054852       0.13239634955284024        0.0000000000000000        0.0000000000000000       0.37353783579256816        2.4331846979510190     
 THERM-A          44   1954.1672608251179        300.00000000000000        25.438286581771997        27.520900000000001        854.58880299928296        0.0000000000000000        0.0000000000000000        0.0000000000000000        0.0000000000000000        0.0000000000000000        0.0000000000000000        0.0000000000000000        0.0000000000000000        0.0000000000000000        0.0000000000000000        0.0000000000000000        1.4513564737452422       0.75187098321941293        3.0125402160323378       0.23249660534251340        0.0000000000000000        0.0000000000000000       0.43731609884736561        2.8486293433309431     
 THERM-A          45   1954.1672608251179        300.00000000000000        25.201849555327026        27.090000000000000        842.13750453379032        0.0000000000000000        0.0000000000000000        0.0000000000000000        0.0000000000000000        0.0000000000000000        0.0000000000000000        0.0000000000000000        0.0000000000000000        0.0000000000000000        0.0000000000000000        0.0000000000000000        1.4584338567051196       0.75814982568750766        2.4416739089968993       0.20118535434825388        0.0000000000000000        0.0000000000000000       0.43094443419250117        2.8071250151126343     
 THERM-A          46   1954.1672608251179        300.00000000000000        26.372070607993756        28.189000000000000        838.00854640948558        0.0000000000000000        0.0000000000000000        0.0000000000000000        0.0000000000000000        0.0000000000000000        0.0000000000000000        0.0000000000000000        0.0000000000000000        0.0000000000000000        0.0000000000000000        0.0000000000000000        1.4646850200496571       0.76368448017265067        2.4530512338467787       0.19468677288185496        0.0000000000000000        0.0000000000000000       0.42883153515510697        2.7933618213649520     
 THERM-A          47   1954.1672608251179        300.00000000000000        22.650728767725717        24.110800000000001        1026.2022466289768        0.0000000000000000        0.0000000000000000        0.0000000000000000        0.0000000000000000        0.0000000000000000        0.0000000000000000        0.0000000000000000        0.0000000000000000        0.0000000000000000        0.0000000000000000        0.0000000000000000        1.4836587859574171        1.4609303764002846        1.2701942013278051       0.10296489692398668        0.0000000000000000        0.0000000000000000       0.52513531835329097        3.4206741554299227     
 THERM-A          48   1954.1672608251179        300.00000000000000        23.741689031289280        25.296340000000001        849.16311063321166        0.0000000000000000        0.0000000000000000        0.0000000000000000        0.0000000000000000        0.0000000000000000        0.0000000000000000        0.0000000000000000        0.0000000000000000        0.0000000000000000        0.0000000000000000        0.0000000000000000        1.4815837015940152        1.4569195484550206        1.6353801675237569       0.12305718356285801        0.0000000000000000        0.0000000000000000       0.43453962598609153        2.8305437021107056     
 THERM-A          49   1954.1672608251179        300.00000000000000        23.156514247867484        24.500000000000000        831.45920898907502        0.0000000000000000        0.0000000000000000        0.0000000000000000        0.0000000000000000        0.0000000000000000        0.0000000000000000        0.0000000000000000        0.0000000000000000        0.0000000000000000        0.0000000000000000        0.0000000000000000        1.7026527506377509        1.4833202095208193        2.3291719338749504       0.25168938813487729        0.0000000000000000        0.0000000000000000       0.42548006286729206        2.7715306966302502     
 THERM-A          50   1954.1672608251179        300.00000000000000        25.315980121483019        27.688440000000000        780.73897966586412        0.0000000000000000        0.0000000000000000        0.0000000000000000        0.0000000000000000        0.0000000000000000        0.0000000000000000        0.0000000000000000        0.0000000000000000        0.0000000000000000        0.0000000000000000        0.0000000000000000        1.4281557459128869        1.3538105705309946        2.1748049906531830       0.14037686289091678        0.0000000000000000        0.0000000000000000       0.39952515596654137        2.6024632655528803     
 THERM-A          51   1954.1672608251179        300.00000000000000        25.234114256475813        26.949000000000002        836.25445977211848        0.0000000000000000        0.0000000000000000        0.0000000000000000        0.0000000000000000        0.0000000000000000        0.0000000000000000        0.0000000000000000        0.0000000000000000        0.0000000000000000        0.0000000000000000        0.0000000000000000        1.4765961781209243        1.4472812304698768        2.7968535798149619       0.18963755987520431        0.0000000000000000        0.0000000000000000       0.42793392179696149        2.7875148659070614     
 THERM-A          52   1954.1672608251179        300.00000000000000        33.570580180402011        36.134999999999998        928.56757871859361        0.0000000000000000        0.0000000000000000        0.0000000000000000        0.0000000000000000        0.0000000000000000        0.0000000000000000        0.0000000000000000        0.0000000000000000        0.0000000000000000        0.0000000000000000        0.0000000000000000        1.4625460900830709       0.87164617739533701        1.0708602131860068        8.2147790128847015E-002   0.0000000000000000        0.0000000000000000       0.47517303013587481        3.0952252623953118     
 THERM-A          53   1954.1672608251179        300.00000000000000        34.556178609091511        37.216000000000001        800.84823733870053        0.0000000000000000        0.0000000000000000        0.0000000000000000        0.0000000000000000        0.0000000000000000        0.0000000000000000        0.0000000000000000        0.0000000000000000        0.0000000000000000        0.0000000000000000        0.0000000000000000        1.4618574399808519       0.87080841335204728        2.0966270576634862       0.12693388563657745        0.0000000000000000        0.0000000000000000       0.40981560452535387        2.6694941244623349     
 THERM-A          54   1954.1672608251179        300.00000000000000        33.783317349050861        36.270000000000003        789.88807809586933        0.0000000000000000        0.0000000000000000        0.0000000000000000        0.0000000000000000        0.0000000000000000        0.0000000000000000        0.0000000000000000        0.0000000000000000        0.0000000000000000        0.0000000000000000        0.0000000000000000        1.4658566743390291       0.87567581851134901        1.4098847004830635        9.8063550832937801E-002   0.0000000000000000        0.0000000000000000       0.40420699595711729        2.6329602603195643     
 THERM-A          55   1954.1672608251179        300.00000000000000        38.045091292896011        41.701999999999998        625.02238513066902        0.0000000000000000        0.0000000000000000        0.0000000000000000        0.0000000000000000        0.0000000000000000        0.0000000000000000        0.0000000000000000        0.0000000000000000        0.0000000000000000        0.0000000000000000        0.0000000000000000        1.5002044514889894       0.51021280523106194        1.0092535333737396        8.9841612909655463E-002   0.0000000000000000        0.0000000000000000       0.31984078213794387        2.0834079504355634     
 THERM-A          56   1954.1672608251179        300.00000000000000        36.164757766883518        39.420999999999999        779.80213830332013        0.0000000000000000        0.0000000000000000        0.0000000000000000        0.0000000000000000        0.0000000000000000        0.0000000000000000        0.0000000000000000        0.0000000000000000        0.0000000000000000        0.0000000000000000        0.0000000000000000        1.4467449671525912       0.85246355033856192        1.5877595787550258        9.6807082737880024E-002   0.0000000000000000        0.0000000000000000       0.39904574901846446        2.5993404610110673     
 THERM-A          57   1954.1672608251179        300.00000000000000        101.42294478463343        109.88300000000000        970.02703643378049        0.0000000000000000        0.0000000000000000        0.0000000000000000        0.0000000000000000        0.0000000000000000        0.0000000000000000        0.0000000000000000        0.0000000000000000        0.0000000000000000        0.0000000000000000        0.0000000000000000        1.3299047583413197       0.84433505714314727        1.6766449600108373        2.8250325038406514E-002   0.0000000000000000        0.0000000000000000       0.49638895087424662        3.2334234547792682     
 THERM-A          58   1954.1672608251179        300.00000000000000        103.38983853729920        112.04500000000000        880.38878155226928        0.0000000000000000        0.0000000000000000        0.0000000000000000        0.0000000000000000        0.0000000000000000        0.0000000000000000        0.0000000000000000        0.0000000000000000        0.0000000000000000        0.0000000000000000        0.0000000000000000        1.3295937582025685       0.84386649032309657        2.3889899105917438        3.6834372362663674E-002   0.0000000000000000        0.0000000000000000       0.45051864249354906        2.9346292718408975     
 THERM-A          59   1954.1672608251179        300.00000000000000        101.00751407315124        109.40100000000000        944.52550087841337        0.0000000000000000        0.0000000000000000        0.0000000000000000        0.0000000000000000        0.0000000000000000        0.0000000000000000        0.0000000000000000        0.0000000000000000        0.0000000000000000        0.0000000000000000        0.0000000000000000        1.3302324377962187       0.84482880972343199        2.0954087755117117        3.3883197603391715E-002   0.0000000000000000        0.0000000000000000       0.48333912854501598        3.1484183362613778     
 THERM-A          60   1954.1672608251179        300.00000000000000        40.565937752733191        44.975999999999999        886.11114559792179        0.0000000000000000        0.0000000000000000        0.0000000000000000        0.0000000000000000        0.0000000000000000        0.0000000000000000        0.0000000000000000        0.0000000000000000        0.0000000000000000        0.0000000000000000        0.0000000000000000        1.2619824990963675        1.1732756961251862        2.2221428083267010        6.5760991085031223E-002   0.0000000000000000        0.0000000000000000       0.45344693024064614        2.9537038186597395     
 THERM-A          61   1954.1672608251179        300.00000000000000        44.147019295125922        49.024000000000001        491.79681923465114        0.0000000000000000        0.0000000000000000        0.0000000000000000        0.0000000000000000        0.0000000000000000        0.0000000000000000        0.0000000000000000        0.0000000000000000        0.0000000000000000        0.0000000000000000        0.0000000000000000        1.2596435454342045        1.1686165868603040        4.9296292990276047E-002   1.8189605299467337E-003   0.0000000000000000        0.0000000000000000       0.25166567319677502        1.6393227307821705     
 THERM-A          62   1954.1672608251179        300.00000000000000        39.941599881501936        43.399700000000003        552.26089546686910        0.0000000000000000        0.0000000000000000        0.0000000000000000        0.0000000000000000        0.0000000000000000        0.0000000000000000        0.0000000000000000        0.0000000000000000        0.0000000000000000        0.0000000000000000        0.0000000000000000        1.2929925935448756        1.2350547738011417      -0.13344838664036485       -3.6155677552700341E-003   0.0000000000000000        0.0000000000000000       0.28260676889739988        1.8408696515562304     
 THERM-A          63   1954.1672608251179        300.00000000000000        40.956372882002590        45.420000000000002        856.04508963302919        0.0000000000000000        0.0000000000000000        0.0000000000000000        0.0000000000000000        0.0000000000000000        0.0000000000000000        0.0000000000000000        0.0000000000000000        0.0000000000000000        0.0000000000000000        0.0000000000000000        1.2616201376481433        1.1725538797036856       0.66887007203856363        1.9967246099993466E-002   0.0000000000000000        0.0000000000000000       0.43806131992589875        2.8534836321100974     
 THERM-A          64   1954.1672608251179        300.00000000000000        40.688346315195204        44.527999999999999        597.05923825446712        0.0000000000000000        0.0000000000000000        0.0000000000000000        0.0000000000000000        0.0000000000000000        0.0000000000000000        0.0000000000000000        0.0000000000000000        0.0000000000000000        0.0000000000000000        0.0000000000000000        1.3062358826968428       0.44171796227825266       0.89392708174282065        5.4986874403376372E-002   0.0000000000000000        0.0000000000000000       0.30553128702113647        1.9901974608482238     
 THERM-A          65   1954.1672608251179        300.00000000000000        19.176983512165162        22.421050000000001        878.52380005824307        0.0000000000000000        0.0000000000000000        0.0000000000000000        0.0000000000000000        0.0000000000000000        0.0000000000000000        0.0000000000000000        0.0000000000000000        0.0000000000000000        0.0000000000000000        0.0000000000000000       -3.1639660965186077E-002   1.9896598421482976        2.9775504015252983      -0.21126075796747729        0.0000000000000000        0.0000000000000000       0.44956428125159542        2.9284126668608104     
 THERM-A          66   1954.1672608251179        300.00000000000000        16.800156521732685        20.657000000000000        923.44303179439953        0.0000000000000000        0.0000000000000000        0.0000000000000000        0.0000000000000000        0.0000000000000000        0.0000000000000000        0.0000000000000000        0.0000000000000000        0.0000000000000000        0.0000000000000000        0.0000000000000000       0.22738900710443730        1.4291313335511739        3.3777726924707618      -0.20787323060212709        0.0000000000000000        0.0000000000000000       0.47255066150503899        3.0781434393146649     
 THERM-A          67   1954.1672608251179        300.00000000000000        13.284567243348182        14.016999999999999        1186.2144597851677        0.0000000000000000        0.0000000000000000        0.0000000000000000        0.0000000000000000        0.0000000000000000        0.0000000000000000        0.0000000000000000        0.0000000000000000        0.0000000000000000        0.0000000000000000        0.0000000000000000        1.3957479676046074        1.8829593375159159        4.9823447392932865       0.50224888399573819        0.0000000000000000        0.0000000000000000       0.60701787588249045        3.9540481992838923     
 THERM-A          68   1954.1672608251179        300.00000000000000        13.005704845629030        13.670000000000000        1219.5632391911440        0.0000000000000000        0.0000000000000000        0.0000000000000000        0.0000000000000000        0.0000000000000000        0.0000000000000000        0.0000000000000000        0.0000000000000000        0.0000000000000000        0.0000000000000000        0.0000000000000000        1.4059654406376234        1.9037899528434565        4.2416944324580577       0.43626645126096308        0.0000000000000000        0.0000000000000000       0.62408334416379574        4.0652107973038136     
 THERM-A          69   1954.1672608251179        300.00000000000000        39.358096483196107        44.226999999999997        1044.7831957071601        0.0000000000000000        0.0000000000000000        0.0000000000000000        0.0000000000000000        0.0000000000000000        0.0000000000000000        0.0000000000000000        0.0000000000000000        0.0000000000000000        0.0000000000000000        0.0000000000000000       0.83347750518310482       0.80542779168794010        2.8075239530213838        1.3806838694972429E-002   0.0000000000000000        0.0000000000000000       0.53464369025710523        3.4826106523572005     
 THERM-A          70   1954.1672608251179        300.00000000000000        40.624741530416408        53.868400000000001        884.32236644456975        0.0000000000000000        0.0000000000000000        0.0000000000000000        0.0000000000000000        0.0000000000000000        0.0000000000000000        0.0000000000000000        0.0000000000000000        0.0000000000000000        0.0000000000000000        0.0000000000000000       0.54432459277501455       0.78180500432130662       0.81626804263111541       -1.8670178774094430E-002   0.0000000000000000        0.0000000000000000       0.45253156378803411        2.9477412214818992     
 THERM-A          71   1954.1672608251179        300.00000000000000        6.4910200747005309        7.0930000000000000        458.85838279556850        0.0000000000000000        0.0000000000000000        0.0000000000000000        0.0000000000000000        0.0000000000000000        0.0000000000000000        0.0000000000000000        0.0000000000000000        0.0000000000000000        0.0000000000000000        0.0000000000000000        1.5449383332689868       0.81361367907007975        4.9155229752421778        1.5546241728684893        0.0000000000000000        0.0000000000000000       0.23481018845941695        1.5295279426518951     
 THERM-A          72   1954.1672608251179        300.00000000000000        6.4266435623130764        6.9883499999999996        330.91342043454785        0.0000000000000000        0.0000000000000000        0.0000000000000000        0.0000000000000000        0.0000000000000000        0.0000000000000000        0.0000000000000000        0.0000000000000000        0.0000000000000000        0.0000000000000000        0.0000000000000000        1.7040499678834713       0.92972389306671865        5.2305949219371302        1.9922488083328167        0.0000000000000000        0.0000000000000000       0.16933730651839116        1.1030447347818262     
 THERM-A          73   1954.1672608251179        300.00000000000000        6.2627877436718515        6.7651000000000003        444.76494768577231        0.0000000000000000        0.0000000000000000        0.0000000000000000        0.0000000000000000        0.0000000000000000        0.0000000000000000        0.0000000000000000        0.0000000000000000        0.0000000000000000        0.0000000000000000        0.0000000000000000        1.9684877823028459        1.0201800561992389        3.9595224531111359        2.1438065138766063        0.0000000000000000        0.0000000000000000       0.22759819827192118        1.4825498256192411     
 THERM-A           1   2036.0737725631477        300.00000000000000        80.759593952887073        100.61000000000000        813.62680454333974        0.0000000000000000        0.0000000000000000        0.0000000000000000        0.0000000000000000        0.0000000000000000        0.0000000000000000        0.0000000000000000        0.0000000000000000        0.0000000000000000        0.0000000000000000        0.0000000000000000       0.30205680161776061        1.2548451761864070        2.0253255670443080       -2.5708496223792510E-002   0.0000000000000000        0.0000000000000000       0.39960575864551862        2.7120893484777993     
 THERM-A           2   2036.0737725631477        300.00000000000000        68.130373815712730        100.45200000000000        867.40730893053365        0.0000000000000000        0.0000000000000000        0.0000000000000000        0.0000000000000000        0.0000000000000000        0.0000000000000000        0.0000000000000000        0.0000000000000000        0.0000000000000000        0.0000000000000000        0.0000000000000000       0.39901424899014193       0.98304727863104724        1.4558218233192628       -2.0330912160390773E-002   0.0000000000000000        0.0000000000000000       0.42601958760982539        2.8913576964351120     
 THERM-A           3   2036.0737725631477        300.00000000000000        34.791788636318643        39.762000000000000        886.03539173824436        0.0000000000000000        0.0000000000000000        0.0000000000000000        0.0000000000000000        0.0000000000000000        0.0000000000000000        0.0000000000000000        0.0000000000000000        0.0000000000000000        0.0000000000000000        0.0000000000000000       0.54451150254287595        5.1305358977240472        2.7608524542775408      -0.10350633340304168        0.0000000000000000        0.0000000000000000       0.43516860915252736        2.9534513057941481     
 THERM-A           4   2036.0737725631477        300.00000000000000        36.113672720621771        40.843000000000004        838.83203959841092        0.0000000000000000        0.0000000000000000        0.0000000000000000        0.0000000000000000        0.0000000000000000        0.0000000000000000        0.0000000000000000        0.0000000000000000        0.0000000000000000        0.0000000000000000        0.0000000000000000       0.72626337008978070        4.2439668589597606        2.6869421473936423       -7.4082917198714474E-002   0.0000000000000000        0.0000000000000000       0.41198509155315738        2.7961067986613699     
 THERM-A           5   2036.0737725631477        300.00000000000000        39.470478891248504        44.527999999999999        621.07099268308241        0.0000000000000000        0.0000000000000000        0.0000000000000000        0.0000000000000000        0.0000000000000000        0.0000000000000000        0.0000000000000000        0.0000000000000000        0.0000000000000000        0.0000000000000000        0.0000000000000000        1.2887719091570951       0.44374999005633725       0.82863371324174384        5.2256918568672421E-002   0.0000000000000000        0.0000000000000000       0.30503363927783234        2.0702366422769414     
 THERM-A           6   2036.0737725631477        300.00000000000000        38.138960074688946        43.564000000000000        830.87293052377424        0.0000000000000000        0.0000000000000000        0.0000000000000000        0.0000000000000000        0.0000000000000000        0.0000000000000000        0.0000000000000000        0.0000000000000000        0.0000000000000000        0.0000000000000000        0.0000000000000000       0.55811242663441218        5.0466625987396831        3.4012508339166030       -9.6390058271898560E-002   0.0000000000000000        0.0000000000000000       0.40807604406092568        2.7695764350792476     
 THERM-A           7   2036.0737725631477        300.00000000000000        52.102272632245082        62.676000000000002        901.40398660767551        0.0000000000000000        0.0000000000000000        0.0000000000000000        0.0000000000000000        0.0000000000000000        0.0000000000000000        0.0000000000000000        0.0000000000000000        0.0000000000000000        0.0000000000000000        0.0000000000000000       0.36136076963525271        5.7757715687058724        3.0552261730163477       -8.0099109235846760E-002   0.0000000000000000        0.0000000000000000       0.44271676142310257        3.0046799553589185     
 THERM-A           8   2036.0737725631477        300.00000000000000        54.740220689929558        65.941000000000003        745.12016025383821        0.0000000000000000        0.0000000000000000        0.0000000000000000        0.0000000000000000        0.0000000000000000        0.0000000000000000        0.0000000000000000        0.0000000000000000        0.0000000000000000        0.0000000000000000        0.0000000000000000       0.31434646874049316        6.4152253291823351        1.5918698712705270       -6.1377182364825061E-002   0.0000000000000000        0.0000000000000000       0.36595931360376516        2.4837338675127940     
 THERM-A           9   2036.0737725631477        300.00000000000000        49.191202652793145        59.140000000000001        874.36533660438363        0.0000000000000000        0.0000000000000000        0.0000000000000000        0.0000000000000000        0.0000000000000000        0.0000000000000000        0.0000000000000000        0.0000000000000000        0.0000000000000000        0.0000000000000000        0.0000000000000000       0.36256576899300696        5.7571666272177175        2.9367535614833633       -8.3226336157101177E-002   0.0000000000000000        0.0000000000000000       0.42943696264191511        2.9145511220146121     
 THERM-A          10   2036.0737725631477        300.00000000000000        56.536927680668519        68.054000000000002        826.43396747818406        0.0000000000000000        0.0000000000000000        0.0000000000000000        0.0000000000000000        0.0000000000000000        0.0000000000000000        0.0000000000000000        0.0000000000000000        0.0000000000000000        0.0000000000000000        0.0000000000000000       0.36003036548442729        5.7964864702081798        1.8603338017966999       -6.0997295928605380E-002   0.0000000000000000        0.0000000000000000       0.40589588580467445        2.7547798915939468     
 THERM-A          11   2036.0737725631477        300.00000000000000        51.570114889326284        60.759999999999998        988.08962603013015        0.0000000000000000        0.0000000000000000        0.0000000000000000        0.0000000000000000        0.0000000000000000        0.0000000000000000        0.0000000000000000        0.0000000000000000        0.0000000000000000        0.0000000000000000        0.0000000000000000        1.0822330059674528       0.25633383248228453        1.7478300175398371        4.0231532558580523E-002   0.0000000000000000        0.0000000000000000       0.48529166248541966        3.2936320867671003     
 THERM-A          12   2036.0737725631477        300.00000000000000        54.150840701797911        63.854129999999998        829.92842000877499        0.0000000000000000        0.0000000000000000        0.0000000000000000        0.0000000000000000        0.0000000000000000        0.0000000000000000        0.0000000000000000        0.0000000000000000        0.0000000000000000        0.0000000000000000        0.0000000000000000        1.0820003815388717       0.25646642096489064       0.88104469197488489        2.4988360369373984E-002   0.0000000000000000        0.0000000000000000       0.40761215590140665        2.7664280666959167     
 THERM-A          13   2036.0737725631477        300.00000000000000        54.821208418295591        66.039000000000001        935.76603632317369        0.0000000000000000        0.0000000000000000        0.0000000000000000        0.0000000000000000        0.0000000000000000        0.0000000000000000        0.0000000000000000        0.0000000000000000        0.0000000000000000        0.0000000000000000        0.0000000000000000       0.91794111581759708       0.42971466738095632       0.93853538157100613        9.8231574306064315E-003   0.0000000000000000        0.0000000000000000       0.45959338454871795        3.1192201210772454     
 THERM-A          14   2036.0737725631477        300.00000000000000        56.598162371511236        67.867000000000004        829.86107281187742        0.0000000000000000        0.0000000000000000        0.0000000000000000        0.0000000000000000        0.0000000000000000        0.0000000000000000        0.0000000000000000        0.0000000000000000        0.0000000000000000        0.0000000000000000        0.0000000000000000       0.88118762941010742       0.43032990831503543       0.92794594606985614        7.0142325026024540E-003   0.0000000000000000        0.0000000000000000       0.40757907890891010        2.7662035760395915     
 THERM-A          15   2036.0737725631477        300.00000000000000        51.954598695228221        62.500000000000000        962.07929146395486        0.0000000000000000        0.0000000000000000        0.0000000000000000        0.0000000000000000        0.0000000000000000        0.0000000000000000        0.0000000000000000        0.0000000000000000        0.0000000000000000        0.0000000000000000        0.0000000000000000       0.91848310888132967       0.43072471389238431        1.2641156594353247        1.3542882501016030E-002   0.0000000000000000        0.0000000000000000       0.47251691192545753        3.2069309715465164     
 THERM-A          16   2036.0737725631477        300.00000000000000        52.567870722969154        63.573999999999998        933.30554641264268        0.0000000000000000        0.0000000000000000        0.0000000000000000        0.0000000000000000        0.0000000000000000        0.0000000000000000        0.0000000000000000        0.0000000000000000        0.0000000000000000        0.0000000000000000        0.0000000000000000       0.74689827577919410       0.42890883637893029        1.7368851039968232        1.4876861996260633E-003   0.0000000000000000        0.0000000000000000       0.45838493623820631        3.1110184880421423     
 THERM-A          17   2036.0737725631477        300.00000000000000        50.345079354671469        60.508000000000003        936.14836360809682        0.0000000000000000        0.0000000000000000        0.0000000000000000        0.0000000000000000        0.0000000000000000        0.0000000000000000        0.0000000000000000        0.0000000000000000        0.0000000000000000        0.0000000000000000        0.0000000000000000       0.59760935336682197        1.9452768733398846        2.1177508288520883       -3.0540158651697423E-002   0.0000000000000000        0.0000000000000000       0.45978116128356672        3.1204945453603226     
 THERM-A          18   2036.0737725631477        300.00000000000000        53.215276454981527        64.605999999999995        838.39629841473106        0.0000000000000000        0.0000000000000000        0.0000000000000000        0.0000000000000000        0.0000000000000000        0.0000000000000000        0.0000000000000000        0.0000000000000000        0.0000000000000000        0.0000000000000000        0.0000000000000000       0.70138583146943989       0.43364174587111148        1.7462157835237557       -2.5216990135879152E-003   0.0000000000000000        0.0000000000000000       0.41177108104452470        2.7946543280491034     
 THERM-A          19   2036.0737725631477        300.00000000000000        31.690055402078446        39.901000000000003        890.12962673251070        0.0000000000000000        0.0000000000000000        0.0000000000000000        0.0000000000000000        0.0000000000000000        0.0000000000000000        0.0000000000000000        0.0000000000000000        0.0000000000000000        0.0000000000000000        0.0000000000000000       0.88073946006934645       0.62485220494682148        1.1538081109372609        1.0121486541114527E-002   0.0000000000000000        0.0000000000000000       0.43717945721188439        2.9670987557750355     
 THERM-A          20   2036.0737725631477        300.00000000000000        31.304368765588691        40.271999999999998        872.25417412040622        0.0000000000000000        0.0000000000000000        0.0000000000000000        0.0000000000000000        0.0000000000000000        0.0000000000000000        0.0000000000000000        0.0000000000000000        0.0000000000000000        0.0000000000000000        0.0000000000000000       0.77948225226593260       0.62805714458114803       0.77846839990720484       -4.4095199002017992E-003   0.0000000000000000        0.0000000000000000       0.42840008347160896        2.9075139137346873     
 THERM-A          21   2036.0737725631477        300.00000000000000        97.914571681180703        113.08000000000000        940.50654032687646        0.0000000000000000        0.0000000000000000        0.0000000000000000        0.0000000000000000        0.0000000000000000        0.0000000000000000        0.0000000000000000        0.0000000000000000        0.0000000000000000        0.0000000000000000        0.0000000000000000       0.84761908649855233        1.0951280514140647        1.0054413020318198       -2.6310691254549171E-003   0.0000000000000000        0.0000000000000000       0.46192164203505409        3.1350218010895881     
 THERM-A          22   2036.0737725631477        300.00000000000000        100.87511728806082        115.43000000000001        845.70749965276195        0.0000000000000000        0.0000000000000000        0.0000000000000000        0.0000000000000000        0.0000000000000000        0.0000000000000000        0.0000000000000000        0.0000000000000000        0.0000000000000000        0.0000000000000000        0.0000000000000000       0.90058075208932442        1.0893538015144910        2.0039607857164206        3.7449784309411208E-003   0.0000000000000000        0.0000000000000000       0.41536191421400609        2.8190249988425400     
 THERM-A          23   2036.0737725631477        300.00000000000000        107.60947269257829        125.12000000000000        946.17697581327138        0.0000000000000000        0.0000000000000000        0.0000000000000000        0.0000000000000000        0.0000000000000000        0.0000000000000000        0.0000000000000000        0.0000000000000000        0.0000000000000000        0.0000000000000000        0.0000000000000000       0.81873101203318999        1.5033965863928356        2.3599122604387843       -2.4548112360864988E-003   0.0000000000000000        0.0000000000000000       0.46470662731545315        3.1539232527109045     
 THERM-A          24   2036.0737725631477        300.00000000000000        98.589150478547097        114.32400000000000        937.11232082472361        0.0000000000000000        0.0000000000000000        0.0000000000000000        0.0000000000000000        0.0000000000000000        0.0000000000000000        0.0000000000000000        0.0000000000000000        0.0000000000000000        0.0000000000000000        0.0000000000000000       0.79836437566877205        1.2158053196869576        1.0734963459496938       -4.8445108041906184E-003   0.0000000000000000        0.0000000000000000       0.46025460052217221        3.1237077360824119     
 THERM-A          25   2036.0737725631477        300.00000000000000        97.771515610857819        110.84200000000000        987.29240227144453        0.0000000000000000        0.0000000000000000        0.0000000000000000        0.0000000000000000        0.0000000000000000        0.0000000000000000        0.0000000000000000        0.0000000000000000        0.0000000000000000        0.0000000000000000        0.0000000000000000        1.2219484490492249       0.24643531380923900        2.0150545471793890        3.3688401926138242E-002   0.0000000000000000        0.0000000000000000       0.48490011294068874        3.2909746742381483     
 THERM-A          26   2036.0737725631477        300.00000000000000        113.33362796174808        131.99000000000001        867.59577256462774        0.0000000000000000        0.0000000000000000        0.0000000000000000        0.0000000000000000        0.0000000000000000        0.0000000000000000        0.0000000000000000        0.0000000000000000        0.0000000000000000        0.0000000000000000        0.0000000000000000       0.86510537254169462        1.0653562430333128        2.7046639289255197        4.3686522937477941E-003   0.0000000000000000        0.0000000000000000       0.42611214989152352        2.8919859085487589     
 THERM-A          27   2036.0737725631477        300.00000000000000        102.65363489289589        118.71599999999999        916.14606061283769        0.0000000000000000        0.0000000000000000        0.0000000000000000        0.0000000000000000        0.0000000000000000        0.0000000000000000        0.0000000000000000        0.0000000000000000        0.0000000000000000        0.0000000000000000        0.0000000000000000        1.0475001184206179        1.0080168481944931        1.8826672569002827        1.1455157643618111E-002   0.0000000000000000        0.0000000000000000       0.44995720339716910        3.0538202020427923     
 THERM-A          28   2036.0737725631477        300.00000000000000        25.042417501615564        27.449999999999999        945.34825957491933        0.0000000000000000        0.0000000000000000        0.0000000000000000        0.0000000000000000        0.0000000000000000        0.0000000000000000        0.0000000000000000        0.0000000000000000        0.0000000000000000        0.0000000000000000        0.0000000000000000        1.7421585056990443       0.86943394696144582       0.88552265932119623       0.16521596980840872        0.0000000000000000        0.0000000000000000       0.46429961051207436        3.1511608652497309     
 THERM-A          29   2036.0737725631477        300.00000000000000        36.306881323371726        43.603000000000002        942.65727489717870        0.0000000000000000        0.0000000000000000        0.0000000000000000        0.0000000000000000        0.0000000000000000        0.0000000000000000        0.0000000000000000        0.0000000000000000        0.0000000000000000        0.0000000000000000        0.0000000000000000       0.69975144459438732        1.7842151928077539        2.3973921985879763       -2.8743054466962042E-002   0.0000000000000000        0.0000000000000000       0.46297795669284508        3.1421909163239290     
 THERM-A          30   2036.0737725631477        300.00000000000000        39.091242122390042        46.289999999999999        716.49670736673556        0.0000000000000000        0.0000000000000000        0.0000000000000000        0.0000000000000000        0.0000000000000000        0.0000000000000000        0.0000000000000000        0.0000000000000000        0.0000000000000000        0.0000000000000000        0.0000000000000000       0.68190218647058676        2.7470842408484648        1.8828224031238927       -4.5920593260476913E-002   0.0000000000000000        0.0000000000000000       0.35190115261136190        2.3883223578891184     
 THERM-A          31   2036.0737725631477        300.00000000000000        35.087482175433735        40.515000000000001        986.96484565078958        0.0000000000000000        0.0000000000000000        0.0000000000000000        0.0000000000000000        0.0000000000000000        0.0000000000000000        0.0000000000000000        0.0000000000000000        0.0000000000000000        0.0000000000000000        0.0000000000000000       0.91275650691682098        1.7092971740988765        2.4668147405432359        2.9407639351142836E-003   0.0000000000000000        0.0000000000000000       0.48473923634325455        3.2898828188359652     
 THERM-A          32   2036.0737725631477        300.00000000000000        37.039881377991250        42.799999999999997        740.69101808637026        0.0000000000000000        0.0000000000000000        0.0000000000000000        0.0000000000000000        0.0000000000000000        0.0000000000000000        0.0000000000000000        0.0000000000000000        0.0000000000000000        0.0000000000000000        0.0000000000000000       0.91164215293884276        1.7075478284329326        1.0153536152467286       -1.6537289151619151E-002   0.0000000000000000        0.0000000000000000       0.36378397878675006        2.4689700602879010     
 THERM-A          33   2036.0737725631477        300.00000000000000        34.500334175090160        39.493000000000002        1001.1958979989581        0.0000000000000000        0.0000000000000000        0.0000000000000000        0.0000000000000000        0.0000000000000000        0.0000000000000000        0.0000000000000000        0.0000000000000000        0.0000000000000000        0.0000000000000000        0.0000000000000000       0.82518870492237739        2.0295809128122726        2.3322951697944605       -1.9528095979278216E-002   0.0000000000000000        0.0000000000000000       0.49172869445618606        3.3373196599965271     
 THERM-A          34   2036.0737725631477        300.00000000000000        37.199274590899833        41.859999999999999        742.72400250335261        0.0000000000000000        0.0000000000000000        0.0000000000000000        0.0000000000000000        0.0000000000000000        0.0000000000000000        0.0000000000000000        0.0000000000000000        0.0000000000000000        0.0000000000000000        0.0000000000000000       0.98106098553233778        1.9158125046584131        1.7485497213548267       -4.3866677876830684E-003   0.0000000000000000        0.0000000000000000       0.36478246147651189        2.4757466750111754     
 THERM-A          35   2036.0737725631477        300.00000000000000        23.541960439183850        26.353999999999999        1047.4582628175058        0.0000000000000000        0.0000000000000000        0.0000000000000000        0.0000000000000000        0.0000000000000000        0.0000000000000000        0.0000000000000000        0.0000000000000000        0.0000000000000000        0.0000000000000000        0.0000000000000000       0.95200615280877554        1.8159449723693184        3.2466695907403134        2.8345342901976059E-002   0.0000000000000000        0.0000000000000000       0.51445005428211688        3.4915275427250192     
 THERM-A          36   2036.0737725631477        300.00000000000000        23.991793575898434        26.853999999999999        857.87312841644268        0.0000000000000000        0.0000000000000000        0.0000000000000000        0.0000000000000000        0.0000000000000000        0.0000000000000000        0.0000000000000000        0.0000000000000000        0.0000000000000000        0.0000000000000000        0.0000000000000000       0.95223568045551421        1.8163083998444496        3.4593329080757966        3.2930454853562108E-002   0.0000000000000000        0.0000000000000000       0.42133695742099453        2.8595770947214758     
 THERM-A          37   2036.0737725631477        300.00000000000000        23.167224819337566        25.577000000000002        1050.9100982199861        0.0000000000000000        0.0000000000000000        0.0000000000000000        0.0000000000000000        0.0000000000000000        0.0000000000000000        0.0000000000000000        0.0000000000000000        0.0000000000000000        0.0000000000000000        0.0000000000000000        1.1261594845855700        1.3383975276623405        2.6050348263039638        8.2947555477539611E-002   0.0000000000000000        0.0000000000000000       0.51614539334546272        3.5030336607332870     
 THERM-A          38   2036.0737725631477        300.00000000000000        26.958648333844270        30.286999999999999        771.24358979442536        0.0000000000000000        0.0000000000000000        0.0000000000000000        0.0000000000000000        0.0000000000000000        0.0000000000000000        0.0000000000000000        0.0000000000000000        0.0000000000000000        0.0000000000000000        0.0000000000000000        1.2773756254415498        1.5879301389586424       0.49656040148407810        5.1313353772534098E-003   0.0000000000000000        0.0000000000000000       0.37878960978095194        2.5708119659814179     
 THERM-A          39   2036.0737725631477        300.00000000000000        25.842421234701181        28.904000000000000        860.20319658187975        0.0000000000000000        0.0000000000000000        0.0000000000000000        0.0000000000000000        0.0000000000000000        0.0000000000000000        0.0000000000000000        0.0000000000000000        0.0000000000000000        0.0000000000000000        0.0000000000000000       0.91874466346023576        1.8504491608184739        2.5007312909674511        9.2324260662787760E-004   0.0000000000000000        0.0000000000000000       0.42248135022091937        2.8673439886062657     
 THERM-A          40   2036.0737725631477        300.00000000000000        22.346418890869000        24.445000000000000        1020.7665433410339        0.0000000000000000        0.0000000000000000        0.0000000000000000        0.0000000000000000        0.0000000000000000        0.0000000000000000        0.0000000000000000        0.0000000000000000        0.0000000000000000        0.0000000000000000        0.0000000000000000        1.4394123576505569       0.74124440471385145        1.3181189060287843       0.14296627292976488        0.0000000000000000        0.0000000000000000       0.50134064742458906        3.4025551444701128     
 THERM-A          41   2036.0737725631477        300.00000000000000        23.258962534183301        25.321000000000002        840.51280182644018        0.0000000000000000        0.0000000000000000        0.0000000000000000        0.0000000000000000        0.0000000000000000        0.0000000000000000        0.0000000000000000        0.0000000000000000        0.0000000000000000        0.0000000000000000        0.0000000000000000        1.4445760496162598       0.74584310511333396        1.7099744703504329       0.16468840971304163        0.0000000000000000        0.0000000000000000       0.41281058336523124        2.8017093394214672     
 THERM-A          42   2036.0737725631477        300.00000000000000        22.729982902361670        24.943999999999999        983.23132953623508        0.0000000000000000        0.0000000000000000        0.0000000000000000        0.0000000000000000        0.0000000000000000        0.0000000000000000        0.0000000000000000        0.0000000000000000        0.0000000000000000        0.0000000000000000        0.0000000000000000        1.4360209848812948       0.73822031536624666        1.8465293664144986       0.17557375475776490        0.0000000000000000        0.0000000000000000       0.48290555223766612        3.2774377651207836     
 THERM-A          43   2036.0737725631477        300.00000000000000        26.433023478670421        29.576789999999999        763.64039127627404        0.0000000000000000        0.0000000000000000        0.0000000000000000        0.0000000000000000        0.0000000000000000        0.0000000000000000        0.0000000000000000        0.0000000000000000        0.0000000000000000        0.0000000000000000        0.0000000000000000        1.4158228902777283       0.72014838493711220        1.4454520794128927       0.12361359682347678        0.0000000000000000        0.0000000000000000       0.37505536467617856        2.5454679709209134     
 THERM-A          44   2036.0737725631477        300.00000000000000        24.645554665268929        27.520900000000001        894.29289432395649        0.0000000000000000        0.0000000000000000        0.0000000000000000        0.0000000000000000        0.0000000000000000        0.0000000000000000        0.0000000000000000        0.0000000000000000        0.0000000000000000        0.0000000000000000        0.0000000000000000        1.4178934375555250       0.72200574784647198        2.8341854896236680       0.21767915418531103        0.0000000000000000        0.0000000000000000       0.43922421003349005        2.9809763144131884     
 THERM-A          45   2036.0737725631477        300.00000000000000        24.462817996217499        27.090000000000000        879.07548856262088        0.0000000000000000        0.0000000000000000        0.0000000000000000        0.0000000000000000        0.0000000000000000        0.0000000000000000        0.0000000000000000        0.0000000000000000        0.0000000000000000        0.0000000000000000        0.0000000000000000        1.4265016383988471       0.72971601368686967        2.2976285838895461       0.18879702970197648        0.0000000000000000        0.0000000000000000       0.43175031298398436        2.9302516285420697     
 THERM-A          46   2036.0737725631477        300.00000000000000        25.663167855421293        28.189000000000000        871.77506766072622        0.0000000000000000        0.0000000000000000        0.0000000000000000        0.0000000000000000        0.0000000000000000        0.0000000000000000        0.0000000000000000        0.0000000000000000        0.0000000000000000        0.0000000000000000        0.0000000000000000        1.4350396171491291       0.73734467166766438        2.3190256893235359       0.18356756959684389        0.0000000000000000        0.0000000000000000       0.42816477448323331        2.9059168922024208     
 THERM-A          47   2036.0737725631477        300.00000000000000        22.010017203457430        24.110800000000001        1069.9163669765464        0.0000000000000000        0.0000000000000000        0.0000000000000000        0.0000000000000000        0.0000000000000000        0.0000000000000000        0.0000000000000000        0.0000000000000000        0.0000000000000000        0.0000000000000000        0.0000000000000000        1.4251049675229237        1.3479326686112705        1.2071184139120885        9.4130426340087073E-002   0.0000000000000000        0.0000000000000000       0.52548015764166700        3.5663878899218213     
 THERM-A          48   2036.0737725631477        300.00000000000000        23.072375589406096        25.296340000000001        885.16279743441407        0.0000000000000000        0.0000000000000000        0.0000000000000000        0.0000000000000000        0.0000000000000000        0.0000000000000000        0.0000000000000000        0.0000000000000000        0.0000000000000000        0.0000000000000000        0.0000000000000000        1.4234530137291601        1.3447503254912065        1.5566190602024876       0.11253139337821869        0.0000000000000000        0.0000000000000000       0.43474004201729444        2.9505426581147134     
 THERM-A          49   2036.0737725631477        300.00000000000000        22.490964896512054        24.500000000000000        872.88653626497546        0.0000000000000000        0.0000000000000000        0.0000000000000000        0.0000000000000000        0.0000000000000000        0.0000000000000000        0.0000000000000000        0.0000000000000000        0.0000000000000000        0.0000000000000000        0.0000000000000000        1.6334297458322933        1.3658588004660803        2.1698191078846354       0.22776463455678550        0.0000000000000000        0.0000000000000000       0.42871066266234875        2.9096217875499182     
 THERM-A          50   2036.0737725631477        300.00000000000000        24.419355369473951        27.688440000000000        821.01521713730938        0.0000000000000000        0.0000000000000000        0.0000000000000000        0.0000000000000000        0.0000000000000000        0.0000000000000000        0.0000000000000000        0.0000000000000000        0.0000000000000000        0.0000000000000000        0.0000000000000000        1.3632497590936659        1.2290063226464045        2.0553603834460681       0.12642631919852881        0.0000000000000000        0.0000000000000000       0.40323451350378126        2.7367173904576978     
 THERM-A          51   2036.0737725631477        300.00000000000000        24.526999854707615        26.949000000000002        871.37432513276576        0.0000000000000000        0.0000000000000000        0.0000000000000000        0.0000000000000000        0.0000000000000000        0.0000000000000000        0.0000000000000000        0.0000000000000000        0.0000000000000000        0.0000000000000000        0.0000000000000000        1.4193593745870707        1.3368656894262232        2.6685773045805368       0.17354046991042055        0.0000000000000000        0.0000000000000000       0.42796795326125175        2.9045810837758861     
 THERM-A          52   2036.0737725631477        300.00000000000000        32.545024231618200        36.134999999999998        971.09303718657736        0.0000000000000000        0.0000000000000000        0.0000000000000000        0.0000000000000000        0.0000000000000000        0.0000000000000000        0.0000000000000000        0.0000000000000000        0.0000000000000000        0.0000000000000000        0.0000000000000000        1.4245551234803688       0.82566593372107422       0.98965942434318643        7.6300568366969287E-002   0.0000000000000000        0.0000000000000000       0.47694393507367838        3.2369767906219247     
 THERM-A          53   2036.0737725631477        300.00000000000000        33.502465345534645        37.216000000000001        837.43788304547707        0.0000000000000000        0.0000000000000000        0.0000000000000000        0.0000000000000000        0.0000000000000000        0.0000000000000000        0.0000000000000000        0.0000000000000000        0.0000000000000000        0.0000000000000000        0.0000000000000000        1.4239881692360856       0.82498340676488868        1.9675151397819892       0.11826442741542847        0.0000000000000000        0.0000000000000000       0.41130036363626132        2.7914596101515903     
 THERM-A          54   2036.0737725631477        300.00000000000000        32.774040587067191        36.270000000000003        825.32413869775121        0.0000000000000000        0.0000000000000000        0.0000000000000000        0.0000000000000000        0.0000000000000000        0.0000000000000000        0.0000000000000000        0.0000000000000000        0.0000000000000000        0.0000000000000000        0.0000000000000000        1.4284330631999798       0.83033726602675861        1.3143718825726614        9.1312264248176123E-002   0.0000000000000000        0.0000000000000000       0.40535080301082471        2.7510804623258376     
 THERM-A          55   2036.0737725631477        300.00000000000000        36.718119047788491        41.701999999999998        658.89365264075627        0.0000000000000000        0.0000000000000000        0.0000000000000000        0.0000000000000000        0.0000000000000000        0.0000000000000000        0.0000000000000000        0.0000000000000000        0.0000000000000000        0.0000000000000000        0.0000000000000000        1.4728127682126164       0.52655667063825229       0.89473108516407773        8.2837928333314617E-002   0.0000000000000000        0.0000000000000000       0.32360991115331555        2.1963121754691874     
 THERM-A          56   2036.0737725631477        300.00000000000000        34.948948030404473        39.420999999999999        818.77863613283000        0.0000000000000000        0.0000000000000000        0.0000000000000000        0.0000000000000000        0.0000000000000000        0.0000000000000000        0.0000000000000000        0.0000000000000000        0.0000000000000000        0.0000000000000000        0.0000000000000000        1.4063672926960817       0.80382408896652224        1.4745153603681354        8.9602389956084771E-002   0.0000000000000000        0.0000000000000000       0.40213603611331622        2.7292621204427667     
 THERM-A          57   2036.0737725631477        300.00000000000000        98.313628116722654        109.88300000000000        1010.5035292595056        0.0000000000000000        0.0000000000000000        0.0000000000000000        0.0000000000000000        0.0000000000000000        0.0000000000000000        0.0000000000000000        0.0000000000000000        0.0000000000000000        0.0000000000000000        0.0000000000000000        1.2964256735403128       0.79419546465349999        1.5915291113814176        2.6525472848116453E-002   0.0000000000000000        0.0000000000000000       0.49630005694116636        3.3683450975316855     
 THERM-A          58   2036.0737725631477        300.00000000000000        100.22333114801012        112.04500000000000        917.07955301143829        0.0000000000000000        0.0000000000000000        0.0000000000000000        0.0000000000000000        0.0000000000000000        0.0000000000000000        0.0000000000000000        0.0000000000000000        0.0000000000000000        0.0000000000000000        0.0000000000000000        1.2961724100725740       0.79381852255248653        2.2759354852574099        3.4606701893226947E-002   0.0000000000000000        0.0000000000000000       0.45041568010424121        3.0569318433714612     
 THERM-A          59   2036.0737725631477        300.00000000000000        97.909204947505145        109.40100000000000        983.97002164594585        0.0000000000000000        0.0000000000000000        0.0000000000000000        0.0000000000000000        0.0000000000000000        0.0000000000000000        0.0000000000000000        0.0000000000000000        0.0000000000000000        0.0000000000000000        0.0000000000000000        1.2967079410317532       0.79461561690206906        1.9936695713294770        3.1822979898844667E-002   0.0000000000000000        0.0000000000000000       0.48326835446991573        3.2799000721531528     
 THERM-A          60   2036.0737725631477        300.00000000000000        39.059383070530679        44.975999999999999        928.51775401955672        0.0000000000000000        0.0000000000000000        0.0000000000000000        0.0000000000000000        0.0000000000000000        0.0000000000000000        0.0000000000000000        0.0000000000000000        0.0000000000000000        0.0000000000000000        0.0000000000000000        1.2096111082771814        1.0689763046465806        2.1277607124062490        5.9677571380858795E-002   0.0000000000000000        0.0000000000000000       0.45603345346896523        3.0950591800651890     
 THERM-A          61   2036.0737725631477        300.00000000000000        42.528346886614813        49.024000000000001        514.98455979498772        0.0000000000000000        0.0000000000000000        0.0000000000000000        0.0000000000000000        0.0000000000000000        0.0000000000000000        0.0000000000000000        0.0000000000000000        0.0000000000000000        0.0000000000000000        0.0000000000000000        1.2082001662411510        1.0661670549158477        4.6480523712067567E-002   1.6638303002393662E-003   0.0000000000000000        0.0000000000000000       0.25293020652522341        1.7166151993166257     
 THERM-A          62   2036.0737725631477        300.00000000000000        38.656378720484540        43.399700000000003        575.64421400207755        0.0000000000000000        0.0000000000000000        0.0000000000000000        0.0000000000000000        0.0000000000000000        0.0000000000000000        0.0000000000000000        0.0000000000000000        0.0000000000000000        0.0000000000000000        0.0000000000000000        1.2438344091466622        1.1371277422333748      -0.12900950612408502       -3.2987245764396073E-003   0.0000000000000000        0.0000000000000000       0.28272267034677118        1.9188140466735919     
 THERM-A          63   2036.0737725631477        300.00000000000000        39.436438909786595        45.420000000000002        896.97049970711862        0.0000000000000000        0.0000000000000000        0.0000000000000000        0.0000000000000000        0.0000000000000000        0.0000000000000000        0.0000000000000000        0.0000000000000000        0.0000000000000000        0.0000000000000000        0.0000000000000000        1.2093313737793263        1.0684193375016569       0.63994985405537497        1.8130596510914691E-002   0.0000000000000000        0.0000000000000000       0.44053929272805836        2.9899016656903954     
 THERM-A          64   2036.0737725631477        300.00000000000000        39.470478891248504        44.527999999999999        621.07099268308241        0.0000000000000000        0.0000000000000000        0.0000000000000000        0.0000000000000000        0.0000000000000000        0.0000000000000000        0.0000000000000000        0.0000000000000000        0.0000000000000000        0.0000000000000000        0.0000000000000000        1.2887719091570951       0.44374999005633725       0.82863371324174384        5.2256918568672421E-002   0.0000000000000000        0.0000000000000000       0.30503363927783234        2.0702366422769414     
 THERM-A          65   2036.0737725631477        300.00000000000000        18.710261157524496        22.421050000000001        877.85635514321336        0.0000000000000000        0.0000000000000000        0.0000000000000000        0.0000000000000000        0.0000000000000000        0.0000000000000000        0.0000000000000000        0.0000000000000000        0.0000000000000000        0.0000000000000000        0.0000000000000000       -3.0036276270661872E-002   2.2382225883247746        3.0789630408740556      -0.22346906917163281        0.0000000000000000        0.0000000000000000       0.43115154616333390        2.9261878504773779     
 THERM-A          66   2036.0737725631477        300.00000000000000        15.916446391160171        20.657000000000000        934.40955956158416        0.0000000000000000        0.0000000000000000        0.0000000000000000        0.0000000000000000        0.0000000000000000        0.0000000000000000        0.0000000000000000        0.0000000000000000        0.0000000000000000        0.0000000000000000        0.0000000000000000       0.20944170967733691        1.6222763883469864        3.5746359745301941      -0.23875442004389527        0.0000000000000000        0.0000000000000000       0.45892716273501527        3.1146985318719471     
 THERM-A          67   2036.0737725631477        300.00000000000000        12.963463101512172        14.016999999999999        1226.4954209706591        0.0000000000000000        0.0000000000000000        0.0000000000000000        0.0000000000000000        0.0000000000000000        0.0000000000000000        0.0000000000000000        0.0000000000000000        0.0000000000000000        0.0000000000000000        0.0000000000000000        1.3349635198941505        1.7588708662301675        4.8289124875029756       0.45439778852548018        0.0000000000000000        0.0000000000000000       0.60238260395970988        4.0883180699021970     
 THERM-A          68   2036.0737725631477        300.00000000000000        12.706869552013234        13.670000000000000        1259.2010833290108        0.0000000000000000        0.0000000000000000        0.0000000000000000        0.0000000000000000        0.0000000000000000        0.0000000000000000        0.0000000000000000        0.0000000000000000        0.0000000000000000        0.0000000000000000        0.0000000000000000        1.3470172538028080        1.7835018498377144        4.1174450806611409       0.39609221674981732        0.0000000000000000        0.0000000000000000       0.61844570677998723        4.1973369444300355     
 THERM-A          69   2036.0737725631477        300.00000000000000        37.959614249338365        44.226999999999997        1076.3090365353394        0.0000000000000000        0.0000000000000000        0.0000000000000000        0.0000000000000000        0.0000000000000000        0.0000000000000000        0.0000000000000000        0.0000000000000000        0.0000000000000000        0.0000000000000000        0.0000000000000000       0.81027988210882662       0.75568980305184574        2.7901052983248427        1.1111950946345830E-002   0.0000000000000000        0.0000000000000000       0.52861986193182409        3.5876967884511313     
 THERM-A          70   2036.0737725631477        300.00000000000000        38.245138613909560        53.868400000000001        913.17099294391164        0.0000000000000000        0.0000000000000000        0.0000000000000000        0.0000000000000000        0.0000000000000000        0.0000000000000000        0.0000000000000000        0.0000000000000000        0.0000000000000000        0.0000000000000000        0.0000000000000000       0.51965854725284588       0.75573766200448078       0.86326323111085856       -2.0900095315734321E-002   0.0000000000000000        0.0000000000000000       0.44849602467711674        3.0439033098130390     
 THERM-A          71   2036.0737725631477        300.00000000000000        6.2871880973139875        7.0930000000000000        481.74160027915315        0.0000000000000000        0.0000000000000000        0.0000000000000000        0.0000000000000000        0.0000000000000000        0.0000000000000000        0.0000000000000000        0.0000000000000000        0.0000000000000000        0.0000000000000000        0.0000000000000000        1.5061026448716235       0.78247045371477197        4.6099033209472555        1.4457193627026137        0.0000000000000000        0.0000000000000000       0.23660321485930452        1.6058053342638439     
 THERM-A          72   2036.0737725631477        300.00000000000000        6.2216924220335637        6.9883499999999996        349.41917503574825        0.0000000000000000        0.0000000000000000        0.0000000000000000        0.0000000000000000        0.0000000000000000        0.0000000000000000        0.0000000000000000        0.0000000000000000        0.0000000000000000        0.0000000000000000        0.0000000000000000        1.6544126832651211       0.89460766130167590        4.8398086889868903        1.8241389891172701        0.0000000000000000        0.0000000000000000       0.17161420167790664        1.1647305834524941     
 THERM-A          73   2036.0737725631477        300.00000000000000        6.0422266361571895        6.7651000000000003        476.68422616994496        0.0000000000000000        0.0000000000000000        0.0000000000000000        0.0000000000000000        0.0000000000000000        0.0000000000000000        0.0000000000000000        0.0000000000000000        0.0000000000000000        0.0000000000000000        0.0000000000000000        1.8984431566180224       0.99961453141619416        3.5149478633674334        1.8930874880044559        0.0000000000000000        0.0000000000000000       0.23411932936489946        1.5889474205664833     
 THERM-A           1   2111.2860012962306        300.00000000000000        78.281714440612234        100.61000000000000        821.17003026176405        0.0000000000000000        0.0000000000000000        0.0000000000000000        0.0000000000000000        0.0000000000000000        0.0000000000000000        0.0000000000000000        0.0000000000000000        0.0000000000000000        0.0000000000000000        0.0000000000000000       0.29019854107391924        1.3169959289221624        2.0915566401808423       -2.7790655643451394E-002   0.0000000000000000        0.0000000000000000       0.38894305639198296        2.7372334342058804     
 THERM-A           2   2111.2860012962306        300.00000000000000        63.284681243047046        100.45200000000000        892.37914821716424        0.0000000000000000        0.0000000000000000        0.0000000000000000        0.0000000000000000        0.0000000000000000        0.0000000000000000        0.0000000000000000        0.0000000000000000        0.0000000000000000        0.0000000000000000        0.0000000000000000       0.37049604039046991        1.0305376314720818        1.5631445826337567       -2.4131989749140326E-002   0.0000000000000000        0.0000000000000000       0.42267089710692218        2.9745971607238810     
 THERM-A           3   2111.2860012962306        300.00000000000000        33.831560090347665        39.762000000000000        898.66834414257767        0.0000000000000000        0.0000000000000000        0.0000000000000000        0.0000000000000000        0.0000000000000000        0.0000000000000000        0.0000000000000000        0.0000000000000000        0.0000000000000000        0.0000000000000000        0.0000000000000000       0.46755148879679470        5.8011754211107487        2.8677020029402271      -0.11943130845751966        0.0000000000000000        0.0000000000000000       0.42564974313799148        2.9955611471419257     
 THERM-A           4   2111.2860012962306        300.00000000000000        35.146933600679859        40.843000000000004        854.57547473001807        0.0000000000000000        0.0000000000000000        0.0000000000000000        0.0000000000000000        0.0000000000000000        0.0000000000000000        0.0000000000000000        0.0000000000000000        0.0000000000000000        0.0000000000000000        0.0000000000000000       0.64505741489578849        4.5129647597599529        2.7647032729649514       -8.7020003005661373E-002   0.0000000000000000        0.0000000000000000       0.40476537721812622        2.8485849157667271     
 THERM-A           5   2111.2860012962306        300.00000000000000        38.428774847728441        44.527999999999999        642.72163452242819        0.0000000000000000        0.0000000000000000        0.0000000000000000        0.0000000000000000        0.0000000000000000        0.0000000000000000        0.0000000000000000        0.0000000000000000        0.0000000000000000        0.0000000000000000        0.0000000000000000        1.2735609635608616       0.44381331121946427       0.77537566081696196        5.0008163382398441E-002   0.0000000000000000        0.0000000000000000       0.30442187090134981        2.1424054484080939     
 THERM-A           6   2111.2860012962306        300.00000000000000        37.158979821846621        43.564000000000000        842.23670563817825        0.0000000000000000        0.0000000000000000        0.0000000000000000        0.0000000000000000        0.0000000000000000        0.0000000000000000        0.0000000000000000        0.0000000000000000        0.0000000000000000        0.0000000000000000        0.0000000000000000       0.48594925497921737        5.6249601324582130        3.5033779647651291      -0.11236387831718196        0.0000000000000000        0.0000000000000000       0.39892118127107573        2.8074556854605941     
 THERM-A           7   2111.2860012962306        300.00000000000000        50.596033444216722        62.676000000000002        910.19314668245488        0.0000000000000000        0.0000000000000000        0.0000000000000000        0.0000000000000000        0.0000000000000000        0.0000000000000000        0.0000000000000000        0.0000000000000000        0.0000000000000000        0.0000000000000000        0.0000000000000000       0.30017635400680914        6.9562838670331351        3.1844100041242456       -9.1751190341184174E-002   0.0000000000000000        0.0000000000000000       0.43110840791993077        3.0339771556081829     
 THERM-A           8   2111.2860012962306        300.00000000000000        53.218331744899061        65.941000000000003        751.15016646442518        0.0000000000000000        0.0000000000000000        0.0000000000000000        0.0000000000000000        0.0000000000000000        0.0000000000000000        0.0000000000000000        0.0000000000000000        0.0000000000000000        0.0000000000000000        0.0000000000000000       0.25729703417369243        7.9031029659806800        1.6902965304564004       -6.8172304516397331E-002   0.0000000000000000        0.0000000000000000       0.35577849993002097        2.5038338882147504     
 THERM-A           9   2111.2860012962306        300.00000000000000        47.762610143094903        59.140000000000001        882.95829358449316        0.0000000000000000        0.0000000000000000        0.0000000000000000        0.0000000000000000        0.0000000000000000        0.0000000000000000        0.0000000000000000        0.0000000000000000        0.0000000000000000        0.0000000000000000        0.0000000000000000       0.30109721353317970        6.9343880782461191        3.0639850605562957       -9.5226528946522837E-002   0.0000000000000000        0.0000000000000000       0.41820875667360946        2.9431943119483104     
 THERM-A          10   2111.2860012962306        300.00000000000000        54.910623419171031        68.054000000000002        834.42260582331437        0.0000000000000000        0.0000000000000000        0.0000000000000000        0.0000000000000000        0.0000000000000000        0.0000000000000000        0.0000000000000000        0.0000000000000000        0.0000000000000000        0.0000000000000000        0.0000000000000000       0.29915467956847713        6.9807551170906503        1.9653306550306300       -6.8343362134519497E-002   0.0000000000000000        0.0000000000000000       0.39522007217923960        2.7814086860777145     
 THERM-A          11   2111.2860012962306        300.00000000000000        50.030109121500722        60.759999999999998        1020.9163888490399        0.0000000000000000        0.0000000000000000        0.0000000000000000        0.0000000000000000        0.0000000000000000        0.0000000000000000        0.0000000000000000        0.0000000000000000        0.0000000000000000        0.0000000000000000        0.0000000000000000        1.0737840508460894       0.26048978204983342        1.6865647747206354        3.9333555015207772E-002   0.0000000000000000        0.0000000000000000       0.48355191490979677        3.4030546294967996     
 THERM-A          12   2111.2860012962306        300.00000000000000        52.537891176883022        63.854129999999998        857.42236405577751        0.0000000000000000        0.0000000000000000        0.0000000000000000        0.0000000000000000        0.0000000000000000        0.0000000000000000        0.0000000000000000        0.0000000000000000        0.0000000000000000        0.0000000000000000        0.0000000000000000        1.0735714716192051       0.26057784686302266       0.84126645530691757        2.4336044361572100E-002   0.0000000000000000        0.0000000000000000       0.40611379203450426        2.8580745468525919     
 THERM-A          13   2111.2860012962306        300.00000000000000        52.966918521781821        66.039000000000001        965.57476775680641        0.0000000000000000        0.0000000000000000        0.0000000000000000        0.0000000000000000        0.0000000000000000        0.0000000000000000        0.0000000000000000        0.0000000000000000        0.0000000000000000        0.0000000000000000        0.0000000000000000       0.90485182595091185       0.40536379825685415       0.92062948938986999        9.4929224504163821E-003   0.0000000000000000        0.0000000000000000       0.45733963431007868        3.2185825591893549     
 THERM-A          14   2111.2860012962306        300.00000000000000        54.731449262906033        67.867000000000004        854.57430016767228        0.0000000000000000        0.0000000000000000        0.0000000000000000        0.0000000000000000        0.0000000000000000        0.0000000000000000        0.0000000000000000        0.0000000000000000        0.0000000000000000        0.0000000000000000        0.0000000000000000       0.86892337557890298       0.40577297672727669       0.91510712333701294        6.7434458097081710E-003   0.0000000000000000        0.0000000000000000       0.40476482089257626        2.8485810005589074     
 THERM-A          15   2111.2860012962306        300.00000000000000        50.191955382879634        62.500000000000000        992.83924782788097        0.0000000000000000        0.0000000000000000        0.0000000000000000        0.0000000000000000        0.0000000000000000        0.0000000000000000        0.0000000000000000        0.0000000000000000        0.0000000000000000        0.0000000000000000        0.0000000000000000       0.90531685356467972       0.40622749945158909        1.2406562363757838        1.3079965549008695E-002   0.0000000000000000        0.0000000000000000       0.47025331822326499        3.3094641594262697     
 THERM-A          16   2111.2860012962306        300.00000000000000        50.805484714569211        63.573999999999998        957.20798271195713        0.0000000000000000        0.0000000000000000        0.0000000000000000        0.0000000000000000        0.0000000000000000        0.0000000000000000        0.0000000000000000        0.0000000000000000        0.0000000000000000        0.0000000000000000        0.0000000000000000       0.73636687052683814       0.40420883182930106        1.7347607208414462        9.2175274652095754E-004   0.0000000000000000        0.0000000000000000       0.45337674863769112        3.1906932757065238     
 THERM-A          17   2111.2860012962306        300.00000000000000        48.516735082749072        60.508000000000003        956.32757583246996        0.0000000000000000        0.0000000000000000        0.0000000000000000        0.0000000000000000        0.0000000000000000        0.0000000000000000        0.0000000000000000        0.0000000000000000        0.0000000000000000        0.0000000000000000        0.0000000000000000       0.55581023026601706        1.9784156598281732        2.1777211851003071       -3.5156587888351992E-002   0.0000000000000000        0.0000000000000000       0.45295974834547742        3.1877585861082331     
 THERM-A          18   2111.2860012962306        300.00000000000000        51.367587600866408        64.605999999999995        859.27690232221244        0.0000000000000000        0.0000000000000000        0.0000000000000000        0.0000000000000000        0.0000000000000000        0.0000000000000000        0.0000000000000000        0.0000000000000000        0.0000000000000000        0.0000000000000000        0.0000000000000000       0.69102330579213411       0.40901984112222711        1.7514848924177882       -3.1860511402316280E-003   0.0000000000000000        0.0000000000000000       0.40699218476068932        2.8642563410740416     
 THERM-A          19   2111.2860012962306        300.00000000000000        30.406724054507425        39.901000000000003        922.71624326801884        0.0000000000000000        0.0000000000000000        0.0000000000000000        0.0000000000000000        0.0000000000000000        0.0000000000000000        0.0000000000000000        0.0000000000000000        0.0000000000000000        0.0000000000000000        0.0000000000000000       0.85912842124183952       0.57783026244154678        1.1415433796467676        9.0004800396969037E-003   0.0000000000000000        0.0000000000000000       0.43703990965767514        3.0757208108933960     
 THERM-A          20   2111.2860012962306        300.00000000000000        29.950794411607291        40.271999999999998        902.41382575129626        0.0000000000000000        0.0000000000000000        0.0000000000000000        0.0000000000000000        0.0000000000000000        0.0000000000000000        0.0000000000000000        0.0000000000000000        0.0000000000000000        0.0000000000000000        0.0000000000000000       0.75892058035171761       0.58221944113660562       0.78499590043053780       -5.2417209980296347E-003   0.0000000000000000        0.0000000000000000       0.42742377167151041        3.0080460858376541     
 THERM-A          21   2111.2860012962306        300.00000000000000        94.936141442778833        113.08000000000000        965.04195182273884        0.0000000000000000        0.0000000000000000        0.0000000000000000        0.0000000000000000        0.0000000000000000        0.0000000000000000        0.0000000000000000        0.0000000000000000        0.0000000000000000        0.0000000000000000        0.0000000000000000       0.82011114540292052        1.0416384703465831        1.0139275575242643       -3.0695705112515140E-003   0.0000000000000000        0.0000000000000000       0.45708726872164562        3.2168065060757960     
 THERM-A          22   2111.2860012962306        300.00000000000000        98.068716431080887        115.43000000000001        867.14241423039130        0.0000000000000000        0.0000000000000000        0.0000000000000000        0.0000000000000000        0.0000000000000000        0.0000000000000000        0.0000000000000000        0.0000000000000000        0.0000000000000000        0.0000000000000000        0.0000000000000000       0.87399555167295495        1.0353853291793311        1.9946387000554704        2.9018343109673116E-003   0.0000000000000000        0.0000000000000000       0.41071764493204926        2.8904747141013045     
 THERM-A          23   2111.2860012962306        300.00000000000000        104.22068096411037        125.12000000000000        970.69752878982138        0.0000000000000000        0.0000000000000000        0.0000000000000000        0.0000000000000000        0.0000000000000000        0.0000000000000000        0.0000000000000000        0.0000000000000000        0.0000000000000000        0.0000000000000000        0.0000000000000000       0.78097388361605213        1.4489021489634810        2.3707451261226717       -3.9438086569854609E-003   0.0000000000000000        0.0000000000000000       0.45976600431862791        3.2356584292994044     
 THERM-A          24   2111.2860012962306        300.00000000000000        95.576600936596336        114.32400000000000        960.18278045748082        0.0000000000000000        0.0000000000000000        0.0000000000000000        0.0000000000000000        0.0000000000000000        0.0000000000000000        0.0000000000000000        0.0000000000000000        0.0000000000000000        0.0000000000000000        0.0000000000000000       0.76940123699051166        1.1664896794112058        1.0889125911131270       -5.3953848022644298E-003   0.0000000000000000        0.0000000000000000       0.45478574663402954        3.2006092681916027     
 THERM-A          25   2111.2860012962306        300.00000000000000        95.096162746231471        110.84200000000000        1021.2168481449071        0.0000000000000000        0.0000000000000000        0.0000000000000000        0.0000000000000000        0.0000000000000000        0.0000000000000000        0.0000000000000000        0.0000000000000000        0.0000000000000000        0.0000000000000000        0.0000000000000000        1.2133055893490015       0.26466923849515339        1.9262238173333956        3.2716914937260505E-002   0.0000000000000000        0.0000000000000000       0.48369422594472178        3.4040561604830235     
 THERM-A          26   2111.2860012962306        300.00000000000000        109.96533270933907        131.99000000000001        890.17561218441460        0.0000000000000000        0.0000000000000000        0.0000000000000000        0.0000000000000000        0.0000000000000000        0.0000000000000000        0.0000000000000000        0.0000000000000000        0.0000000000000000        0.0000000000000000        0.0000000000000000       0.83842424169720320        1.0120309015489881        2.6917349208439720        3.3115140423270956E-003   0.0000000000000000        0.0000000000000000       0.42162720334331233        2.9672520406147154     
 THERM-A          27   2111.2860012962306        300.00000000000000        99.496561284279124        118.71599999999999        946.14753450829596        0.0000000000000000        0.0000000000000000        0.0000000000000000        0.0000000000000000        0.0000000000000000        0.0000000000000000        0.0000000000000000        0.0000000000000000        0.0000000000000000        0.0000000000000000        0.0000000000000000        1.0160942514853530       0.94197951108700317        1.8480341886843996        1.0497557144450026E-002   0.0000000000000000        0.0000000000000000       0.44813802295255395        3.1538251150276531     
 THERM-A          28   2111.2860012962306        300.00000000000000        24.378682431886418        27.449999999999999        990.10607793285442        0.0000000000000000        0.0000000000000000        0.0000000000000000        0.0000000000000000        0.0000000000000000        0.0000000000000000        0.0000000000000000        0.0000000000000000        0.0000000000000000        0.0000000000000000        0.0000000000000000        1.7022875096919876       0.85396930203904098       0.78054583314785053       0.15131442887686947        0.0000000000000000        0.0000000000000000       0.46895876604352787        3.3003535931095147     
 THERM-A          29   2111.2860012962306        300.00000000000000        35.041943433080952        43.603000000000002        965.60158522913866        0.0000000000000000        0.0000000000000000        0.0000000000000000        0.0000000000000000        0.0000000000000000        0.0000000000000000        0.0000000000000000        0.0000000000000000        0.0000000000000000        0.0000000000000000        0.0000000000000000       0.65708362991156777        1.7662388708249848        2.4375369126191626       -3.4811953202721020E-002   0.0000000000000000        0.0000000000000000       0.45735233627102373        3.2186719507637958     
 THERM-A          30   2111.2860012962306        300.00000000000000        37.853817947120028        46.289999999999999        731.69187926060681        0.0000000000000000        0.0000000000000000        0.0000000000000000        0.0000000000000000        0.0000000000000000        0.0000000000000000        0.0000000000000000        0.0000000000000000        0.0000000000000000        0.0000000000000000        0.0000000000000000       0.62352063378517175        2.8243189935989528        1.9435572142135531       -5.2373573489496617E-002   0.0000000000000000        0.0000000000000000       0.34656218002268868        2.4389729308686894     
 THERM-A          31   2111.2860012962306        300.00000000000000        33.998533748196095        40.515000000000001        1015.0164909311264        0.0000000000000000        0.0000000000000000        0.0000000000000000        0.0000000000000000        0.0000000000000000        0.0000000000000000        0.0000000000000000        0.0000000000000000        0.0000000000000000        0.0000000000000000        0.0000000000000000       0.86587658688536717        1.6372638595656206        2.4666590451179444       -2.6448285539889815E-003   0.0000000000000000        0.0000000000000000       0.48075745792277974        3.3833883031037546     
 THERM-A          32   2111.2860012962306        300.00000000000000        35.892190740589754        42.799999999999997        761.68355429240160        0.0000000000000000        0.0000000000000000        0.0000000000000000        0.0000000000000000        0.0000000000000000        0.0000000000000000        0.0000000000000000        0.0000000000000000        0.0000000000000000        0.0000000000000000        0.0000000000000000       0.86493690509373722        1.6358550799839113        1.0354057676723891       -1.8425978486959253E-002   0.0000000000000000        0.0000000000000000       0.36076758611801701        2.5389451809746721     
 THERM-A          33   2111.2860012962306        300.00000000000000        33.494180566956814        39.493000000000002        1025.2171190546294        0.0000000000000000        0.0000000000000000        0.0000000000000000        0.0000000000000000        0.0000000000000000        0.0000000000000000        0.0000000000000000        0.0000000000000000        0.0000000000000000        0.0000000000000000        0.0000000000000000       0.77756226359638203        1.9895936859816925        2.3549022429415922       -2.5445616367442296E-002   0.0000000000000000        0.0000000000000000       0.48558893414970505        3.4173903968487647     
 THERM-A          34   2111.2860012962306        300.00000000000000        36.196897270768140        41.859999999999999        762.37844331333588        0.0000000000000000        0.0000000000000000        0.0000000000000000        0.0000000000000000        0.0000000000000000        0.0000000000000000        0.0000000000000000        0.0000000000000000        0.0000000000000000        0.0000000000000000        0.0000000000000000       0.93202471605552595        1.8401320565975168        1.7547541098399477       -7.9877543568415213E-003   0.0000000000000000        0.0000000000000000       0.36109671680922018        2.5412614777111195     
 THERM-A          35   2111.2860012962306        300.00000000000000        22.954561834151640        26.353999999999999        1072.3843847893731        0.0000000000000000        0.0000000000000000        0.0000000000000000        0.0000000000000000        0.0000000000000000        0.0000000000000000        0.0000000000000000        0.0000000000000000        0.0000000000000000        0.0000000000000000        0.0000000000000000       0.91007505895474106        1.7507173548804176        3.2329381576637179        1.8454020566368343E-002   0.0000000000000000        0.0000000000000000       0.50792947243101094        3.5746146159645771     
 THERM-A          36   2111.2860012962306        300.00000000000000        23.392911735248322        26.853999999999999        878.30149132278927        0.0000000000000000        0.0000000000000000        0.0000000000000000        0.0000000000000000        0.0000000000000000        0.0000000000000000        0.0000000000000000        0.0000000000000000        0.0000000000000000        0.0000000000000000        0.0000000000000000       0.91026891926647524        1.7510132589676461        3.4427428027294202        2.2524504593007311E-002   0.0000000000000000        0.0000000000000000       0.41600308569447880        2.9276716377426308     
 THERM-A          37   2111.2860012962306        300.00000000000000        22.588121064156503        25.577000000000002        1080.7941928604639        0.0000000000000000        0.0000000000000000        0.0000000000000000        0.0000000000000000        0.0000000000000000        0.0000000000000000        0.0000000000000000        0.0000000000000000        0.0000000000000000        0.0000000000000000        0.0000000000000000        1.0897002300585987        1.2628482036650326        2.5591121623770476        7.5748399282849238E-002   0.0000000000000000        0.0000000000000000       0.51191273574347906        3.6026473095348797     
 THERM-A          38   2111.2860012962306        300.00000000000000        26.195357713273896        30.286999999999999        799.42173497723377        0.0000000000000000        0.0000000000000000        0.0000000000000000        0.0000000000000000        0.0000000000000000        0.0000000000000000        0.0000000000000000        0.0000000000000000        0.0000000000000000        0.0000000000000000        0.0000000000000000        1.2224454531609110        1.4749071678108778       0.49309471975680652        3.9674202671120817E-003   0.0000000000000000        0.0000000000000000       0.37864208567026275        2.6647391165907792     
 THERM-A          39   2111.2860012962306        300.00000000000000        25.173891537638667        28.904000000000000        880.66796948606702        0.0000000000000000        0.0000000000000000        0.0000000000000000        0.0000000000000000        0.0000000000000000        0.0000000000000000        0.0000000000000000        0.0000000000000000        0.0000000000000000        0.0000000000000000        0.0000000000000000       0.87596359990075445        1.7895219607488060        2.5024621829378257       -6.0923420665706315E-003   0.0000000000000000        0.0000000000000000       0.41712395617901987        2.9355598982868902     
 THERM-A          40   2111.2860012962306        300.00000000000000        21.795196635027065        24.445000000000000        1057.7859708572869        0.0000000000000000        0.0000000000000000        0.0000000000000000        0.0000000000000000        0.0000000000000000        0.0000000000000000        0.0000000000000000        0.0000000000000000        0.0000000000000000        0.0000000000000000        0.0000000000000000        1.4134219903973972       0.71799333359307382        1.2414314601481948       0.13536120680531560        0.0000000000000000        0.0000000000000000       0.50101500706576751        3.5259532361909565     
 THERM-A          41   2111.2860012962306        300.00000000000000        22.709861705419186        25.321000000000002        869.76438168167590        0.0000000000000000        0.0000000000000000        0.0000000000000000        0.0000000000000000        0.0000000000000000        0.0000000000000000        0.0000000000000000        0.0000000000000000        0.0000000000000000        0.0000000000000000        0.0000000000000000        1.4194460572735872       0.72339780007421539        1.6218407737877418       0.15640833674618251        0.0000000000000000        0.0000000000000000       0.41195952663337954        2.8992146056055863     
 THERM-A          42   2111.2860012962306        300.00000000000000        22.155895554817366        24.943999999999999        1019.6744128228714        0.0000000000000000        0.0000000000000000        0.0000000000000000        0.0000000000000000        0.0000000000000000        0.0000000000000000        0.0000000000000000        0.0000000000000000        0.0000000000000000        0.0000000000000000        0.0000000000000000        1.4095866041038612       0.71454769245622296        1.7484185702375314       0.16632471027611284        0.0000000000000000        0.0000000000000000       0.48296365920905038        3.3989147094095715     
 THERM-A          43   2111.2860012962306        300.00000000000000        25.696074031997099        29.576789999999999        794.51395815267028        0.0000000000000000        0.0000000000000000        0.0000000000000000        0.0000000000000000        0.0000000000000000        0.0000000000000000        0.0000000000000000        0.0000000000000000        0.0000000000000000        0.0000000000000000        0.0000000000000000        1.3877836958094367       0.69489143887738536        1.3569975580578550       0.11652588576218886        0.0000000000000000        0.0000000000000000       0.37631754185121108        2.6483798605089008     
 THERM-A          44   2111.2860012962306        300.00000000000000        23.955343249712932        27.520900000000001        930.66879693304054        0.0000000000000000        0.0000000000000000        0.0000000000000000        0.0000000000000000        0.0000000000000000        0.0000000000000000        0.0000000000000000        0.0000000000000000        0.0000000000000000        0.0000000000000000        0.0000000000000000        1.3896168571377374       0.69654856926813302        2.6881166140634867       0.20571863157967638        0.0000000000000000        0.0000000000000000       0.44080659671956030        3.1022293231101350     
 THERM-A          45   2111.2860012962306        300.00000000000000        23.814425210530434        27.090000000000000        913.07835297291558        0.0000000000000000        0.0000000000000000        0.0000000000000000        0.0000000000000000        0.0000000000000000        0.0000000000000000        0.0000000000000000        0.0000000000000000        0.0000000000000000        0.0000000000000000        0.0000000000000000        1.3992742617283380       0.70526517576954795        2.1785275599035350       0.17868959054323080        0.0000000000000000        0.0000000000000000       0.43247497137400065        3.0435945099097186     
 THERM-A          46   2111.2860012962306        300.00000000000000        25.035279671375395        28.189000000000000        903.03308949828590        0.0000000000000000        0.0000000000000000        0.0000000000000000        0.0000000000000000        0.0000000000000000        0.0000000000000000        0.0000000000000000        0.0000000000000000        0.0000000000000000        0.0000000000000000        0.0000000000000000        1.4094696517482623       0.71444256695069808        2.2066862029394327       0.17436183590633084        0.0000000000000000        0.0000000000000000       0.42771708283191662        3.0101102983276196     
 THERM-A          47   2111.2860012962306        300.00000000000000        21.445982836041370        24.110800000000001        1109.5465882066264        0.0000000000000000        0.0000000000000000        0.0000000000000000        0.0000000000000000        0.0000000000000000        0.0000000000000000        0.0000000000000000        0.0000000000000000        0.0000000000000000        0.0000000000000000        0.0000000000000000        1.3777558628673938        1.2568520529558167        1.1559948928716131        8.7280219826765593E-002   0.0000000000000000        0.0000000000000000       0.52553116324620008        3.6984886273554216     
 THERM-A          48   2111.2860012962306        300.00000000000000        22.482819213831306        25.296340000000001        917.81662636828321        0.0000000000000000        0.0000000000000000        0.0000000000000000        0.0000000000000000        0.0000000000000000        0.0000000000000000        0.0000000000000000        0.0000000000000000        0.0000000000000000        0.0000000000000000        0.0000000000000000        1.3763972813517613        1.2542429303722531        1.4927309454025384       0.10435877623103069        0.0000000000000000        0.0000000000000000       0.43471923074599406        3.0593887545609442     
 THERM-A          49   2111.2860012962306        300.00000000000000        21.906502986915264        24.500000000000000        910.56702192606247        0.0000000000000000        0.0000000000000000        0.0000000000000000        0.0000000000000000        0.0000000000000000        0.0000000000000000        0.0000000000000000        0.0000000000000000        0.0000000000000000        0.0000000000000000        0.0000000000000000        1.5777070907093644        1.2724347937110925        2.0421648636995258       0.20944327118175721        0.0000000000000000        0.0000000000000000       0.43128549204940353        3.0352234064202084     
 THERM-A          50   2111.2860012962306        300.00000000000000        23.653054373308798        27.688440000000000        856.78666246645287        0.0000000000000000        0.0000000000000000        0.0000000000000000        0.0000000000000000        0.0000000000000000        0.0000000000000000        0.0000000000000000        0.0000000000000000        0.0000000000000000        0.0000000000000000        0.0000000000000000        1.3129203901995756        1.1326281079810527        1.9625163494610793       0.11611505056080791        0.0000000000000000        0.0000000000000000       0.40581269517271751        2.8559555415548430     
 THERM-A          51   2111.2860012962306        300.00000000000000        23.903569882142147        26.949000000000002        903.25757450258050        0.0000000000000000        0.0000000000000000        0.0000000000000000        0.0000000000000000        0.0000000000000000        0.0000000000000000        0.0000000000000000        0.0000000000000000        0.0000000000000000        0.0000000000000000        0.0000000000000000        1.3729407455438982        1.2476058530139900        2.5643667984072360       0.16101140224609278        0.0000000000000000        0.0000000000000000       0.42782340902559990        3.0108585816752682     
 THERM-A          52   2111.2860012962306        300.00000000000000        31.650390132188761        36.134999999999998        1009.9780969244912        0.0000000000000000        0.0000000000000000        0.0000000000000000        0.0000000000000000        0.0000000000000000        0.0000000000000000        0.0000000000000000        0.0000000000000000        0.0000000000000000        0.0000000000000000        0.0000000000000000        1.3928901595204604       0.78771060259419057       0.92351402796325566        7.1634496269747550E-002   0.0000000000000000        0.0000000000000000       0.47837104793211910        3.3665936564149708     
 THERM-A          53   2111.2860012962306        300.00000000000000        32.583012923105478        37.216000000000001        870.90189200305906        0.0000000000000000        0.0000000000000000        0.0000000000000000        0.0000000000000000        0.0000000000000000        0.0000000000000000        0.0000000000000000        0.0000000000000000        0.0000000000000000        0.0000000000000000        0.0000000000000000        1.3924117642217924       0.78713973920687585        1.8620038758381747       0.11133806184781697        0.0000000000000000        0.0000000000000000       0.41249830267825682        2.9030063066768634     
 THERM-A          54   2111.2860012962306        300.00000000000000        31.891079904953298        36.270000000000003        857.78628802994808        0.0000000000000000        0.0000000000000000        0.0000000000000000        0.0000000000000000        0.0000000000000000        0.0000000000000000        0.0000000000000000        0.0000000000000000        0.0000000000000000        0.0000000000000000        0.0000000000000000        1.3971308751758260       0.79277433650685625        1.2361680899614400        8.5900245138140707E-002   0.0000000000000000        0.0000000000000000       0.40628616279523833        2.8592876267664935     
 THERM-A          55   2111.2860012962306        300.00000000000000        35.574778921222098        41.701999999999998        690.04995160174974        0.0000000000000000        0.0000000000000000        0.0000000000000000        0.0000000000000000        0.0000000000000000        0.0000000000000000        0.0000000000000000        0.0000000000000000        0.0000000000000000        0.0000000000000000        0.0000000000000000        1.4482694373563005       0.53506940429966809       0.80329946518341822        7.7154102588217838E-002   0.0000000000000000        0.0000000000000000       0.32683869034232760        2.3001665053391660     
 THERM-A          56   2111.2860012962306        300.00000000000000        33.898780804517472        39.420999999999999        854.23632339532116        0.0000000000000000        0.0000000000000000        0.0000000000000000        0.0000000000000000        0.0000000000000000        0.0000000000000000        0.0000000000000000        0.0000000000000000        0.0000000000000000        0.0000000000000000        0.0000000000000000        1.3731380847368195       0.76420415432528932        1.3834330916920903        8.3941646029766614E-002   0.0000000000000000        0.0000000000000000       0.40460473989353413        2.8474544113177371     
 THERM-A          57   2111.2860012962306        300.00000000000000        95.616920607673435        109.88300000000000        1047.1975513596130        0.0000000000000000        0.0000000000000000        0.0000000000000000        0.0000000000000000        0.0000000000000000        0.0000000000000000        0.0000000000000000        0.0000000000000000        0.0000000000000000        0.0000000000000000        0.0000000000000000        1.2688339171870724       0.75334334834388839        1.5218722821437782        2.5153246455172029E-002   0.0000000000000000        0.0000000000000000       0.49599985540409158        3.4906585045320435     
 THERM-A          58   2111.2860012962306        300.00000000000000        97.476579424578915        112.04500000000000        950.34573533111939        0.0000000000000000        0.0000000000000000        0.0000000000000000        0.0000000000000000        0.0000000000000000        0.0000000000000000        0.0000000000000000        0.0000000000000000        0.0000000000000000        0.0000000000000000        0.0000000000000000        1.2686217065809255       0.75303084440135593        2.1833460705061585        3.2834013075423787E-002   0.0000000000000000        0.0000000000000000       0.45012647966578267        3.1678191177703980     
 THERM-A          59   2111.2860012962306        300.00000000000000        95.222237959606119        109.40100000000000        1019.7266391585014        0.0000000000000000        0.0000000000000000        0.0000000000000000        0.0000000000000000        0.0000000000000000        0.0000000000000000        0.0000000000000000        0.0000000000000000        0.0000000000000000        0.0000000000000000        0.0000000000000000        1.2690823753676452       0.75370926416203443        1.9103929058683511        3.0184255309637528E-002   0.0000000000000000        0.0000000000000000       0.48298839595035303        3.3990887971950046     
 THERM-A          60   2111.2860012962306        300.00000000000000        37.775092238841474        44.975999999999999        966.16523711153513        0.0000000000000000        0.0000000000000000        0.0000000000000000        0.0000000000000000        0.0000000000000000        0.0000000000000000        0.0000000000000000        0.0000000000000000        0.0000000000000000        0.0000000000000000        0.0000000000000000        1.1687616569174559       0.98765943653643262        2.0541024930045642        5.5116455771999015E-002   0.0000000000000000        0.0000000000000000       0.45761930715135468        3.2205507903717838     
 THERM-A          61   2111.2860012962306        300.00000000000000        41.149179180008709        49.024000000000001        535.54941149122305        0.0000000000000000        0.0000000000000000        0.0000000000000000        0.0000000000000000        0.0000000000000000        0.0000000000000000        0.0000000000000000        0.0000000000000000        0.0000000000000000        0.0000000000000000        0.0000000000000000        1.1680387185280641       0.98622063851652186        4.4267422517225041E-002   1.5477554413706185E-003   0.0000000000000000        0.0000000000000000       0.25366028627216819        1.7851647049707435     
 THERM-A          62   2111.2860012962306        300.00000000000000        37.541802966702704        43.399700000000003        596.62904527612056        0.0000000000000000        0.0000000000000000        0.0000000000000000        0.0000000000000000        0.0000000000000000        0.0000000000000000        0.0000000000000000        0.0000000000000000        0.0000000000000000        0.0000000000000000        0.0000000000000000        1.2045364033943713        1.0588725163659507      -0.12547153293505109       -3.0541391286550215E-003   0.0000000000000000        0.0000000000000000       0.28259034773584363        1.9887634842537352     
 THERM-A          63   2111.2860012962306        300.00000000000000        38.140543744776117        45.420000000000002        933.30793817375957        0.0000000000000000        0.0000000000000000        0.0000000000000000        0.0000000000000000        0.0000000000000000        0.0000000000000000        0.0000000000000000        0.0000000000000000        0.0000000000000000        0.0000000000000000        0.0000000000000000        1.1685359231994057       0.98721017816091317       0.61736396616138056        1.6753453535455008E-002   0.0000000000000000        0.0000000000000000       0.44205661269991481        3.1110264605791986     
 THERM-A          64   2111.2860012962306        300.00000000000000        38.428774847728441        44.527999999999999        642.72163452242819        0.0000000000000000        0.0000000000000000        0.0000000000000000        0.0000000000000000        0.0000000000000000        0.0000000000000000        0.0000000000000000        0.0000000000000000        0.0000000000000000        0.0000000000000000        0.0000000000000000        1.2735609635608616       0.44381331121946427       0.77537566081696196        5.0008163382398441E-002   0.0000000000000000        0.0000000000000000       0.30442187090134981        2.1424054484080939     
 THERM-A          65   2111.2860012962306        300.00000000000000        18.324737693526004        22.421050000000001        877.32056911533027        0.0000000000000000        0.0000000000000000        0.0000000000000000        0.0000000000000000        0.0000000000000000        0.0000000000000000        0.0000000000000000        0.0000000000000000        0.0000000000000000        0.0000000000000000        0.0000000000000000       -2.8597794415992514E-002   2.4818095411191528        3.1671791822373905      -0.23429060802907523        0.0000000000000000        0.0000000000000000       0.41553847682251321        2.9244018970511010     
 THERM-A          66   2111.2860012962306        300.00000000000000        15.155951837530431        20.657000000000000        943.65033599571677        0.0000000000000000        0.0000000000000000        0.0000000000000000        0.0000000000000000        0.0000000000000000        0.0000000000000000        0.0000000000000000        0.0000000000000000        0.0000000000000000        0.0000000000000000        0.0000000000000000       0.19242677596449911        1.8485616144107695        3.7681908708309142      -0.27133093557361487        0.0000000000000000        0.0000000000000000       0.44695523743176424        3.1455011199857226     
 THERM-A          67   2111.2860012962306        300.00000000000000        12.676014470420313        14.016999999999999        1263.0430397052505        0.0000000000000000        0.0000000000000000        0.0000000000000000        0.0000000000000000        0.0000000000000000        0.0000000000000000        0.0000000000000000        0.0000000000000000        0.0000000000000000        0.0000000000000000        0.0000000000000000        1.2848380528535410        1.6563012645452937        4.7038800326382084       0.41622143971006320        0.0000000000000000        0.0000000000000000       0.59823398579339859        4.2101434656841681     
 THERM-A          68   2111.2860012962306        300.00000000000000        12.437820669504148        13.670000000000000        1295.3382331642365        0.0000000000000000        0.0000000000000000        0.0000000000000000        0.0000000000000000        0.0000000000000000        0.0000000000000000        0.0000000000000000        0.0000000000000000        0.0000000000000000        0.0000000000000000        0.0000000000000000        1.2979859188275924        1.6832284102156929        4.0153053005558093       0.36372601210987532        0.0000000000000000        0.0000000000000000       0.61353044181080141        4.3177941105474549     
 THERM-A          69   2111.2860012962306        300.00000000000000        36.760119720653925        44.226999999999997        1104.3397887976951        0.0000000000000000        0.0000000000000000        0.0000000000000000        0.0000000000000000        0.0000000000000000        0.0000000000000000        0.0000000000000000        0.0000000000000000        0.0000000000000000        0.0000000000000000        0.0000000000000000       0.79137976153512357       0.71489530786168964        2.7781471765323036        8.8296682400999370E-003   0.0000000000000000        0.0000000000000000       0.52306498888340203        3.6811326293256501     
 THERM-A          70   2111.2860012962306        300.00000000000000        36.358489575525716        53.868400000000001        937.03420622059127        0.0000000000000000        0.0000000000000000        0.0000000000000000        0.0000000000000000        0.0000000000000000        0.0000000000000000        0.0000000000000000        0.0000000000000000        0.0000000000000000        0.0000000000000000        0.0000000000000000       0.50039473478382579       0.73831713930673448       0.90463274003953487       -2.3012048394545771E-002   0.0000000000000000        0.0000000000000000       0.44382154082644237        3.1234473540686376     
 THERM-A          71   2111.2860012962306        300.00000000000000        6.1166269036989469        7.0930000000000000        501.89591576300501        0.0000000000000000        0.0000000000000000        0.0000000000000000        0.0000000000000000        0.0000000000000000        0.0000000000000000        0.0000000000000000        0.0000000000000000        0.0000000000000000        0.0000000000000000        0.0000000000000000        1.4745634224859401       0.75666596505129569        4.3705754013116112        1.3616630685661222        0.0000000000000000        0.0000000000000000       0.23772047721382344        1.6729863858766834     
 THERM-A          72   2111.2860012962306        300.00000000000000        6.0506100559705187        6.9883499999999996        365.70891466915560        0.0000000000000000        0.0000000000000000        0.0000000000000000        0.0000000000000000        0.0000000000000000        0.0000000000000000        0.0000000000000000        0.0000000000000000        0.0000000000000000        0.0000000000000000        0.0000000000000000        1.6143219318911159       0.86509467333119783        4.5387967679601529        1.6966105443364139        0.0000000000000000        0.0000000000000000       0.17321618882739120        1.2190297155638521     
 THERM-A          73   2111.2860012962306        300.00000000000000        5.8575164851715504        6.7651000000000003        505.17069240566758        0.0000000000000000        0.0000000000000000        0.0000000000000000        0.0000000000000000        0.0000000000000000        0.0000000000000000        0.0000000000000000        0.0000000000000000        0.0000000000000000        0.0000000000000000        0.0000000000000000        1.8410701137641123       0.97658498410398209        3.1827335194789503        1.7075466549249052        0.0000000000000000        0.0000000000000000       0.23927155870664443        1.6839023080188920     
 THERM-A           1   2181.2941887256684        300.00000000000000        76.191627599212651        100.61000000000000        827.52830281893728        0.0000000000000000        0.0000000000000000        0.0000000000000000        0.0000000000000000        0.0000000000000000        0.0000000000000000        0.0000000000000000        0.0000000000000000        0.0000000000000000        0.0000000000000000        0.0000000000000000       0.27980885489696067        1.3786980439061345        2.1516580247024510       -2.9754396399589586E-002   0.0000000000000000        0.0000000000000000       0.37937491746694962        2.7584276760631243     
 THERM-A           2   2181.2941887256684        300.00000000000000        58.941038717989237        100.45200000000000        915.32135899047523        0.0000000000000000        0.0000000000000000        0.0000000000000000        0.0000000000000000        0.0000000000000000        0.0000000000000000        0.0000000000000000        0.0000000000000000        0.0000000000000000        0.0000000000000000        0.0000000000000000       0.34354083548904762        1.0980843823762751        1.6771590296762997       -2.8555953065610575E-002   0.0000000000000000        0.0000000000000000       0.41962306768222501        3.0510711966349175     
 THERM-A           3   2181.2941887256684        300.00000000000000        32.990736194087383        39.762000000000000        908.52938620129737        0.0000000000000000        0.0000000000000000        0.0000000000000000        0.0000000000000000        0.0000000000000000        0.0000000000000000        0.0000000000000000        0.0000000000000000        0.0000000000000000        0.0000000000000000        0.0000000000000000       0.39987473732682050        6.6785395312313343        2.9747317331719567      -0.13552940579977807        0.0000000000000000        0.0000000000000000       0.41650933234827364        3.0284312873376580     
 THERM-A           4   2181.2941887256684        300.00000000000000        34.298806463724205        40.843000000000004        867.40453003198013        0.0000000000000000        0.0000000000000000        0.0000000000000000        0.0000000000000000        0.0000000000000000        0.0000000000000000        0.0000000000000000        0.0000000000000000        0.0000000000000000        0.0000000000000000        0.0000000000000000       0.57543888727433712        4.8563791878294795        2.8437725339373947       -9.9665383127077276E-002   0.0000000000000000        0.0000000000000000       0.39765591203391304        2.8913484334399340     
 THERM-A           5   2181.2941887256684        300.00000000000000        37.520088817845078        44.527999999999999        662.50420529333348        0.0000000000000000        0.0000000000000000        0.0000000000000000        0.0000000000000000        0.0000000000000000        0.0000000000000000        0.0000000000000000        0.0000000000000000        0.0000000000000000        0.0000000000000000        0.0000000000000000        1.2601206789681341       0.44272219344761810       0.73080016314648177        4.8111730335734619E-002   0.0000000000000000        0.0000000000000000       0.30372070338681567        2.2083473509777782     
 THERM-A           6   2181.2941887256684        300.00000000000000        36.308198367059717        43.564000000000000        851.14978485505526        0.0000000000000000        0.0000000000000000        0.0000000000000000        0.0000000000000000        0.0000000000000000        0.0000000000000000        0.0000000000000000        0.0000000000000000        0.0000000000000000        0.0000000000000000        0.0000000000000000       0.42322619431434383        6.3482390689281072        3.6055033420258251      -0.12802212794039225        0.0000000000000000        0.0000000000000000       0.39020403082461086        2.8371659495168511     
 THERM-A           7   2181.2941887256684        300.00000000000000        49.321849075014484        62.676000000000002        916.56431614642361        0.0000000000000000        0.0000000000000000        0.0000000000000000        0.0000000000000000        0.0000000000000000        0.0000000000000000        0.0000000000000000        0.0000000000000000        0.0000000000000000        0.0000000000000000        0.0000000000000000       0.24670156503705432        8.5446608601781922        3.3084814232142983      -0.10328256028511705        0.0000000000000000        0.0000000000000000       0.42019289322999970        3.0552143871547455     
 THERM-A           8   2181.2941887256684        300.00000000000000        51.931524305729752        65.941000000000003        755.43334180694592        0.0000000000000000        0.0000000000000000        0.0000000000000000        0.0000000000000000        0.0000000000000000        0.0000000000000000        0.0000000000000000        0.0000000000000000        0.0000000000000000        0.0000000000000000        0.0000000000000000       0.20717284227760543        9.9667587105138580        1.7822777161276813       -7.4966454595901844E-002   0.0000000000000000        0.0000000000000000       0.34632345591507618        2.5181111393564866     
 THERM-A           9   2181.2941887256684        300.00000000000000        46.555020814900480        59.140000000000001        889.18229603145278        0.0000000000000000        0.0000000000000000        0.0000000000000000        0.0000000000000000        0.0000000000000000        0.0000000000000000        0.0000000000000000        0.0000000000000000        0.0000000000000000        0.0000000000000000        0.0000000000000000       0.24741562592989452        8.5184573396317980        3.1859745191180089      -0.10710991471281399        0.0000000000000000        0.0000000000000000       0.40763978587909827        2.9639409867715094     
 THERM-A          10   2181.2941887256684        300.00000000000000        53.533766052244914        68.054000000000002        840.21832764975022        0.0000000000000000        0.0000000000000000        0.0000000000000000        0.0000000000000000        0.0000000000000000        0.0000000000000000        0.0000000000000000        0.0000000000000000        0.0000000000000000        0.0000000000000000        0.0000000000000000       0.24590576035519715        8.5740584571077463        2.0643608673706537       -7.5700823443711096E-002   0.0000000000000000        0.0000000000000000       0.38519257603698714        2.8007277588325006     
 THERM-A          11   2181.2941887256684        300.00000000000000        48.723473603463361        60.759999999999998        1050.2406011765383        0.0000000000000000        0.0000000000000000        0.0000000000000000        0.0000000000000000        0.0000000000000000        0.0000000000000000        0.0000000000000000        0.0000000000000000        0.0000000000000000        0.0000000000000000        0.0000000000000000        1.0663679521787224       0.26313127307036138        1.6356671622652381        3.8573171494924688E-002   0.0000000000000000        0.0000000000000000       0.48147590847894678        3.5008020039217946     
 THERM-A          12   2181.2941887256684        300.00000000000000        51.168785623125210        63.854129999999998        881.98989018343570        0.0000000000000000        0.0000000000000000        0.0000000000000000        0.0000000000000000        0.0000000000000000        0.0000000000000000        0.0000000000000000        0.0000000000000000        0.0000000000000000        0.0000000000000000        0.0000000000000000        1.0661713039369294       0.26318979671687298       0.80832443089826089        2.3786649309987338E-002   0.0000000000000000        0.0000000000000000       0.40434247463827983        2.9399663006114523     
 THERM-A          13   2181.2941887256684        300.00000000000000        51.388162386183446        66.039000000000001        992.21479686816997        0.0000000000000000        0.0000000000000000        0.0000000000000000        0.0000000000000000        0.0000000000000000        0.0000000000000000        0.0000000000000000        0.0000000000000000        0.0000000000000000        0.0000000000000000        0.0000000000000000       0.89409333179635020       0.38541259070976591       0.90585471598097200        9.2261996666796672E-003   0.0000000000000000        0.0000000000000000       0.45487435944980475        3.3073826562272330     
 THERM-A          14   2181.2941887256684        300.00000000000000        53.137106016022791        67.867000000000004        876.67869252465459        0.0000000000000000        0.0000000000000000        0.0000000000000000        0.0000000000000000        0.0000000000000000        0.0000000000000000        0.0000000000000000        0.0000000000000000        0.0000000000000000        0.0000000000000000        0.0000000000000000       0.85882159305660277       0.38554487630953538       0.90453344251344969        6.5220029826785694E-003   0.0000000000000000        0.0000000000000000       0.40190759094114586        2.9222623084155153     
 THERM-A          15   2181.2941887256684        300.00000000000000        48.691923326953727        62.500000000000000        1020.3201558275541        0.0000000000000000        0.0000000000000000        0.0000000000000000        0.0000000000000000        0.0000000000000000        0.0000000000000000        0.0000000000000000        0.0000000000000000        0.0000000000000000        0.0000000000000000        0.0000000000000000       0.89450191137268020       0.38616918709578030        1.2213184642814043        1.2706167310802237E-002   0.0000000000000000        0.0000000000000000       0.46775907674500078        3.4010671860918471     
 THERM-A          16   2181.2941887256684        300.00000000000000        49.302990973579583        63.573999999999998        978.47458547205451        0.0000000000000000        0.0000000000000000        0.0000000000000000        0.0000000000000000        0.0000000000000000        0.0000000000000000        0.0000000000000000        0.0000000000000000        0.0000000000000000        0.0000000000000000        0.0000000000000000       0.72771156239677481       0.38371033390785292        1.7337428914325557        4.3177725026158440E-004   0.0000000000000000        0.0000000000000000       0.44857524974367996        3.2615819515735152     
 THERM-A          17   2181.2941887256684        300.00000000000000        46.928647496325489        60.508000000000003        973.59759624919832        0.0000000000000000        0.0000000000000000        0.0000000000000000        0.0000000000000000        0.0000000000000000        0.0000000000000000        0.0000000000000000        0.0000000000000000        0.0000000000000000        0.0000000000000000        0.0000000000000000       0.52000315932393482        2.0265163662326073        2.2370796772754931       -3.9688377601097960E-002   0.0000000000000000        0.0000000000000000       0.44633942605329308        3.2453253208306609     
 THERM-A          18   2181.2941887256684        300.00000000000000        49.786548262354671        64.605999999999995        877.92324189835358        0.0000000000000000        0.0000000000000000        0.0000000000000000        0.0000000000000000        0.0000000000000000        0.0000000000000000        0.0000000000000000        0.0000000000000000        0.0000000000000000        0.0000000000000000        0.0000000000000000       0.68246479102699809       0.38844915271292701        1.7569861236319464       -3.7766319856567176E-003   0.0000000000000000        0.0000000000000000       0.40247814643069496        2.9264108063278451     
 THERM-A          19   2181.2941887256684        300.00000000000000        29.320420539743608        39.901000000000003        951.70723292221817        0.0000000000000000        0.0000000000000000        0.0000000000000000        0.0000000000000000        0.0000000000000000        0.0000000000000000        0.0000000000000000        0.0000000000000000        0.0000000000000000        0.0000000000000000        0.0000000000000000       0.84184464369960310       0.53995498625190486        1.1322654108618795        8.0859312899338991E-003   0.0000000000000000        0.0000000000000000       0.43630393270254575        3.1723574430740604     
 THERM-A          20   2181.2941887256684        300.00000000000000        28.807443552627539        40.271999999999998        929.16551405820474        0.0000000000000000        0.0000000000000000        0.0000000000000000        0.0000000000000000        0.0000000000000000        0.0000000000000000        0.0000000000000000        0.0000000000000000        0.0000000000000000        0.0000000000000000        0.0000000000000000       0.74245868601642140       0.54512207232885335       0.79140684533416905       -5.9783559314901934E-003   0.0000000000000000        0.0000000000000000       0.42596982968218128        3.0972183801940156     
 THERM-A          21   2181.2941887256684        300.00000000000000        92.331056418203929        113.08000000000000        986.99745937753687        0.0000000000000000        0.0000000000000000        0.0000000000000000        0.0000000000000000        0.0000000000000000        0.0000000000000000        0.0000000000000000        0.0000000000000000        0.0000000000000000        0.0000000000000000        0.0000000000000000       0.79718241304198467       0.99718854447522720        1.0224367806283443       -3.4653923802513784E-003   0.0000000000000000        0.0000000000000000       0.45248250533053941        3.2899915312584564     
 THERM-A          22   2181.2941887256684        300.00000000000000        95.627228903515942        115.43000000000001        886.21219019819193        0.0000000000000000        0.0000000000000000        0.0000000000000000        0.0000000000000000        0.0000000000000000        0.0000000000000000        0.0000000000000000        0.0000000000000000        0.0000000000000000        0.0000000000000000        0.0000000000000000       0.85196324724830741       0.99059658680886442        1.9884344997211525        2.1822231937341091E-003   0.0000000000000000        0.0000000000000000       0.40627816035943554        2.9540406339939733     
 THERM-A          23   2181.2941887256684        300.00000000000000        101.25522761382976        125.12000000000000        992.37239391822675        0.0000000000000000        0.0000000000000000        0.0000000000000000        0.0000000000000000        0.0000000000000000        0.0000000000000000        0.0000000000000000        0.0000000000000000        0.0000000000000000        0.0000000000000000        0.0000000000000000       0.74945892638677936        1.4058853866741705        2.3844131186039057       -5.2810388686616930E-003   0.0000000000000000        0.0000000000000000       0.45494660878273352        3.3079079797274225     
 THERM-A          24   2181.2941887256684        300.00000000000000        92.949169569905138        114.32400000000000        980.66408814073554        0.0000000000000000        0.0000000000000000        0.0000000000000000        0.0000000000000000        0.0000000000000000        0.0000000000000000        0.0000000000000000        0.0000000000000000        0.0000000000000000        0.0000000000000000        0.0000000000000000       0.74521075360234346        1.1261342578363154        1.1037503075086477       -5.9038453507996684E-003   0.0000000000000000        0.0000000000000000       0.44957901286742452        3.2688802938024519     
 THERM-A          25   2181.2941887256684        300.00000000000000        92.770186926725358        110.84200000000000        1052.2601280265128        0.0000000000000000        0.0000000000000000        0.0000000000000000        0.0000000000000000        0.0000000000000000        0.0000000000000000        0.0000000000000000        0.0000000000000000        0.0000000000000000        0.0000000000000000        0.0000000000000000        1.2051712581743896       0.27822346137411297        1.8511125747141886        3.1867335086594069E-002   0.0000000000000000        0.0000000000000000       0.48240174730454521        3.5075337600883758     
 THERM-A          26   2181.2941887256684        300.00000000000000        107.05129125798227        131.99000000000001        910.17559736729356        0.0000000000000000        0.0000000000000000        0.0000000000000000        0.0000000000000000        0.0000000000000000        0.0000000000000000        0.0000000000000000        0.0000000000000000        0.0000000000000000        0.0000000000000000        0.0000000000000000       0.81643007625404085       0.96807607004620988        2.6834014517279967        2.4093760919241154E-003   0.0000000000000000        0.0000000000000000       0.41726402704947668        3.0339186578909785     
 THERM-A          27   2181.2941887256684        300.00000000000000        96.763703727292381        118.71599999999999        972.95416739150335        0.0000000000000000        0.0000000000000000        0.0000000000000000        0.0000000000000000        0.0000000000000000        0.0000000000000000        0.0000000000000000        0.0000000000000000        0.0000000000000000        0.0000000000000000        0.0000000000000000       0.99053765156624762       0.88800565430664258        1.8204109206873473        9.7264381031575160E-003   0.0000000000000000        0.0000000000000000       0.44604445031777756        3.2431805579716779     
 THERM-A          28   2181.2941887256684        300.00000000000000        23.785738167947905        27.449999999999999        1032.0396658987402        0.0000000000000000        0.0000000000000000        0.0000000000000000        0.0000000000000000        0.0000000000000000        0.0000000000000000        0.0000000000000000        0.0000000000000000        0.0000000000000000        0.0000000000000000        0.0000000000000000        1.6671869146644560       0.83815721403314580       0.69425012935025143       0.13991435439876362        0.0000000000000000        0.0000000000000000       0.47313180919519482        3.4401322196624671     
 THERM-A          29   2181.2941887256684        300.00000000000000        33.957035395450710        43.603000000000002        985.20889951056142        0.0000000000000000        0.0000000000000000        0.0000000000000000        0.0000000000000000        0.0000000000000000        0.0000000000000000        0.0000000000000000        0.0000000000000000        0.0000000000000000        0.0000000000000000        0.0000000000000000       0.62164556754452582        1.7611837894672748        2.4783274583923074       -4.0461735927456915E-002   0.0000000000000000        0.0000000000000000       0.45166255180193243        3.2840296650352045     
 THERM-A          30   2181.2941887256684        300.00000000000000        36.794522454304982        46.289999999999999        744.23635327366674        0.0000000000000000        0.0000000000000000        0.0000000000000000        0.0000000000000000        0.0000000000000000        0.0000000000000000        0.0000000000000000        0.0000000000000000        0.0000000000000000        0.0000000000000000        0.0000000000000000       0.57470070945538376        2.9266787805851910        2.0022677768001134       -5.8594352266101386E-002   0.0000000000000000        0.0000000000000000       0.34119027003343200        2.4807878442455560     
 THERM-A          31   2181.2941887256684        300.00000000000000        33.049847067430484        40.515000000000001        1039.6218348944594        0.0000000000000000        0.0000000000000000        0.0000000000000000        0.0000000000000000        0.0000000000000000        0.0000000000000000        0.0000000000000000        0.0000000000000000        0.0000000000000000        0.0000000000000000        0.0000000000000000       0.82734629628526801        1.5807907035942850        2.4714679293065895       -7.4964641639808441E-003   0.0000000000000000        0.0000000000000000       0.47660780479217058        3.4654061163148646     
 THERM-A          32   2181.2941887256684        300.00000000000000        34.891988860291619        42.799999999999997        780.10336369125002        0.0000000000000000        0.0000000000000000        0.0000000000000000        0.0000000000000000        0.0000000000000000        0.0000000000000000        0.0000000000000000        0.0000000000000000        0.0000000000000000        0.0000000000000000        0.0000000000000000       0.82652892437396064        1.5796232015557414        1.0547034043827663       -2.0180227124351975E-002   0.0000000000000000        0.0000000000000000       0.35763326548217389        2.6003445456375003     
 THERM-A          33   2181.2941887256684        300.00000000000000        32.612782471566391        39.493000000000002        1046.1345496364811        0.0000000000000000        0.0000000000000000        0.0000000000000000        0.0000000000000000        0.0000000000000000        0.0000000000000000        0.0000000000000000        0.0000000000000000        0.0000000000000000        0.0000000000000000        0.0000000000000000       0.73765193751223024        1.9637468091991717        2.3796923686324902       -3.0846515908975726E-002   0.0000000000000000        0.0000000000000000       0.47959351610781226        3.4871151654549370     
 THERM-A          34   2181.2941887256684        300.00000000000000        35.311264449741060        41.859999999999999        779.78486028799864        0.0000000000000000        0.0000000000000000        0.0000000000000000        0.0000000000000000        0.0000000000000000        0.0000000000000000        0.0000000000000000        0.0000000000000000        0.0000000000000000        0.0000000000000000        0.0000000000000000       0.89117371538528134        1.7797943821026461        1.7632340328028673       -1.1164698119274001E-002   0.0000000000000000        0.0000000000000000       0.35748724968801937        2.5992828676266622     
 THERM-A          35   2181.2941887256684        300.00000000000000        22.440076320289400        26.353999999999999        1094.2994737723584        0.0000000000000000        0.0000000000000000        0.0000000000000000        0.0000000000000000        0.0000000000000000        0.0000000000000000        0.0000000000000000        0.0000000000000000        0.0000000000000000        0.0000000000000000        0.0000000000000000       0.87519314869544818        1.6984328827740001        3.2256309227023205        9.9733977108831390E-003   0.0000000000000000        0.0000000000000000       0.50167440936137919        3.6476649125745282     
 THERM-A          36   2181.2941887256684        300.00000000000000        22.868382508151729        26.853999999999999        896.26164406850387        0.0000000000000000        0.0000000000000000        0.0000000000000000        0.0000000000000000        0.0000000000000000        0.0000000000000000        0.0000000000000000        0.0000000000000000        0.0000000000000000        0.0000000000000000        0.0000000000000000       0.87535977685179167        1.6986778661094384        3.4332705555398806        1.3617422888722835E-002   0.0000000000000000        0.0000000000000000       0.41088526650873625        2.9875388135616796     
 THERM-A          37   2181.2941887256684        300.00000000000000        22.068508212631144        25.577000000000002        1108.1516524358076        0.0000000000000000        0.0000000000000000        0.0000000000000000        0.0000000000000000        0.0000000000000000        0.0000000000000000        0.0000000000000000        0.0000000000000000        0.0000000000000000        0.0000000000000000        0.0000000000000000        1.0589382325738637        1.1988957632500536        2.5213279490564138        6.9751722854604487E-002   0.0000000000000000        0.0000000000000000       0.50802484972611595        3.6938388414526919     
 THERM-A          38   2181.2941887256684        300.00000000000000        25.523617731578078        30.286999999999999        824.73096147564058        0.0000000000000000        0.0000000000000000        0.0000000000000000        0.0000000000000000        0.0000000000000000        0.0000000000000000        0.0000000000000000        0.0000000000000000        0.0000000000000000        0.0000000000000000        0.0000000000000000        1.1779216663280643        1.3829943920347845       0.49075042073388531        3.0236594271092626E-003   0.0000000000000000        0.0000000000000000       0.37809249469346262        2.7491032049188018     
 THERM-A          39   2181.2941887256684        300.00000000000000        24.577769140669975        28.904000000000000        898.95548533860813        0.0000000000000000        0.0000000000000000        0.0000000000000000        0.0000000000000000        0.0000000000000000        0.0000000000000000        0.0000000000000000        0.0000000000000000        0.0000000000000000        0.0000000000000000        0.0000000000000000       0.83969267313108453        1.7407076878119163        2.5079539410300460       -1.2336343560269816E-002   0.0000000000000000        0.0000000000000000       0.41212024035317585        2.9965182844620273     
 THERM-A          40   2181.2941887256684        300.00000000000000        21.301670213219847        24.445000000000000        1092.3037495277481        0.0000000000000000        0.0000000000000000        0.0000000000000000        0.0000000000000000        0.0000000000000000        0.0000000000000000        0.0000000000000000        0.0000000000000000        0.0000000000000000        0.0000000000000000        0.0000000000000000        1.3906964121629786       0.69752408002968436        1.1762225384016745       0.12895734881131507        0.0000000000000000        0.0000000000000000       0.50075948268393899        3.6410124984258272     
 THERM-A          41   2181.2941887256684        300.00000000000000        22.214834042116351        25.321000000000002        897.18290672774026        0.0000000000000000        0.0000000000000000        0.0000000000000000        0.0000000000000000        0.0000000000000000        0.0000000000000000        0.0000000000000000        0.0000000000000000        0.0000000000000000        0.0000000000000000        0.0000000000000000        1.3973037616778032       0.70348847986678364        1.5461724210041077       0.14937039101075808        0.0000000000000000        0.0000000000000000       0.41130761332650989        2.9906096890924676     
 THERM-A          42   2181.2941887256684        300.00000000000000        21.642801072462234        24.943999999999999        1053.6272795316731        0.0000000000000000        0.0000000000000000        0.0000000000000000        0.0000000000000000        0.0000000000000000        0.0000000000000000        0.0000000000000000        0.0000000000000000        0.0000000000000000        0.0000000000000000        0.0000000000000000        1.3865232343064449       0.69375154529822214        1.6650911712296708       0.15855371317094574        0.0000000000000000        0.0000000000000000       0.48302850893634464        3.5120909317722440     
 THERM-A          43   2181.2941887256684        300.00000000000000        25.044420716458692        29.576789999999999        823.09021883163030        0.0000000000000000        0.0000000000000000        0.0000000000000000        0.0000000000000000        0.0000000000000000        0.0000000000000000        0.0000000000000000        0.0000000000000000        0.0000000000000000        0.0000000000000000        0.0000000000000000        1.3636184555060218       0.67297202970986103        1.2829936781545335       0.11066116787604473        0.0000000000000000        0.0000000000000000       0.37734030700026161        2.7436340627721010     
 THERM-A          44   2181.2941887256684        300.00000000000000        23.345340161531563        27.520900000000001        964.32710353148707        0.0000000000000000        0.0000000000000000        0.0000000000000000        0.0000000000000000        0.0000000000000000        0.0000000000000000        0.0000000000000000        0.0000000000000000        0.0000000000000000        0.0000000000000000        0.0000000000000000        1.3652644111408978       0.67446936419385772        2.5656777360202829       0.19581917810622382        0.0000000000000000        0.0000000000000000       0.44208942953029901        3.2144236784382900     
 THERM-A          45   2181.2941887256684        300.00000000000000        23.237890927986022        27.090000000000000        944.65755566052519        0.0000000000000000        0.0000000000000000        0.0000000000000000        0.0000000000000000        0.0000000000000000        0.0000000000000000        0.0000000000000000        0.0000000000000000        0.0000000000000000        0.0000000000000000        0.0000000000000000        1.3756592021962522       0.68391097248175015        2.0779624850048553       0.17025449177913773        0.0000000000000000        0.0000000000000000       0.43307205444507352        3.1488585188684173     
 THERM-A          46   2181.2941887256684        300.00000000000000        24.472682924885198        28.189000000000000        932.19132868048678        0.0000000000000000        0.0000000000000000        0.0000000000000000        0.0000000000000000        0.0000000000000000        0.0000000000000000        0.0000000000000000        0.0000000000000000        0.0000000000000000        0.0000000000000000        0.0000000000000000        1.3870873360468530       0.69426173575119998        2.1107974734221226       0.16658962626599752        0.0000000000000000        0.0000000000000000       0.42735699453042658        3.1073044289349561     
 THERM-A          47   2181.2941887256684        300.00000000000000        20.942860446461577        24.110800000000001        1145.8943104819296        0.0000000000000000        0.0000000000000000        0.0000000000000000        0.0000000000000000        0.0000000000000000        0.0000000000000000        0.0000000000000000        0.0000000000000000        0.0000000000000000        0.0000000000000000        0.0000000000000000        1.3384699957135968        1.1815074326053701        1.1134847879990559        8.1796388181137686E-002   0.0000000000000000        0.0000000000000000       0.52532772351599732        3.8196477016064319     
 THERM-A          48   2181.2941887256684        300.00000000000000        21.956696649278829        25.296340000000001        947.77780350533385        0.0000000000000000        0.0000000000000000        0.0000000000000000        0.0000000000000000        0.0000000000000000        0.0000000000000000        0.0000000000000000        0.0000000000000000        0.0000000000000000        0.0000000000000000        0.0000000000000000        1.3373242897745228        1.1793134466233870        1.4395768686625097        9.7809573648096143E-002   0.0000000000000000        0.0000000000000000       0.43450251158420505        3.1592593450177797     
 THERM-A          49   2181.2941887256684        300.00000000000000        21.386126481470729        24.500000000000000        945.23608119214191        0.0000000000000000        0.0000000000000000        0.0000000000000000        0.0000000000000000        0.0000000000000000        0.0000000000000000        0.0000000000000000        0.0000000000000000        0.0000000000000000        0.0000000000000000        0.0000000000000000        1.5316055804173754        1.1959698365737248        1.9370221665251055       0.19491832084927721        0.0000000000000000        0.0000000000000000       0.43333727567685737        3.1507869373071395     
 THERM-A          50   2181.2941887256684        300.00000000000000        22.985026601503453        27.688440000000000        889.10322474761278        0.0000000000000000        0.0000000000000000        0.0000000000000000        0.0000000000000000        0.0000000000000000        0.0000000000000000        0.0000000000000000        0.0000000000000000        0.0000000000000000        0.0000000000000000        0.0000000000000000        1.2724331197023664        1.0553866378492411        1.8876598966424647       0.10814203473083714        0.0000000000000000        0.0000000000000000       0.40760353616814743        2.9636774158253760     
 THERM-A          51   2181.2941887256684        300.00000000000000        23.346819494120563        26.949000000000002        932.53090214404938        0.0000000000000000        0.0000000000000000        0.0000000000000000        0.0000000000000000        0.0000000000000000        0.0000000000000000        0.0000000000000000        0.0000000000000000        0.0000000000000000        0.0000000000000000        0.0000000000000000        1.3343416767916210        1.1736027643355404        2.4775699088234404       0.15095198950216460        0.0000000000000000        0.0000000000000000       0.42751266975539981        3.1084363404801647     
 THERM-A          52   2181.2941887256684        300.00000000000000        30.858455197226490        36.134999999999998        1045.9012078343712        0.0000000000000000        0.0000000000000000        0.0000000000000000        0.0000000000000000        0.0000000000000000        0.0000000000000000        0.0000000000000000        0.0000000000000000        0.0000000000000000        0.0000000000000000        0.0000000000000000        1.3659242862323371       0.75565159504842150       0.86831716938171377        6.7808245013962487E-002   0.0000000000000000        0.0000000000000000       0.47948654209059077        3.4863373594479041     
 THERM-A          53   2181.2941887256684        300.00000000000000        31.768927643220778        37.216000000000001        901.82176779393546        0.0000000000000000        0.0000000000000000        0.0000000000000000        0.0000000000000000        0.0000000000000000        0.0000000000000000        0.0000000000000000        0.0000000000000000        0.0000000000000000        0.0000000000000000        0.0000000000000000        1.3655127050243798       0.75516415345825594        1.7737064758161900       0.10565277283173521        0.0000000000000000        0.0000000000000000       0.41343426872685513        3.0060725593131181     
 THERM-A          54   2181.2941887256684        300.00000000000000        31.107703500603208        36.270000000000003        887.81829345365304        0.0000000000000000        0.0000000000000000        0.0000000000000000        0.0000000000000000        0.0000000000000000        0.0000000000000000        0.0000000000000000        0.0000000000000000        0.0000000000000000        0.0000000000000000        0.0000000000000000        1.3704016960275112       0.76095789839905004        1.1706405714047861        8.1446794153194002E-002   0.0000000000000000        0.0000000000000000       0.40701446785237366        2.9593943115121770     
 THERM-A          55   2181.2941887256684        300.00000000000000        34.572946581072195        41.701999999999998        718.96953719564431        0.0000000000000000        0.0000000000000000        0.0000000000000000        0.0000000000000000        0.0000000000000000        0.0000000000000000        0.0000000000000000        0.0000000000000000        0.0000000000000000        0.0000000000000000        0.0000000000000000        1.4262131416131600       0.53886703708262573       0.72838563395155553        7.2440929765511614E-002   0.0000000000000000        0.0000000000000000       0.32960686408634898        2.3965651239854808     
 THERM-A          56   2181.2941887256684        300.00000000000000        32.976377585790488        39.420999999999999        886.87024535596584        0.0000000000000000        0.0000000000000000        0.0000000000000000        0.0000000000000000        0.0000000000000000        0.0000000000000000        0.0000000000000000        0.0000000000000000        0.0000000000000000        0.0000000000000000        0.0000000000000000        1.3451138607044915       0.73107605808315868        1.3081470140438400        7.9354199887768456E-002   0.0000000000000000        0.0000000000000000       0.40657984142619635        2.9562341511865529     
 THERM-A          57   2181.2941887256684        300.00000000000000        93.240319252099610        109.88300000000000        1080.8603161551766        0.0000000000000000        0.0000000000000000        0.0000000000000000        0.0000000000000000        0.0000000000000000        0.0000000000000000        0.0000000000000000        0.0000000000000000        0.0000000000000000        0.0000000000000000        0.0000000000000000        1.2455434592188910       0.71920335630726850        1.4634432713272751        2.4029731935720257E-002   0.0000000000000000        0.0000000000000000       0.49551331578370222        3.6028677205172555     
 THERM-A          58   2181.2941887256684        300.00000000000000        95.055569477528152        112.04500000000000        980.86675879906352        0.0000000000000000        0.0000000000000000        0.0000000000000000        0.0000000000000000        0.0000000000000000        0.0000000000000000        0.0000000000000000        0.0000000000000000        0.0000000000000000        0.0000000000000000        0.0000000000000000        1.2453616690154490       0.71893814769248932        2.1056317696852540        3.1382359675411461E-002   0.0000000000000000        0.0000000000000000       0.44967192590014404        3.2695558626635450     
 THERM-A          59   2181.2941887256684        300.00000000000000        92.854355211631969        109.40100000000000        1052.5281191766883        0.0000000000000000        0.0000000000000000        0.0000000000000000        0.0000000000000000        0.0000000000000000        0.0000000000000000        0.0000000000000000        0.0000000000000000        0.0000000000000000        0.0000000000000000        0.0000000000000000        1.2457657653126155       0.71952769934351390        1.8405264469011162        2.8842749310610198E-002   0.0000000000000000        0.0000000000000000       0.48252460608790448        3.5084270639222943     
 THERM-A          60   2181.2941887256684        300.00000000000000        36.658043345285506        44.975999999999999        1000.1590320542085        0.0000000000000000        0.0000000000000000        0.0000000000000000        0.0000000000000000        0.0000000000000000        0.0000000000000000        0.0000000000000000        0.0000000000000000        0.0000000000000000        0.0000000000000000        0.0000000000000000        1.1357575211400754       0.92198663239458900        1.9945597910843991        5.1548114054641547E-002   0.0000000000000000        0.0000000000000000       0.45851634191466417        3.3338634401806950     
 THERM-A          61   2181.2941887256684        300.00000000000000        39.950125978905419        49.024000000000001        554.10088403237603        0.0000000000000000        0.0000000000000000        0.0000000000000000        0.0000000000000000        0.0000000000000000        0.0000000000000000        0.0000000000000000        0.0000000000000000        0.0000000000000000        0.0000000000000000        0.0000000000000000        1.1355669920116767       0.92160758677355725        4.2466786896713460E-002   1.4571572640817293E-003   0.0000000000000000        0.0000000000000000       0.25402391245359102        1.8470029467745868     
 THERM-A          62   2181.2941887256684        300.00000000000000        36.559438504130071        43.399700000000003        615.72444853887703        0.0000000000000000        0.0000000000000000        0.0000000000000000        0.0000000000000000        0.0000000000000000        0.0000000000000000        0.0000000000000000        0.0000000000000000        0.0000000000000000        0.0000000000000000        0.0000000000000000        1.1722022399103380       0.99450707171134478      -0.12256873067025098       -2.8586141821606639E-003   0.0000000000000000        0.0000000000000000       0.28227483102524048        2.0524148284629233     
 THERM-A          63   2181.2941887256684        300.00000000000000        37.013277652433217        45.420000000000002        966.12196245522432        0.0000000000000000        0.0000000000000000        0.0000000000000000        0.0000000000000000        0.0000000000000000        0.0000000000000000        0.0000000000000000        0.0000000000000000        0.0000000000000000        0.0000000000000000        0.0000000000000000        1.1355694153643747       0.92161240787439536       0.59909539101088294        1.5676083223835797E-002   0.0000000000000000        0.0000000000000000       0.44291227082012324        3.2204065415174146     
 THERM-A          64   2181.2941887256684        300.00000000000000        37.520088817845078        44.527999999999999        662.50420529333348        0.0000000000000000        0.0000000000000000        0.0000000000000000        0.0000000000000000        0.0000000000000000        0.0000000000000000        0.0000000000000000        0.0000000000000000        0.0000000000000000        0.0000000000000000        0.0000000000000000        1.2601206789681341       0.44272219344761810       0.73080016314648177        4.8111730335734619E-002   0.0000000000000000        0.0000000000000000       0.30372070338681567        2.2083473509777782     
 THERM-A          65   2181.2941887256684        300.00000000000000        17.995261625282179        22.421050000000001        876.87588247956660        0.0000000000000000        0.0000000000000000        0.0000000000000000        0.0000000000000000        0.0000000000000000        0.0000000000000000        0.0000000000000000        0.0000000000000000        0.0000000000000000        0.0000000000000000        0.0000000000000000       -2.7279683222753710E-002   2.7251192112404272        3.2459752610808770      -0.24411224587935063        0.0000000000000000        0.0000000000000000       0.40199799138136671        2.9229196082652220     
 THERM-A          66   2181.2941887256684        300.00000000000000        14.486943567361060        20.657000000000000        951.53341430492651        0.0000000000000000        0.0000000000000000        0.0000000000000000        0.0000000000000000        0.0000000000000000        0.0000000000000000        0.0000000000000000        0.0000000000000000        0.0000000000000000        0.0000000000000000        0.0000000000000000       0.17599121280996033        2.1183407123073903        3.9609462914914726      -0.30597184228801821        0.0000000000000000        0.0000000000000000       0.43622424669861742        3.1717780476830884     
 THERM-A          67   2181.2941887256684        300.00000000000000        12.416116350503993        14.016999999999999        1296.5376929642796        0.0000000000000000        0.0000000000000000        0.0000000000000000        0.0000000000000000        0.0000000000000000        0.0000000000000000        0.0000000000000000        0.0000000000000000        0.0000000000000000        0.0000000000000000        0.0000000000000000        1.2426294829111770        1.5697339471206255        4.5998313855887272       0.38494181311537068        0.0000000000000000        0.0000000000000000       0.59438919319806582        4.3217923098809319     
 THERM-A          68   2181.2941887256684        300.00000000000000        12.193427490347297        13.670000000000000        1328.5815870786257        0.0000000000000000        0.0000000000000000        0.0000000000000000        0.0000000000000000        0.0000000000000000        0.0000000000000000        0.0000000000000000        0.0000000000000000        0.0000000000000000        0.0000000000000000        0.0000000000000000        1.2564211061862836        1.5980413655327270        3.9297262411070646       0.33700889923139588        0.0000000000000000        0.0000000000000000       0.60907950607744243        4.4286052902620856     
 THERM-A          69   2181.2941887256684        300.00000000000000        35.712336921517682        44.226999999999997        1129.6424333035307        0.0000000000000000        0.0000000000000000        0.0000000000000000        0.0000000000000000        0.0000000000000000        0.0000000000000000        0.0000000000000000        0.0000000000000000        0.0000000000000000        0.0000000000000000        0.0000000000000000       0.77557648534773493       0.68057030595454304        2.7699356101029595        6.8449083723358499E-003   0.0000000000000000        0.0000000000000000       0.51787715712179005        3.7654747776784356     
 THERM-A          70   2181.2941887256684        300.00000000000000        34.804874084099424        53.868400000000001        957.40414369009591        0.0000000000000000        0.0000000000000000        0.0000000000000000        0.0000000000000000        0.0000000000000000        0.0000000000000000        0.0000000000000000        0.0000000000000000        0.0000000000000000        0.0000000000000000        0.0000000000000000       0.48464955794876435       0.72635649219060960       0.94191946829389050       -2.5035238966941431E-002   0.0000000000000000        0.0000000000000000       0.43891564404222799        3.1913471456336531     
 THERM-A          71   2181.2941887256684        300.00000000000000        5.9701227202680638        7.0930000000000000        519.99453896731188        0.0000000000000000        0.0000000000000000        0.0000000000000000        0.0000000000000000        0.0000000000000000        0.0000000000000000        0.0000000000000000        0.0000000000000000        0.0000000000000000        0.0000000000000000        0.0000000000000000        1.4481478658557134       0.73472067472211722        4.1760798731506963        1.2941897881493927        0.0000000000000000        0.0000000000000000       0.23838808247643906        1.7333151298910396     
 THERM-A          72   2181.2941887256684        300.00000000000000        5.9039132281225060        6.9883499999999996        380.33237793103871        0.0000000000000000        0.0000000000000000        0.0000000000000000        0.0000000000000000        0.0000000000000000        0.0000000000000000        0.0000000000000000        0.0000000000000000        0.0000000000000000        0.0000000000000000        0.0000000000000000        1.5809003390728975       0.83976739136896750        4.2974038401632706        1.5956701626448953        0.0000000000000000        0.0000000000000000       0.17436088167145958        1.2677745931034623     
 THERM-A          73   2181.2941887256684        300.00000000000000        5.6989695036146264        6.7651000000000003        530.99369090719745        0.0000000000000000        0.0000000000000000        0.0000000000000000        0.0000000000000000        0.0000000000000000        0.0000000000000000        0.0000000000000000        0.0000000000000000        0.0000000000000000        0.0000000000000000        0.0000000000000000        1.7929445007533247       0.95367218661789377        2.9235551881094786        1.5641944302685273        0.0000000000000000        0.0000000000000000       0.24343057147069591        1.7699789696906583     
 THERM-A           1   2248.0830227994429        300.00000000000000        74.386866111582506        100.61000000000000        833.00508107672817        0.0000000000000000        0.0000000000000000        0.0000000000000000        0.0000000000000000        0.0000000000000000        0.0000000000000000        0.0000000000000000        0.0000000000000000        0.0000000000000000        0.0000000000000000        0.0000000000000000       0.27051626173326609        1.4402681828763204        2.2070203918297033       -3.1626151798116980E-002   0.0000000000000000        0.0000000000000000       0.37054017695459579        2.7766836035890941     
 THERM-A           2   2248.0830227994429        300.00000000000000        54.826896002356882        100.45200000000000        937.43345411268410        0.0000000000000000        0.0000000000000000        0.0000000000000000        0.0000000000000000        0.0000000000000000        0.0000000000000000        0.0000000000000000        0.0000000000000000        0.0000000000000000        0.0000000000000000        0.0000000000000000       0.31625310723911410        1.1949594242398993        1.8053636922432053       -3.4012435914304515E-002   0.0000000000000000        0.0000000000000000       0.41699236398544470        3.1247781803756136     
 THERM-A           3   2248.0830227994429        300.00000000000000        32.243743278841819        39.762000000000000        916.24771084875181        0.0000000000000000        0.0000000000000000        0.0000000000000000        0.0000000000000000        0.0000000000000000        0.0000000000000000        0.0000000000000000        0.0000000000000000        0.0000000000000000        0.0000000000000000        0.0000000000000000       0.33891002900054984        7.8399268470506200        3.0819661739230244      -0.15195070994458937        0.0000000000000000        0.0000000000000000       0.40756844901029821        3.0541590361625062     
 THERM-A           4   2248.0830227994429        300.00000000000000        33.544179245516794        40.843000000000004        877.97912410534309        0.0000000000000000        0.0000000000000000        0.0000000000000000        0.0000000000000000        0.0000000000000000        0.0000000000000000        0.0000000000000000        0.0000000000000000        0.0000000000000000        0.0000000000000000        0.0000000000000000       0.51419178525329734        5.2813007347972158        2.9236303089817137      -0.11220917255203380        0.0000000000000000        0.0000000000000000       0.39054568501301734        2.9265970803511436     
 THERM-A           5   2248.0830227994429        300.00000000000000        36.715811045283907        44.527999999999999        680.75472540226201        0.0000000000000000        0.0000000000000000        0.0000000000000000        0.0000000000000000        0.0000000000000000        0.0000000000000000        0.0000000000000000        0.0000000000000000        0.0000000000000000        0.0000000000000000        0.0000000000000000        1.2481122642202105       0.44093698197530035       0.69276282069618711        4.6483722192147962E-002   0.0000000000000000        0.0000000000000000       0.30281565160104579        2.2691824180075399     
 THERM-A           6   2248.0830227994429        300.00000000000000        35.557019452998645        43.564000000000000        858.21174153897311        0.0000000000000000        0.0000000000000000        0.0000000000000000        0.0000000000000000        0.0000000000000000        0.0000000000000000        0.0000000000000000        0.0000000000000000        0.0000000000000000        0.0000000000000000        0.0000000000000000       0.36731398010058564        7.2564939422967099        3.7073987543952436      -0.14357120653370620        0.0000000000000000        0.0000000000000000       0.38175269010762702        2.8607058051299106     
 THERM-A           7   2248.0830227994429        300.00000000000000        48.218256199566113        62.676000000000002        921.19591094113252        0.0000000000000000        0.0000000000000000        0.0000000000000000        0.0000000000000000        0.0000000000000000        0.0000000000000000        0.0000000000000000        0.0000000000000000        0.0000000000000000        0.0000000000000000        0.0000000000000000       0.19865467436315523        10.776817239928356        3.4286801598083008      -0.11481413950406909        0.0000000000000000        0.0000000000000000       0.40976952434523800        3.0706530364704419     
 THERM-A           8   2248.0830227994429        300.00000000000000        50.816960855524151        65.941000000000003        758.46554148504538        0.0000000000000000        0.0000000000000000        0.0000000000000000        0.0000000000000000        0.0000000000000000        0.0000000000000000        0.0000000000000000        0.0000000000000000        0.0000000000000000        0.0000000000000000        0.0000000000000000       0.16194801770173206        13.006352490971691        1.8695523975498134       -8.1803894977279218E-002   0.0000000000000000        0.0000000000000000       0.33738324332015118        2.5282184716168179     
 THERM-A           9   2248.0830227994429        300.00000000000000        45.509660657092766        59.140000000000001        893.70445428072026        0.0000000000000000        0.0000000000000000        0.0000000000000000        0.0000000000000000        0.0000000000000000        0.0000000000000000        0.0000000000000000        0.0000000000000000        0.0000000000000000        0.0000000000000000        0.0000000000000000       0.19920696206951058        10.744638731888958        3.3040137231459408      -0.11899969902185889        0.0000000000000000        0.0000000000000000       0.39754068031163181        2.9790148476024010     
 THERM-A          10   2248.0830227994429        300.00000000000000        52.340576915381931        68.054000000000002        844.43397195361115        0.0000000000000000        0.0000000000000000        0.0000000000000000        0.0000000000000000        0.0000000000000000        0.0000000000000000        0.0000000000000000        0.0000000000000000        0.0000000000000000        0.0000000000000000        0.0000000000000000       0.19803653738710264        10.813056383305705        2.1590058955834937       -8.3119880337246238E-002   0.0000000000000000        0.0000000000000000       0.37562401538982004        2.8147799065120371     
 THERM-A          11   2248.0830227994429        300.00000000000000        47.590813250999105        60.759999999999998        1076.8325109447294        0.0000000000000000        0.0000000000000000        0.0000000000000000        0.0000000000000000        0.0000000000000000        0.0000000000000000        0.0000000000000000        0.0000000000000000        0.0000000000000000        0.0000000000000000        0.0000000000000000        1.0597663986271344       0.26479726408034943        1.5923490991549294        3.7916317542825283E-002   0.0000000000000000        0.0000000000000000       0.47900033051439322        3.5894417031490979     
 THERM-A          12   2248.0830227994429        300.00000000000000        49.981568496499278        63.854129999999998        904.27366127937898        0.0000000000000000        0.0000000000000000        0.0000000000000000        0.0000000000000000        0.0000000000000000        0.0000000000000000        0.0000000000000000        0.0000000000000000        0.0000000000000000        0.0000000000000000        0.0000000000000000        1.0595825871098963       0.26483517496280889       0.78036540488161532        2.3314091719030375E-002   0.0000000000000000        0.0000000000000000       0.40224211121585945        3.0142455375979300     
 THERM-A          13   2248.0830227994429        300.00000000000000        50.017378463935174        66.039000000000001        1016.3670471168184        0.0000000000000000        0.0000000000000000        0.0000000000000000        0.0000000000000000        0.0000000000000000        0.0000000000000000        0.0000000000000000        0.0000000000000000        0.0000000000000000        0.0000000000000000        0.0000000000000000       0.88502726276858479       0.36864756409537036       0.89336038880162649        9.0047970778832608E-003   0.0000000000000000        0.0000000000000000       0.45210387552821757        3.3878901570560616     
 THERM-A          14   2248.0830227994429        300.00000000000000        51.749341105075679        67.867000000000004        896.72961988177201        0.0000000000000000        0.0000000000000000        0.0000000000000000        0.0000000000000000        0.0000000000000000        0.0000000000000000        0.0000000000000000        0.0000000000000000        0.0000000000000000        0.0000000000000000        0.0000000000000000       0.85029740948394172       0.36847495089854204       0.89561210943865843        6.3361568898850605E-003   0.0000000000000000        0.0000000000000000       0.39888634484909391        2.9890987329392402     
 THERM-A          15   2248.0830227994429        300.00000000000000        47.389983475094461        62.500000000000000        1045.2278861519196        0.0000000000000000        0.0000000000000000        0.0000000000000000        0.0000000000000000        0.0000000000000000        0.0000000000000000        0.0000000000000000        0.0000000000000000        0.0000000000000000        0.0000000000000000        0.0000000000000000       0.88539285647404264       0.36932274328838438        1.2049791519027950        1.2395918817702514E-002   0.0000000000000000        0.0000000000000000       0.46494185292602824        3.4840929538397321     
 THERM-A          16   2248.0830227994429        300.00000000000000        47.997021766439040        63.573999999999998        997.67947300631931        0.0000000000000000        0.0000000000000000        0.0000000000000000        0.0000000000000000        0.0000000000000000        0.0000000000000000        0.0000000000000000        0.0000000000000000        0.0000000000000000        0.0000000000000000        0.0000000000000000       0.72042361245224584       0.36629517125364236        1.7334609749894401       -1.2732497790398853E-006   0.0000000000000000        0.0000000000000000       0.44379120472336969        3.3255982433543978     
 THERM-A          17   2248.0830227994429        300.00000000000000        45.527975803301715        60.508000000000003        988.58688275058387        0.0000000000000000        0.0000000000000000        0.0000000000000000        0.0000000000000000        0.0000000000000000        0.0000000000000000        0.0000000000000000        0.0000000000000000        0.0000000000000000        0.0000000000000000        0.0000000000000000       0.48860324287716128        2.0873640862591651        2.2957566878942006       -4.4181148849395287E-002   0.0000000000000000        0.0000000000000000       0.43974660754278477        3.2952896091686128     
 THERM-A          18   2248.0830227994429        300.00000000000000        48.408758693417568        64.605999999999995        894.80826574342325        0.0000000000000000        0.0000000000000000        0.0000000000000000        0.0000000000000000        0.0000000000000000        0.0000000000000000        0.0000000000000000        0.0000000000000000        0.0000000000000000        0.0000000000000000        0.0000000000000000       0.67523306152977081       0.37088102906730269        1.7625551029889326       -4.3104827326118523E-003   0.0000000000000000        0.0000000000000000       0.39803168151199164        2.9826942191447441     
 THERM-A          19   2248.0830227994429        300.00000000000000        28.381914948630651        39.901000000000003        977.90248811833476        0.0000000000000000        0.0000000000000000        0.0000000000000000        0.0000000000000000        0.0000000000000000        0.0000000000000000        0.0000000000000000        0.0000000000000000        0.0000000000000000        0.0000000000000000        0.0000000000000000       0.82761349660007533       0.50856392461729927        1.1250391738193621        7.3163511717297420E-003   0.0000000000000000        0.0000000000000000       0.43499393848034762        3.2596749603944493     
 THERM-A          20   2248.0830227994429        300.00000000000000        27.821302913947623        40.271999999999998        953.28005585641563        0.0000000000000000        0.0000000000000000        0.0000000000000000        0.0000000000000000        0.0000000000000000        0.0000000000000000        0.0000000000000000        0.0000000000000000        0.0000000000000000        0.0000000000000000        0.0000000000000000       0.72889055732429364       0.51423416838311942       0.79762808731092649       -6.6441401369491133E-003   0.0000000000000000        0.0000000000000000       0.42404130371899529        3.1776001861880521     
 THERM-A          21   2248.0830227994429        300.00000000000000        90.021086614034346        113.08000000000000        1006.8838699473853        0.0000000000000000        0.0000000000000000        0.0000000000000000        0.0000000000000000        0.0000000000000000        0.0000000000000000        0.0000000000000000        0.0000000000000000        0.0000000000000000        0.0000000000000000        0.0000000000000000       0.77766918975498667       0.95947154681224311        1.0308587268258642       -3.8285387439189154E-003   0.0000000000000000        0.0000000000000000       0.44788553613716425        3.3562795664912843     
 THERM-A          22   2248.0830227994429        300.00000000000000        93.470586846401929        115.43000000000001        903.40887859767702        0.0000000000000000        0.0000000000000000        0.0000000000000000        0.0000000000000000        0.0000000000000000        0.0000000000000000        0.0000000000000000        0.0000000000000000        0.0000000000000000        0.0000000000000000        0.0000000000000000       0.83329264627024557       0.95259110594687135        1.9844069666608641        1.5536076517055093E-003   0.0000000000000000        0.0000000000000000       0.40185743561761350        3.0113629286589232     
 THERM-A          23   2248.0830227994429        300.00000000000000        98.624452288998214        125.12000000000000        1011.7840032141457        0.0000000000000000        0.0000000000000000        0.0000000000000000        0.0000000000000000        0.0000000000000000        0.0000000000000000        0.0000000000000000        0.0000000000000000        0.0000000000000000        0.0000000000000000        0.0000000000000000       0.72256412133177061        1.3712831652876858        2.3999096006628164       -6.5071436737615049E-003   0.0000000000000000        0.0000000000000000       0.45006523022188649        3.3726133440471524     
 THERM-A          24   2248.0830227994429        300.00000000000000        90.624528479476766        114.32400000000000        999.08577196130750        0.0000000000000000        0.0000000000000000        0.0000000000000000        0.0000000000000000        0.0000000000000000        0.0000000000000000        0.0000000000000000        0.0000000000000000        0.0000000000000000        0.0000000000000000        0.0000000000000000       0.72456928151191091        1.0923941452632913        1.1180223711909769       -6.3794380968843750E-003   0.0000000000000000        0.0000000000000000       0.44441675944742831        3.3302859065376915     
 THERM-A          25   2248.0830227994429        300.00000000000000        90.717222698382400        110.84200000000000        1080.9334132741667        0.0000000000000000        0.0000000000000000        0.0000000000000000        0.0000000000000000        0.0000000000000000        0.0000000000000000        0.0000000000000000        0.0000000000000000        0.0000000000000000        0.0000000000000000        0.0000000000000000        1.1975490929436718       0.28852682906308375        1.7864609319879845        3.1116381693181684E-002   0.0000000000000000        0.0000000000000000       0.48082450795261372        3.6031113775805554     
 THERM-A          26   2248.0830227994429        300.00000000000000        104.48870064611995        131.99000000000001        928.14847196282528        0.0000000000000000        0.0000000000000000        0.0000000000000000        0.0000000000000000        0.0000000000000000        0.0000000000000000        0.0000000000000000        0.0000000000000000        0.0000000000000000        0.0000000000000000        0.0000000000000000       0.79786524173154472       0.93097714444149859        2.6782383885240986        1.6205122824903082E-003   0.0000000000000000        0.0000000000000000       0.41286218638270805        3.0938282398760841     
 THERM-A          27   2248.0830227994429        300.00000000000000        94.359920257334693        118.71599999999999        997.23154107775065        0.0000000000000000        0.0000000000000000        0.0000000000000000        0.0000000000000000        0.0000000000000000        0.0000000000000000        0.0000000000000000        0.0000000000000000        0.0000000000000000        0.0000000000000000        0.0000000000000000       0.96921358616165865       0.84278643791862984        1.7978058544447149        9.0871865860237874E-003   0.0000000000000000        0.0000000000000000       0.44359195410672170        3.3241051369258354     
 THERM-A          28   2248.0830227994429        300.00000000000000        23.251240769078979        27.449999999999999        1071.5132770998698        0.0000000000000000        0.0000000000000000        0.0000000000000000        0.0000000000000000        0.0000000000000000        0.0000000000000000        0.0000000000000000        0.0000000000000000        0.0000000000000000        0.0000000000000000        0.0000000000000000        1.6360158408279599       0.82257828637718555       0.62204014234681337       0.13039898084340501        0.0000000000000000        0.0000000000000000       0.47663421067321593        3.5717109236662328     
 THERM-A          29   2248.0830227994429        300.00000000000000        33.009642982790368        43.603000000000002        1002.2599674496290        0.0000000000000000        0.0000000000000000        0.0000000000000000        0.0000000000000000        0.0000000000000000        0.0000000000000000        0.0000000000000000        0.0000000000000000        0.0000000000000000        0.0000000000000000        0.0000000000000000       0.59140069398071538        1.7655274215976633        2.5191626750578497       -4.5816109305976897E-002   0.0000000000000000        0.0000000000000000       0.44582871597044355        3.3408665581654300     
 THERM-A          30   2248.0830227994429        300.00000000000000        35.870209401708784        46.289999999999999        754.79202005992420        0.0000000000000000        0.0000000000000000        0.0000000000000000        0.0000000000000000        0.0000000000000000        0.0000000000000000        0.0000000000000000        0.0000000000000000        0.0000000000000000        0.0000000000000000        0.0000000000000000       0.53265941937677219        3.0507093455559859        2.0591831157910550       -6.4667604735026890E-002   0.0000000000000000        0.0000000000000000       0.33574917492149092        2.5159734001997474     
 THERM-A          31   2248.0830227994429        300.00000000000000        32.211092295296957        40.515000000000001        1061.5208501537729        0.0000000000000000        0.0000000000000000        0.0000000000000000        0.0000000000000000        0.0000000000000000        0.0000000000000000        0.0000000000000000        0.0000000000000000        0.0000000000000000        0.0000000000000000        0.0000000000000000       0.79487207890760792        1.5355005545552656        2.4795670538716950       -1.1825896064523174E-002   0.0000000000000000        0.0000000000000000       0.47218934505003546        3.5384028338459097     
 THERM-A          32   2248.0830227994429        300.00000000000000        34.007451216809123        42.799999999999997        796.50160800225729        0.0000000000000000        0.0000000000000000        0.0000000000000000        0.0000000000000000        0.0000000000000000        0.0000000000000000        0.0000000000000000        0.0000000000000000        0.0000000000000000        0.0000000000000000        0.0000000000000000       0.79414393544745066        1.5345122251483871        1.0732772278702509       -2.1833925710641217E-002   0.0000000000000000        0.0000000000000000       0.35430257687298727        2.6550053600075243     
 THERM-A          33   2248.0830227994429        300.00000000000000        31.830032157796751        39.493000000000002        1064.6041183868592        0.0000000000000000        0.0000000000000000        0.0000000000000000        0.0000000000000000        0.0000000000000000        0.0000000000000000        0.0000000000000000        0.0000000000000000        0.0000000000000000        0.0000000000000000        0.0000000000000000       0.70342932087787258        1.9483415985383377        2.4057894517738254       -3.5875378997970761E-002   0.0000000000000000        0.0000000000000000       0.47356085499954209        3.5486803946228642     
 THERM-A          34   2248.0830227994429        300.00000000000000        34.519315695801687        41.859999999999999        795.39088451754185        0.0000000000000000        0.0000000000000000        0.0000000000000000        0.0000000000000000        0.0000000000000000        0.0000000000000000        0.0000000000000000        0.0000000000000000        0.0000000000000000        0.0000000000000000        0.0000000000000000       0.85639799452808985        1.7307535762558930        1.7732087475809268       -1.4032041267105291E-002   0.0000000000000000        0.0000000000000000       0.35380850104329115        2.6513029483918062     
 THERM-A          35   2248.0830227994429        300.00000000000000        21.983001604738948        26.353999999999999        1113.8433539805694        0.0000000000000000        0.0000000000000000        0.0000000000000000        0.0000000000000000        0.0000000000000000        0.0000000000000000        0.0000000000000000        0.0000000000000000        0.0000000000000000        0.0000000000000000        0.0000000000000000       0.84551046670117258        1.6555994721279745        3.2227779504636320        2.5178290848610063E-003   0.0000000000000000        0.0000000000000000       0.49546362064224270        3.7128111799352315     
 THERM-A          36   2248.0830227994429        300.00000000000000        22.402393585445822        26.853999999999999        912.27820897994707        0.0000000000000000        0.0000000000000000        0.0000000000000000        0.0000000000000000        0.0000000000000000        0.0000000000000000        0.0000000000000000        0.0000000000000000        0.0000000000000000        0.0000000000000000        0.0000000000000000       0.84565549580718324        1.6558046676781615        3.4287490269682652        5.7985231230840151E-003   0.0000000000000000        0.0000000000000000       0.40580272157561403        3.0409273632664902     
 THERM-A          37   2248.0830227994429        300.00000000000000        21.598104061569302        25.577000000000002        1133.3997695416258        0.0000000000000000        0.0000000000000000        0.0000000000000000        0.0000000000000000        0.0000000000000000        0.0000000000000000        0.0000000000000000        0.0000000000000000        0.0000000000000000        0.0000000000000000        0.0000000000000000        1.0325534896514741        1.1438697981233656        2.4897269958059742        6.4654058219223917E-002   0.0000000000000000        0.0000000000000000       0.50416277248081831        3.7779992318054192     
 THERM-A          38   2248.0830227994429        300.00000000000000        24.924860582826838        30.286999999999999        847.73978817523061        0.0000000000000000        0.0000000000000000        0.0000000000000000        0.0000000000000000        0.0000000000000000        0.0000000000000000        0.0000000000000000        0.0000000000000000        0.0000000000000000        0.0000000000000000        0.0000000000000000        1.1409299116092146        1.3063891368442608       0.48917838239526090        2.2348110536634033E-003   0.0000000000000000        0.0000000000000000       0.37709451989881410        2.8257992939174352     
 THERM-A          39   2248.0830227994429        300.00000000000000        24.040751577290415        28.904000000000000        915.46720284952573        0.0000000000000000        0.0000000000000000        0.0000000000000000        0.0000000000000000        0.0000000000000000        0.0000000000000000        0.0000000000000000        0.0000000000000000        0.0000000000000000        0.0000000000000000        0.0000000000000000       0.80837615230658488        1.7010425964528990        2.5160979960282983       -1.8005401348659508E-002   0.0000000000000000        0.0000000000000000       0.40722126076533111        3.0515573428317526     
 THERM-A          40   2248.0830227994429        300.00000000000000        20.855871905566641        24.445000000000000        1124.6682935305278        0.0000000000000000        0.0000000000000000        0.0000000000000000        0.0000000000000000        0.0000000000000000        0.0000000000000000        0.0000000000000000        0.0000000000000000        0.0000000000000000        0.0000000000000000        0.0000000000000000        1.3705960876947458       0.67931529402157131        1.1199648749136502       0.12348039024123288        0.0000000000000000        0.0000000000000000       0.50027880737697394        3.7488943117684257     
 THERM-A          41   2248.0830227994429        300.00000000000000        21.765104790071803        25.321000000000002        923.00524632992983        0.0000000000000000        0.0000000000000000        0.0000000000000000        0.0000000000000000        0.0000000000000000        0.0000000000000000        0.0000000000000000        0.0000000000000000        0.0000000000000000        0.0000000000000000        0.0000000000000000        1.3775958619651134       0.68566723999019519        1.4803714005652742       0.14330517557916128        0.0000000000000000        0.0000000000000000       0.41057435911799661        3.0766841544330994     
 THERM-A          42   2248.0830227994429        300.00000000000000        21.179996133060225        24.943999999999999        1085.4426333166041        0.0000000000000000        0.0000000000000000        0.0000000000000000        0.0000000000000000        0.0000000000000000        0.0000000000000000        0.0000000000000000        0.0000000000000000        0.0000000000000000        0.0000000000000000        0.0000000000000000        1.3661604404262251       0.67528422261047483        1.5932602573878456       0.15191909725207164        0.0000000000000000        0.0000000000000000       0.48283031467625614        3.6181421110553469     
 THERM-A          43   2248.0830227994429        300.00000000000000        24.461681421682801        29.576789999999999        849.73046868852646        0.0000000000000000        0.0000000000000000        0.0000000000000000        0.0000000000000000        0.0000000000000000        0.0000000000000000        0.0000000000000000        0.0000000000000000        0.0000000000000000        0.0000000000000000        0.0000000000000000        1.3424902335890503       0.65369647390406793        1.2199616111322549       0.10571429369727295        0.0000000000000000        0.0000000000000000       0.37798002123177504        2.8324348956284213     
 THERM-A          44   2248.0830227994429        300.00000000000000        22.800111649336916        27.520900000000001        995.69514659083359        0.0000000000000000        0.0000000000000000        0.0000000000000000        0.0000000000000000        0.0000000000000000        0.0000000000000000        0.0000000000000000        0.0000000000000000        0.0000000000000000        0.0000000000000000        0.0000000000000000        1.3439860774978947       0.65506447695641656        2.4612090239482516       0.18746694144950782        0.0000000000000000        0.0000000000000000       0.44290852984198797        3.3189838219694452     
 THERM-A          45   2248.0830227994429        300.00000000000000        22.720020102432368        27.090000000000000        974.17518453747039        0.0000000000000000        0.0000000000000000        0.0000000000000000        0.0000000000000000        0.0000000000000000        0.0000000000000000        0.0000000000000000        0.0000000000000000        0.0000000000000000        0.0000000000000000        0.0000000000000000        1.3549076363444577       0.66503735244579398        1.9916638534313271       0.16309099923043682        0.0000000000000000        0.0000000000000000       0.43333594651872381        3.2472506151249014     
 THERM-A          46   2248.0830227994429        300.00000000000000        23.964101434935490        28.189000000000000        959.54404430307136        0.0000000000000000        0.0000000000000000        0.0000000000000000        0.0000000000000000        0.0000000000000000        0.0000000000000000        0.0000000000000000        0.0000000000000000        0.0000000000000000        0.0000000000000000        0.0000000000000000        1.3672699370388737       0.67629295191539118        2.0277816044500421       0.15992642833105067        0.0000000000000000        0.0000000000000000       0.42682767254217846        3.1984801476769045     
 THERM-A          47   2248.0830227994429        300.00000000000000        20.489621613160288        24.110800000000001        1179.5130747872865        0.0000000000000000        0.0000000000000000        0.0000000000000000        0.0000000000000000        0.0000000000000000        0.0000000000000000        0.0000000000000000        0.0000000000000000        0.0000000000000000        0.0000000000000000        0.0000000000000000        1.3052330872842546        1.1179413613764342        1.0774455940601835        7.7298790521233202E-002   0.0000000000000000        0.0000000000000000       0.52467505106572476        3.9317102492909553     
 THERM-A          48   2248.0830227994429        300.00000000000000        21.482555222134419        25.296340000000001        975.49913621901146        0.0000000000000000        0.0000000000000000        0.0000000000000000        0.0000000000000000        0.0000000000000000        0.0000000000000000        0.0000000000000000        0.0000000000000000        0.0000000000000000        0.0000000000000000        0.0000000000000000        1.3042462538310549        1.1160566858422099        1.3944942714193966        9.2433640912956541E-002   0.0000000000000000        0.0000000000000000       0.43392487124619783        3.2516637873967049     
 THERM-A          49   2248.0830227994429        300.00000000000000        20.918074387876388        24.500000000000000        977.39494078296150        0.0000000000000000        0.0000000000000000        0.0000000000000000        0.0000000000000000        0.0000000000000000        0.0000000000000000        0.0000000000000000        0.0000000000000000        0.0000000000000000        0.0000000000000000        0.0000000000000000        1.4926742416027767        1.1320243221776636        1.8485991081634012       0.18309956761807272        0.0000000000000000        0.0000000000000000       0.43476816953399383        3.2579831359432050     
 THERM-A          50   2248.0830227994429        300.00000000000000        22.394189839488039        27.688440000000000        918.65192797065947        0.0000000000000000        0.0000000000000000        0.0000000000000000        0.0000000000000000        0.0000000000000000        0.0000000000000000        0.0000000000000000        0.0000000000000000        0.0000000000000000        0.0000000000000000        0.0000000000000000        1.2389794272845573       0.99178284335433353        1.8256770170281265       0.10177127428719537        0.0000000000000000        0.0000000000000000       0.40863790111572523        3.0621730932355318     
 THERM-A          51   2248.0830227994429        300.00000000000000        22.844766210673992        26.949000000000002        959.63102766378699        0.0000000000000000        0.0000000000000000        0.0000000000000000        0.0000000000000000        0.0000000000000000        0.0000000000000000        0.0000000000000000        0.0000000000000000        0.0000000000000000        0.0000000000000000        0.0000000000000000        1.3016264598425393        1.1110541167809052        2.4038898671147577       0.14268169917157911        0.0000000000000000        0.0000000000000000       0.42686636477900136        3.1987700922126234     
 THERM-A          52   2248.0830227994429        300.00000000000000        30.149677446311088        36.134999999999998        1079.3345183923661        0.0000000000000000        0.0000000000000000        0.0000000000000000        0.0000000000000000        0.0000000000000000        0.0000000000000000        0.0000000000000000        0.0000000000000000        0.0000000000000000        0.0000000000000000        0.0000000000000000        1.3425837991903962       0.72809805071339406       0.82140321322586263        6.4604969372454746E-002   0.0000000000000000        0.0000000000000000       0.48011328204788289        3.5977817279745539     
 THERM-A          53   2248.0830227994429        300.00000000000000        31.040178129807760        37.216000000000001        930.60291824509238        0.0000000000000000        0.0000000000000000        0.0000000000000000        0.0000000000000000        0.0000000000000000        0.0000000000000000        0.0000000000000000        0.0000000000000000        0.0000000000000000        0.0000000000000000        0.0000000000000000        1.3422235924817092       0.72767424225734423        1.6984657237386318       0.10088910198605100        0.0000000000000000        0.0000000000000000       0.41395398159550700        3.1020097274836411     
 THERM-A          54   2248.0830227994429        300.00000000000000        30.405288602905671        36.270000000000003        915.80042985584998        0.0000000000000000        0.0000000000000000        0.0000000000000000        0.0000000000000000        0.0000000000000000        0.0000000000000000        0.0000000000000000        0.0000000000000000        0.0000000000000000        0.0000000000000000        0.0000000000000000        1.3472164069149133       0.73355247436122828        1.1147576752498956        7.7708110789934365E-002   0.0000000000000000        0.0000000000000000       0.40736948794508593        3.0526680995194999     
 THERM-A          55   2248.0830227994429        300.00000000000000        33.683925319996149        41.701999999999998        745.99069453730567        0.0000000000000000        0.0000000000000000        0.0000000000000000        0.0000000000000000        0.0000000000000000        0.0000000000000000        0.0000000000000000        0.0000000000000000        0.0000000000000000        0.0000000000000000        0.0000000000000000        1.4063094875840478       0.53972172141836317       0.66576565446523550        6.8465152230950163E-002   0.0000000000000000        0.0000000000000000       0.33183413911838316        2.4866356484576855     
 THERM-A          56   2248.0830227994429        300.00000000000000        32.155992921589231        39.420999999999999        917.15778668278256        0.0000000000000000        0.0000000000000000        0.0000000000000000        0.0000000000000000        0.0000000000000000        0.0000000000000000        0.0000000000000000        0.0000000000000000        0.0000000000000000        0.0000000000000000        0.0000000000000000        1.3210416688269770       0.70282778353173425        1.2446238504157172        7.5548896767908255E-002   0.0000000000000000        0.0000000000000000       0.40797327206389589        3.0571926222759420     
 THERM-A          57   2248.0830227994429        300.00000000000000        91.120516195210541        109.88300000000000        1112.0098089462388        0.0000000000000000        0.0000000000000000        0.0000000000000000        0.0000000000000000        0.0000000000000000        0.0000000000000000        0.0000000000000000        0.0000000000000000        0.0000000000000000        0.0000000000000000        0.0000000000000000        1.2255262290238704       0.69012088244154035        1.4135112611548637        2.3089654695984271E-002   0.0000000000000000        0.0000000000000000       0.49464801685193099        3.7066993631541294     
 THERM-A          58   2248.0830227994429        300.00000000000000        92.895912303603595        112.04500000000000        1009.1115822205322        0.0000000000000000        0.0000000000000000        0.0000000000000000        0.0000000000000000        0.0000000000000000        0.0000000000000000        0.0000000000000000        0.0000000000000000        0.0000000000000000        0.0000000000000000        0.0000000000000000        1.2253674713223797       0.68989120532957404        2.0391814515916988        3.0167546567164350E-002   0.0000000000000000        0.0000000000000000       0.44887647475044234        3.3637052740684408     
 THERM-A          59   2248.0830227994429        300.00000000000000        90.742433078930617        109.40100000000000        1082.8795561558395        0.0000000000000000        0.0000000000000000        0.0000000000000000        0.0000000000000000        0.0000000000000000        0.0000000000000000        0.0000000000000000        0.0000000000000000        0.0000000000000000        0.0000000000000000        0.0000000000000000        1.2257277790303174       0.69041249017010731        1.7808097322623959        2.7720420936400401E-002   0.0000000000000000        0.0000000000000000       0.48169019790353440        3.6095985205194649     
 THERM-A          60   2248.0830227994429        300.00000000000000        35.671979716524469        44.975999999999999        1031.2274352967374        0.0000000000000000        0.0000000000000000        0.0000000000000000        0.0000000000000000        0.0000000000000000        0.0000000000000000        0.0000000000000000        0.0000000000000000        0.0000000000000000        0.0000000000000000        0.0000000000000000        1.1083942404227374       0.86755876585407710        1.9451695194046326        4.8668151116631392E-002   0.0000000000000000        0.0000000000000000       0.45871412436209469        3.4374247843224581     
 THERM-A          61   2248.0830227994429        300.00000000000000        38.892013150063249        49.024000000000001        571.04160707830238        0.0000000000000000        0.0000000000000000        0.0000000000000000        0.0000000000000000        0.0000000000000000        0.0000000000000000        0.0000000000000000        0.0000000000000000        0.0000000000000000        0.0000000000000000        0.0000000000000000        1.1086274697471736       0.86802259359120981        4.0964081700806565E-002   1.3842186519875330E-003   0.0000000000000000        0.0000000000000000       0.25401268604715871        1.9034720235943412     
 THERM-A          62   2248.0830227994429        300.00000000000000        35.683030166417488        43.399700000000003        633.27695075475253        0.0000000000000000        0.0000000000000000        0.0000000000000000        0.0000000000000000        0.0000000000000000        0.0000000000000000        0.0000000000000000        0.0000000000000000        0.0000000000000000        0.0000000000000000        0.0000000000000000        1.1450157969069241       0.94040646770755032      -0.12013464088499703       -2.6981538745344466E-003   0.0000000000000000        0.0000000000000000       0.28169642505736264        2.1109231691825086     
 THERM-A          63   2248.0830227994429        300.00000000000000        36.018107026262079        45.420000000000002        996.11441558148363        0.0000000000000000        0.0000000000000000        0.0000000000000000        0.0000000000000000        0.0000000000000000        0.0000000000000000        0.0000000000000000        0.0000000000000000        0.0000000000000000        0.0000000000000000        0.0000000000000000        1.1082334678148662       0.86723903509390377       0.58393361152329581        1.4806613333116486E-002   0.0000000000000000        0.0000000000000000       0.44309503051229149        3.3203813852716122     
 THERM-A          64   2248.0830227994429        300.00000000000000        36.715811045283907        44.527999999999999        680.75472540226201        0.0000000000000000        0.0000000000000000        0.0000000000000000        0.0000000000000000        0.0000000000000000        0.0000000000000000        0.0000000000000000        0.0000000000000000        0.0000000000000000        0.0000000000000000        0.0000000000000000        1.2481122642202105       0.44093698197530035       0.69276282069618711        4.6483722192147962E-002   0.0000000000000000        0.0000000000000000       0.30281565160104579        2.2691824180075399     
 THERM-A          65   2248.0830227994429        300.00000000000000        17.707045809250914        22.421050000000001        876.49835378856551        0.0000000000000000        0.0000000000000000        0.0000000000000000        0.0000000000000000        0.0000000000000000        0.0000000000000000        0.0000000000000000        0.0000000000000000        0.0000000000000000        0.0000000000000000        0.0000000000000000       -2.6054664588313216E-002   2.9713064126243327        3.3176265987151341      -0.25316858992453090        0.0000000000000000        0.0000000000000000       0.38988700368240808        2.9216611792952185     
 THERM-A          66   2248.0830227994429        300.00000000000000        13.888013224705848        20.657000000000000        958.30670919154124        0.0000000000000000        0.0000000000000000        0.0000000000000000        0.0000000000000000        0.0000000000000000        0.0000000000000000        0.0000000000000000        0.0000000000000000        0.0000000000000000        0.0000000000000000        0.0000000000000000       0.15987198325465982        2.4466056176689910        4.1549894512079923      -0.34307581490624672        0.0000000000000000        0.0000000000000000       0.42627727689442818        3.1943556973051375     
 THERM-A          67   2248.0830227994429        300.00000000000000        12.179331720535966        14.016999999999999        1327.4659942815497        0.0000000000000000        0.0000000000000000        0.0000000000000000        0.0000000000000000        0.0000000000000000        0.0000000000000000        0.0000000000000000        0.0000000000000000        0.0000000000000000        0.0000000000000000        0.0000000000000000        1.2065058359824672        1.4954813843388661        4.5118220014151849       0.35877562056133094        0.0000000000000000        0.0000000000000000       0.59048797611954396        4.4248866476051658     
 THERM-A          68   2248.0830227994429        300.00000000000000        11.969913608031316        13.670000000000000        1359.3704006367307        0.0000000000000000        0.0000000000000000        0.0000000000000000        0.0000000000000000        0.0000000000000000        0.0000000000000000        0.0000000000000000        0.0000000000000000        0.0000000000000000        0.0000000000000000        0.0000000000000000        1.2206580453545446        1.5245908880136974        3.8569449026069043       0.31452959126821867        0.0000000000000000        0.0000000000000000       0.60467980357058349        4.5312346687891019     
 THERM-A          69   2248.0830227994429        300.00000000000000        34.784325737171031        44.226999999999997        1152.7407060579519        0.0000000000000000        0.0000000000000000        0.0000000000000000        0.0000000000000000        0.0000000000000000        0.0000000000000000        0.0000000000000000        0.0000000000000000        0.0000000000000000        0.0000000000000000        0.0000000000000000       0.76210084277644041       0.65112609516158870        2.7643996535258561        5.0848603166281283E-003   0.0000000000000000        0.0000000000000000       0.51276607419173181        3.8424690201931728     
 THERM-A          70   2248.0830227994429        300.00000000000000        33.490872014293927        53.868400000000001        975.17784628163861        0.0000000000000000        0.0000000000000000        0.0000000000000000        0.0000000000000000        0.0000000000000000        0.0000000000000000        0.0000000000000000        0.0000000000000000        0.0000000000000000        0.0000000000000000        0.0000000000000000       0.47136755374341943       0.71810583642247328       0.97607240757510993       -2.6988228931235411E-002   0.0000000000000000        0.0000000000000000       0.43378195395439212        3.2505928209387953     
 THERM-A          71   2248.0830227994429        300.00000000000000        5.8419360423055853        7.0930000000000000        536.46618879988023        0.0000000000000000        0.0000000000000000        0.0000000000000000        0.0000000000000000        0.0000000000000000        0.0000000000000000        0.0000000000000000        0.0000000000000000        0.0000000000000000        0.0000000000000000        0.0000000000000000        1.4255327267834181       0.71570328522530446        4.0137842342053194        1.2384879158629765        0.0000000000000000        0.0000000000000000       0.23863272991219048        1.7882206293329341     
 THERM-A          72   2248.0830227994429        300.00000000000000        5.7757342022654505        6.9883499999999996        393.63781814884163        0.0000000000000000        0.0000000000000000        0.0000000000000000        0.0000000000000000        0.0000000000000000        0.0000000000000000        0.0000000000000000        0.0000000000000000        0.0000000000000000        0.0000000000000000        0.0000000000000000        1.5524044329824498       0.81768660709211916        4.0982061342607281        1.5133206062757465        0.0000000000000000        0.0000000000000000       0.17509932424944924        1.3121260604961387     
 THERM-A          73   2248.0830227994429        300.00000000000000        5.5604733325872076        6.7651000000000003        554.65749390425208        0.0000000000000000        0.0000000000000000        0.0000000000000000        0.0000000000000000        0.0000000000000000        0.0000000000000000        0.0000000000000000        0.0000000000000000        0.0000000000000000        0.0000000000000000        0.0000000000000000        1.7518345330991483       0.93183588978522180        2.7149484880208696        1.4498758682613304        0.0000000000000000        0.0000000000000000       0.24672464863577881        1.8488583130141736     
 THERM-A           1   2310.7944684244512        300.00000000000000        72.800448125044340        100.61000000000000        837.80092038721796        0.0000000000000000        0.0000000000000000        0.0000000000000000        0.0000000000000000        0.0000000000000000        0.0000000000000000        0.0000000000000000        0.0000000000000000        0.0000000000000000        0.0000000000000000        0.0000000000000000       0.26207491895505464        1.5019653364094714        2.2585990114295145       -3.3424454207833146E-002   0.0000000000000000        0.0000000000000000       0.36255968751666973        2.7926697346240599     
 THERM-A           2   2310.7944684244512        300.00000000000000        50.536852121374210        100.45200000000000        960.69115291442665        0.0000000000000000        0.0000000000000000        0.0000000000000000        0.0000000000000000        0.0000000000000000        0.0000000000000000        0.0000000000000000        0.0000000000000000        0.0000000000000000        0.0000000000000000        0.0000000000000000       0.28521441566903444        1.3503723398740846        1.9667467168862360       -4.1616700078669404E-002   0.0000000000000000        0.0000000000000000       0.41574063208202428        3.2023038430480888     
 THERM-A           3   2310.7944684244512        300.00000000000000        31.572130197042327        39.762000000000000        922.26418189555511        0.0000000000000000        0.0000000000000000        0.0000000000000000        0.0000000000000000        0.0000000000000000        0.0000000000000000        0.0000000000000000        0.0000000000000000        0.0000000000000000        0.0000000000000000        0.0000000000000000       0.28293408566515332        9.4183205073936964        3.1895577918940115      -0.16881282593988572        0.0000000000000000        0.0000000000000000       0.39911129894835451        3.0742139396518504     
 THERM-A           4   2310.7944684244512        300.00000000000000        32.864751320179323        40.843000000000004        886.76495146471018        0.0000000000000000        0.0000000000000000        0.0000000000000000        0.0000000000000000        0.0000000000000000        0.0000000000000000        0.0000000000000000        0.0000000000000000        0.0000000000000000        0.0000000000000000        0.0000000000000000       0.45918527503885676        5.8013588097267696        3.0040646351851574      -0.12478471011821592        0.0000000000000000        0.0000000000000000       0.38374895023412681        2.9558831715490341     
 THERM-A           5   2310.7944684244512        300.00000000000000        35.994634198704375        44.527999999999999        697.74508341585920        0.0000000000000000        0.0000000000000000        0.0000000000000000        0.0000000000000000        0.0000000000000000        0.0000000000000000        0.0000000000000000        0.0000000000000000        0.0000000000000000        0.0000000000000000        0.0000000000000000        1.2372685251138966       0.43872903796153867       0.65975402653472637        4.5064034325864068E-002   0.0000000000000000        0.0000000000000000       0.30195030018900670        2.3258169447195307     
 THERM-A           6   2310.7944684244512        300.00000000000000        34.884737829880201        43.564000000000000        863.83089613997538        0.0000000000000000        0.0000000000000000        0.0000000000000000        0.0000000000000000        0.0000000000000000        0.0000000000000000        0.0000000000000000        0.0000000000000000        0.0000000000000000        0.0000000000000000        0.0000000000000000       0.31648712178237298        8.4133812883621832        3.8090606060088668      -0.15915532471180951        0.0000000000000000        0.0000000000000000       0.37382420113241555        2.8794363204665845     
 THERM-A           7   2310.7944684244512        300.00000000000000        47.245261586730230        62.676000000000002        924.52012038899193        0.0000000000000000        0.0000000000000000        0.0000000000000000        0.0000000000000000        0.0000000000000000        0.0000000000000000        0.0000000000000000        0.0000000000000000        0.0000000000000000        0.0000000000000000        0.0000000000000000       0.15460039318598082        14.122771729480055        3.5459237209676773      -0.12642989188301362        0.0000000000000000        0.0000000000000000       0.40008755993749173        3.0817337346299731     
 THERM-A           8   2310.7944684244512        300.00000000000000        49.834039359540874        65.941000000000003        760.56060584370209        0.0000000000000000        0.0000000000000000        0.0000000000000000        0.0000000000000000        0.0000000000000000        0.0000000000000000        0.0000000000000000        0.0000000000000000        0.0000000000000000        0.0000000000000000        0.0000000000000000       0.12034633524137019        17.910240948707877        1.9532828722250950       -8.8717742808429784E-002   0.0000000000000000        0.0000000000000000       0.32913381792984320        2.5352020194790068     
 THERM-A           9   2310.7944684244512        300.00000000000000        44.588353408545657        59.140000000000001        896.94891534279532        0.0000000000000000        0.0000000000000000        0.0000000000000000        0.0000000000000000        0.0000000000000000        0.0000000000000000        0.0000000000000000        0.0000000000000000        0.0000000000000000        0.0000000000000000        0.0000000000000000       0.15501827205406615        14.081744002859219        3.4190496954710818      -0.13098173661557538        0.0000000000000000        0.0000000000000000       0.38815607688136544        2.9898297178093176     
 THERM-A          10   2310.7944684244512        300.00000000000000        51.288176182591847        68.054000000000002        847.46078249536686        0.0000000000000000        0.0000000000000000        0.0000000000000000        0.0000000000000000        0.0000000000000000        0.0000000000000000        0.0000000000000000        0.0000000000000000        0.0000000000000000        0.0000000000000000        0.0000000000000000       0.15413084060961521        14.169146392391202        2.2503495615139517       -9.0638184691477566E-002   0.0000000000000000        0.0000000000000000       0.36674000828519537        2.8248692749845561     
 THERM-A          11   2310.7944684244512        300.00000000000000        46.591611322584470        60.759999999999998        1101.2524856049422        0.0000000000000000        0.0000000000000000        0.0000000000000000        0.0000000000000000        0.0000000000000000        0.0000000000000000        0.0000000000000000        0.0000000000000000        0.0000000000000000        0.0000000000000000        0.0000000000000000        1.0538163693329796       0.26580734526670480        1.5547515140728354        3.7339345691373871E-002   0.0000000000000000        0.0000000000000000       0.47656877349018389        3.6708416186831405     
 THERM-A          12   2310.7944684244512        300.00000000000000        48.933998109082872        63.854129999999998        924.74043028648850        0.0000000000000000        0.0000000000000000        0.0000000000000000        0.0000000000000000        0.0000000000000000        0.0000000000000000        0.0000000000000000        0.0000000000000000        0.0000000000000000        0.0000000000000000        0.0000000000000000        1.0536433555879186       0.26583022803259271       0.75615918014948713        2.2900487861893706E-002   0.0000000000000000        0.0000000000000000       0.40018289939779722        3.0824681009549617     
 THERM-A          13   2310.7944684244512        300.00000000000000        48.807780056325456        66.039000000000001        1038.5282020341151        0.0000000000000000        0.0000000000000000        0.0000000000000000        0.0000000000000000        0.0000000000000000        0.0000000000000000        0.0000000000000000        0.0000000000000000        0.0000000000000000        0.0000000000000000        0.0000000000000000       0.87723171185944848       0.35426896253606804       0.88258251520759845        8.8169277563590852E-003   0.0000000000000000        0.0000000000000000       0.44942473951056572        3.4617606734470505     
 THERM-A          14   2310.7944684244512        300.00000000000000        50.522350570525056        67.867000000000004        915.13288864405126        0.0000000000000000        0.0000000000000000        0.0000000000000000        0.0000000000000000        0.0000000000000000        0.0000000000000000        0.0000000000000000        0.0000000000000000        0.0000000000000000        0.0000000000000000        0.0000000000000000       0.84296210135352756       0.35378511172036975       0.88793588110110022        6.1768959302842368E-003   0.0000000000000000        0.0000000000000000       0.39602522039444221        3.0504429621468376     
 THERM-A          15   2310.7944684244512        300.00000000000000        46.241435387038450        62.500000000000000        1068.0781190848174        0.0000000000000000        0.0000000000000000        0.0000000000000000        0.0000000000000000        0.0000000000000000        0.0000000000000000        0.0000000000000000        0.0000000000000000        0.0000000000000000        0.0000000000000000        0.0000000000000000       0.87756317851449861       0.35487961867603557        1.1908939417200468        1.2132655310478458E-002   0.0000000000000000        0.0000000000000000       0.46221251334959956        3.5602603969493916     
 THERM-A          16   2310.7944684244512        300.00000000000000        46.843747278775602        63.573999999999998        1015.2366753449803        0.0000000000000000        0.0000000000000000        0.0000000000000000        0.0000000000000000        0.0000000000000000        0.0000000000000000        0.0000000000000000        0.0000000000000000        0.0000000000000000        0.0000000000000000        0.0000000000000000       0.71416586267240878       0.35121717224326515        1.7336861478155978       -3.9034904479319683E-004   0.0000000000000000        0.0000000000000000       0.43934529410449485        3.3841222511499343     
 THERM-A          17   2310.7944684244512        300.00000000000000        44.276703181379041        60.508000000000003        1001.7467316594505        0.0000000000000000        0.0000000000000000        0.0000000000000000        0.0000000000000000        0.0000000000000000        0.0000000000000000        0.0000000000000000        0.0000000000000000        0.0000000000000000        0.0000000000000000        0.0000000000000000       0.46054452820852904        2.1597972710136109        2.3537958110035384       -4.8668451952407620E-002   0.0000000000000000        0.0000000000000000       0.43350749941099809        3.3391557721981684     
 THERM-A          18   2310.7944684244512        300.00000000000000        47.189884957191708        64.605999999999995        910.27674186853596        0.0000000000000000        0.0000000000000000        0.0000000000000000        0.0000000000000000        0.0000000000000000        0.0000000000000000        0.0000000000000000        0.0000000000000000        0.0000000000000000        0.0000000000000000        0.0000000000000000       0.66900805947876651       0.35560678461799600        1.7681054115222317       -4.7995756350995046E-003   0.0000000000000000        0.0000000000000000       0.39392371511482022        3.0342558062284533     
 THERM-A          19   2310.7944684244512        300.00000000000000        27.557538564341105        39.901000000000003        1001.8724484857911        0.0000000000000000        0.0000000000000000        0.0000000000000000        0.0000000000000000        0.0000000000000000        0.0000000000000000        0.0000000000000000        0.0000000000000000        0.0000000000000000        0.0000000000000000        0.0000000000000000       0.81562287939696010       0.48195306078245931        1.1192818926113350        6.6529941474922343E-003   0.0000000000000000        0.0000000000000000       0.43356190356855451        3.3395748282859703     
 THERM-A          20   2310.7944684244512        300.00000000000000        26.956338816271423        40.271999999999998        975.30177122767850        0.0000000000000000        0.0000000000000000        0.0000000000000000        0.0000000000000000        0.0000000000000000        0.0000000000000000        0.0000000000000000        0.0000000000000000        0.0000000000000000        0.0000000000000000        0.0000000000000000       0.71744883412656335       0.48793613227558136       0.80363743592199233       -7.2554792543470942E-003   0.0000000000000000        0.0000000000000000       0.42206340051205848        3.2510059040922616     
 THERM-A          21   2310.7944684244512        300.00000000000000        87.948036176129676        113.08000000000000        1025.0891144171642        0.0000000000000000        0.0000000000000000        0.0000000000000000        0.0000000000000000        0.0000000000000000        0.0000000000000000        0.0000000000000000        0.0000000000000000        0.0000000000000000        0.0000000000000000        0.0000000000000000       0.76076980513831316       0.92690075076816558        1.0391433334857618       -4.1661331840222096E-003   0.0000000000000000        0.0000000000000000       0.44360895286203955        3.4169637147238805     
 THERM-A          22   2310.7944684244512        300.00000000000000        91.540424780691126        115.43000000000001        919.09837521268605        0.0000000000000000        0.0000000000000000        0.0000000000000000        0.0000000000000000        0.0000000000000000        0.0000000000000000        0.0000000000000000        0.0000000000000000        0.0000000000000000        0.0000000000000000        0.0000000000000000       0.81717541483118183       0.91974135712828997        1.9819485522752223        9.9404315794788915E-004   0.0000000000000000        0.0000000000000000       0.39774129104582240        3.0636612507089533     
 THERM-A          23   2310.7944684244512        300.00000000000000        96.262763347028994        125.12000000000000        1029.3654412967480        0.0000000000000000        0.0000000000000000        0.0000000000000000        0.0000000000000000        0.0000000000000000        0.0000000000000000        0.0000000000000000        0.0000000000000000        0.0000000000000000        0.0000000000000000        0.0000000000000000       0.69918718659052326        1.3430415423337838        2.4166179037545072       -7.6497114469078267E-003   0.0000000000000000        0.0000000000000000       0.44545954015485906        3.4312181376558266     
 THERM-A          24   2310.7944684244512        300.00000000000000        88.542127517178898        114.32400000000000        1015.8430155947692        0.0000000000000000        0.0000000000000000        0.0000000000000000        0.0000000000000000        0.0000000000000000        0.0000000000000000        0.0000000000000000        0.0000000000000000        0.0000000000000000        0.0000000000000000        0.0000000000000000       0.70663967364570146        1.0636775185172846        1.1317709712296222       -6.8291018607925993E-003   0.0000000000000000        0.0000000000000000       0.43960768881682177        3.3861433853158975     
 THERM-A          25   2310.7944684244512        300.00000000000000        88.880550339271565        110.84200000000000        1107.6566408163765        0.0000000000000000        0.0000000000000000        0.0000000000000000        0.0000000000000000        0.0000000000000000        0.0000000000000000        0.0000000000000000        0.0000000000000000        0.0000000000000000        0.0000000000000000        0.0000000000000000        1.1904028282342944       0.29650306769799373        1.7299267345919860        3.0445424828262152E-002   0.0000000000000000        0.0000000000000000       0.47934018189493083        3.6921888027212550     
 THERM-A          26   2310.7944684244512        300.00000000000000        102.20398944929478        131.99000000000001        944.49734617243814        0.0000000000000000        0.0000000000000000        0.0000000000000000        0.0000000000000000        0.0000000000000000        0.0000000000000000        0.0000000000000000        0.0000000000000000        0.0000000000000000        0.0000000000000000        0.0000000000000000       0.78188962364022074       0.89905439969499179        2.6753391049315050        9.1721246231606362E-004   0.0000000000000000        0.0000000000000000       0.40873273632873830        3.1483244872414606     
 THERM-A          27   2310.7944684244512        300.00000000000000        92.216201173135417        118.71599999999999        1019.4770373729242        0.0000000000000000        0.0000000000000000        0.0000000000000000        0.0000000000000000        0.0000000000000000        0.0000000000000000        0.0000000000000000        0.0000000000000000        0.0000000000000000        0.0000000000000000        0.0000000000000000       0.95104956210730962       0.80412038337401426        1.7789114430913198        8.5445934512491349E-003   0.0000000000000000        0.0000000000000000       0.44118031755027753        3.3982567912430808     
 THERM-A          28   2310.7944684244512        300.00000000000000        22.764709803731705        27.449999999999999        1108.9031205706253        0.0000000000000000        0.0000000000000000        0.0000000000000000        0.0000000000000000        0.0000000000000000        0.0000000000000000        0.0000000000000000        0.0000000000000000        0.0000000000000000        0.0000000000000000        0.0000000000000000        1.6080585652100778       0.80749001122927933       0.56058391588221279       0.12232062412031783        0.0000000000000000        0.0000000000000000       0.47987959800107149        3.6963437352354176     
 THERM-A          29   2310.7944684244512        300.00000000000000        32.170048086791020        43.603000000000002        1017.3001922159223        0.0000000000000000        0.0000000000000000        0.0000000000000000        0.0000000000000000        0.0000000000000000        0.0000000000000000        0.0000000000000000        0.0000000000000000        0.0000000000000000        0.0000000000000000        0.0000000000000000       0.56502729706959620        1.7770773480511193        2.5597595038515029       -5.0957338900021541E-002   0.0000000000000000        0.0000000000000000       0.44023828432891271        3.3910006407197408     
 THERM-A          30   2310.7944684244512        300.00000000000000        35.051222344818825        46.289999999999999        763.80716204627151        0.0000000000000000        0.0000000000000000        0.0000000000000000        0.0000000000000000        0.0000000000000000        0.0000000000000000        0.0000000000000000        0.0000000000000000        0.0000000000000000        0.0000000000000000        0.0000000000000000       0.49562459292907424        3.1949739117092202        2.1145531747312951       -7.0651121406445333E-002   0.0000000000000000        0.0000000000000000       0.33053877031610324        2.5460238734875715     
 THERM-A          31   2310.7944684244512        300.00000000000000        31.460049286212186        40.515000000000001        1081.2553348469203        0.0000000000000000        0.0000000000000000        0.0000000000000000        0.0000000000000000        0.0000000000000000        0.0000000000000000        0.0000000000000000        0.0000000000000000        0.0000000000000000        0.0000000000000000        0.0000000000000000       0.76693303706808968        1.4985248172987458        2.4899252234887870       -1.5771164733391435E-002   0.0000000000000000        0.0000000000000000       0.46791497453433978        3.6041844494897344     
 THERM-A          32   2310.7944684244512        300.00000000000000        33.215276299447488        42.799999999999997        811.28157512519033        0.0000000000000000        0.0000000000000000        0.0000000000000000        0.0000000000000000        0.0000000000000000        0.0000000000000000        0.0000000000000000        0.0000000000000000        0.0000000000000000        0.0000000000000000        0.0000000000000000       0.76627337817938668        1.4976764485388077        1.0911916701846400       -2.3410845547015356E-002   0.0000000000000000        0.0000000000000000       0.35108339846353337        2.7042719170839677     
 THERM-A          33   2310.7944684244512        300.00000000000000        31.126589131433580        39.493000000000002        1081.1078745491993        0.0000000000000000        0.0000000000000000        0.0000000000000000        0.0000000000000000        0.0000000000000000        0.0000000000000000        0.0000000000000000        0.0000000000000000        0.0000000000000000        0.0000000000000000        0.0000000000000000       0.67352213003331451        1.9409513695759393        2.4326836951109110       -4.0630371008439088E-002   0.0000000000000000        0.0000000000000000       0.46785116085478673        3.6036929151639976     
 THERM-A          34   2310.7944684244512        300.00000000000000        33.803465826382315        41.859999999999999        809.53586999155516        0.0000000000000000        0.0000000000000000        0.0000000000000000        0.0000000000000000        0.0000000000000000        0.0000000000000000        0.0000000000000000        0.0000000000000000        0.0000000000000000        0.0000000000000000        0.0000000000000000       0.82625051464429233        1.6902675385402763        1.7841937617654891       -1.6667375606693811E-002   0.0000000000000000        0.0000000000000000       0.35032794177645488        2.6984528999718504     
 THERM-A          35   2310.7944684244512        300.00000000000000        21.571858922543857        26.353999999999999        1131.4890703550441        0.0000000000000000        0.0000000000000000        0.0000000000000000        0.0000000000000000        0.0000000000000000        0.0000000000000000        0.0000000000000000        0.0000000000000000        0.0000000000000000        0.0000000000000000        0.0000000000000000       0.81977135191827788        1.6198762342104778        3.2231175216845340       -4.1701488934540870E-003   0.0000000000000000        0.0000000000000000       0.48965370387376655        3.7716302345168136     
 THERM-A          36   2310.7944684244512        300.00000000000000        21.983244563001168        26.853999999999999        926.73878221470511        0.0000000000000000        0.0000000000000000        0.0000000000000000        0.0000000000000000        0.0000000000000000        0.0000000000000000        0.0000000000000000        0.0000000000000000        0.0000000000000000        0.0000000000000000        0.0000000000000000       0.81989910913273534        1.6200499958769317        3.4277867446171264       -1.2059726541223600E-003   0.0000000000000000        0.0000000000000000       0.40104768938908503        3.0891292740490170     
 THERM-A          37   2310.7944684244512        300.00000000000000        21.168444517883337        25.577000000000002        1156.8913335903596        0.0000000000000000        0.0000000000000000        0.0000000000000000        0.0000000000000000        0.0000000000000000        0.0000000000000000        0.0000000000000000        0.0000000000000000        0.0000000000000000        0.0000000000000000        0.0000000000000000        1.0095834340578058        1.0958183721456747        2.4629034841465289        6.0241918376805141E-002   0.0000000000000000        0.0000000000000000       0.50064657389419520        3.8563044453011988     
 THERM-A          38   2310.7944684244512        300.00000000000000        24.384931714524011        30.286999999999999        868.88636920076726        0.0000000000000000        0.0000000000000000        0.0000000000000000        0.0000000000000000        0.0000000000000000        0.0000000000000000        0.0000000000000000        0.0000000000000000        0.0000000000000000        0.0000000000000000        0.0000000000000000        1.1095516831617838        1.2412112284153052       0.48815560048477380        1.5588778193124514E-003   0.0000000000000000        0.0000000000000000       0.37601196518061275        2.8962878973358910     
 THERM-A          39   2310.7944684244512        300.00000000000000        23.552388463200600        28.904000000000000        930.51719870198690        0.0000000000000000        0.0000000000000000        0.0000000000000000        0.0000000000000000        0.0000000000000000        0.0000000000000000        0.0000000000000000        0.0000000000000000        0.0000000000000000        0.0000000000000000        0.0000000000000000       0.78090848326417717        1.6684525651884494        2.5261649974824896       -2.3237420193294528E-002   0.0000000000000000        0.0000000000000000       0.40268280516372940        3.1017239956732898     
 THERM-A          40   2310.7944684244512        300.00000000000000        20.449366149024158        24.445000000000000        1155.2171692626637        0.0000000000000000        0.0000000000000000        0.0000000000000000        0.0000000000000000        0.0000000000000000        0.0000000000000000        0.0000000000000000        0.0000000000000000        0.0000000000000000        0.0000000000000000        0.0000000000000000        1.3526104285550773       0.66294193259720835        1.0707432942506887       0.11872575272371613        0.0000000000000000        0.0000000000000000       0.49992207660524446        3.8507238975422124     
 THERM-A          41   2310.7944684244512        300.00000000000000        21.353040161954919        25.321000000000002        947.47035915550373        0.0000000000000000        0.0000000000000000        0.0000000000000000        0.0000000000000000        0.0000000000000000        0.0000000000000000        0.0000000000000000        0.0000000000000000        0.0000000000000000        0.0000000000000000        0.0000000000000000        1.3598696773037495       0.66955940912367296        1.4224202614753871       0.13800703591426156        0.0000000000000000        0.0000000000000000       0.41001931244950102        3.1582345305183459     
 THERM-A          42   2310.7944684244512        300.00000000000000        20.758508176878951        24.943999999999999        1115.4578927403695        0.0000000000000000        0.0000000000000000        0.0000000000000000        0.0000000000000000        0.0000000000000000        0.0000000000000000        0.0000000000000000        0.0000000000000000        0.0000000000000000        0.0000000000000000        0.0000000000000000        1.3479675363520012       0.65870321587414937        1.5304496959492395       0.14616780457575054        0.0000000000000000        0.0000000000000000       0.48271618613528722        3.7181929758012315     
 THERM-A          43   2310.7944684244512        300.00000000000000        23.934873254687986        29.576789999999999        874.75324023138785        0.0000000000000000        0.0000000000000000        0.0000000000000000        0.0000000000000000        0.0000000000000000        0.0000000000000000        0.0000000000000000        0.0000000000000000        0.0000000000000000        0.0000000000000000        0.0000000000000000        1.3237682329066314       0.63653258107885080        1.1653978434399896       0.10146901732650537        0.0000000000000000        0.0000000000000000       0.37855086299726742        2.9158441341046260     
 THERM-A          44   2310.7944684244512        300.00000000000000        22.307378175777465        27.520900000000001        1025.1530462453170        0.0000000000000000        0.0000000000000000        0.0000000000000000        0.0000000000000000        0.0000000000000000        0.0000000000000000        0.0000000000000000        0.0000000000000000        0.0000000000000000        0.0000000000000000        0.0000000000000000        1.3251397026309553       0.63779252307093948        2.3706185476974029       0.18029684273383886        0.0000000000000000        0.0000000000000000       0.44363661946286731        3.4171768208177231     
 THERM-A          45   2310.7944684244512        300.00000000000000        22.250064928173604        27.090000000000000        1001.9632112918310        0.0000000000000000        0.0000000000000000        0.0000000000000000        0.0000000000000000        0.0000000000000000        0.0000000000000000        0.0000000000000000        0.0000000000000000        0.0000000000000000        0.0000000000000000        0.0000000000000000        1.3364413720519188       0.64815948027555037        1.9164826403885127       0.15690853382791137        0.0000000000000000        0.0000000000000000       0.43360118131795200        3.3398773709727703     
 THERM-A          46   2310.7944684244512        300.00000000000000        23.500111515809138        28.189000000000000        985.36901916984016        0.0000000000000000        0.0000000000000000        0.0000000000000000        0.0000000000000000        0.0000000000000000        0.0000000000000000        0.0000000000000000        0.0000000000000000        0.0000000000000000        0.0000000000000000        0.0000000000000000        1.3495243564155504       0.66012505477034511        1.9549320599625342       0.15413083743296674        0.0000000000000000        0.0000000000000000       0.42642001815145669        3.2845633972328003     
 THERM-A          47   2310.7944684244512        300.00000000000000        20.077186065985966        24.110800000000001        1210.8811101000670        0.0000000000000000        0.0000000000000000        0.0000000000000000        0.0000000000000000        0.0000000000000000        0.0000000000000000        0.0000000000000000        0.0000000000000000        0.0000000000000000        0.0000000000000000        0.0000000000000000        1.2766136597030362        1.0633493057606960        1.0463519602858551        7.3530492508178669E-002   0.0000000000000000        0.0000000000000000       0.52401073598106340        4.0362703670002231     
 THERM-A          48   2310.7944684244512        300.00000000000000        21.050987218672791        25.296340000000001        1001.3703849828432        0.0000000000000000        0.0000000000000000        0.0000000000000000        0.0000000000000000        0.0000000000000000        0.0000000000000000        0.0000000000000000        0.0000000000000000        0.0000000000000000        0.0000000000000000        0.0000000000000000        1.2757505265187803        1.0617050442523654        1.3555879442855823        8.7926547756221954E-002   0.0000000000000000        0.0000000000000000       0.43334463478510871        3.3379012832761443     
 THERM-A          49   2310.7944684244512        300.00000000000000        20.492628890382012        24.500000000000000        1007.4871468370400        0.0000000000000000        0.0000000000000000        0.0000000000000000        0.0000000000000000        0.0000000000000000        0.0000000000000000        0.0000000000000000        0.0000000000000000        0.0000000000000000        0.0000000000000000        0.0000000000000000        1.4591817125181539        1.0774999496273561        1.7728220347982302       0.17326008973364568        0.0000000000000000        0.0000000000000000       0.43599167325511479        3.3582904894567998     
 THERM-A          50   2310.7944684244512        300.00000000000000        21.864737636382127        27.688440000000000        945.96820176766494        0.0000000000000000        0.0000000000000000        0.0000000000000000        0.0000000000000000        0.0000000000000000        0.0000000000000000        0.0000000000000000        0.0000000000000000        0.0000000000000000        0.0000000000000000        0.0000000000000000        1.2107111220717575       0.93820863049784831        1.7731972437930819        9.6541647223323757E-002   0.0000000000000000        0.0000000000000000       0.40936925143872538        3.1532273392255497     
 THERM-A          51   2310.7944684244512        300.00000000000000        22.387595279278475        26.949000000000002        984.93214997482244        0.0000000000000000        0.0000000000000000        0.0000000000000000        0.0000000000000000        0.0000000000000000        0.0000000000000000        0.0000000000000000        0.0000000000000000        0.0000000000000000        0.0000000000000000        0.0000000000000000        1.2734185174258743        1.0572632443980545        2.3402670500242779       0.13573954375426833        0.0000000000000000        0.0000000000000000       0.42623096230898028        3.2831071665827416     
 THERM-A          52   2310.7944684244512        300.00000000000000        29.508364067793242        36.134999999999998        1110.6979245968353        0.0000000000000000        0.0000000000000000        0.0000000000000000        0.0000000000000000        0.0000000000000000        0.0000000000000000        0.0000000000000000        0.0000000000000000        0.0000000000000000        0.0000000000000000        0.0000000000000000        1.3220750942560491       0.70403655089500938       0.78085536875681294        6.1872876230468145E-002   0.0000000000000000        0.0000000000000000       0.48065630231239592        3.7023264153227844     
 THERM-A          53   2310.7944684244512        300.00000000000000        30.380704038501467        37.216000000000001        957.60468676015307        0.0000000000000000        0.0000000000000000        0.0000000000000000        0.0000000000000000        0.0000000000000000        0.0000000000000000        0.0000000000000000        0.0000000000000000        0.0000000000000000        0.0000000000000000        0.0000000000000000        1.3217560208039176       0.70366330240372321        1.6332849326927918        9.6823309942402222E-002   0.0000000000000000        0.0000000000000000       0.41440495892006712        3.1920156225338436     
 THERM-A          54   2310.7944684244512        300.00000000000000        29.768754375726580        36.270000000000003        942.07435373167482        0.0000000000000000        0.0000000000000000        0.0000000000000000        0.0000000000000000        0.0000000000000000        0.0000000000000000        0.0000000000000000        0.0000000000000000        0.0000000000000000        0.0000000000000000        0.0000000000000000        1.3268086146633442       0.70957772107000106        1.0663202816181598        7.4512205349742122E-002   0.0000000000000000        0.0000000000000000       0.40768418247686095        3.1402478457722496     
 THERM-A          55   2310.7944684244512        300.00000000000000        32.885437179534499        41.701999999999998        771.42096526331159        0.0000000000000000        0.0000000000000000        0.0000000000000000        0.0000000000000000        0.0000000000000000        0.0000000000000000        0.0000000000000000        0.0000000000000000        0.0000000000000000        0.0000000000000000        0.0000000000000000        1.3882301817707381       0.53869538151516194       0.61246786134429465        6.5057006270409501E-002   0.0000000000000000        0.0000000000000000       0.33383365582889024        2.5714032175443720     
 THERM-A          56   2310.7944684244512        300.00000000000000        31.417633286625922        39.420999999999999        945.50623108316472        0.0000000000000000        0.0000000000000000        0.0000000000000000        0.0000000000000000        0.0000000000000000        0.0000000000000000        0.0000000000000000        0.0000000000000000        0.0000000000000000        0.0000000000000000        0.0000000000000000        1.3000225396321006       0.67831877337255786        1.1900422093826934        7.2327675955659004E-002   0.0000000000000000        0.0000000000000000       0.40916933288655088        3.1516874369438823     
 THERM-A          57   2310.7944684244512        300.00000000000000        89.207976042778014        109.88300000000000        1141.0837810389221        0.0000000000000000        0.0000000000000000        0.0000000000000000        0.0000000000000000        0.0000000000000000        0.0000000000000000        0.0000000000000000        0.0000000000000000        0.0000000000000000        0.0000000000000000        0.0000000000000000        1.2080422013444994       0.66492046830840923        1.3701247975885675        2.2287927702396806E-002   0.0000000000000000        0.0000000000000000       0.49380583025929486        3.8036126034630735     
 THERM-A          58   2310.7944684244512        300.00000000000000        90.947270490216752        112.04500000000000        1035.4758522916891        0.0000000000000000        0.0000000000000000        0.0000000000000000        0.0000000000000000        0.0000000000000000        0.0000000000000000        0.0000000000000000        0.0000000000000000        0.0000000000000000        0.0000000000000000        0.0000000000000000        1.2079016837359600       0.66471870911042386        1.9814141242002710        2.9131426607024613E-002   0.0000000000000000        0.0000000000000000       0.44810383028037043        3.4515861743056302     
 THERM-A          59   2310.7944684244512        300.00000000000000        88.837071016198038        109.40100000000000        1111.2079838328200        0.0000000000000000        0.0000000000000000        0.0000000000000000        0.0000000000000000        0.0000000000000000        0.0000000000000000        0.0000000000000000        0.0000000000000000        0.0000000000000000        0.0000000000000000        0.0000000000000000        1.2082267662554569       0.66518549078418776        1.7289121100641742        2.6763369292396463E-002   0.0000000000000000        0.0000000000000000       0.48087703126209458        3.7040266127760666     
 THERM-A          60   2310.7944684244512        300.00000000000000        34.789979249347098        44.975999999999999        1059.9331158577049        0.0000000000000000        0.0000000000000000        0.0000000000000000        0.0000000000000000        0.0000000000000000        0.0000000000000000        0.0000000000000000        0.0000000000000000        0.0000000000000000        0.0000000000000000        0.0000000000000000        1.0852130812804350       0.82146573578671833        1.9033083761778753        4.6283567288959909E-002   0.0000000000000000        0.0000000000000000       0.45868775018333408        3.5331103861923498     
 THERM-A          61   2310.7944684244512        300.00000000000000        37.945895736910856        49.024000000000001        586.68039996935192        0.0000000000000000        0.0000000000000000        0.0000000000000000        0.0000000000000000        0.0000000000000000        0.0000000000000000        0.0000000000000000        0.0000000000000000        0.0000000000000000        0.0000000000000000        0.0000000000000000        1.0857939849382152       0.82262060042662777        3.9683290465295951E-002   1.3239898014978657E-003   0.0000000000000000        0.0000000000000000       0.25388688089138584        1.9556013332311730     
 THERM-A          62   2310.7944684244512        300.00000000000000        34.892204986276013        43.399700000000003        649.56674994560512        0.0000000000000000        0.0000000000000000        0.0000000000000000        0.0000000000000000        0.0000000000000000        0.0000000000000000        0.0000000000000000        0.0000000000000000        0.0000000000000000        0.0000000000000000        0.0000000000000000        1.1217249623497101       0.89407222262046837      -0.11805471963268310       -2.5635024011945520E-003   0.0000000000000000        0.0000000000000000       0.28110104936701424        2.1652224998186838     
 THERM-A          63   2310.7944684244512        300.00000000000000        35.127906783088839        45.420000000000002        1023.8273749919995        0.0000000000000000        0.0000000000000000        0.0000000000000000        0.0000000000000000        0.0000000000000000        0.0000000000000000        0.0000000000000000        0.0000000000000000        0.0000000000000000        0.0000000000000000        0.0000000000000000        1.0850731222284766       0.82118749194760599       0.57107699991402305        1.4086783926570284E-002   0.0000000000000000        0.0000000000000000       0.44306293310891764        3.4127579166399982     
 THERM-A          64   2310.7944684244512        300.00000000000000        35.994634198704375        44.527999999999999        697.74508341585920        0.0000000000000000        0.0000000000000000        0.0000000000000000        0.0000000000000000        0.0000000000000000        0.0000000000000000        0.0000000000000000        0.0000000000000000        0.0000000000000000        0.0000000000000000        0.0000000000000000        1.2372685251138966       0.43872903796153867       0.65975402653472637        4.5064034325864068E-002   0.0000000000000000        0.0000000000000000       0.30195030018900670        2.3258169447195307     
 THERM-A          65   2310.7944684244512        300.00000000000000        17.450600616880017        22.421050000000001        876.17256592881438        0.0000000000000000        0.0000000000000000        0.0000000000000000        0.0000000000000000        0.0000000000000000        0.0000000000000000        0.0000000000000000        0.0000000000000000        0.0000000000000000        0.0000000000000000        0.0000000000000000       -2.4904592971495994E-002   3.2227660787712979        3.3836253723634888      -0.26161436920497938        0.0000000000000000        0.0000000000000000       0.37916507846161129        2.9205752197627146     
 THERM-A          66   2310.7944684244512        300.00000000000000        13.343764348704815        20.657000000000000        964.14474051939317        0.0000000000000000        0.0000000000000000        0.0000000000000000        0.0000000000000000        0.0000000000000000        0.0000000000000000        0.0000000000000000        0.0000000000000000        0.0000000000000000        0.0000000000000000        0.0000000000000000       0.14384932818705051        2.8561579752423785        4.3522971228420317      -0.38311401595558237        0.0000000000000000        0.0000000000000000       0.41723517763860996        3.2138158017313105     
 THERM-A          67   2310.7944684244512        300.00000000000000        11.961814656279863        14.016999999999999        1356.2561334143302        0.0000000000000000        0.0000000000000000        0.0000000000000000        0.0000000000000000        0.0000000000000000        0.0000000000000000        0.0000000000000000        0.0000000000000000        0.0000000000000000        0.0000000000000000        0.0000000000000000        1.1751170276953842        1.4308212314707229        4.4362363102190185       0.33647123099105142        0.0000000000000000        0.0000000000000000       0.58692200970130171        4.5208537780477673     
 THERM-A          68   2310.7944684244512        300.00000000000000        11.763912170460861        13.670000000000000        1388.1028163000010        0.0000000000000000        0.0000000000000000        0.0000000000000000        0.0000000000000000        0.0000000000000000        0.0000000000000000        0.0000000000000000        0.0000000000000000        0.0000000000000000        0.0000000000000000        0.0000000000000000        1.1894456529338926        1.4603550283819864        3.7941570059179162       0.29527865996645386        0.0000000000000000        0.0000000000000000       0.60070371262678290        4.6270093876666696     
 THERM-A          69   2310.7944684244512        300.00000000000000        33.952357406575182        44.226999999999997        1174.0378721245004        0.0000000000000000        0.0000000000000000        0.0000000000000000        0.0000000000000000        0.0000000000000000        0.0000000000000000        0.0000000000000000        0.0000000000000000        0.0000000000000000        0.0000000000000000        0.0000000000000000       0.75041726676876364       0.62545205738769771        2.7608282894196332        3.4986574756118802E-003   0.0000000000000000        0.0000000000000000       0.50806676585347044        3.9134595737483346     
 THERM-A          70   2310.7944684244512        300.00000000000000        32.356428129355741        53.868400000000001        990.95042469942030        0.0000000000000000        0.0000000000000000        0.0000000000000000        0.0000000000000000        0.0000000000000000        0.0000000000000000        0.0000000000000000        0.0000000000000000        0.0000000000000000        0.0000000000000000        0.0000000000000000       0.45989277474887319       0.71250769770761480        1.0077449479074596       -2.8885002866227954E-002   0.0000000000000000        0.0000000000000000       0.42883538031622143        3.3031680823314011     
 THERM-A          71   2310.7944684244512        300.00000000000000        5.7279627525806323        7.0930000000000000        551.63924877645309        0.0000000000000000        0.0000000000000000        0.0000000000000000        0.0000000000000000        0.0000000000000000        0.0000000000000000        0.0000000000000000        0.0000000000000000        0.0000000000000000        0.0000000000000000        0.0000000000000000        1.4058054416721679       0.69894869398489889        3.8753333153131235        1.1914188145913178        0.0000000000000000        0.0000000000000000       0.23872276669961584        1.8387974959215103     
 THERM-A          72   2310.7944684244512        300.00000000000000        5.6618800661327127        6.9883499999999996        405.89334240239151        0.0000000000000000        0.0000000000000000        0.0000000000000000        0.0000000000000000        0.0000000000000000        0.0000000000000000        0.0000000000000000        0.0000000000000000        0.0000000000000000        0.0000000000000000        0.0000000000000000        1.5276347465701974       0.79814935799887354        3.9298667659905382        1.4444297602469427        0.0000000000000000        0.0000000000000000       0.17565099274239573        1.3529778080079717     
 THERM-A          73   2310.7944684244512        300.00000000000000        5.4375324193414682        6.7651000000000003        576.58100475469507        0.0000000000000000        0.0000000000000000        0.0000000000000000        0.0000000000000000        0.0000000000000000        0.0000000000000000        0.0000000000000000        0.0000000000000000        0.0000000000000000        0.0000000000000000        0.0000000000000000        1.7161062474792168       0.91134190389638481        2.5425295776479953        1.3562037904909883        0.0000000000000000        0.0000000000000000       0.24951635146842818        1.9219366825156503     
 THERM-A           1   2370.9076361383495        300.00000000000000        71.386828413374801        100.61000000000000        842.05348409502403        0.0000000000000000        0.0000000000000000        0.0000000000000000        0.0000000000000000        0.0000000000000000        0.0000000000000000        0.0000000000000000        0.0000000000000000        0.0000000000000000        0.0000000000000000        0.0000000000000000       0.25431674173631907        1.5639805459859295        2.3070608296759971       -3.5162147575285935E-002   0.0000000000000000        0.0000000000000000       0.35516081320929521        2.8068449469834134     
 THERM-A           2   2370.9076361383495        300.00000000000000        100.45200000000000        100.45200000000000        719.08309999999994        0.0000000000000000        0.0000000000000000        0.0000000000000000        0.0000000000000000        0.0000000000000000        0.0000000000000000        0.0000000000000000        0.0000000000000000        0.0000000000000000        0.0000000000000000        0.0000000000000000       0.57877001724869015        1.0000000267748044        1.0295399827513099       -8.5762374933149900E-003   0.0000000000000000        0.0000000000000000       0.30329443839964049        2.3969436666666666     
 THERM-A           3   2370.9076361383495        300.00000000000000        30.962649076474989        39.762000000000000        926.89419704945010        0.0000000000000000        0.0000000000000000        0.0000000000000000        0.0000000000000000        0.0000000000000000        0.0000000000000000        0.0000000000000000        0.0000000000000000        0.0000000000000000        0.0000000000000000        0.0000000000000000       0.23077754738574777        11.653300323066745        3.2976344995259677      -0.18620218715487694        0.0000000000000000        0.0000000000000000       0.39094487820670337        3.0896473234981672     
 THERM-A           4   2370.9076361383495        300.00000000000000        32.247499681135835        40.843000000000004        894.09270943926197        0.0000000000000000        0.0000000000000000        0.0000000000000000        0.0000000000000000        0.0000000000000000        0.0000000000000000        0.0000000000000000        0.0000000000000000        0.0000000000000000        0.0000000000000000        0.0000000000000000       0.40899709525743522        6.4371876470448255        3.0849380173069996      -0.13747895858386447        0.0000000000000000        0.0000000000000000       0.37710988644649546        2.9803090314642064     
 THERM-A           5   2370.9076361383495        300.00000000000000        35.341992278577969        44.527999999999999        713.65734835693297        0.0000000000000000        0.0000000000000000        0.0000000000000000        0.0000000000000000        0.0000000000000000        0.0000000000000000        0.0000000000000000        0.0000000000000000        0.0000000000000000        0.0000000000000000        0.0000000000000000        1.2274025664898378       0.43626837846231609       0.63075367708632668        4.3811700407485679E-002   0.0000000000000000        0.0000000000000000       0.30100596812759556        2.3788578278564434     
 THERM-A           6   2370.9076361383495        300.00000000000000        34.276766823422285        43.564000000000000        868.29318173429351        0.0000000000000000        0.0000000000000000        0.0000000000000000        0.0000000000000000        0.0000000000000000        0.0000000000000000        0.0000000000000000        0.0000000000000000        0.0000000000000000        0.0000000000000000        0.0000000000000000       0.26958952296962974        9.9201698053400911        3.9105147816618611      -0.17487126842053152        0.0000000000000000        0.0000000000000000       0.36622817713326816        2.8943106057809782     
 THERM-A           7   2370.9076361383495        300.00000000000000        46.375723534064242        62.676000000000002        926.82732115634474        0.0000000000000000        0.0000000000000000        0.0000000000000000        0.0000000000000000        0.0000000000000000        0.0000000000000000        0.0000000000000000        0.0000000000000000        0.0000000000000000        0.0000000000000000        0.0000000000000000       0.11359351425662126        19.661840146356386        3.6608685462267476      -0.13818792149281131        0.0000000000000000        0.0000000000000000       0.39091667133264130        3.0894244038544825     
 THERM-A           8   2370.9076361383495        300.00000000000000        48.955253538841433        65.941000000000003        761.92874548086968        0.0000000000000000        0.0000000000000000        0.0000000000000000        0.0000000000000000        0.0000000000000000        0.0000000000000000        0.0000000000000000        0.0000000000000000        0.0000000000000000        0.0000000000000000        0.0000000000000000        8.1523090470764004E-002   27.115080308183053        2.0342662289233382       -9.5732038876743780E-002   0.0000000000000000        0.0000000000000000       0.32136584903909299        2.5397624849362321     
 THERM-A           9   2370.9076361383495        300.00000000000000        43.765243847883255        59.140000000000001        899.20015343790919        0.0000000000000000        0.0000000000000000        0.0000000000000000        0.0000000000000000        0.0000000000000000        0.0000000000000000        0.0000000000000000        0.0000000000000000        0.0000000000000000        0.0000000000000000        0.0000000000000000       0.11389488117300725        19.606263073721255        3.5317547137189478      -0.14311533502282961        0.0000000000000000        0.0000000000000000       0.37926410111129194        2.9973338447930304     
 THERM-A          10   2370.9076361383495        300.00000000000000        50.347394000040566        68.054000000000002        849.56213982157692        0.0000000000000000        0.0000000000000000        0.0000000000000000        0.0000000000000000        0.0000000000000000        0.0000000000000000        0.0000000000000000        0.0000000000000000        0.0000000000000000        0.0000000000000000        0.0000000000000000       0.11325361218910326        19.724884372698007        2.3391418689960126       -9.8282937826105893E-002   0.0000000000000000        0.0000000000000000       0.35832780951573201        2.8318737994052565     
 THERM-A          11   2370.9076361383495        300.00000000000000        45.699064063193418        60.759999999999998        1123.8715314455162        0.0000000000000000        0.0000000000000000        0.0000000000000000        0.0000000000000000        0.0000000000000000        0.0000000000000000        0.0000000000000000        0.0000000000000000        0.0000000000000000        0.0000000000000000        0.0000000000000000        1.0484059875209955       0.26635963373486710        1.5216534789132723        3.6826406979143335E-002   0.0000000000000000        0.0000000000000000       0.47402586010311154        3.7462384381517206     
 THERM-A          12   2370.9076361383495        300.00000000000000        47.998052297338795        63.854129999999998        943.70049144265136        0.0000000000000000        0.0000000000000000        0.0000000000000000        0.0000000000000000        0.0000000000000000        0.0000000000000000        0.0000000000000000        0.0000000000000000        0.0000000000000000        0.0000000000000000        0.0000000000000000        1.0482420835824984       0.26637124618758373       0.73489734573334986        2.2533887118492534E-002   0.0000000000000000        0.0000000000000000       0.39803342697049021        3.1456683048088379     
 THERM-A          13   2370.9076361383495        300.00000000000000        47.727667441680055        66.039000000000001        1059.0358633786791        0.0000000000000000        0.0000000000000000        0.0000000000000000        0.0000000000000000        0.0000000000000000        0.0000000000000000        0.0000000000000000        0.0000000000000000        0.0000000000000000        0.0000000000000000        0.0000000000000000       0.87042739135284175       0.34174810048183452       0.87314723099559144        8.6548764719767014E-003   0.0000000000000000        0.0000000000000000       0.44667951093345803        3.5301195445955971     
 THERM-A          14   2370.9076361383495        300.00000000000000        49.424892097960573        67.867000000000004        932.16632307591340        0.0000000000000000        0.0000000000000000        0.0000000000000000        0.0000000000000000        0.0000000000000000        0.0000000000000000        0.0000000000000000        0.0000000000000000        0.0000000000000000        0.0000000000000000        0.0000000000000000       0.83655662520709639       0.34095683266539589       0.88123338380888150        6.0382685069017604E-003   0.0000000000000000        0.0000000000000000       0.39316855235836723        3.1072210769197115     
 THERM-A          15   2370.9076361383495        300.00000000000000        45.216078788571323        62.500000000000000        1089.2199278349069        0.0000000000000000        0.0000000000000000        0.0000000000000000        0.0000000000000000        0.0000000000000000        0.0000000000000000        0.0000000000000000        0.0000000000000000        0.0000000000000000        0.0000000000000000        0.0000000000000000       0.87073123012868470       0.34230659976038269        1.1785706964282574        1.1905558277775244E-002   0.0000000000000000        0.0000000000000000       0.45941052752649186        3.6307330927830233     
 THERM-A          16   2370.9076361383495        300.00000000000000        45.813235119747667        63.573999999999998        1031.4307549453047        0.0000000000000000        0.0000000000000000        0.0000000000000000        0.0000000000000000        0.0000000000000000        0.0000000000000000        0.0000000000000000        0.0000000000000000        0.0000000000000000        0.0000000000000000        0.0000000000000000       0.70871310487063244       0.33797637331746849        1.7342701632911464       -7.4412767344361145E-004   0.0000000000000000        0.0000000000000000       0.43503624486412412        3.4381025164843488     
 THERM-A          17   2370.9076361383495        300.00000000000000        43.147890796624566        60.508000000000003        1013.3982851813277        0.0000000000000000        0.0000000000000000        0.0000000000000000        0.0000000000000000        0.0000000000000000        0.0000000000000000        0.0000000000000000        0.0000000000000000        0.0000000000000000        0.0000000000000000        0.0000000000000000       0.43510678070516812        2.2432456132887570        2.4112309374800889       -5.3171700788496985E-002   0.0000000000000000        0.0000000000000000       0.42743052058827352        3.3779942839377588     
 THERM-A          18   2370.9076361383495        300.00000000000000        46.099344540961582        64.605999999999995        924.56800732196757        0.0000000000000000        0.0000000000000000        0.0000000000000000        0.0000000000000000        0.0000000000000000        0.0000000000000000        0.0000000000000000        0.0000000000000000        0.0000000000000000        0.0000000000000000        0.0000000000000000       0.66357379289117935       0.34214660198263730        1.7735849137242568       -5.2520326668513157E-003   0.0000000000000000        0.0000000000000000       0.38996373929938122        3.0818933577398919     
 THERM-A          19   2370.9076361383495        300.00000000000000        26.824394591051231        39.901000000000003        1024.0071182799386        0.0000000000000000        0.0000000000000000        0.0000000000000000        0.0000000000000000        0.0000000000000000        0.0000000000000000        0.0000000000000000        0.0000000000000000        0.0000000000000000        0.0000000000000000        0.0000000000000000       0.80534337189855421       0.45900865807799068        1.1146180630949472        6.0708988273292953E-003   0.0000000000000000        0.0000000000000000       0.43190510784629516        3.4133570609331287     
 THERM-A          20   2370.9076361383495        300.00000000000000        26.188023030864965        40.271999999999998        995.60392725303154        0.0000000000000000        0.0000000000000000        0.0000000000000000        0.0000000000000000        0.0000000000000000        0.0000000000000000        0.0000000000000000        0.0000000000000000        0.0000000000000000        0.0000000000000000        0.0000000000000000       0.70763216739625823       0.46516650660935588       0.80942842375799429       -7.8231392998173600E-003   0.0000000000000000        0.0000000000000000       0.41992522697958662        3.3186797575101052     
 THERM-A          21   2370.9076361383495        300.00000000000000        86.071029723718766        113.08000000000000        1041.8838926649219        0.0000000000000000        0.0000000000000000        0.0000000000000000        0.0000000000000000        0.0000000000000000        0.0000000000000000        0.0000000000000000        0.0000000000000000        0.0000000000000000        0.0000000000000000        0.0000000000000000       0.74593968612311246       0.89839845723551381        1.0472587020727222       -4.4828862908301717E-003   0.0000000000000000        0.0000000000000000       0.43944516301862585        3.4729463088830728     
 THERM-A          22   2370.9076361383495        300.00000000000000        89.796272998164980        115.43000000000001        933.53320098816891        0.0000000000000000        0.0000000000000000        0.0000000000000000        0.0000000000000000        0.0000000000000000        0.0000000000000000        0.0000000000000000        0.0000000000000000        0.0000000000000000        0.0000000000000000        0.0000000000000000       0.80306820175521754       0.89095314831992789        1.9806551709049174        4.8901820627842395E-004   0.0000000000000000        0.0000000000000000       0.39374507330394143        3.1117773366272297     
 THERM-A          23   2370.9076361383495        300.00000000000000        94.123725452762130        125.12000000000000        1045.4223054320694        0.0000000000000000        0.0000000000000000        0.0000000000000000        0.0000000000000000        0.0000000000000000        0.0000000000000000        0.0000000000000000        0.0000000000000000        0.0000000000000000        0.0000000000000000        0.0000000000000000       0.67858180158844239        1.3197677909923573        2.4341249966363607       -8.7267464569905154E-003   0.0000000000000000        0.0000000000000000       0.44093759263216858        3.4847410181068978     
 THERM-A          24   2370.9076361383495        300.00000000000000        86.659445324175167        114.32400000000000        1031.2125041521972        0.0000000000000000        0.0000000000000000        0.0000000000000000        0.0000000000000000        0.0000000000000000        0.0000000000000000        0.0000000000000000        0.0000000000000000        0.0000000000000000        0.0000000000000000        0.0000000000000000       0.69085434569513504        1.0389054161815698        1.1450277266858404       -7.2573848291520547E-003   0.0000000000000000        0.0000000000000000       0.43494419117557848        3.4373750138406574     
 THERM-A          25   2370.9076361383495        300.00000000000000        87.221749215131283        110.84200000000000        1132.7070743788868        0.0000000000000000        0.0000000000000000        0.0000000000000000        0.0000000000000000        0.0000000000000000        0.0000000000000000        0.0000000000000000        0.0000000000000000        0.0000000000000000        0.0000000000000000        0.0000000000000000        1.1837002269295307       0.30275277892060753        1.6799251856154691        2.9841320473773476E-002   0.0000000000000000        0.0000000000000000       0.47775251009938119        3.7756902479296226     
 THERM-A          26   2370.9076361383495        300.00000000000000        100.14607855322589        131.99000000000001        959.50171415308705        0.0000000000000000        0.0000000000000000        0.0000000000000000        0.0000000000000000        0.0000000000000000        0.0000000000000000        0.0000000000000000        0.0000000000000000        0.0000000000000000        0.0000000000000000        0.0000000000000000       0.76794023061613537       0.87118220308619732        2.6741053838606783        2.8119363188306139E-004   0.0000000000000000        0.0000000000000000       0.40469805720305896        3.1983390471769568     
 THERM-A          27   2370.9076361383495        300.00000000000000        90.285230446253152        118.71599999999999        1040.0283374807727        0.0000000000000000        0.0000000000000000        0.0000000000000000        0.0000000000000000        0.0000000000000000        0.0000000000000000        0.0000000000000000        0.0000000000000000        0.0000000000000000        0.0000000000000000        0.0000000000000000       0.93533794073968390       0.77055344455990982        1.7628675233669751        8.0758789144016688E-003   0.0000000000000000        0.0000000000000000       0.43866252806656530        3.4667611249359092     
 THERM-A          28   2370.9076361383495        300.00000000000000        22.319104462150996        27.449999999999999        1144.4330674739483        0.0000000000000000        0.0000000000000000        0.0000000000000000        0.0000000000000000        0.0000000000000000        0.0000000000000000        0.0000000000000000        0.0000000000000000        0.0000000000000000        0.0000000000000000        0.0000000000000000        1.5828185549896319       0.79303507292221420       0.50763977371751223       0.11537756334262045        0.0000000000000000        0.0000000000000000       0.48269829243030338        3.8147768915798279     
 THERM-A          29   2370.9076361383495        300.00000000000000        31.417673050706338        43.603000000000002        1030.7077467705071        0.0000000000000000        0.0000000000000000        0.0000000000000000        0.0000000000000000        0.0000000000000000        0.0000000000000000        0.0000000000000000        0.0000000000000000        0.0000000000000000        0.0000000000000000        0.0000000000000000       0.54165387081821670        1.7943930622502602        2.5999480721429058       -5.5937336252280048E-002   0.0000000000000000        0.0000000000000000       0.43473129491003176        3.4356924892350236     
 THERM-A          30   2370.9076361383495        300.00000000000000        34.317104461792354        46.289999999999999        771.59028634034985        0.0000000000000000        0.0000000000000000        0.0000000000000000        0.0000000000000000        0.0000000000000000        0.0000000000000000        0.0000000000000000        0.0000000000000000        0.0000000000000000        0.0000000000000000        0.0000000000000000       0.46243874105119892        3.3591297622205478        2.1685606290061714       -7.6581021297538188E-002   0.0000000000000000        0.0000000000000000       0.32544088794495968        2.5719676211344993     
 THERM-A          31   2370.9076361383495        300.00000000000000        30.781233944870916        40.515000000000001        1099.2008452440796        0.0000000000000000        0.0000000000000000        0.0000000000000000        0.0000000000000000        0.0000000000000000        0.0000000000000000        0.0000000000000000        0.0000000000000000        0.0000000000000000        0.0000000000000000        0.0000000000000000       0.74252108738574152        1.4679597886295817        2.5018643391081472       -1.9420575695203550E-002   0.0000000000000000        0.0000000000000000       0.46362027288183144        3.6640028174802652     
 THERM-A          32   2370.9076361383495        300.00000000000000        32.499175265785958        42.799999999999997        824.72374497102919        0.0000000000000000        0.0000000000000000        0.0000000000000000        0.0000000000000000        0.0000000000000000        0.0000000000000000        0.0000000000000000        0.0000000000000000        0.0000000000000000        0.0000000000000000        0.0000000000000000       0.74191509119520471        1.4672237282637288        1.1084932828849183       -2.4926013331374182E-002   0.0000000000000000        0.0000000000000000       0.34785148624107098        2.7490791499034306     
 THERM-A          33   2370.9076361383495        300.00000000000000        30.488814334645163        39.493000000000002        1095.9851340898526        0.0000000000000000        0.0000000000000000        0.0000000000000000        0.0000000000000000        0.0000000000000000        0.0000000000000000        0.0000000000000000        0.0000000000000000        0.0000000000000000        0.0000000000000000        0.0000000000000000       0.64700790324469271        1.9399336770366422        2.4600329326224122       -4.5174393727791334E-002   0.0000000000000000        0.0000000000000000       0.46226395216093463        3.6532837802995086     
 THERM-A          34   2370.9076361383495        300.00000000000000        33.151272086092888        41.859999999999999        822.45840691387832        0.0000000000000000        0.0000000000000000        0.0000000000000000        0.0000000000000000        0.0000000000000000        0.0000000000000000        0.0000000000000000        0.0000000000000000        0.0000000000000000        0.0000000000000000        0.0000000000000000       0.79975287577919196        1.6564771697024789        1.7958611308904966       -1.9121186073329612E-002   0.0000000000000000        0.0000000000000000       0.34689601331474451        2.7415280230462611     
 THERM-A          35   2370.9076361383495        300.00000000000000        21.198694836092322        26.353999999999999        1147.5629543426701        0.0000000000000000        0.0000000000000000        0.0000000000000000        0.0000000000000000        0.0000000000000000        0.0000000000000000        0.0000000000000000        0.0000000000000000        0.0000000000000000        0.0000000000000000        0.0000000000000000       0.79713635463546506        1.5896957221911323        3.2258085873363322       -1.0258164306396783E-002   0.0000000000000000        0.0000000000000000       0.48401841423556258        3.8252098478089001     
 THERM-A          36   2370.9076361383495        300.00000000000000        21.602821259418921        26.853999999999999        939.91099275022884        0.0000000000000000        0.0000000000000000        0.0000000000000000        0.0000000000000000        0.0000000000000000        0.0000000000000000        0.0000000000000000        0.0000000000000000        0.0000000000000000        0.0000000000000000        0.0000000000000000       0.79724989056789874        1.5898439881120978        3.4294560439417263       -7.5744442103126350E-003   0.0000000000000000        0.0000000000000000       0.39643509448606046        3.1330366425007630     
 THERM-A          37   2370.9076361383495        300.00000000000000        20.773591924775111        25.577000000000002        1178.8669573843679        0.0000000000000000        0.0000000000000000        0.0000000000000000        0.0000000000000000        0.0000000000000000        0.0000000000000000        0.0000000000000000        0.0000000000000000        0.0000000000000000        0.0000000000000000        0.0000000000000000       0.98936471028972284        1.0533965993724124        2.4398864819921626        5.6371170477394671E-002   0.0000000000000000        0.0000000000000000       0.49722179785310605        3.9295565246145596     
 THERM-A          38   2370.9076361383495        300.00000000000000        23.894054065203150        30.286999999999999        888.46729055707215        0.0000000000000000        0.0000000000000000        0.0000000000000000        0.0000000000000000        0.0000000000000000        0.0000000000000000        0.0000000000000000        0.0000000000000000        0.0000000000000000        0.0000000000000000        0.0000000000000000        1.0825226863148709        1.1849026690025750       0.48753604672831630        9.6897070134119995E-004   0.0000000000000000        0.0000000000000000       0.37473720064615262        2.9615576351902404     
 THERM-A          39   2370.9076361383495        300.00000000000000        23.105181759075666        28.904000000000000        944.32959075813471        0.0000000000000000        0.0000000000000000        0.0000000000000000        0.0000000000000000        0.0000000000000000        0.0000000000000000        0.0000000000000000        0.0000000000000000        0.0000000000000000        0.0000000000000000        0.0000000000000000       0.75652592005870034        1.6414965694755819        2.5376456318255012       -2.8124048599477147E-002   0.0000000000000000        0.0000000000000000       0.39829876810225529        3.1477653025271155     
 THERM-A          40   2370.9076361383495        300.00000000000000        20.076441386821102        24.445000000000000        1184.1589658211567        0.0000000000000000        0.0000000000000000        0.0000000000000000        0.0000000000000000        0.0000000000000000        0.0000000000000000        0.0000000000000000        0.0000000000000000        0.0000000000000000        0.0000000000000000        0.0000000000000000        1.3363903460260109       0.64811273759508004        1.0272508627382713       0.11455422573988946        0.0000000000000000        0.0000000000000000       0.49945385799586561        3.9471965527371888     
 THERM-A          41   2370.9076361383495        300.00000000000000        20.973447529233983        25.321000000000002        970.72447001637988        0.0000000000000000        0.0000000000000000        0.0000000000000000        0.0000000000000000        0.0000000000000000        0.0000000000000000        0.0000000000000000        0.0000000000000000        0.0000000000000000        0.0000000000000000        0.0000000000000000        1.3438130467621705       0.65490625976613037        1.3709268111631432       0.13333433897354885        0.0000000000000000        0.0000000000000000       0.40943158443635602        3.2357482333879330     
 THERM-A          42   2370.9076361383495        300.00000000000000        20.372248003831967        24.943999999999999        1143.8829236296638        0.0000000000000000        0.0000000000000000        0.0000000000000000        0.0000000000000000        0.0000000000000000        0.0000000000000000        0.0000000000000000        0.0000000000000000        0.0000000000000000        0.0000000000000000        0.0000000000000000        1.3315815233022847       0.64370500638582129        1.4749711740752434       0.14112783601989248        0.0000000000000000        0.0000000000000000       0.48246625308979973        3.8129430787655458     
 THERM-A          43   2370.9076361383495        300.00000000000000        23.455069466606968        29.576789999999999        898.36581054164810        0.0000000000000000        0.0000000000000000        0.0000000000000000        0.0000000000000000        0.0000000000000000        0.0000000000000000        0.0000000000000000        0.0000000000000000        0.0000000000000000        0.0000000000000000        0.0000000000000000        1.3070199173903885       0.62111357388354416        1.1176043118363861        9.7779460331489682E-002   0.0000000000000000        0.0000000000000000       0.37891219246519220        2.9945527018054938     
 THERM-A          44   2370.9076361383495        300.00000000000000        21.858757299420880        27.520900000000001        1052.9450042492390        0.0000000000000000        0.0000000000000000        0.0000000000000000        0.0000000000000000        0.0000000000000000        0.0000000000000000        0.0000000000000000        0.0000000000000000        0.0000000000000000        0.0000000000000000        0.0000000000000000        1.3082874893225589       0.62228263182510446        2.2911420311520252       0.17406355617130176        0.0000000000000000        0.0000000000000000       0.44411051202493851        3.5098166808307965     
 THERM-A          45   2370.9076361383495        300.00000000000000        21.820674851247524        27.090000000000000        1028.2332601426403        0.0000000000000000        0.0000000000000000        0.0000000000000000        0.0000000000000000        0.0000000000000000        0.0000000000000000        0.0000000000000000        0.0000000000000000        0.0000000000000000        0.0000000000000000        0.0000000000000000        1.3198640623994939       0.63294366496906906        1.8502750079227317       0.15151013305568470        0.0000000000000000        0.0000000000000000       0.43368760742505780        3.4274442004754677     
 THERM-A          46   2370.9076361383495        300.00000000000000        23.074218182317459        28.189000000000000        1009.8435806148829        0.0000000000000000        0.0000000000000000        0.0000000000000000        0.0000000000000000        0.0000000000000000        0.0000000000000000        0.0000000000000000        0.0000000000000000        0.0000000000000000        0.0000000000000000        0.0000000000000000        1.3335088155636097       0.64547216074040148        1.8903809866935473       0.14903682251672010        0.0000000000000000        0.0000000000000000       0.42593121942939977        3.3661452687162763     
 THERM-A          47   2370.9076361383495        300.00000000000000        19.699417325322855        24.110800000000001        1240.3059346444968        0.0000000000000000        0.0000000000000000        0.0000000000000000        0.0000000000000000        0.0000000000000000        0.0000000000000000        0.0000000000000000        0.0000000000000000        0.0000000000000000        0.0000000000000000        0.0000000000000000        1.2516575167415420        1.0158623048799518        1.0191871694037775        7.0323647674527964E-002   0.0000000000000000        0.0000000000000000       0.52313549281264415        4.1343531154816562     
 THERM-A          48   2370.9076361383495        300.00000000000000        20.655597399959223        25.296340000000001        1025.6441605941961        0.0000000000000000        0.0000000000000000        0.0000000000000000        0.0000000000000000        0.0000000000000000        0.0000000000000000        0.0000000000000000        0.0000000000000000        0.0000000000000000        0.0000000000000000        0.0000000000000000        1.2508921336639662        1.0144077400036375        1.3215901257166827        8.4088803101710435E-002   0.0000000000000000        0.0000000000000000       0.43259557857122138        3.4188138686473204     
 THERM-A          49   2370.9076361383495        300.00000000000000        20.103335667236919        24.500000000000000        1035.7881780756820        0.0000000000000000        0.0000000000000000        0.0000000000000000        0.0000000000000000        0.0000000000000000        0.0000000000000000        0.0000000000000000        0.0000000000000000        0.0000000000000000        0.0000000000000000        0.0000000000000000        1.4299899242579956        1.0303646526631220        1.7070139342646440       0.16493206664015930        0.0000000000000000        0.0000000000000000       0.43687411617718569        3.4526272602522736     
 THERM-A          50   2370.9076361383495        300.00000000000000        21.385994677347266        27.688440000000000        971.40249979397572        0.0000000000000000        0.0000000000000000        0.0000000000000000        0.0000000000000000        0.0000000000000000        0.0000000000000000        0.0000000000000000        0.0000000000000000        0.0000000000000000        0.0000000000000000        0.0000000000000000        1.1864325912680933       0.89233229991693097        1.7280393583891074        9.2162844860337628E-002   0.0000000000000000        0.0000000000000000       0.40971756342906795        3.2380083326465856     
 THERM-A          51   2370.9076361383495        300.00000000000000        21.968580234574887        26.949000000000002        1008.6794365239562        0.0000000000000000        0.0000000000000000        0.0000000000000000        0.0000000000000000        0.0000000000000000        0.0000000000000000        0.0000000000000000        0.0000000000000000        0.0000000000000000        0.0000000000000000        0.0000000000000000        1.2487922148747530        1.0104175412771572        2.2846440628064753       0.12982201092098553        0.0000000000000000        0.0000000000000000       0.42544020743332606        3.3622647884131873     
 THERM-A          52   2370.9076361383495        300.00000000000000        28.923866526688283        36.134999999999998        1140.2589204446504        0.0000000000000000        0.0000000000000000        0.0000000000000000        0.0000000000000000        0.0000000000000000        0.0000000000000000        0.0000000000000000        0.0000000000000000        0.0000000000000000        0.0000000000000000        0.0000000000000000        1.3038630782993719       0.68278610355438296       0.74538681932917261        5.9511048714423982E-002   0.0000000000000000        0.0000000000000000       0.48093772320117190        3.8008630681488347     
 THERM-A          53   2370.9076361383495        300.00000000000000        29.779573892451470        37.216000000000001        983.05717559902462        0.0000000000000000        0.0000000000000000        0.0000000000000000        0.0000000000000000        0.0000000000000000        0.0000000000000000        0.0000000000000000        0.0000000000000000        0.0000000000000000        0.0000000000000000        0.0000000000000000        1.3035772113845772       0.68245341484256394        1.5761473336360141        9.3306336364821663E-002   0.0000000000000000        0.0000000000000000       0.41463326559620572        3.2768572519967489     
 THERM-A          54   2370.9076361383495        300.00000000000000        29.187854214359156        36.270000000000003        966.85741436206172        0.0000000000000000        0.0000000000000000        0.0000000000000000        0.0000000000000000        0.0000000000000000        0.0000000000000000        0.0000000000000000        0.0000000000000000        0.0000000000000000        0.0000000000000000        0.0000000000000000        1.3086600729503082       0.68837280564730519        1.0238467083313139        7.1744286627028364E-002   0.0000000000000000        0.0000000000000000       0.40780054002307947        3.2228580478735389     
 THERM-A          55   2370.9076361383495        300.00000000000000        32.162307444026247        41.701999999999998        795.45736192969844        0.0000000000000000        0.0000000000000000        0.0000000000000000        0.0000000000000000        0.0000000000000000        0.0000000000000000        0.0000000000000000        0.0000000000000000        0.0000000000000000        0.0000000000000000        0.0000000000000000        1.3717328733041330       0.53644844893691435       0.56649948418141682        6.2100648893739202E-002   0.0000000000000000        0.0000000000000000       0.33550752876451623        2.6515245397656613     
 THERM-A          56   2370.9076361383495        300.00000000000000        30.747686001902679        39.420999999999999        972.17926571676060        0.0000000000000000        0.0000000000000000        0.0000000000000000        0.0000000000000000        0.0000000000000000        0.0000000000000000        0.0000000000000000        0.0000000000000000        0.0000000000000000        0.0000000000000000        0.0000000000000000        1.2814532643409544       0.65678724730105431        1.1425215002441420        6.9560098652571803E-002   0.0000000000000000        0.0000000000000000       0.41004518729384659        3.2405975523892021     
 THERM-A          57   2370.9076361383495        300.00000000000000        87.468863737136445        109.88300000000000        1168.3688663475000        0.0000000000000000        0.0000000000000000        0.0000000000000000        0.0000000000000000        0.0000000000000000        0.0000000000000000        0.0000000000000000        0.0000000000000000        0.0000000000000000        0.0000000000000000        0.0000000000000000        1.1925930052446432       0.64281309190943958        1.3319712409224669        2.1594599744276737E-002   0.0000000000000000        0.0000000000000000       0.49279391931543054        3.8945628878249998     
 THERM-A          58   2370.9076361383495        300.00000000000000        89.175200872664476        112.04500000000000        1060.2193498268093        0.0000000000000000        0.0000000000000000        0.0000000000000000        0.0000000000000000        0.0000000000000000        0.0000000000000000        0.0000000000000000        0.0000000000000000        0.0000000000000000        0.0000000000000000        0.0000000000000000        1.1924670623677882       0.64263349751854670        1.9305914566354752        2.8235331201310575E-002   0.0000000000000000        0.0000000000000000       0.44717868113734582        3.5340644994226977     
 THERM-A          59   2370.9076361383495        300.00000000000000        87.104543585638780        109.40100000000000        1137.7927950557601        0.0000000000000000        0.0000000000000000        0.0000000000000000        0.0000000000000000        0.0000000000000000        0.0000000000000000        0.0000000000000000        0.0000000000000000        0.0000000000000000        0.0000000000000000        0.0000000000000000        1.1927634628495600       0.64305618049063240        1.6832664054003981        2.5935800880932405E-002   0.0000000000000000        0.0000000000000000       0.47989756231455594        3.7926426501858668     
 THERM-A          60   2370.9076361383495        300.00000000000000        33.993699329145016        44.975999999999999        1086.6498676814770        0.0000000000000000        0.0000000000000000        0.0000000000000000        0.0000000000000000        0.0000000000000000        0.0000000000000000        0.0000000000000000        0.0000000000000000        0.0000000000000000        0.0000000000000000        0.0000000000000000        1.0652615267423691       0.78180751955214178        1.8672632679239214        4.4271409452499286E-002   0.0000000000000000        0.0000000000000000       0.45832652909725907        3.6221662256049232     
 THERM-A          61   2370.9076361383495        300.00000000000000        37.091947728739093        49.024000000000001        601.22436549857116        0.0000000000000000        0.0000000000000000        0.0000000000000000        0.0000000000000000        0.0000000000000000        0.0000000000000000        0.0000000000000000        0.0000000000000000        0.0000000000000000        0.0000000000000000        0.0000000000000000        1.0661321095012204       0.78353773066361609        3.8574547271110537E-002   1.2733079296591981E-003   0.0000000000000000        0.0000000000000000       0.25358405208809576        2.0040812183285706     
 THERM-A          62   2370.9076361383495        300.00000000000000        34.172957456759953        43.399700000000003        664.78048876911771        0.0000000000000000        0.0000000000000000        0.0000000000000000        0.0000000000000000        0.0000000000000000        0.0000000000000000        0.0000000000000000        0.0000000000000000        0.0000000000000000        0.0000000000000000        0.0000000000000000        1.1014953520247817       0.85383950231491446      -0.11625265535762941       -2.4486241426994390E-003   0.0000000000000000        0.0000000000000000       0.28039071562141860        2.2159349625637259     
 THERM-A          63   2370.9076361383495        300.00000000000000        34.324180904355558        45.420000000000002        1049.6213550259790        0.0000000000000000        0.0000000000000000        0.0000000000000000        0.0000000000000000        0.0000000000000000        0.0000000000000000        0.0000000000000000        0.0000000000000000        0.0000000000000000        0.0000000000000000        0.0000000000000000        1.0651377718969779       0.78156156909577834       0.56000172773203638        1.3479460027303953E-002   0.0000000000000000        0.0000000000000000       0.44270866525005803        3.4987378500865969     
 THERM-A          64   2370.9076361383495        300.00000000000000        35.341992278577969        44.527999999999999        713.65734835693297        0.0000000000000000        0.0000000000000000        0.0000000000000000        0.0000000000000000        0.0000000000000000        0.0000000000000000        0.0000000000000000        0.0000000000000000        0.0000000000000000        0.0000000000000000        0.0000000000000000        1.2274025664898378       0.43626837846231609       0.63075367708632668        4.3811700407485679E-002   0.0000000000000000        0.0000000000000000       0.30100596812759556        2.3788578278564434     
 THERM-A          65   2370.9076361383495        300.00000000000000        17.219432879207929        22.421050000000001        875.88794349210036        0.0000000000000000        0.0000000000000000        0.0000000000000000        0.0000000000000000        0.0000000000000000        0.0000000000000000        0.0000000000000000        0.0000000000000000        0.0000000000000000        0.0000000000000000        0.0000000000000000       -2.3816611023974459E-002   3.4815156852828939        3.4450141671871237      -0.26955832775873839        0.0000000000000000        0.0000000000000000       0.36943149118989538        2.9196264783070012     
 THERM-A          66   2370.9076361383495        300.00000000000000        12.842790046758845        20.657000000000000        969.17015826344289        0.0000000000000000        0.0000000000000000        0.0000000000000000        0.0000000000000000        0.0000000000000000        0.0000000000000000        0.0000000000000000        0.0000000000000000        0.0000000000000000        0.0000000000000000        0.0000000000000000       0.12772797523061818        3.3833023847012771        4.5548336012428674      -0.42664947940182629        0.0000000000000000        0.0000000000000000       0.40877600775793738        3.2305671942114764     
 THERM-A          67   2370.9076361383495        300.00000000000000        11.760939543749416        14.016999999999999        1383.1913639721640        0.0000000000000000        0.0000000000000000        0.0000000000000000        0.0000000000000000        0.0000000000000000        0.0000000000000000        0.0000000000000000        0.0000000000000000        0.0000000000000000        0.0000000000000000        0.0000000000000000        1.1475427215785647        1.3738984643545253        4.3706040139493600       0.31719249288689200        0.0000000000000000        0.0000000000000000       0.58340162344959889        4.6106378799072134     
 THERM-A          68   2370.9076361383495        300.00000000000000        11.573136664012177        13.670000000000000        1415.0402482291222        0.0000000000000000        0.0000000000000000        0.0000000000000000        0.0000000000000000        0.0000000000000000        0.0000000000000000        0.0000000000000000        0.0000000000000000        0.0000000000000000        0.0000000000000000        0.0000000000000000        1.1619263531975978        1.4036060102130301        3.7394345633972650       0.27857666488558569        0.0000000000000000        0.0000000000000000       0.59683482673913424        4.7168008274304070     
 THERM-A          69   2370.9076361383495        300.00000000000000        33.199776127923322        44.226999999999997        1193.8146458773926        0.0000000000000000        0.0000000000000000        0.0000000000000000        0.0000000000000000        0.0000000000000000        0.0000000000000000        0.0000000000000000        0.0000000000000000        0.0000000000000000        0.0000000000000000        0.0000000000000000       0.74015951959452386       0.60278812535936943        2.7587387538401353        2.0520774877309626E-003   0.0000000000000000        0.0000000000000000       0.50352642493565702        3.9793821529246420     
 THERM-A          70   2370.9076361383495        300.00000000000000        31.361732039727276        53.868400000000001        1005.1238667969652        0.0000000000000000        0.0000000000000000        0.0000000000000000        0.0000000000000000        0.0000000000000000        0.0000000000000000        0.0000000000000000        0.0000000000000000        0.0000000000000000        0.0000000000000000        0.0000000000000000       0.44980130819755898       0.70888633865231798        1.0373811800548938       -3.0734743170011077E-002   0.0000000000000000        0.0000000000000000       0.42394054136755638        3.3504128893232172     
 THERM-A          71   2370.9076361383495        300.00000000000000        5.6255146205160518        7.0930000000000000        565.72457962821568        0.0000000000000000        0.0000000000000000        0.0000000000000000        0.0000000000000000        0.0000000000000000        0.0000000000000000        0.0000000000000000        0.0000000000000000        0.0000000000000000        0.0000000000000000        0.0000000000000000        1.3883714753127567       0.68401799857151580        3.7553609481932462        1.1509776142191739        0.0000000000000000        0.0000000000000000       0.23861097370695042        1.8857485987607190     
 THERM-A          72   2370.9076361383495        300.00000000000000        5.5596265931115036        6.9883499999999996        417.26921252701510        0.0000000000000000        0.0000000000000000        0.0000000000000000        0.0000000000000000        0.0000000000000000        0.0000000000000000        0.0000000000000000        0.0000000000000000        0.0000000000000000        0.0000000000000000        0.0000000000000000        1.5058146651714250       0.78068611614050731        3.7851934273811962        1.3857600966370593        0.0000000000000000        0.0000000000000000       0.17599555805836808        1.3908973750900504     
 THERM-A          73   2370.9076361383495        300.00000000000000        5.3272466765711712        6.7651000000000003        597.02335275715359        0.0000000000000000        0.0000000000000000        0.0000000000000000        0.0000000000000000        0.0000000000000000        0.0000000000000000        0.0000000000000000        0.0000000000000000        0.0000000000000000        0.0000000000000000        0.0000000000000000        1.6846856346449961       0.89225590805832933        2.3973230996051180        1.2779497533568571        0.0000000000000000        0.0000000000000000       0.25181215145502844        1.9900778425238452     
 THERM-A           1   2428.8624640347844        300.00000000000000        70.113225603491898        100.61000000000000        845.86270203487197        0.0000000000000000        0.0000000000000000        0.0000000000000000        0.0000000000000000        0.0000000000000000        0.0000000000000000        0.0000000000000000        0.0000000000000000        0.0000000000000000        0.0000000000000000        0.0000000000000000       0.24711943443697154        1.6264781162000708        2.3529047807567172       -3.6848972760397912E-002   0.0000000000000000        0.0000000000000000       0.34825467253083547        2.8195423401162398     
 THERM-A           2   2428.8624640347844        300.00000000000000        100.45200000000000        100.45200000000000        719.08309999999994        0.0000000000000000        0.0000000000000000        0.0000000000000000        0.0000000000000000        0.0000000000000000        0.0000000000000000        0.0000000000000000        0.0000000000000000        0.0000000000000000        0.0000000000000000        0.0000000000000000       0.57877001724869015        1.0000000267748044        1.0295399827513099       -8.5762374933149900E-003   0.0000000000000000        0.0000000000000000       0.29605756219126195        2.3969436666666666     
 THERM-A           3   2428.8624640347844        300.00000000000000        30.405155988721745        39.762000000000000        930.37404488992343        0.0000000000000000        0.0000000000000000        0.0000000000000000        0.0000000000000000        0.0000000000000000        0.0000000000000000        0.0000000000000000        0.0000000000000000        0.0000000000000000        0.0000000000000000        0.0000000000000000       0.18158847564720593        15.021426985806611        3.4063552016651242      -0.20419512250846983        0.0000000000000000        0.0000000000000000       0.38304929104318330        3.1012468162997449     
 THERM-A           4   2428.8624640347844        300.00000000000000        31.682385548772910        40.843000000000004        900.21163451249845        0.0000000000000000        0.0000000000000000        0.0000000000000000        0.0000000000000000        0.0000000000000000        0.0000000000000000        0.0000000000000000        0.0000000000000000        0.0000000000000000        0.0000000000000000        0.0000000000000000       0.36260256834512866        7.2194364742754660        3.1662073296174245      -0.15035973513730100        0.0000000000000000        0.0000000000000000       0.37063096319463162        3.0007054483749949     
 THERM-A           5   2428.8624640347844        300.00000000000000        34.746546775325861        44.527999999999999        728.64130369984662        0.0000000000000000        0.0000000000000000        0.0000000000000000        0.0000000000000000        0.0000000000000000        0.0000000000000000        0.0000000000000000        0.0000000000000000        0.0000000000000000        0.0000000000000000        0.0000000000000000        1.2183640445035921       0.43366287450139035       0.60499968763364853        4.2695771123655891E-002   0.0000000000000000        0.0000000000000000       0.29999282153236467        2.4288043456661552     
 THERM-A           6   2428.8624640347844        300.00000000000000        33.722144554214225        43.564000000000000        871.80913025446443        0.0000000000000000        0.0000000000000000        0.0000000000000000        0.0000000000000000        0.0000000000000000        0.0000000000000000        0.0000000000000000        0.0000000000000000        0.0000000000000000        0.0000000000000000        0.0000000000000000       0.22579031949228459        11.946737197275056        4.0118422096921993      -0.19079455590775013        0.0000000000000000        0.0000000000000000       0.35893721573935072        2.9060304341815479     
 THERM-A           7   2428.8624640347844        300.00000000000000        45.590114452467297        62.676000000000002        928.32273602561736        0.0000000000000000        0.0000000000000000        0.0000000000000000        0.0000000000000000        0.0000000000000000        0.0000000000000000        0.0000000000000000        0.0000000000000000        0.0000000000000000        0.0000000000000000        0.0000000000000000        7.4968134051732721E-002   30.542768332974440        3.7740335395376956      -0.15013411959800668        0.0000000000000000        0.0000000000000000       0.38220473566193769        3.0944091200853912     
 THERM-A           8   2428.8624640347844        300.00000000000000        48.160886297212450        65.941000000000003        762.71797840963882        0.0000000000000000        0.0000000000000000        0.0000000000000000        0.0000000000000000        0.0000000000000000        0.0000000000000000        0.0000000000000000        0.0000000000000000        0.0000000000000000        0.0000000000000000        0.0000000000000000        4.4881920374687571E-002   50.589667957400884        2.1130924500833497      -0.10286672347047818        0.0000000000000000        0.0000000000000000       0.31402271215580685        2.5423932613654627     
 THERM-A           9   2428.8624640347844        300.00000000000000        43.021746209396404        59.140000000000001        900.65900966352285        0.0000000000000000        0.0000000000000000        0.0000000000000000        0.0000000000000000        0.0000000000000000        0.0000000000000000        0.0000000000000000        0.0000000000000000        0.0000000000000000        0.0000000000000000        0.0000000000000000        7.5164794741257923E-002   30.458749635632486        3.6426575320289691      -0.15544751302734494        0.0000000000000000        0.0000000000000000       0.37081515441898000        3.0021966988784095     
 THERM-A          10   2428.8624640347844        300.00000000000000        49.497224884869055        68.054000000000002        850.92439418266520        0.0000000000000000        0.0000000000000000        0.0000000000000000        0.0000000000000000        0.0000000000000000        0.0000000000000000        0.0000000000000000        0.0000000000000000        0.0000000000000000        0.0000000000000000        0.0000000000000000        7.4745536412010441E-002   30.638405055357623        2.4259475142909301      -0.10607685958352922        0.0000000000000000        0.0000000000000000       0.35033864896949507        2.8364146472755505     
 THERM-A          11   2428.8624640347844        300.00000000000000        44.893361257201796        60.759999999999998        1144.9766618563319        0.0000000000000000        0.0000000000000000        0.0000000000000000        0.0000000000000000        0.0000000000000000        0.0000000000000000        0.0000000000000000        0.0000000000000000        0.0000000000000000        0.0000000000000000        0.0000000000000000        1.0434479273606168       0.26658459715997657        1.4921680956467789        3.6365686863492119E-002   0.0000000000000000        0.0000000000000000       0.47140448617840486        3.8165888728544397     
 THERM-A          12   2428.8624640347844        300.00000000000000        47.153028832996796        63.854129999999998        961.39362054340097        0.0000000000000000        0.0000000000000000        0.0000000000000000        0.0000000000000000        0.0000000000000000        0.0000000000000000        0.0000000000000000        0.0000000000000000        0.0000000000000000        0.0000000000000000        0.0000000000000000        1.0432918119344827       0.26658754121345218       0.71599462382459422        2.2205452087517615E-002   0.0000000000000000        0.0000000000000000       0.39582052700767195        3.2046454018113364     
 THERM-A          13   2428.8624640347844        300.00000000000000        46.753447383143197        66.039000000000001        1078.1510262035645        0.0000000000000000        0.0000000000000000        0.0000000000000000        0.0000000000000000        0.0000000000000000        0.0000000000000000        0.0000000000000000        0.0000000000000000        0.0000000000000000        0.0000000000000000        0.0000000000000000       0.86441333179456592       0.33070538196302179       0.86478483883999702        8.5131715912837823E-003   0.0000000000000000        0.0000000000000000       0.44389134509187422        3.5938367540118814     
 THERM-A          14   2428.8624640347844        300.00000000000000        48.433637788400716        67.867000000000004        948.04486290396369        0.0000000000000000        0.0000000000000000        0.0000000000000000        0.0000000000000000        0.0000000000000000        0.0000000000000000        0.0000000000000000        0.0000000000000000        0.0000000000000000        0.0000000000000000        0.0000000000000000       0.83089398936191861       0.32961579964984106       0.87530874002450909        5.9160195255908363E-003   0.0000000000000000        0.0000000000000000       0.39032463836140313        3.1601495430132123     
 THERM-A          15   2428.8624640347844        300.00000000000000        44.291428770497355        62.500000000000000        1108.9234428196207        0.0000000000000000        0.0000000000000000        0.0000000000000000        0.0000000000000000        0.0000000000000000        0.0000000000000000        0.0000000000000000        0.0000000000000000        0.0000000000000000        0.0000000000000000        0.0000000000000000       0.86469434609587492       0.33122085103847881        1.1676544842767240        1.1706954732430627E-002   0.0000000000000000        0.0000000000000000       0.45656082188264224        3.6964114760654025     
 THERM-A          16   2428.8624640347844        300.00000000000000        44.883226920781020        63.573999999999998        1046.4800000203982        0.0000000000000000        0.0000000000000000        0.0000000000000000        0.0000000000000000        0.0000000000000000        0.0000000000000000        0.0000000000000000        0.0000000000000000        0.0000000000000000        0.0000000000000000        0.0000000000000000       0.70390305788387186       0.32621050385173939        1.7351128408653986       -1.0690044930289260E-003   0.0000000000000000        0.0000000000000000       0.43085189693367970        3.4882666667346607     
 THERM-A          17   2428.8624640347844        300.00000000000000        42.120995645692062        60.508000000000003        1023.7865684206141        0.0000000000000000        0.0000000000000000        0.0000000000000000        0.0000000000000000        0.0000000000000000        0.0000000000000000        0.0000000000000000        0.0000000000000000        0.0000000000000000        0.0000000000000000        0.0000000000000000       0.41176645121320860        2.3375882800466292        2.4681230643163685       -5.7707786715940242E-002   0.0000000000000000        0.0000000000000000       0.42150866242130380        3.4126218947353806     
 THERM-A          18   2428.8624640347844        300.00000000000000        45.114251505383336        64.605999999999995        937.86680921133552        0.0000000000000000        0.0000000000000000        0.0000000000000000        0.0000000000000000        0.0000000000000000        0.0000000000000000        0.0000000000000000        0.0000000000000000        0.0000000000000000        0.0000000000000000        0.0000000000000000       0.65877353129089478       0.33015014363149409        1.7789654022190433       -5.6739737531443972E-003   0.0000000000000000        0.0000000000000000       0.38613417725323457        3.1262226973711185     
 THERM-A          19   2428.8624640347844        300.00000000000000        26.165580694569748        39.901000000000003        1044.6037991925505        0.0000000000000000        0.0000000000000000        0.0000000000000000        0.0000000000000000        0.0000000000000000        0.0000000000000000        0.0000000000000000        0.0000000000000000        0.0000000000000000        0.0000000000000000        0.0000000000000000       0.79640365735176899       0.43894661747812624        1.1107893994313791        5.5526457268110698E-003   0.0000000000000000        0.0000000000000000       0.43007943622187345        3.4820126639751683     
 THERM-A          20   2428.8624640347844        300.00000000000000        25.498321088461999        40.271999999999998        1014.4692368552475        0.0000000000000000        0.0000000000000000        0.0000000000000000        0.0000000000000000        0.0000000000000000        0.0000000000000000        0.0000000000000000        0.0000000000000000        0.0000000000000000        0.0000000000000000        0.0000000000000000       0.69908909540337361       0.44517752926310572       0.81500617774788353       -8.3549628641093662E-003   0.0000000000000000        0.0000000000000000       0.41767257383937201        3.3815641228508251     
 THERM-A          21   2428.8624640347844        300.00000000000000        84.358262815588915        113.08000000000000        1057.4820817394793        0.0000000000000000        0.0000000000000000        0.0000000000000000        0.0000000000000000        0.0000000000000000        0.0000000000000000        0.0000000000000000        0.0000000000000000        0.0000000000000000        0.0000000000000000        0.0000000000000000       0.73277773610670016       0.87317186092506904        1.0551917996433477       -4.7823628151513467E-003   0.0000000000000000        0.0000000000000000       0.43538162304291550        3.5249402724649310     
 THERM-A          22   2428.8624640347844        300.00000000000000        88.207021176894841        115.43000000000001        946.91038476392782        0.0000000000000000        0.0000000000000000        0.0000000000000000        0.0000000000000000        0.0000000000000000        0.0000000000000000        0.0000000000000000        0.0000000000000000        0.0000000000000000        0.0000000000000000        0.0000000000000000       0.79057422097054997       0.86542691709547503        1.9802441682472811        2.7960633653599694E-005   0.0000000000000000        0.0000000000000000       0.38985755627798563        3.1563679492130929     
 THERM-A          23   2428.8624640347844        300.00000000000000        92.171311432138609        125.12000000000000        1060.1928760967717        0.0000000000000000        0.0000000000000000        0.0000000000000000        0.0000000000000000        0.0000000000000000        0.0000000000000000        0.0000000000000000        0.0000000000000000        0.0000000000000000        0.0000000000000000        0.0000000000000000       0.66020305356464015        1.3004557994199757        2.4521565097369002       -9.7513985076500935E-003   0.0000000000000000        0.0000000000000000       0.43649769873572736        3.5339762536559056     
 THERM-A          24   2428.8624640347844        300.00000000000000        84.943625449792705        114.32400000000000        1045.4104792871788        0.0000000000000000        0.0000000000000000        0.0000000000000000        0.0000000000000000        0.0000000000000000        0.0000000000000000        0.0000000000000000        0.0000000000000000        0.0000000000000000        0.0000000000000000        0.0000000000000000       0.67679683007679503        1.0172910796141017        1.1578292930046099       -7.6677834661858478E-003   0.0000000000000000        0.0000000000000000       0.43041155881282833        3.4847015976239293     
 THERM-A          25   2428.8624640347844        300.00000000000000        85.710969879988042        110.84200000000000        1156.3149293151801        0.0000000000000000        0.0000000000000000        0.0000000000000000        0.0000000000000000        0.0000000000000000        0.0000000000000000        0.0000000000000000        0.0000000000000000        0.0000000000000000        0.0000000000000000        0.0000000000000000        1.1774028413570650       0.30769522827543311        1.6352556996296210        2.9293467568585640E-002   0.0000000000000000        0.0000000000000000       0.47607262512276205        3.8543830977172671     
 THERM-A          26   2428.8624640347844        300.00000000000000        98.276151142926295        131.99000000000001        973.37709551542241        0.0000000000000000        0.0000000000000000        0.0000000000000000        0.0000000000000000        0.0000000000000000        0.0000000000000000        0.0000000000000000        0.0000000000000000        0.0000000000000000        0.0000000000000000        0.0000000000000000       0.75560996260345603       0.84654663166734967        2.6741229235706028       -3.0074156648678217E-004   0.0000000000000000        0.0000000000000000       0.40075430779990118        3.2445903183847413     
 THERM-A          27   2428.8624640347844        300.00000000000000        88.530748719839153        118.71599999999999        1059.1499810347443        0.0000000000000000        0.0000000000000000        0.0000000000000000        0.0000000000000000        0.0000000000000000        0.0000000000000000        0.0000000000000000        0.0000000000000000        0.0000000000000000        0.0000000000000000        0.0000000000000000       0.92156991386992881       0.74103759013667903        1.7490609830498336        7.6649853561073919E-003   0.0000000000000000        0.0000000000000000       0.43606832281285401        3.5304999367824812     
 THERM-A          28   2428.8624640347844        300.00000000000000        21.908504941010104        27.449999999999999        1178.3147232554254        0.0000000000000000        0.0000000000000000        0.0000000000000000        0.0000000000000000        0.0000000000000000        0.0000000000000000        0.0000000000000000        0.0000000000000000        0.0000000000000000        0.0000000000000000        0.0000000000000000        1.5598811823101641       0.77926161890820878       0.46151635803475255       0.10934235618487850        0.0000000000000000        0.0000000000000000       0.48513027835179656        3.9277157441847512     
 THERM-A          29   2428.8624640347844        300.00000000000000        30.737101919112877        43.603000000000002        1042.7662730628613        0.0000000000000000        0.0000000000000000        0.0000000000000000        0.0000000000000000        0.0000000000000000        0.0000000000000000        0.0000000000000000        0.0000000000000000        0.0000000000000000        0.0000000000000000        0.0000000000000000       0.52066080673574655        1.8164934000930972        2.6396496675390559       -6.0793783637229835E-002   0.0000000000000000        0.0000000000000000       0.42932289847760091        3.4758875768762043     
 THERM-A          30   2428.8624640347844        300.00000000000000        33.652668564662349        46.289999999999999        778.36817608938111        0.0000000000000000        0.0000000000000000        0.0000000000000000        0.0000000000000000        0.0000000000000000        0.0000000000000000        0.0000000000000000        0.0000000000000000        0.0000000000000000        0.0000000000000000        0.0000000000000000       0.43228735778095229        3.5436847720310709        2.2213746675454926       -8.2484310116320958E-002   0.0000000000000000        0.0000000000000000       0.32046613903216625        2.5945605869646036     
 THERM-A          31   2428.8624640347844        300.00000000000000        30.162697796476003        40.515000000000001        1115.6475146178941        0.0000000000000000        0.0000000000000000        0.0000000000000000        0.0000000000000000        0.0000000000000000        0.0000000000000000        0.0000000000000000        0.0000000000000000        0.0000000000000000        0.0000000000000000        0.0000000000000000       0.72091149963826928        1.4424498493473421        2.5149282234952945       -2.2836937665233155E-002   0.0000000000000000        0.0000000000000000       0.45932922556866385        3.7188250487263135     
 THERM-A          32   2428.8624640347844        300.00000000000000        31.846584060284375        42.799999999999997        837.04469686881021        0.0000000000000000        0.0000000000000000        0.0000000000000000        0.0000000000000000        0.0000000000000000        0.0000000000000000        0.0000000000000000        0.0000000000000000        0.0000000000000000        0.0000000000000000        0.0000000000000000       0.72034855347731230        1.4418063999756583        1.1252330963638122       -2.6390730637520121E-002   0.0000000000000000        0.0000000000000000       0.34462416430048742        2.7901489895627005     
 THERM-A          33   2428.8624640347844        300.00000000000000        29.906110635517589        39.493000000000002        1109.4984265527401        0.0000000000000000        0.0000000000000000        0.0000000000000000        0.0000000000000000        0.0000000000000000        0.0000000000000000        0.0000000000000000        0.0000000000000000        0.0000000000000000        0.0000000000000000        0.0000000000000000       0.62321475382026903        1.9441236072068857        2.4876207035883739       -4.9553422491794299E-002   0.0000000000000000        0.0000000000000000       0.45679755152115958        3.6983280885091334     
 THERM-A          34   2428.8624640347844        300.00000000000000        32.552891933974287        41.859999999999999        834.34668221838263        0.0000000000000000        0.0000000000000000        0.0000000000000000        0.0000000000000000        0.0000000000000000        0.0000000000000000        0.0000000000000000        0.0000000000000000        0.0000000000000000        0.0000000000000000        0.0000000000000000       0.77618725236856756        1.6280310093167363        1.8079906374126522       -2.1430221331092549E-002   0.0000000000000000        0.0000000000000000       0.34351335020937346        2.7811556073946089     
 THERM-A          35   2428.8624640347844        300.00000000000000        20.857329361609978        26.353999999999999        1162.3185275285089        0.0000000000000000        0.0000000000000000        0.0000000000000000        0.0000000000000000        0.0000000000000000        0.0000000000000000        0.0000000000000000        0.0000000000000000        0.0000000000000000        0.0000000000000000        0.0000000000000000       0.77699228784372631        1.5639241667732509        3.2302663424081812       -1.5867352662446689E-002   0.0000000000000000        0.0000000000000000       0.47854439876257360        3.8743950917616963     
 THERM-A          36   2428.8624640347844        300.00000000000000        21.254821463363033        26.853999999999999        952.00266451345590        0.0000000000000000        0.0000000000000000        0.0000000000000000        0.0000000000000000        0.0000000000000000        0.0000000000000000        0.0000000000000000        0.0000000000000000        0.0000000000000000        0.0000000000000000        0.0000000000000000       0.77709391964497598        1.5640514301737656        3.4331104592756612       -1.3435654462661498E-002   0.0000000000000000        0.0000000000000000       0.39195412610230945        3.1733422150448529     
 THERM-A          37   2428.8624640347844        300.00000000000000        20.408631998456531        25.577000000000002        1199.5291927705819        0.0000000000000000        0.0000000000000000        0.0000000000000000        0.0000000000000000        0.0000000000000000        0.0000000000000000        0.0000000000000000        0.0000000000000000        0.0000000000000000        0.0000000000000000        0.0000000000000000       0.97139195821804414        1.0155780544791697        2.4199442509100022        5.2934821536129502E-002   0.0000000000000000        0.0000000000000000       0.49386460144719135        3.9984306425686063     
 THERM-A          38   2428.8624640347844        300.00000000000000        23.444492060434268        30.286999999999999        906.71926370728261        0.0000000000000000        0.0000000000000000        0.0000000000000000        0.0000000000000000        0.0000000000000000        0.0000000000000000        0.0000000000000000        0.0000000000000000        0.0000000000000000        0.0000000000000000        0.0000000000000000        1.0589320567496987        1.1356176829544948       0.48721851971668673        4.4618842493005656E-004   0.0000000000000000        0.0000000000000000       0.37331025413479207        3.0223975456909420     
 THERM-A          39   2428.8624640347844        300.00000000000000        22.693091993135390        28.904000000000000        957.08455848305573        0.0000000000000000        0.0000000000000000        0.0000000000000000        0.0000000000000000        0.0000000000000000        0.0000000000000000        0.0000000000000000        0.0000000000000000        0.0000000000000000        0.0000000000000000        0.0000000000000000       0.73465534096776053        1.6191054630664321        2.5501810636823992       -3.2733365377410915E-002   0.0000000000000000        0.0000000000000000       0.39404641994144179        3.1902818616101856     
 THERM-A          40   2428.8624640347844        300.00000000000000        19.732300295669855        24.445000000000000        1211.6839698527556        0.0000000000000000        0.0000000000000000        0.0000000000000000        0.0000000000000000        0.0000000000000000        0.0000000000000000        0.0000000000000000        0.0000000000000000        0.0000000000000000        0.0000000000000000        0.0000000000000000        1.3216536404017325       0.63458914727383176       0.98846811039796156       0.11085844310759238        0.0000000000000000        0.0000000000000000       0.49886890995051530        4.0389465661758521     
 THERM-A          41   2428.8624640347844        300.00000000000000        20.621893359849267        25.321000000000002        992.90400226968643        0.0000000000000000        0.0000000000000000        0.0000000000000000        0.0000000000000000        0.0000000000000000        0.0000000000000000        0.0000000000000000        0.0000000000000000        0.0000000000000000        0.0000000000000000        0.0000000000000000        1.3291698050492922       0.64149252700183457        1.3247881286852701       0.12917622005817420        0.0000000000000000        0.0000000000000000       0.40879383537439640        3.3096800075656216     
 THERM-A          42   2428.8624640347844        300.00000000000000        20.016129571437141        24.943999999999999        1170.9078110310700        0.0000000000000000        0.0000000000000000        0.0000000000000000        0.0000000000000000        0.0000000000000000        0.0000000000000000        0.0000000000000000        0.0000000000000000        0.0000000000000000        0.0000000000000000        0.0000000000000000        1.3167104887520888       0.63004233526433373        1.4255123882740792       0.13666710775379562        0.0000000000000000        0.0000000000000000       0.48208073876936536        3.9030260367702332     
 THERM-A          43   2428.8624640347844        300.00000000000000        23.015058315749140        29.576789999999999        920.74736902293239        0.0000000000000000        0.0000000000000000        0.0000000000000000        0.0000000000000000        0.0000000000000000        0.0000000000000000        0.0000000000000000        0.0000000000000000        0.0000000000000000        0.0000000000000000        0.0000000000000000        1.2919077037173228       0.60714991496200554        1.0752985021375228        9.4536676104299486E-002   0.0000000000000000        0.0000000000000000       0.37908584065867723        3.0691578967431079     
 THERM-A          44   2428.8624640347844        300.00000000000000        21.447461774755492        27.520900000000001        1079.2832418359721        0.0000000000000000        0.0000000000000000        0.0000000000000000        0.0000000000000000        0.0000000000000000        0.0000000000000000        0.0000000000000000        0.0000000000000000        0.0000000000000000        0.0000000000000000        0.0000000000000000        1.2930872934497948       0.60824156224912729        2.2206849233136294       0.16858354397215194        0.0000000000000000        0.0000000000000000       0.44435749566613397        3.5976108061199072     
 THERM-A          45   2428.8624640347844        300.00000000000000        21.425813590846122        27.090000000000000        1053.1724178057543        0.0000000000000000        0.0000000000000000        0.0000000000000000        0.0000000000000000        0.0000000000000000        0.0000000000000000        0.0000000000000000        0.0000000000000000        0.0000000000000000        0.0000000000000000        0.0000000000000000        1.3048617529291522       0.61912235864217768        1.7913961769983260       0.14674653453268038        0.0000000000000000        0.0000000000000000       0.43360726817616607        3.5105747260191809     
 THERM-A          46   2428.8624640347844        300.00000000000000        22.681004179325541        28.189000000000000        1033.1270670946751        0.0000000000000000        0.0000000000000000        0.0000000000000000        0.0000000000000000        0.0000000000000000        0.0000000000000000        0.0000000000000000        0.0000000000000000        0.0000000000000000        0.0000000000000000        0.0000000000000000        1.3189482823547023       0.63210135565859249        1.8326719675992431       0.14451647083116870        0.0000000000000000        0.0000000000000000       0.42535428925788671        3.4437568903155835     
 THERM-A          47   2428.8624640347844        300.00000000000000        19.351235662920207        24.110800000000001        1268.0501720960820        0.0000000000000000        0.0000000000000000        0.0000000000000000        0.0000000000000000        0.0000000000000000        0.0000000000000000        0.0000000000000000        0.0000000000000000        0.0000000000000000        0.0000000000000000        0.0000000000000000        1.2296497896295142       0.97408321465321113       0.99518844418921915        6.7556997913194458E-002   0.0000000000000000        0.0000000000000000       0.52207574157559289        4.2268339069869398     
 THERM-A          48   2428.8624640347844        300.00000000000000        20.291099325345879        25.296340000000001        1048.5356905790620        0.0000000000000000        0.0000000000000000        0.0000000000000000        0.0000000000000000        0.0000000000000000        0.0000000000000000        0.0000000000000000        0.0000000000000000        0.0000000000000000        0.0000000000000000        0.0000000000000000        1.2289631644508161       0.97278128036895095        1.2915499096965590        8.0776245559503343E-002   0.0000000000000000        0.0000000000000000       0.43169825632582448        3.4951189685968735     
 THERM-A          49   2428.8624640347844        300.00000000000000        19.744838109513690        24.500000000000000        1062.5371092882372        0.0000000000000000        0.0000000000000000        0.0000000000000000        0.0000000000000000        0.0000000000000000        0.0000000000000000        0.0000000000000000        0.0000000000000000        0.0000000000000000        0.0000000000000000        0.0000000000000000        1.4042489265966227       0.98911483667007083        1.6491822481327654       0.15778046096077808        0.0000000000000000        0.0000000000000000       0.43746285556373943        3.5417903642941240     
 THERM-A          50   2428.8624640347844        300.00000000000000        20.949600843398670        27.688440000000000        995.23701571790957        0.0000000000000000        0.0000000000000000        0.0000000000000000        0.0000000000000000        0.0000000000000000        0.0000000000000000        0.0000000000000000        0.0000000000000000        0.0000000000000000        0.0000000000000000        0.0000000000000000        1.1652892146076321       0.85249117078652836        1.6886422657827911        8.8434631533882591E-002   0.0000000000000000        0.0000000000000000       0.40975437286170541        3.3174567190596984     
 THERM-A          51   2428.8624640347844        300.00000000000000        21.582170392706459        26.949000000000002        1031.0811718942111        0.0000000000000000        0.0000000000000000        0.0000000000000000        0.0000000000000000        0.0000000000000000        0.0000000000000000        0.0000000000000000        0.0000000000000000        0.0000000000000000        0.0000000000000000        0.0000000000000000        1.2270538717558501       0.96916150616456120        2.2354774988624362       0.12470955884417408        0.0000000000000000        0.0000000000000000       0.42451196276523495        3.4369372396473703     
 THERM-A          52   2428.8624640347844        300.00000000000000        28.387512815826387        36.134999999999998        1168.2499598989548        0.0000000000000000        0.0000000000000000        0.0000000000000000        0.0000000000000000        0.0000000000000000        0.0000000000000000        0.0000000000000000        0.0000000000000000        0.0000000000000000        0.0000000000000000        0.0000000000000000        1.2875356316311457       0.66382744576021258       0.71402616768680582        5.7444750108508330E-002   0.0000000000000000        0.0000000000000000       0.48098646061592065        3.8941665329965161     
 THERM-A          53   2428.8624640347844        300.00000000000000        29.227893462314952        37.216000000000001        1007.1599437960122        0.0000000000000000        0.0000000000000000        0.0000000000000000        0.0000000000000000        0.0000000000000000        0.0000000000000000        0.0000000000000000        0.0000000000000000        0.0000000000000000        0.0000000000000000        0.0000000000000000        1.2872769965111348       0.66352783491353529        1.5255276135510396        9.0227743849160352E-002   0.0000000000000000        0.0000000000000000       0.41466322556730340        3.3571998126533740     
 THERM-A          54   2428.8624640347844        300.00000000000000        28.654201445927647        36.270000000000003        990.33957664127593        0.0000000000000000        0.0000000000000000        0.0000000000000000        0.0000000000000000        0.0000000000000000        0.0000000000000000        0.0000000000000000        0.0000000000000000        0.0000000000000000        0.0000000000000000        0.0000000000000000        1.2923697879352569       0.66943151701830339       0.98621216968786207        6.9318925759320998E-002   0.0000000000000000        0.0000000000000000       0.40773802193646691        3.3011319221375865     
 THERM-A          55   2428.8624640347844        300.00000000000000        31.502442264748044        41.701999999999998        818.27312486582991        0.0000000000000000        0.0000000000000000        0.0000000000000000        0.0000000000000000        0.0000000000000000        0.0000000000000000        0.0000000000000000        0.0000000000000000        0.0000000000000000        0.0000000000000000        0.0000000000000000        1.3566036422594416       0.53340671732322942       0.52638214651377280        5.9508446950267829E-002   0.0000000000000000        0.0000000000000000       0.33689561965008458        2.7275770828860999     
 THERM-A          56   2428.8624640347844        300.00000000000000        30.135285328289410        39.420999999999999        997.40066267080965        0.0000000000000000        0.0000000000000000        0.0000000000000000        0.0000000000000000        0.0000000000000000        0.0000000000000000        0.0000000000000000        0.0000000000000000        0.0000000000000000        0.0000000000000000        0.0000000000000000        1.2648777165638028       0.63766282909236394        1.1006661415607923        6.7151290222041526E-002   0.0000000000000000        0.0000000000000000       0.41064517956028884        3.3246688755693654     
 THERM-A          57   2428.8624640347844        300.00000000000000        85.876045089657623        109.88300000000000        1194.1067859066500        0.0000000000000000        0.0000000000000000        0.0000000000000000        0.0000000000000000        0.0000000000000000        0.0000000000000000        0.0000000000000000        0.0000000000000000        0.0000000000000000        0.0000000000000000        0.0000000000000000        1.1788011716339848       0.62320691015218388        1.2980617911129420        2.0987654723337801E-002   0.0000000000000000        0.0000000000000000       0.49163211321690914        3.9803559530221664     
 THERM-A          58   2428.8624640347844        300.00000000000000        87.552095786441356        112.04500000000000        1083.5609273512864        0.0000000000000000        0.0000000000000000        0.0000000000000000        0.0000000000000000        0.0000000000000000        0.0000000000000000        0.0000000000000000        0.0000000000000000        0.0000000000000000        0.0000000000000000        0.0000000000000000        1.1786870758829386       0.62304523021203284        1.8854037553615792        2.7450839505866451E-002   0.0000000000000000        0.0000000000000000       0.44611868452662146        3.6118697578376215     
 THERM-A          59   2428.8624640347844        300.00000000000000        85.517801515195785        109.40100000000000        1162.8696637410901        0.0000000000000000        0.0000000000000000        0.0000000000000000        0.0000000000000000        0.0000000000000000        0.0000000000000000        0.0000000000000000        0.0000000000000000        0.0000000000000000        0.0000000000000000        0.0000000000000000        1.1789597245203927       0.62343160243955476        1.6426918061542544        2.5211406469334854E-002   0.0000000000000000        0.0000000000000000       0.47877131001042816        3.8762322124703004     
 THERM-A          60   2428.8624640347844        300.00000000000000        33.268873300407911        44.975999999999999        1111.6767953896563        0.0000000000000000        0.0000000000000000        0.0000000000000000        0.0000000000000000        0.0000000000000000        0.0000000000000000        0.0000000000000000        0.0000000000000000        0.0000000000000000        0.0000000000000000        0.0000000000000000        1.0478564763296025       0.74722184930409108        1.8358053125897540        4.2546182725233403E-002   0.0000000000000000        0.0000000000000000       0.45769441944561901        3.7055893179655208     
 THERM-A          61   2428.8624640347844        300.00000000000000        36.314797846391563        49.024000000000001        614.83846915733670        0.0000000000000000        0.0000000000000000        0.0000000000000000        0.0000000000000000        0.0000000000000000        0.0000000000000000        0.0000000000000000        0.0000000000000000        0.0000000000000000        0.0000000000000000        0.0000000000000000        1.0489722202153868       0.74943863217211693        3.7601997419267397E-002   1.2299765309688182E-003   0.0000000000000000        0.0000000000000000       0.25313844577925487        2.0494615638577889     
 THERM-A          62   2428.8624640347844        300.00000000000000        33.514102004025496        43.399700000000003        679.07145811323176        0.0000000000000000        0.0000000000000000        0.0000000000000000        0.0000000000000000        0.0000000000000000        0.0000000000000000        0.0000000000000000        0.0000000000000000        0.0000000000000000        0.0000000000000000        0.0000000000000000        1.0837133027435255       0.81848415114082118      -0.11467241007404705       -2.3492119829797778E-003   0.0000000000000000        0.0000000000000000       0.27958415438030609        2.2635715270441059     
 THERM-A          63   2428.8624640347844        300.00000000000000        33.592544612415097        45.420000000000002        1073.7847749915393        0.0000000000000000        0.0000000000000000        0.0000000000000000        0.0000000000000000        0.0000000000000000        0.0000000000000000        0.0000000000000000        0.0000000000000000        0.0000000000000000        0.0000000000000000        0.0000000000000000        1.0477456355781440       0.74700163106228190       0.55033191862359598        1.2958819007243196E-002   0.0000000000000000        0.0000000000000000       0.44209369237308999        3.5792825833051309     
 THERM-A          64   2428.8624640347844        300.00000000000000        34.746546775325861        44.527999999999999        728.64130369984662        0.0000000000000000        0.0000000000000000        0.0000000000000000        0.0000000000000000        0.0000000000000000        0.0000000000000000        0.0000000000000000        0.0000000000000000        0.0000000000000000        0.0000000000000000        0.0000000000000000        1.2183640445035921       0.43366287450139035       0.60499968763364853        4.2695771123655891E-002   0.0000000000000000        0.0000000000000000       0.29999282153236467        2.4288043456661552     
 THERM-A          65   2428.8624640347844        300.00000000000000        17.008895137520899        22.421050000000001        875.63689965387709        0.0000000000000000        0.0000000000000000        0.0000000000000000        0.0000000000000000        0.0000000000000000        0.0000000000000000        0.0000000000000000        0.0000000000000000        0.0000000000000000        0.0000000000000000        0.0000000000000000       -2.2781228902764159E-002   3.7493833731253314        3.5025532710870881      -0.27708016651871065        0.0000000000000000        0.0000000000000000       0.36051316722120369        2.9187896655129237     
 THERM-A          66   2428.8624640347844        300.00000000000000        12.376106640711091        20.657000000000000        973.46985578136776        0.0000000000000000        0.0000000000000000        0.0000000000000000        0.0000000000000000        0.0000000000000000        0.0000000000000000        0.0000000000000000        0.0000000000000000        0.0000000000000000        0.0000000000000000        0.0000000000000000       0.11131244324530845        4.0900176374778594        4.7647845440067815      -0.47439734102115239        0.0000000000000000        0.0000000000000000       0.40079249862680838        3.2448995192712258     
 THERM-A          67   2428.8624640347844        300.00000000000000        11.574465962288162        14.016999999999999        1408.5156744706132        0.0000000000000000        0.0000000000000000        0.0000000000000000        0.0000000000000000        0.0000000000000000        0.0000000000000000        0.0000000000000000        0.0000000000000000        0.0000000000000000        0.0000000000000000        0.0000000000000000        1.1230778581829106        1.3232900939763750        4.3130436364650606       0.30032100387566135        0.0000000000000000        0.0000000000000000       0.57990754739188133        4.6950522482353776     
 THERM-A          68   2428.8624640347844        300.00000000000000        11.395604366028383        13.670000000000000        1440.4116685427553        0.0000000000000000        0.0000000000000000        0.0000000000000000        0.0000000000000000        0.0000000000000000        0.0000000000000000        0.0000000000000000        0.0000000000000000        0.0000000000000000        0.0000000000000000        0.0000000000000000        1.1374351464078709        1.3530022829130031        3.6912916289099948       0.26391510069449675        0.0000000000000000        0.0000000000000000       0.59303961828697715        4.8013722284758504     
 THERM-A          69   2428.8624640347844        300.00000000000000        32.513638060398840        44.226999999999997        1212.2947990072319        0.0000000000000000        0.0000000000000000        0.0000000000000000        0.0000000000000000        0.0000000000000000        0.0000000000000000        0.0000000000000000        0.0000000000000000        0.0000000000000000        0.0000000000000000        0.0000000000000000       0.73105594376082517       0.58256869551865853        2.7577870213408633        7.1962717245737350E-004   0.0000000000000000        0.0000000000000000       0.49912039769983052        4.0409826633574397     
 THERM-A          70   2428.8624640347844        300.00000000000000        30.478508698127484        53.868400000000001        1017.9909256887772        0.0000000000000000        0.0000000000000000        0.0000000000000000        0.0000000000000000        0.0000000000000000        0.0000000000000000        0.0000000000000000        0.0000000000000000        0.0000000000000000        0.0000000000000000        0.0000000000000000       0.44079867632102399       0.70678359576076499        1.0653137424871915       -3.2544718803066509E-002   0.0000000000000000        0.0000000000000000       0.41912250724880828        3.3933030856292574     
 THERM-A          71   2428.8624640347844        300.00000000000000        5.5325454882694967        7.0930000000000000        578.89044799200656        0.0000000000000000        0.0000000000000000        0.0000000000000000        0.0000000000000000        0.0000000000000000        0.0000000000000000        0.0000000000000000        0.0000000000000000        0.0000000000000000        0.0000000000000000        0.0000000000000000        1.3727899633984149       0.67057856317165987        3.6500042403347375        1.1157359912037852        0.0000000000000000        0.0000000000000000       0.23833809306368206        1.9296348266400218     
 THERM-A          72   2428.8624640347844        300.00000000000000        5.4669002281941639        6.9883499999999996        427.90180158650918        0.0000000000000000        0.0000000000000000        0.0000000000000000        0.0000000000000000        0.0000000000000000        0.0000000000000000        0.0000000000000000        0.0000000000000000        0.0000000000000000        0.0000000000000000        0.0000000000000000        1.4863694468365038       0.76493240448022515        3.6590665605157087        1.3350314706932191        0.0000000000000000        0.0000000000000000       0.17617374714403800        1.4263393386216974     
 THERM-A          73   2428.8624640347844        300.00000000000000        5.2273741441421766        6.7651000000000003        616.20133177069408        0.0000000000000000        0.0000000000000000        0.0000000000000000        0.0000000000000000        0.0000000000000000        0.0000000000000000        0.0000000000000000        0.0000000000000000        0.0000000000000000        0.0000000000000000        0.0000000000000000        1.6567542452116286       0.87451692782435464        2.2730440969655543        1.2114742342866009        0.0000000000000000        0.0000000000000000       0.25369955725985038        2.0540044392356469     
 THERM-A           1   2484.9133730635981        300.00000000000000        68.955333264809241        100.61000000000000        849.30323474082365        0.0000000000000000        0.0000000000000000        0.0000000000000000        0.0000000000000000        0.0000000000000000        0.0000000000000000        0.0000000000000000        0.0000000000000000        0.0000000000000000        0.0000000000000000        0.0000000000000000       0.24039147996620183        1.6895998263960144        2.3965128200656931       -3.8492442656085653E-002   0.0000000000000000        0.0000000000000000       0.34178384001118534        2.8310107824694124     
 THERM-A           2   2484.9133730635981        300.00000000000000        100.45200000000000        100.45200000000000        719.08309999999994        0.0000000000000000        0.0000000000000000        0.0000000000000000        0.0000000000000000        0.0000000000000000        0.0000000000000000        0.0000000000000000        0.0000000000000000        0.0000000000000000        0.0000000000000000        0.0000000000000000       0.57877001724869015        1.0000000267748044        1.0295399827513099       -8.5762374933149900E-003   0.0000000000000000        0.0000000000000000       0.28937954449231257        2.3969436666666666     
 THERM-A           3   2484.9133730635981        300.00000000000000        29.891780770475712        39.762000000000000        932.88428600744669        0.0000000000000000        0.0000000000000000        0.0000000000000000        0.0000000000000000        0.0000000000000000        0.0000000000000000        0.0000000000000000        0.0000000000000000        0.0000000000000000        0.0000000000000000        0.0000000000000000       0.13473175091594738        20.618148687754637        3.5158815416247142      -0.22286048246013807        0.0000000000000000        0.0000000000000000       0.37541923840077895        3.1096142866914889     
 THERM-A           4   2484.9133730635981        300.00000000000000        31.161601994598701        40.843000000000004        905.31270179799060        0.0000000000000000        0.0000000000000000        0.0000000000000000        0.0000000000000000        0.0000000000000000        0.0000000000000000        0.0000000000000000        0.0000000000000000        0.0000000000000000        0.0000000000000000        0.0000000000000000       0.31924761141450242        8.1935013299378205        3.2478725847364314      -0.16348090430282353        0.0000000000000000        0.0000000000000000       0.36432364669592060        3.0177090059933018     
 THERM-A           5   2484.9133730635981        300.00000000000000        34.199506420209929        44.527999999999999        742.81686063847053        0.0000000000000000        0.0000000000000000        0.0000000000000000        0.0000000000000000        0.0000000000000000        0.0000000000000000        0.0000000000000000        0.0000000000000000        0.0000000000000000        0.0000000000000000        0.0000000000000000        1.2100336805682077       0.43098267522576339       0.58191868255622170        4.1692763778496476E-002   0.0000000000000000        0.0000000000000000       0.29893068655454458        2.4760562021282353     
 THERM-A           6   2484.9133730635981        300.00000000000000        33.212484890222619        43.564000000000000        874.53743149587910        0.0000000000000000        0.0000000000000000        0.0000000000000000        0.0000000000000000        0.0000000000000000        0.0000000000000000        0.0000000000000000        0.0000000000000000        0.0000000000000000        0.0000000000000000        0.0000000000000000       0.18447717794089422        14.798423712036946        4.1131400875940471      -0.20698551438933960        0.0000000000000000        0.0000000000000000       0.35193880035249681        2.9151247716529305     
 THERM-A           7   2484.9133730635981        300.00000000000000        44.873959684737464        62.676000000000002        929.15628453826309        0.0000000000000000        0.0000000000000000        0.0000000000000000        0.0000000000000000        0.0000000000000000        0.0000000000000000        0.0000000000000000        0.0000000000000000        0.0000000000000000        0.0000000000000000        0.0000000000000000        3.8239131697562087E-002   61.489845333934241        3.8858324628657188      -0.16230588255277467        0.0000000000000000        0.0000000000000000       0.37391898430355563        3.0971876151275435     
 THERM-A           8   2484.9133730635981        300.00000000000000        47.436351915295980        65.941000000000003        763.03617026880931        0.0000000000000000        0.0000000000000000        0.0000000000000000        0.0000000000000000        0.0000000000000000        0.0000000000000000        0.0000000000000000        0.0000000000000000        0.0000000000000000        0.0000000000000000        0.0000000000000000        9.9871459729706184E-003   233.79327134923625        2.1902099307706879      -0.11013866097971375        0.0000000000000000        0.0000000000000000       0.30706751331459009        2.5434539008960311     
 THERM-A           9   2484.9133730635981        300.00000000000000        42.344096298407443        59.140000000000001        901.47206662318911        0.0000000000000000        0.0000000000000000        0.0000000000000000        0.0000000000000000        0.0000000000000000        0.0000000000000000        0.0000000000000000        0.0000000000000000        0.0000000000000000        0.0000000000000000        0.0000000000000000        3.8338893275788044E-002   61.325204866153605        3.7521779671581186      -0.16801668237913417        0.0000000000000000        0.0000000000000000       0.36277806558374426        3.0049068887439638     
 THERM-A          10   2484.9133730635981        300.00000000000000        48.722083535379113        68.054000000000002        851.68381557668295        0.0000000000000000        0.0000000000000000        0.0000000000000000        0.0000000000000000        0.0000000000000000        0.0000000000000000        0.0000000000000000        0.0000000000000000        0.0000000000000000        0.0000000000000000        0.0000000000000000        3.8125829795508430E-002   61.677878709294568        2.5112011642831678      -0.11403930589556838        0.0000000000000000        0.0000000000000000       0.34274185362311432        2.8389460519222767     
 THERM-A          11   2484.9133730635981        300.00000000000000        44.159682851532978        60.759999999999998        1164.7892555026681        0.0000000000000000        0.0000000000000000        0.0000000000000000        0.0000000000000000        0.0000000000000000        0.0000000000000000        0.0000000000000000        0.0000000000000000        0.0000000000000000        0.0000000000000000        0.0000000000000000        1.0388742497540553       0.26657086030772126        1.4656406225606251        3.5948290669058192E-002   0.0000000000000000        0.0000000000000000       0.46874441102412501        3.8826308516755601     
 THERM-A          12   2484.9133730635981        300.00000000000000        46.383434851556387        63.854129999999998        978.00479866928436        0.0000000000000000        0.0000000000000000        0.0000000000000000        0.0000000000000000        0.0000000000000000        0.0000000000000000        0.0000000000000000        0.0000000000000000        0.0000000000000000        0.0000000000000000        0.0000000000000000        1.0387248787388137       0.26656699574954551       0.69901982064669133        2.1908565189897977E-002   0.0000000000000000        0.0000000000000000       0.39357701933227657        3.2600159955642813     
 THERM-A          13   2484.9133730635981        300.00000000000000        45.867326883104049        66.039000000000001        1096.0758317239470        0.0000000000000000        0.0000000000000000        0.0000000000000000        0.0000000000000000        0.0000000000000000        0.0000000000000000        0.0000000000000000        0.0000000000000000        0.0000000000000000        0.0000000000000000        0.0000000000000000       0.85904197600452425       0.32086259803909062       0.85729691673577313        8.3878428508794671E-003   0.0000000000000000        0.0000000000000000       0.44109216989428401        3.6535861057464900     
 THERM-A          14   2484.9133730635981        300.00000000000000        47.530937032135583        67.867000000000004        962.93527347807162        0.0000000000000000        0.0000000000000000        0.0000000000000000        0.0000000000000000        0.0000000000000000        0.0000000000000000        0.0000000000000000        0.0000000000000000        0.0000000000000000        0.0000000000000000        0.0000000000000000       0.82583647622059686       0.31948632562794377       0.87001769672343021        5.8070395748315920E-003   0.0000000000000000        0.0000000000000000       0.38751261267948700        3.2097842449269054     
 THERM-A          15   2484.9133730635981        300.00000000000000        43.450535170416380        62.500000000000000        1127.3978213583889        0.0000000000000000        0.0000000000000000        0.0000000000000000        0.0000000000000000        0.0000000000000000        0.0000000000000000        0.0000000000000000        0.0000000000000000        0.0000000000000000        0.0000000000000000        0.0000000000000000       0.85930380409744744       0.32134194149110379        1.1578843664587097        1.1531279420810853E-002   0.0000000000000000        0.0000000000000000       0.45369703168704167        3.7579927378612963     
 THERM-A          16   2484.9133730635981        300.00000000000000        44.036916463117990        63.573999999999998        1060.5530206778499        0.0000000000000000        0.0000000000000000        0.0000000000000000        0.0000000000000000        0.0000000000000000        0.0000000000000000        0.0000000000000000        0.0000000000000000        0.0000000000000000        0.0000000000000000        0.0000000000000000       0.69961626003136645       0.31565165982438609        1.7361444589944064       -1.3697708179456992E-003   0.0000000000000000        0.0000000000000000       0.42679677777673031        3.5351767355928327     
 THERM-A          17   2484.9133730635981        300.00000000000000        41.180162701650247        60.508000000000003        1033.1010666157486        0.0000000000000000        0.0000000000000000        0.0000000000000000        0.0000000000000000        0.0000000000000000        0.0000000000000000        0.0000000000000000        0.0000000000000000        0.0000000000000000        0.0000000000000000        0.0000000000000000       0.39013524754098516        2.4430360565041349        2.5245376497243130       -6.2289987697243546E-002   0.0000000000000000        0.0000000000000000       0.41574932865448733        3.4436702220524951     
 THERM-A          18   2484.9133730635981        300.00000000000000        44.217230150566571        64.605999999999995        950.31664549011953        0.0000000000000000        0.0000000000000000        0.0000000000000000        0.0000000000000000        0.0000000000000000        0.0000000000000000        0.0000000000000000        0.0000000000000000        0.0000000000000000        0.0000000000000000        0.0000000000000000       0.65449120859102439       0.31935663966190025        1.7842318473635219       -6.0700624758521296E-003   0.0000000000000000        0.0000000000000000       0.38243451694997876        3.1677221516337317     
 THERM-A          19   2484.9133730635981        300.00000000000000        25.568402763509791        39.901000000000003        1063.8911235961300        0.0000000000000000        0.0000000000000000        0.0000000000000000        0.0000000000000000        0.0000000000000000        0.0000000000000000        0.0000000000000000        0.0000000000000000        0.0000000000000000        0.0000000000000000        0.0000000000000000       0.78853628038975732       0.42120032305622118        1.1076130051741295        5.0857358653580119E-003   0.0000000000000000        0.0000000000000000       0.42814012557889725        3.5463037453204334     
 THERM-A          20   2484.9133730635981        300.00000000000000        24.873717321261630        40.271999999999998        1032.1143904409314        0.0000000000000000        0.0000000000000000        0.0000000000000000        0.0000000000000000        0.0000000000000000        0.0000000000000000        0.0000000000000000        0.0000000000000000        0.0000000000000000        0.0000000000000000        0.0000000000000000       0.69156634217878443       0.42742806123509092       0.82038038569289806       -8.8567765492557071E-003   0.0000000000000000        0.0000000000000000       0.41535226202612407        3.4403813014697713     
 THERM-A          21   2484.9133730635981        300.00000000000000        82.784943784098118        113.08000000000000        1072.0520016121254        0.0000000000000000        0.0000000000000000        0.0000000000000000        0.0000000000000000        0.0000000000000000        0.0000000000000000        0.0000000000000000        0.0000000000000000        0.0000000000000000        0.0000000000000000        0.0000000000000000       0.72098433139037121       0.85062926469519529        1.0629388065442817       -5.0672664563765910E-003   0.0000000000000000        0.0000000000000000       0.43142429560448409        3.5735066720404181     
 THERM-A          22   2484.9133730635981        300.00000000000000        86.748646978842331        115.43000000000001        959.38352523896515        0.0000000000000000        0.0000000000000000        0.0000000000000000        0.0000000000000000        0.0000000000000000        0.0000000000000000        0.0000000000000000        0.0000000000000000        0.0000000000000000        0.0000000000000000        0.0000000000000000       0.77939905094126405       0.84256907529266234        1.9805129556211589       -3.9694842485336369E-004   0.0000000000000000        0.0000000000000000       0.38608328790800506        3.1979450841298838     
 THERM-A          23   2484.9133730635981        300.00000000000000        90.377436035786928        125.12000000000000        1073.8635507127929        0.0000000000000000        0.0000000000000000        0.0000000000000000        0.0000000000000000        0.0000000000000000        0.0000000000000000        0.0000000000000000        0.0000000000000000        0.0000000000000000        0.0000000000000000        0.0000000000000000       0.64364619066394924        1.2843637914397550        2.4705238683434354       -1.0733379695449649E-002   0.0000000000000000        0.0000000000000000       0.43215331461991724        3.5795451690426430     
 THERM-A          24   2484.9133730635981        300.00000000000000        83.369160120280696        114.32400000000000        1058.6061085364374        0.0000000000000000        0.0000000000000000        0.0000000000000000        0.0000000000000000        0.0000000000000000        0.0000000000000000        0.0000000000000000        0.0000000000000000        0.0000000000000000        0.0000000000000000        0.0000000000000000       0.66415670166761198       0.99825076950715097        1.1702106098631271       -8.0629744349269943E-003   0.0000000000000000        0.0000000000000000       0.42601328481374945        3.5286870284547915     
 THERM-A          25   2484.9133730635981        300.00000000000000        84.325142764249335        110.84200000000000        1178.6650035497930        0.0000000000000000        0.0000000000000000        0.0000000000000000        0.0000000000000000        0.0000000000000000        0.0000000000000000        0.0000000000000000        0.0000000000000000        0.0000000000000000        0.0000000000000000        0.0000000000000000        1.1714736210224994       0.31162868834567331        1.5950067889845307        2.8793454267234359E-002   0.0000000000000000        0.0000000000000000       0.47432840771291812        3.9288833451659766     
 THERM-A          26   2484.9133730635981        300.00000000000000        96.564425417170838        131.99000000000001        986.29053496402344        0.0000000000000000        0.0000000000000000        0.0000000000000000        0.0000000000000000        0.0000000000000000        0.0000000000000000        0.0000000000000000        0.0000000000000000        0.0000000000000000        0.0000000000000000        0.0000000000000000       0.74459858797061140       0.82454744086542009        2.6750970238555691       -8.3830155910898443E-004   0.0000000000000000        0.0000000000000000       0.39691143588963279        3.2876351165467450     
 THERM-A          27   2484.9133730635981        300.00000000000000        86.924878371579752        118.71599999999999        1077.0481121894654        0.0000000000000000        0.0000000000000000        0.0000000000000000        0.0000000000000000        0.0000000000000000        0.0000000000000000        0.0000000000000000        0.0000000000000000        0.0000000000000000        0.0000000000000000        0.0000000000000000       0.90937306495926218       0.71480422568012281        1.7370461909230872        7.3003487926534211E-003   0.0000000000000000        0.0000000000000000       0.43343487296766214        3.5901603739648849     
 THERM-A          28   2484.9133730635981        300.00000000000000        21.528135374686762        27.449999999999999        1210.7266922375552        0.0000000000000000        0.0000000000000000        0.0000000000000000        0.0000000000000000        0.0000000000000000        0.0000000000000000        0.0000000000000000        0.0000000000000000        0.0000000000000000        0.0000000000000000        0.0000000000000000        1.5389125514368343       0.76617274080104936       0.42094215264378687       0.10404418958643026        0.0000000000000000        0.0000000000000000       0.48723094549765950        4.0357556407918507     
 THERM-A          29   2484.9133730635981        300.00000000000000        30.116612604585800        43.603000000000002        1053.6918360821519        0.0000000000000000        0.0000000000000000        0.0000000000000000        0.0000000000000000        0.0000000000000000        0.0000000000000000        0.0000000000000000        0.0000000000000000        0.0000000000000000        0.0000000000000000        0.0000000000000000       0.50159674091035944        1.8426918663947722        2.6788309937129049       -6.5554327351760477E-002   0.0000000000000000        0.0000000000000000       0.42403564144494788        3.5123061202738395     
 THERM-A          30   2484.9133730635981        300.00000000000000        33.046430103912265        46.289999999999999        784.31119784047848        0.0000000000000000        0.0000000000000000        0.0000000000000000        0.0000000000000000        0.0000000000000000        0.0000000000000000        0.0000000000000000        0.0000000000000000        0.0000000000000000        0.0000000000000000        0.0000000000000000       0.40458129027838630        3.7498071666677024        2.2731409832265328       -8.8381274198199716E-002   0.0000000000000000        0.0000000000000000       0.31562919107860787        2.6143706594682614     
 THERM-A          31   2484.9133730635981        300.00000000000000        29.595185161452893        40.515000000000001        1130.8202225557250        0.0000000000000000        0.0000000000000000        0.0000000000000000        0.0000000000000000        0.0000000000000000        0.0000000000000000        0.0000000000000000        0.0000000000000000        0.0000000000000000        0.0000000000000000        0.0000000000000000       0.70157324957858458        1.4210083373395725        2.5287999809282788       -2.6065692228540251E-002   0.0000000000000000        0.0000000000000000       0.45507430352051276        3.7694007418524165     
 THERM-A          32   2484.9133730635981        300.00000000000000        31.247766118977385        42.799999999999997        848.41237110865040        0.0000000000000000        0.0000000000000000        0.0000000000000000        0.0000000000000000        0.0000000000000000        0.0000000000000000        0.0000000000000000        0.0000000000000000        0.0000000000000000        0.0000000000000000        0.0000000000000000       0.70104555121118117        1.4204430688390670        1.1414583566333731       -2.7813473398716766E-002   0.0000000000000000        0.0000000000000000       0.34142533108212958        2.8280412370288346     
 THERM-A          33   2484.9133730635981        300.00000000000000        29.370216551071174        39.493000000000002        1121.8519235011322        0.0000000000000000        0.0000000000000000        0.0000000000000000        0.0000000000000000        0.0000000000000000        0.0000000000000000        0.0000000000000000        0.0000000000000000        0.0000000000000000        0.0000000000000000        0.0000000000000000       0.60164503453593010        1.9526757292816268        2.5153042132366843       -5.3801306636773773E-002   0.0000000000000000        0.0000000000000000       0.45146520424493680        3.7395064116704408     
 THERM-A          34   2484.9133730635981        300.00000000000000        32.000565208322406        41.859999999999999        845.34870977386925        0.0000000000000000        0.0000000000000000        0.0000000000000000        0.0000000000000000        0.0000000000000000        0.0000000000000000        0.0000000000000000        0.0000000000000000        0.0000000000000000        0.0000000000000000        0.0000000000000000       0.75501954251860726        1.6039295884593257        1.8204293817784998       -2.3621509598541174E-002   0.0000000000000000        0.0000000000000000       0.34019242639901620        2.8178290325795641     
 THERM-A          35   2484.9133730635981        300.00000000000000        20.542960590595047        26.353999999999999        1175.9526889053370        0.0000000000000000        0.0000000000000000        0.0000000000000000        0.0000000000000000        0.0000000000000000        0.0000000000000000        0.0000000000000000        0.0000000000000000        0.0000000000000000        0.0000000000000000        0.0000000000000000       0.75888467242737945        1.5417268599759197        3.2360733193366400       -2.1086490344590501E-002   0.0000000000000000        0.0000000000000000       0.47323689495683680        3.9198422963511232     
 THERM-A          36   2484.9133730635981        300.00000000000000        20.934348557632013        26.853999999999999        963.17519553471857        0.0000000000000000        0.0000000000000000        0.0000000000000000        0.0000000000000000        0.0000000000000000        0.0000000000000000        0.0000000000000000        0.0000000000000000        0.0000000000000000        0.0000000000000000        0.0000000000000000       0.75897620993173109        1.5418366096395959        3.4382876743597741       -1.8883915356296715E-002   0.0000000000000000        0.0000000000000000       0.38760916415659186        3.2105839851157287     
 THERM-A          37   2484.9133730635981        300.00000000000000        20.069593872761075        25.577000000000002        1219.0426290847472        0.0000000000000000        0.0000000000000000        0.0000000000000000        0.0000000000000000        0.0000000000000000        0.0000000000000000        0.0000000000000000        0.0000000000000000        0.0000000000000000        0.0000000000000000        0.0000000000000000       0.95527964886199923       0.98157872276865676        2.4025226258295311        4.9852942106600406E-002   0.0000000000000000        0.0000000000000000       0.49057751561850821        4.0634754302824909     
 THERM-A          38   2484.9133730635981        300.00000000000000        23.030175597942645        30.286999999999999        923.82852531489357        0.0000000000000000        0.0000000000000000        0.0000000000000000        0.0000000000000000        0.0000000000000000        0.0000000000000000        0.0000000000000000        0.0000000000000000        0.0000000000000000        0.0000000000000000        0.0000000000000000        1.0381134031578023        1.0920042543300021       0.48713123801808478       -2.3015422491771964E-005   0.0000000000000000        0.0000000000000000       0.37177494206807077        3.0794284177163118     
 THERM-A          39   2484.9133730635981        300.00000000000000        22.311292747372615        28.904000000000000        968.92584838619712        0.0000000000000000        0.0000000000000000        0.0000000000000000        0.0000000000000000        0.0000000000000000        0.0000000000000000        0.0000000000000000        0.0000000000000000        0.0000000000000000        0.0000000000000000        0.0000000000000000       0.71486271351724417        1.6004751661552084        2.5635115566380726       -3.7116217647517345E-002   0.0000000000000000        0.0000000000000000       0.38992339084707350        3.2297528279539902     
 THERM-A          40   2484.9133730635981        300.00000000000000        19.413065305447610        24.445000000000000        1237.9510142550259        0.0000000000000000        0.0000000000000000        0.0000000000000000        0.0000000000000000        0.0000000000000000        0.0000000000000000        0.0000000000000000        0.0000000000000000        0.0000000000000000        0.0000000000000000        0.0000000000000000        1.3081773484514192       0.62218106443570698       0.95360846172106384       0.10755623338510506        0.0000000000000000        0.0000000000000000       0.49818678899408947        4.1265033808500862     
 THERM-A          41   2484.9133730635981        300.00000000000000        20.294755004172657        25.321000000000002        1014.1240894329117        0.0000000000000000        0.0000000000000000        0.0000000000000000        0.0000000000000000        0.0000000000000000        0.0000000000000000        0.0000000000000000        0.0000000000000000        0.0000000000000000        0.0000000000000000        0.0000000000000000        1.3157353524080122       0.62914476439561129        1.2831432373324740       0.12544685712640874        0.0000000000000000        0.0000000000000000       0.40811245189711348        3.3804136314430391     
 THERM-A          42   2484.9133730635981        300.00000000000000        19.686053253938113        24.943999999999999        1196.6908084715687        0.0000000000000000        0.0000000000000000        0.0000000000000000        0.0000000000000000        0.0000000000000000        0.0000000000000000        0.0000000000000000        0.0000000000000000        0.0000000000000000        0.0000000000000000        0.0000000000000000        1.3031244786945293       0.61751876244460446        1.3810629809749453       0.13268480593022394        0.0000000000000000        0.0000000000000000       0.48158250562923788        3.9889693615718960     
 THERM-A          43   2484.9133730635981        300.00000000000000        22.609121961063572        29.576789999999999        942.04462776066248        0.0000000000000000        0.0000000000000000        0.0000000000000000        0.0000000000000000        0.0000000000000000        0.0000000000000000        0.0000000000000000        0.0000000000000000        0.0000000000000000        0.0000000000000000        0.0000000000000000        1.2781700782743226       0.59441550733030213        1.0375103250040534        9.1658962603075184E-002   0.0000000000000000        0.0000000000000000       0.37910562113448454        3.1401487592022082     
 THERM-A          44   2484.9133730635981        300.00000000000000        21.068112239333164        27.520900000000001        1104.3415387230511        0.0000000000000000        0.0000000000000000        0.0000000000000000        0.0000000000000000        0.0000000000000000        0.0000000000000000        0.0000000000000000        0.0000000000000000        0.0000000000000000        0.0000000000000000        0.0000000000000000        1.2792742219226960       0.59544043522109213        2.1576611187774200       0.16371914322881859        0.0000000000000000        0.0000000000000000       0.44441852609193028        3.6811384624101704     
 THERM-A          45   2484.9133730635981        300.00000000000000        21.060655181765636        27.090000000000000        1076.9351412223659        0.0000000000000000        0.0000000000000000        0.0000000000000000        0.0000000000000000        0.0000000000000000        0.0000000000000000        0.0000000000000000        0.0000000000000000        0.0000000000000000        0.0000000000000000        0.0000000000000000        1.2911891620491300       0.60648480247375591        1.7385895806304184       0.14250473819950937        0.0000000000000000        0.0000000000000000       0.43338941022907168        3.5897838040745529     
 THERM-A          46   2484.9133730635981        300.00000000000000        22.316090467488795        28.189000000000000        1055.3523273629921        0.0000000000000000        0.0000000000000000        0.0000000000000000        0.0000000000000000        0.0000000000000000        0.0000000000000000        0.0000000000000000        0.0000000000000000        0.0000000000000000        0.0000000000000000        0.0000000000000000        1.3056253224547989       0.61982697293130340        1.7806782261003367       0.14047168046416628        0.0000000000000000        0.0000000000000000       0.42470387048618524        3.5178410912099736     
 THERM-A          47   2484.9133730635981        300.00000000000000        19.028570204082502        24.110800000000001        1294.3263959525314        0.0000000000000000        0.0000000000000000        0.0000000000000000        0.0000000000000000        0.0000000000000000        0.0000000000000000        0.0000000000000000        0.0000000000000000        0.0000000000000000        0.0000000000000000        0.0000000000000000        1.2100545990862122       0.93696636603522621       0.97378343126057709        6.5142144135294844E-002   0.0000000000000000        0.0000000000000000       0.52087385016435528        4.3144213198417711     
 THERM-A          48   2484.9133730635981        300.00000000000000        19.953254300128762        25.296340000000001        1070.2192596298160        0.0000000000000000        0.0000000000000000        0.0000000000000000        0.0000000000000000        0.0000000000000000        0.0000000000000000        0.0000000000000000        0.0000000000000000        0.0000000000000000        0.0000000000000000        0.0000000000000000        1.2094325458134654       0.93578941025004458        1.2647532999725073        7.7883685537963765E-002   0.0000000000000000        0.0000000000000000       0.43068674796915146        3.5673975320993865     
 THERM-A          49   2484.9133730635981        300.00000000000000        19.412853684727754        24.500000000000000        1087.9278671029367        0.0000000000000000        0.0000000000000000        0.0000000000000000        0.0000000000000000        0.0000000000000000        0.0000000000000000        0.0000000000000000        0.0000000000000000        0.0000000000000000        0.0000000000000000        0.0000000000000000        1.3813245951056634       0.95263633484319798        1.5978439547230450       0.15156311797874078        0.0000000000000000        0.0000000000000000       0.43781319658707180        3.6264262236764555     
 THERM-A          50   2484.9133730635981        300.00000000000000        20.549066943756898        27.688440000000000        1017.6936153765762        0.0000000000000000        0.0000000000000000        0.0000000000000000        0.0000000000000000        0.0000000000000000        0.0000000000000000        0.0000000000000000        0.0000000000000000        0.0000000000000000        0.0000000000000000        0.0000000000000000        1.1466608420411937       0.81748104433423685        1.6538720472814974        8.5215804896138794E-002   0.0000000000000000        0.0000000000000000       0.40954893092385064        3.3923120512552538     
 THERM-A          51   2484.9133730635981        300.00000000000000        21.223911425085458        26.949000000000002        1052.3061504913096        0.0000000000000000        0.0000000000000000        0.0000000000000000        0.0000000000000000        0.0000000000000000        0.0000000000000000        0.0000000000000000        0.0000000000000000        0.0000000000000000        0.0000000000000000        0.0000000000000000        1.2076823544585269       0.93247840888412115        2.1916070129552017       0.12024172925902749        0.0000000000000000        0.0000000000000000       0.42347800204960190        3.5076871683043653     
 THERM-A          52   2484.9133730635981        300.00000000000000        27.892415503336579        36.134999999999998        1194.8609712303212        0.0000000000000000        0.0000000000000000        0.0000000000000000        0.0000000000000000        0.0000000000000000        0.0000000000000000        0.0000000000000000        0.0000000000000000        0.0000000000000000        0.0000000000000000        0.0000000000000000        1.2727773734887711       0.64676605150686539       0.68604065241812529        5.5618411021864989E-002   0.0000000000000000        0.0000000000000000       0.48084612694453888        3.9828699041010704     
 THERM-A          53   2484.9133730635981        300.00000000000000        28.718597603145241        37.216000000000001        1030.0760451112681        0.0000000000000000        0.0000000000000000        0.0000000000000000        0.0000000000000000        0.0000000000000000        0.0000000000000000        0.0000000000000000        0.0000000000000000        0.0000000000000000        0.0000000000000000        0.0000000000000000        1.2725413999439927       0.64649383086393641        1.4802729895759541        8.7505352981949946E-002   0.0000000000000000        0.0000000000000000       0.41453197374092310        3.4335868170375603     
 THERM-A          54   2484.9133730635981        300.00000000000000        28.161113720405027        36.270000000000003        1012.6765178685182        0.0000000000000000        0.0000000000000000        0.0000000000000000        0.0000000000000000        0.0000000000000000        0.0000000000000000        0.0000000000000000        0.0000000000000000        0.0000000000000000        0.0000000000000000        0.0000000000000000        1.2776298805253055       0.65236796794034801       0.95256470175053454        6.7172369658167586E-002   0.0000000000000000        0.0000000000000000       0.40752990782129778        3.3755883928950605     
 THERM-A          55   2484.9133730635981        300.00000000000000        30.896353287487468        41.701999999999998        840.01101642324727        0.0000000000000000        0.0000000000000000        0.0000000000000000        0.0000000000000000        0.0000000000000000        0.0000000000000000        0.0000000000000000        0.0000000000000000        0.0000000000000000        0.0000000000000000        0.0000000000000000        1.3426635038409100       0.52985093524848403       0.49101414030834944        5.7214161212253756E-002   0.0000000000000000        0.0000000000000000       0.33804438638744783        2.8000367214108244     
 THERM-A          56   2484.9133730635981        300.00000000000000        29.571894895955161        39.420999999999999        1021.3514608289070        0.0000000000000000        0.0000000000000000        0.0000000000000000        0.0000000000000000        0.0000000000000000        0.0000000000000000        0.0000000000000000        0.0000000000000000        0.0000000000000000        0.0000000000000000        0.0000000000000000        1.2499508367319212       0.62051718479262774        1.0634350725195580        6.5031566067445576E-002   0.0000000000000000        0.0000000000000000       0.41102095223935470        3.4045048694296898     
 THERM-A          57   2484.9133730635981        300.00000000000000        84.408126948948890        109.88300000000000        1218.4927701424667        0.0000000000000000        0.0000000000000000        0.0000000000000000        0.0000000000000000        0.0000000000000000        0.0000000000000000        0.0000000000000000        0.0000000000000000        0.0000000000000000        0.0000000000000000        0.0000000000000000        1.1663807042487704       0.60565671750728345        1.2676502387840987        2.0450784348454661E-002   0.0000000000000000        0.0000000000000000       0.49035623670060269        4.0616425671415559     
 THERM-A          58   2484.9133730635981        300.00000000000000        86.056186646982326        112.04500000000000        1105.6773497466186        0.0000000000000000        0.0000000000000000        0.0000000000000000        0.0000000000000000        0.0000000000000000        0.0000000000000000        0.0000000000000000        0.0000000000000000        0.0000000000000000        0.0000000000000000        0.0000000000000000        1.1662763931934168       0.60550975752091796        1.8448622147131286        2.6756895010979935E-002   0.0000000000000000        0.0000000000000000       0.44495609453920398        3.6855911658220619     
 THERM-A          59   2484.9133730635981        300.00000000000000        84.055519749887281        109.40100000000000        1186.6289300199494        0.0000000000000000        0.0000000000000000        0.0000000000000000        0.0000000000000000        0.0000000000000000        0.0000000000000000        0.0000000000000000        0.0000000000000000        0.0000000000000000        0.0000000000000000        0.0000000000000000        1.1665290709374492       0.60586575831048772        1.6062971281429552        2.4570699889329594E-002   0.0000000000000000        0.0000000000000000       0.47753331882027711        3.9554297667331646     
 THERM-A          60   2484.9133730635981        300.00000000000000        32.604452494889621        44.975999999999999        1135.2489235495841        0.0000000000000000        0.0000000000000000        0.0000000000000000        0.0000000000000000        0.0000000000000000        0.0000000000000000        0.0000000000000000        0.0000000000000000        0.0000000000000000        0.0000000000000000        0.0000000000000000        1.0325002178306442       0.71671636431781760        1.8080389466107250        4.1047127000134825E-002   0.0000000000000000        0.0000000000000000       0.45685653908729995        3.7841630784986138     
 THERM-A          61   2484.9133730635981        300.00000000000000        35.602550529035874        49.024000000000001        627.65224543675492        0.0000000000000000        0.0000000000000000        0.0000000000000000        0.0000000000000000        0.0000000000000000        0.0000000000000000        0.0000000000000000        0.0000000000000000        0.0000000000000000        0.0000000000000000        0.0000000000000000        1.0338262353586523       0.71935017257018508        3.6739436688741689E-002   1.1924348366218751E-003   0.0000000000000000        0.0000000000000000       0.25258516141467557        2.0921741514558496     
 THERM-A          62   2484.9133730635981        300.00000000000000        32.906826157784799        43.399700000000003        692.56194403450309        0.0000000000000000        0.0000000000000000        0.0000000000000000        0.0000000000000000        0.0000000000000000        0.0000000000000000        0.0000000000000000        0.0000000000000000        0.0000000000000000        0.0000000000000000        0.0000000000000000        1.0679233693945047       0.78709779029342553      -0.11327244220965604       -2.2621449952944760E-003   0.0000000000000000        0.0000000000000000       0.27870667506636571        2.3085398134483435     
 THERM-A          63   2484.9133730635981        300.00000000000000        32.921856359104567        45.420000000000002        1096.5442895497767        0.0000000000000000        0.0000000000000000        0.0000000000000000        0.0000000000000000        0.0000000000000000        0.0000000000000000        0.0000000000000000        0.0000000000000000        0.0000000000000000        0.0000000000000000        0.0000000000000000        1.0323998788126671       0.71651706824669548       0.54179355470410928        1.2506506838998122E-002   0.0000000000000000        0.0000000000000000       0.44128069068173192        3.6551476318325893     
 THERM-A          64   2484.9133730635981        300.00000000000000        34.199506420209929        44.527999999999999        742.81686063847053        0.0000000000000000        0.0000000000000000        0.0000000000000000        0.0000000000000000        0.0000000000000000        0.0000000000000000        0.0000000000000000        0.0000000000000000        0.0000000000000000        0.0000000000000000        0.0000000000000000        1.2100336805682077       0.43098267522576339       0.58191868255622170        4.1692763778496476E-002   0.0000000000000000        0.0000000000000000       0.29893068655454458        2.4760562021282353     
 THERM-A          65   2484.9133730635981        300.00000000000000        16.815537259470009        22.421050000000001        875.41379177911210        0.0000000000000000        0.0000000000000000        0.0000000000000000        0.0000000000000000        0.0000000000000000        0.0000000000000000        0.0000000000000000        0.0000000000000000        0.0000000000000000        0.0000000000000000        0.0000000000000000       -2.1791193563455876E-002   4.0281299213040480        3.5568171715754135      -0.28424040492648750        0.0000000000000000        0.0000000000000000       0.35229147272036798        2.9180459725970405     
 THERM-A          66   2484.9133730635981        300.00000000000000        11.936291580892810        20.657000000000000        977.10215090747067        0.0000000000000000        0.0000000000000000        0.0000000000000000        0.0000000000000000        0.0000000000000000        0.0000000000000000        0.0000000000000000        0.0000000000000000        0.0000000000000000        0.0000000000000000        0.0000000000000000        9.4389108472630462E-002   5.0917492757707299        4.9847516012104220      -0.52729629146315327        0.0000000000000000        0.0000000000000000       0.39321376813342257        3.2570071696915690     
 THERM-A          67   2484.9133730635981        300.00000000000000        11.400562251424692        14.016999999999999        1432.4284881365309        0.0000000000000000        0.0000000000000000        0.0000000000000000        0.0000000000000000        0.0000000000000000        0.0000000000000000        0.0000000000000000        0.0000000000000000        0.0000000000000000        0.0000000000000000        0.0000000000000000        1.1011846002334857        1.2779097139944517        4.2621251496304815       0.28539765377867055        0.0000000000000000        0.0000000000000000       0.57645007011673788        4.7747616271217694     
 THERM-A          68   2484.9133730635981        300.00000000000000        11.229680996283676        13.670000000000000        1464.4057105987356        0.0000000000000000        0.0000000000000000        0.0000000000000000        0.0000000000000000        0.0000000000000000        0.0000000000000000        0.0000000000000000        0.0000000000000000        0.0000000000000000        0.0000000000000000        0.0000000000000000        1.1154605990026905        1.3075112671998184        3.6485895544302585       0.25091327281192233        0.0000000000000000        0.0000000000000000       0.58931861628371385        4.8813523686624523     
 THERM-A          69   2484.9133730635981        300.00000000000000        31.883862215785754        44.226999999999997        1229.6554044760001        0.0000000000000000        0.0000000000000000        0.0000000000000000        0.0000000000000000        0.0000000000000000        0.0000000000000000        0.0000000000000000        0.0000000000000000        0.0000000000000000        0.0000000000000000        0.0000000000000000       0.72290244610174792       0.56436777867790244        2.7577226835804964       -5.1786886965217264E-004   0.0000000000000000        0.0000000000000000       0.49484839906510841        4.0988513482533335     
 THERM-A          70   2484.9133730635981        300.00000000000000        29.686096431133262        53.868400000000001        1029.7701162097608        0.0000000000000000        0.0000000000000000        0.0000000000000000        0.0000000000000000        0.0000000000000000        0.0000000000000000        0.0000000000000000        0.0000000000000000        0.0000000000000000        0.0000000000000000        0.0000000000000000       0.43267357646330129       0.70587734750871467        1.0917961127030571       -3.4320621366223936E-002   0.0000000000000000        0.0000000000000000       0.41440885922722470        3.4325670540325359     
 THERM-A          71   2484.9133730635981        300.00000000000000        5.4475024997846901        7.0930000000000000        591.26802210100936        0.0000000000000000        0.0000000000000000        0.0000000000000000        0.0000000000000000        0.0000000000000000        0.0000000000000000        0.0000000000000000        0.0000000000000000        0.0000000000000000        0.0000000000000000        0.0000000000000000        1.3587324145143098       0.65837866396814682        3.5564477614376280        1.0846612576093135        0.0000000000000000        0.0000000000000000       0.23794311242811950        1.9708934070033646     
 THERM-A          72   2484.9133730635981        300.00000000000000        5.3821301631581315        6.9883499999999996        437.89738441279940        0.0000000000000000        0.0000000000000000        0.0000000000000000        0.0000000000000000        0.0000000000000000        0.0000000000000000        0.0000000000000000        0.0000000000000000        0.0000000000000000        0.0000000000000000        0.0000000000000000        1.4688721289952402       0.75060842244396209        3.5477914486547091        1.2906119827370566        0.0000000000000000        0.0000000000000000       0.17622239437382270        1.4596579480426646     
 THERM-A          73   2484.9133730635981        300.00000000000000        5.1362064861006376        6.7651000000000003        634.28696378322331        0.0000000000000000        0.0000000000000000        0.0000000000000000        0.0000000000000000        0.0000000000000000        0.0000000000000000        0.0000000000000000        0.0000000000000000        0.0000000000000000        0.0000000000000000        0.0000000000000000        1.6316945022769327       0.85802326938757478        2.1652312667347990        1.1542070921655383        0.0000000000000000        0.0000000000000000       0.25525516126995773        2.1142898792774112     
 THERM-A           1   2539.1958122084366        300.00000000000000        67.894631672711597        100.61000000000000        852.43236040234626        0.0000000000000000        0.0000000000000000        0.0000000000000000        0.0000000000000000        0.0000000000000000        0.0000000000000000        0.0000000000000000        0.0000000000000000        0.0000000000000000        0.0000000000000000        0.0000000000000000       0.23406252050046700        1.7534714217413203        2.4381847090388340       -4.0098493799371651E-002   0.0000000000000000        0.0000000000000000       0.33570958029461812        2.8414412013411541     
 THERM-A           2   2539.1958122084366        300.00000000000000        100.45200000000000        100.45200000000000        719.08309999999994        0.0000000000000000        0.0000000000000000        0.0000000000000000        0.0000000000000000        0.0000000000000000        0.0000000000000000        0.0000000000000000        0.0000000000000000        0.0000000000000000        0.0000000000000000        0.0000000000000000       0.57877001724869015        1.0000000267748044        1.0295399827513099       -8.5762374933149900E-003   0.0000000000000000        0.0000000000000000       0.28319324431091653        2.3969436666666666     
 THERM-A           3   2539.1958122084366        300.00000000000000        29.416298960926930        39.762000000000000        934.56574395963321        0.0000000000000000        0.0000000000000000        0.0000000000000000        0.0000000000000000        0.0000000000000000        0.0000000000000000        0.0000000000000000        0.0000000000000000        0.0000000000000000        0.0000000000000000        0.0000000000000000        8.9720867641287366E-002   31.637099573719091        3.6263730415267310      -0.24226289074009105        0.0000000000000000        0.0000000000000000       0.36805579918895870        3.1152191465321106     
 THERM-A           4   2539.1958122084366        300.00000000000000        30.678961589151651        40.843000000000004        909.54528282227523        0.0000000000000000        0.0000000000000000        0.0000000000000000        0.0000000000000000        0.0000000000000000        0.0000000000000000        0.0000000000000000        0.0000000000000000        0.0000000000000000        0.0000000000000000        0.0000000000000000       0.27836245531022397        9.4282179343072983        3.3299583872753384      -0.17688715830855509        0.0000000000000000        0.0000000000000000       0.35820210416588888        3.0318176094075842     
 THERM-A           5   2539.1958122084366        300.00000000000000        33.693924788256147        44.527999999999999        756.28157838288007        0.0000000000000000        0.0000000000000000        0.0000000000000000        0.0000000000000000        0.0000000000000000        0.0000000000000000        0.0000000000000000        0.0000000000000000        0.0000000000000000        0.0000000000000000        0.0000000000000000        1.2023154464720758       0.42827405744895752       0.56106993977229047        4.0784498817060158E-002   0.0000000000000000        0.0000000000000000       0.29784295277531703        2.5209385946096003     
 THERM-A           6   2539.1958122084366        300.00000000000000        32.741230665015699        43.564000000000000        876.60048946148754        0.0000000000000000        0.0000000000000000        0.0000000000000000        0.0000000000000000        0.0000000000000000        0.0000000000000000        0.0000000000000000        0.0000000000000000        0.0000000000000000        0.0000000000000000        0.0000000000000000       0.14518627737807721        19.082298476124013        4.2145104960500870      -0.22349436928737279        0.0000000000000000        0.0000000000000000       0.34522760523107288        2.9220016315382917     
 THERM-A           7   2539.1958122084366        300.00000000000000        44.216231535162727        62.676000000000002        929.44062721418106        0.0000000000000000        0.0000000000000000        0.0000000000000000        0.0000000000000000        0.0000000000000000        0.0000000000000000        0.0000000000000000        0.0000000000000000        0.0000000000000000        0.0000000000000000        0.0000000000000000        3.0418638193608579E-003   794.77434272560311        3.9966025218064440      -0.17473496811257999        0.0000000000000000        0.0000000000000000       0.36603739764591481        3.0981354240472703     
 THERM-A           8   2539.1958122084366        300.00000000000000        65.941000000000003        65.941000000000003        677.91886000000000        0.0000000000000000        0.0000000000000000        0.0000000000000000        0.0000000000000000        0.0000000000000000        0.0000000000000000        0.0000000000000000        0.0000000000000000        0.0000000000000000        0.0000000000000000        0.0000000000000000       0.71440002129077917        3.4384699884391101        1.0822799787092205       -3.4650975603675083E-002   0.0000000000000000        0.0000000000000000       0.26698171788901454        2.2597295333333332     
 THERM-A           9   2539.1958122084366        300.00000000000000        41.721815514481875        59.140000000000001        901.74939326667709        0.0000000000000000        0.0000000000000000        0.0000000000000000        0.0000000000000000        0.0000000000000000        0.0000000000000000        0.0000000000000000        0.0000000000000000        0.0000000000000000        0.0000000000000000        0.0000000000000000        3.0497927234281632E-003   792.70291959719555        3.8606569624063729      -0.18085554414033661        0.0000000000000000        0.0000000000000000       0.35513188424897046        3.0058313108889236     
 THERM-A          10   2539.1958122084366        300.00000000000000        48.010086420324498        68.054000000000002        851.94289219971370        0.0000000000000000        0.0000000000000000        0.0000000000000000        0.0000000000000000        0.0000000000000000        0.0000000000000000        0.0000000000000000        0.0000000000000000        0.0000000000000000        0.0000000000000000        0.0000000000000000        3.0328296655089187E-003   797.14771284637902        2.5952465802590354      -0.12218735632135470        0.0000000000000000        0.0000000000000000       0.33551681524661386        2.8398096406657123     
 THERM-A          11   2539.1958122084366        300.00000000000000        43.486658372605682        60.759999999999998        1183.4839990195308        0.0000000000000000        0.0000000000000000        0.0000000000000000        0.0000000000000000        0.0000000000000000        0.0000000000000000        0.0000000000000000        0.0000000000000000        0.0000000000000000        0.0000000000000000        0.0000000000000000        1.0346310851090919       0.26638038729569319        1.4415748372640684        3.5567363382760238E-002   0.0000000000000000        0.0000000000000000       0.46608614953181143        3.9449466633984360     
 THERM-A          12   2539.1958122084366        300.00000000000000        45.677379903271998        63.854129999999998        993.68001903580182        0.0000000000000000        0.0000000000000000        0.0000000000000000        0.0000000000000000        0.0000000000000000        0.0000000000000000        0.0000000000000000        0.0000000000000000        0.0000000000000000        0.0000000000000000        0.0000000000000000        1.0344876266720102       0.26637108079107319       0.68364674474602949        2.1638149767255428E-002   0.0000000000000000        0.0000000000000000       0.39133650672318965        3.3122667301193394     
 THERM-A          13   2539.1958122084366        300.00000000000000        45.055568583345938        66.039000000000001        1112.9702678063222        0.0000000000000000        0.0000000000000000        0.0000000000000000        0.0000000000000000        0.0000000000000000        0.0000000000000000        0.0000000000000000        0.0000000000000000        0.0000000000000000        0.0000000000000000        0.0000000000000000       0.85420210594662316       0.31201040492678850       0.85053362283670952        8.2759293635810208E-003   0.0000000000000000        0.0000000000000000       0.43831604575557687        3.7099008926877408     
 THERM-A          14   2539.1958122084366        300.00000000000000        46.703124368132578        67.867000000000004        976.96973085706782        0.0000000000000000        0.0000000000000000        0.0000000000000000        0.0000000000000000        0.0000000000000000        0.0000000000000000        0.0000000000000000        0.0000000000000000        0.0000000000000000        0.0000000000000000        0.0000000000000000       0.82128002259853905       0.31036008807506332       0.86525125875138764        5.7089950468225247E-003   0.0000000000000000        0.0000000000000000       0.38475556952315526        3.2565657695235593     
 THERM-A          15   2539.1958122084366        300.00000000000000        42.680316173142970        62.500000000000000        1144.8085619386661        0.0000000000000000        0.0000000000000000        0.0000000000000000        0.0000000000000000        0.0000000000000000        0.0000000000000000        0.0000000000000000        0.0000000000000000        0.0000000000000000        0.0000000000000000        0.0000000000000000       0.85444756074449713       0.31245895570365134        1.1490634199678440        1.1374383416447476E-002   0.0000000000000000        0.0000000000000000       0.45085477710479599        3.8160285397955538     
 THERM-A          16   2539.1958122084366        300.00000000000000        43.261314495721265        63.573999999999998        1073.7829328326170        0.0000000000000000        0.0000000000000000        0.0000000000000000        0.0000000000000000        0.0000000000000000        0.0000000000000000        0.0000000000000000        0.0000000000000000        0.0000000000000000        0.0000000000000000        0.0000000000000000       0.69576247735820596       0.30609660589160931        1.7373152674971517       -1.6501092029000486E-003   0.0000000000000000        0.0000000000000000       0.42288307489712917        3.5792764427753898     
 THERM-A          17   2539.1958122084366        300.00000000000000        40.312910240181083        60.508000000000003        1041.4912852277923        0.0000000000000000        0.0000000000000000        0.0000000000000000        0.0000000000000000        0.0000000000000000        0.0000000000000000        0.0000000000000000        0.0000000000000000        0.0000000000000000        0.0000000000000000        0.0000000000000000       0.36991793456411948        2.5600755444102989        2.5805396186864895       -6.6929105440106954E-002   0.0000000000000000        0.0000000000000000       0.41016580140070691        3.4716376174259747     
 THERM-A          18   2539.1958122084366        300.00000000000000        43.394790151133634        64.605999999999995        962.03133049695691        0.0000000000000000        0.0000000000000000        0.0000000000000000        0.0000000000000000        0.0000000000000000        0.0000000000000000        0.0000000000000000        0.0000000000000000        0.0000000000000000        0.0000000000000000        0.0000000000000000       0.65063872313041937       0.30956718339546263        1.7893771257978348       -6.4439386390878440E-003   0.0000000000000000        0.0000000000000000       0.37887244688712729        3.2067711016565230     
 THERM-A          19   2539.1958122084366        300.00000000000000        25.023095343562328        39.901000000000003        1082.0489672263445        0.0000000000000000        0.0000000000000000        0.0000000000000000        0.0000000000000000        0.0000000000000000        0.0000000000000000        0.0000000000000000        0.0000000000000000        0.0000000000000000        0.0000000000000000        0.0000000000000000       0.78154303291938421       0.40534856171917438        1.1049555901415453        4.6609256667270779E-003   0.0000000000000000        0.0000000000000000       0.42613844982882387        3.6068298907544816     
 THERM-A          20   2539.1958122084366        300.00000000000000        24.303832768691386        40.271999999999998        1048.7093737313005        0.0000000000000000        0.0000000000000000        0.0000000000000000        0.0000000000000000        0.0000000000000000        0.0000000000000000        0.0000000000000000        0.0000000000000000        0.0000000000000000        0.0000000000000000        0.0000000000000000       0.68487609693678075       0.41151520288630800       0.82556255866827855       -9.3330354195397154E-003   0.0000000000000000        0.0000000000000000       0.41300846854311624        3.4956979124376684     
 THERM-A          21   2539.1958122084366        300.00000000000000        81.331393106719091        113.08000000000000        1085.7285124204593        0.0000000000000000        0.0000000000000000        0.0000000000000000        0.0000000000000000        0.0000000000000000        0.0000000000000000        0.0000000000000000        0.0000000000000000        0.0000000000000000        0.0000000000000000        0.0000000000000000       0.71033052626216231       0.83031894666803996        1.0705012072267950       -5.3396969864387628E-003   0.0000000000000000        0.0000000000000000       0.42758754846722880        3.6190950414015308     
 THERM-A          22   2539.1958122084366        300.00000000000000        85.402229846874746        115.43000000000001        971.07471949314561        0.0000000000000000        0.0000000000000000        0.0000000000000000        0.0000000000000000        0.0000000000000000        0.0000000000000000        0.0000000000000000        0.0000000000000000        0.0000000000000000        0.0000000000000000        0.0000000000000000       0.76931893374935512       0.82192828033979981        1.9813128195621090       -7.9164137348670949E-004   0.0000000000000000        0.0000000000000000       0.38243396386534068        3.2369157316438186     
 THERM-A          23   2539.1958122084366        300.00000000000000        88.719801364545290        125.12000000000000        1086.5828708853708        0.0000000000000000        0.0000000000000000        0.0000000000000000        0.0000000000000000        0.0000000000000000        0.0000000000000000        0.0000000000000000        0.0000000000000000        0.0000000000000000        0.0000000000000000        0.0000000000000000       0.62860338357935963        1.2709317743236077        2.4890949723812694       -1.1680050982447562E-002   0.0000000000000000        0.0000000000000000       0.42792401659654900        3.6219429029512358     
 THERM-A          24   2539.1958122084366        300.00000000000000        81.915869936053753        114.32400000000000        1070.9342293985360        0.0000000000000000        0.0000000000000000        0.0000000000000000        0.0000000000000000        0.0000000000000000        0.0000000000000000        0.0000000000000000        0.0000000000000000        0.0000000000000000        0.0000000000000000        0.0000000000000000       0.65269713512950012       0.98134115050750803        1.1822039867418224       -8.4450552516133551E-003   0.0000000000000000        0.0000000000000000       0.42176118291054648        3.5697807646617865     
 THERM-A          25   2539.1958122084366        300.00000000000000        83.046091145501734        110.84200000000000        1199.9079952537500        0.0000000000000000        0.0000000000000000        0.0000000000000000        0.0000000000000000        0.0000000000000000        0.0000000000000000        0.0000000000000000        0.0000000000000000        0.0000000000000000        0.0000000000000000        0.0000000000000000        1.1658783810716020       0.31477057042034773        1.5584722528476678        2.8334520021040907E-002   0.0000000000000000        0.0000000000000000       0.47255433767045468        3.9996933175125000     
 THERM-A          26   2539.1958122084366        300.00000000000000        94.987569810657774        131.99000000000001        998.37418748274797        0.0000000000000000        0.0000000000000000        0.0000000000000000        0.0000000000000000        0.0000000000000000        0.0000000000000000        0.0000000000000000        0.0000000000000000        0.0000000000000000        0.0000000000000000        0.0000000000000000       0.73467907820913980       0.80473074949803081        2.6768127825891463       -1.3388216323561271E-003   0.0000000000000000        0.0000000000000000       0.39318518984734124        3.3279139582758264     
 THERM-A          27   2539.1958122084366        300.00000000000000        85.445745175407893        118.71599999999999        1093.8865987901918        0.0000000000000000        0.0000000000000000        0.0000000000000000        0.0000000000000000        0.0000000000000000        0.0000000000000000        0.0000000000000000        0.0000000000000000        0.0000000000000000        0.0000000000000000        0.0000000000000000       0.89846775589740369       0.69127515320374222        1.7264908082313057        6.9734068469300223E-003   0.0000000000000000        0.0000000000000000       0.43080041071696490        3.6462886626339728     
 THERM-A          28   2539.1958122084366        300.00000000000000        21.174098341682814        27.449999999999999        1241.8205853294874        0.0000000000000000        0.0000000000000000        0.0000000000000000        0.0000000000000000        0.0000000000000000        0.0000000000000000        0.0000000000000000        0.0000000000000000        0.0000000000000000        0.0000000000000000        0.0000000000000000        1.5196413111537774       0.75374777126444503       0.38494381048063642        9.9352482514999271E-002   0.0000000000000000        0.0000000000000000       0.48906058341732539        4.1394019510982911     
 THERM-A          29   2539.1958122084366        300.00000000000000        29.547091494359329        43.603000000000002        1063.6527687199980        0.0000000000000000        0.0000000000000000        0.0000000000000000        0.0000000000000000        0.0000000000000000        0.0000000000000000        0.0000000000000000        0.0000000000000000        0.0000000000000000        0.0000000000000000        0.0000000000000000       0.48412368595903621        1.8724990181245103        2.7174845883055654       -7.0239856529755978E-002   0.0000000000000000        0.0000000000000000       0.41889355819112595        3.5455092290666599     
 THERM-A          30   2539.1958122084366        300.00000000000000        32.489498652157856        46.289999999999999        789.55047553307304        0.0000000000000000        0.0000000000000000        0.0000000000000000        0.0000000000000000        0.0000000000000000        0.0000000000000000        0.0000000000000000        0.0000000000000000        0.0000000000000000        0.0000000000000000        0.0000000000000000       0.37888177123597644        3.9792627851806812        2.3239848725023693       -9.4287653723889975E-002   0.0000000000000000        0.0000000000000000       0.31094509203934551        2.6318349184435768     
 THERM-A          31   2539.1958122084366        300.00000000000000        29.071386552997289        40.515000000000001        1144.8967736204734        0.0000000000000000        0.0000000000000000        0.0000000000000000        0.0000000000000000        0.0000000000000000        0.0000000000000000        0.0000000000000000        0.0000000000000000        0.0000000000000000        0.0000000000000000        0.0000000000000000       0.68410715730282423        1.4028984782836751        2.5432541923382117       -2.9140663384187214E-002   0.0000000000000000        0.0000000000000000       0.45088951711239333        3.8163225787349111     
 THERM-A          32   2539.1958122084366        300.00000000000000        30.695029365017344        42.799999999999997        858.95960249988457        0.0000000000000000        0.0000000000000000        0.0000000000000000        0.0000000000000000        0.0000000000000000        0.0000000000000000        0.0000000000000000        0.0000000000000000        0.0000000000000000        0.0000000000000000        0.0000000000000000       0.68360884079538187        1.4024005582923003        1.1572118523990511       -2.9200769748974981E-002   0.0000000000000000        0.0000000000000000       0.33828017452219028        2.8631986749996154     
 THERM-A          33   2539.1958122084366        300.00000000000000        28.874572534717807        39.493000000000002        1133.2074557097251        0.0000000000000000        0.0000000000000000        0.0000000000000000        0.0000000000000000        0.0000000000000000        0.0000000000000000        0.0000000000000000        0.0000000000000000        0.0000000000000000        0.0000000000000000        0.0000000000000000       0.58192114590047339        1.9649630891354695        2.5429880736268906       -5.7943638892429525E-002   0.0000000000000000        0.0000000000000000       0.44628596591931635        3.7773581856990837     
 THERM-A          34   2539.1958122084366        300.00000000000000        31.488071391922105        41.859999999999999        855.58294507068706        0.0000000000000000        0.0000000000000000        0.0000000000000000        0.0000000000000000        0.0000000000000000        0.0000000000000000        0.0000000000000000        0.0000000000000000        0.0000000000000000        0.0000000000000000        0.0000000000000000       0.73584314802906481        1.5834166083083809        1.8330691382119679       -2.5715444286660602E-002   0.0000000000000000        0.0000000000000000       0.33695036080204999        2.8519431502356234     
 THERM-A          35   2539.1958122084366        300.00000000000000        20.251785977019647        26.353999999999999        1188.6213584052314        0.0000000000000000        0.0000000000000000        0.0000000000000000        0.0000000000000000        0.0000000000000000        0.0000000000000000        0.0000000000000000        0.0000000000000000        0.0000000000000000        0.0000000000000000        0.0000000000000000       0.74246844717211757        1.5224742011035679        3.2429243207106699       -2.5982374717037481E-002   0.0000000000000000        0.0000000000000000       0.46810937253848162        3.9620711946841047     
 THERM-A          36   2539.1958122084366        300.00000000000000        20.637525139288751        26.853999999999999        973.55638809652157        0.0000000000000000        0.0000000000000000        0.0000000000000000        0.0000000000000000        0.0000000000000000        0.0000000000000000        0.0000000000000000        0.0000000000000000        0.0000000000000000        0.0000000000000000        0.0000000000000000       0.74255133653946626        1.5225692023736224        3.4446490628808899       -2.3990150620724876E-002   0.0000000000000000        0.0000000000000000       0.38341130818492569        3.2451879603217386     
 THERM-A          37   2539.1958122084366        300.00000000000000        19.753228938486284        25.577000000000002        1237.5426826585390        0.0000000000000000        0.0000000000000000        0.0000000000000000        0.0000000000000000        0.0000000000000000        0.0000000000000000        0.0000000000000000        0.0000000000000000        0.0000000000000000        0.0000000000000000        0.0000000000000000       0.94072822807385537       0.95078869307757208        2.3871940966637477        4.7064570807436826E-002   0.0000000000000000        0.0000000000000000       0.48737583636064696        4.1251422755284635     
 THERM-A          38   2539.1958122084366        300.00000000000000        22.646258424930927        30.286999999999999        939.94426215767191        0.0000000000000000        0.0000000000000000        0.0000000000000000        0.0000000000000000        0.0000000000000000        0.0000000000000000        0.0000000000000000        0.0000000000000000        0.0000000000000000        0.0000000000000000        0.0000000000000000        1.0195669269448160        1.0530471567589703       0.48722203139105624       -4.4862619452343266E-004   0.0000000000000000        0.0000000000000000       0.37017399667974649        3.1331475405255729     
 THERM-A          39   2539.1958122084366        300.00000000000000        21.955870908440275        28.904000000000000        979.96988584156998        0.0000000000000000        0.0000000000000000        0.0000000000000000        0.0000000000000000        0.0000000000000000        0.0000000000000000        0.0000000000000000        0.0000000000000000        0.0000000000000000        0.0000000000000000        0.0000000000000000       0.69681264446281810        1.5849886080982261        2.5774454585281239       -4.1311447742820862E-002   0.0000000000000000        0.0000000000000000       0.38593710698870931        3.2665662861385667     
 THERM-A          40   2539.1958122084366        300.00000000000000        19.115565667440542        24.445000000000000        1263.0937773268508        0.0000000000000000        0.0000000000000000        0.0000000000000000        0.0000000000000000        0.0000000000000000        0.0000000000000000        0.0000000000000000        0.0000000000000000        0.0000000000000000        0.0000000000000000        0.0000000000000000        1.2957828476199134       0.61073507444684971       0.92205514707753711       0.10458363557869488        0.0000000000000000        0.0000000000000000       0.49743850838675158        4.2103125910895027     
 THERM-A          41   2539.1958122084366        300.00000000000000        19.989042675122228        25.321000000000002        1034.4825224144124        0.0000000000000000        0.0000000000000000        0.0000000000000000        0.0000000000000000        0.0000000000000000        0.0000000000000000        0.0000000000000000        0.0000000000000000        0.0000000000000000        0.0000000000000000        0.0000000000000000        1.3033442577852292       0.61772166523042893        1.2453102358821515       0.12207879519256309        0.0000000000000000        0.0000000000000000       0.40740557204790090        3.4482750747147080     
 THERM-A          42   2539.1958122084366        300.00000000000000        19.378674359807484        24.943999999999999        1221.3648329564608        0.0000000000000000        0.0000000000000000        0.0000000000000000        0.0000000000000000        0.0000000000000000        0.0000000000000000        0.0000000000000000        0.0000000000000000        0.0000000000000000        0.0000000000000000        0.0000000000000000        1.2906397272328893       0.60597615072347788        1.3408320673464698       0.12910263627207291        0.0000000000000000        0.0000000000000000       0.48100458699724802        4.0712161098548689     
 THERM-A          43   2539.1958122084366        300.00000000000000        22.232658636529514        29.576789999999999        962.37917501291383        0.0000000000000000        0.0000000000000000        0.0000000000000000        0.0000000000000000        0.0000000000000000        0.0000000000000000        0.0000000000000000        0.0000000000000000        0.0000000000000000        0.0000000000000000        0.0000000000000000        1.2656009400642323       0.58273092852167618        1.0034915796225832        8.9083794812362282E-002   0.0000000000000000        0.0000000000000000       0.37900943691928018        3.2079305833763794     
 THERM-A          44   2539.1958122084366        300.00000000000000        20.716381124207672        27.520900000000001        1128.2639115291099        0.0000000000000000        0.0000000000000000        0.0000000000000000        0.0000000000000000        0.0000000000000000        0.0000000000000000        0.0000000000000000        0.0000000000000000        0.0000000000000000        0.0000000000000000        0.0000000000000000        1.2666396331818284       0.58369771349365218        2.1008460564146603       0.15936499045042135        0.0000000000000000        0.0000000000000000       0.44433907227809077        3.7608797050970328     
 THERM-A          45   2539.1958122084366        300.00000000000000        20.721288757336264        27.090000000000000        1099.6502946335127        0.0000000000000000        0.0000000000000000        0.0000000000000000        0.0000000000000000        0.0000000000000000        0.0000000000000000        0.0000000000000000        0.0000000000000000        0.0000000000000000        0.0000000000000000        0.0000000000000000        1.2786516138457455       0.59486252580508969        1.6908778692837891       0.13869757791086040        0.0000000000000000        0.0000000000000000       0.43307030097734145        3.6655009821117090     
 THERM-A          46   2539.1958122084366        300.00000000000000        21.975894844987739        28.189000000000000        1076.6311094899231        0.0000000000000000        0.0000000000000000        0.0000000000000000        0.0000000000000000        0.0000000000000000        0.0000000000000000        0.0000000000000000        0.0000000000000000        0.0000000000000000        0.0000000000000000        0.0000000000000000        1.2933656042036277       0.60849908212048354        1.7335138597357740       0.13682593228717804        0.0000000000000000        0.0000000000000000       0.42400475942559762        3.5887703649664102     
 THERM-A          47   2539.1958122084366        300.00000000000000        18.728114693717789        24.110800000000001        1319.3089430598191        0.0000000000000000        0.0000000000000000        0.0000000000000000        0.0000000000000000        0.0000000000000000        0.0000000000000000        0.0000000000000000        0.0000000000000000        0.0000000000000000        0.0000000000000000        0.0000000000000000        1.1924618762708972       0.90371278905910479       0.95453373712634915        6.3013114388604255E-002   0.0000000000000000        0.0000000000000000       0.51957747280323574        4.3976964768660638     
 THERM-A          48   2539.1958122084366        300.00000000000000        19.638618064093446        25.296340000000001        1090.8378643595208        0.0000000000000000        0.0000000000000000        0.0000000000000000        0.0000000000000000        0.0000000000000000        0.0000000000000000        0.0000000000000000        0.0000000000000000        0.0000000000000000        0.0000000000000000        0.0000000000000000        1.1918936065912902       0.90263980445045977        1.2406530870882369        7.5332558632568977E-002   0.0000000000000000        0.0000000000000000       0.42959974142788815        3.6361262145317359     
 THERM-A          49   2539.1958122084366        300.00000000000000        19.103911739559717        24.500000000000000        1112.1198004684900        0.0000000000000000        0.0000000000000000        0.0000000000000000        0.0000000000000000        0.0000000000000000        0.0000000000000000        0.0000000000000000        0.0000000000000000        0.0000000000000000        0.0000000000000000        0.0000000000000000        1.3607335946646772       0.92008530191858162        1.5518712590929762       0.14610066556831475        0.0000000000000000        0.0000000000000000       0.43798111005123175        3.7070660015616332     
 THERM-A          50   2539.1958122084366        300.00000000000000        20.179260404248506        27.688440000000000        1038.9500336387134        0.0000000000000000        0.0000000000000000        0.0000000000000000        0.0000000000000000        0.0000000000000000        0.0000000000000000        0.0000000000000000        0.0000000000000000        0.0000000000000000        0.0000000000000000        0.0000000000000000        1.1300854944058161       0.78640649086534076        1.6228831878153449        8.2403828302485355E-002   0.0000000000000000        0.0000000000000000       0.40916499178340188        3.4631667787957112     
 THERM-A          51   2539.1958122084366        300.00000000000000        20.890180935892996        26.949000000000002        1072.4929687470906        0.0000000000000000        0.0000000000000000        0.0000000000000000        0.0000000000000000        0.0000000000000000        0.0000000000000000        0.0000000000000000        0.0000000000000000        0.0000000000000000        0.0000000000000000        0.0000000000000000        1.1902781026353972       0.89958987539646140        2.1521423257358951       0.11629850344878107        0.0000000000000000        0.0000000000000000       0.42237505417681909        3.5749765624903018     
 THERM-A          52   2539.1958122084366        300.00000000000000        27.433024312775395        36.134999999999998        1220.2490342696956        0.0000000000000000        0.0000000000000000        0.0000000000000000        0.0000000000000000        0.0000000000000000        0.0000000000000000        0.0000000000000000        0.0000000000000000        0.0000000000000000        0.0000000000000000        0.0000000000000000        1.2593424225070129       0.63129630912771095       0.66086649335007430        5.3989825385776430E-002   0.0000000000000000        0.0000000000000000       0.48056515704804897        4.0674967808989857     
 THERM-A          53   2539.1958122084366        300.00000000000000        28.245991741755937        37.216000000000001        1051.9403418750085        0.0000000000000000        0.0000000000000000        0.0000000000000000        0.0000000000000000        0.0000000000000000        0.0000000000000000        0.0000000000000000        0.0000000000000000        0.0000000000000000        0.0000000000000000        0.0000000000000000        1.2591255681962754       0.63104709306050200        1.4394949507580637        8.5076700889919199E-002   0.0000000000000000        0.0000000000000000       0.41428090611101603        3.5064678062500283     
 THERM-A          54   2539.1958122084366        300.00000000000000        27.703191384577057        36.270000000000003        1033.9973070052288        0.0000000000000000        0.0000000000000000        0.0000000000000000        0.0000000000000000        0.0000000000000000        0.0000000000000000        0.0000000000000000        0.0000000000000000        0.0000000000000000        0.0000000000000000        0.0000000000000000        1.2641996533345117       0.63688240624058912       0.92224649892141630        6.5256046245366753E-002   0.0000000000000000        0.0000000000000000       0.40721448185830200        3.4466576900174291     
 THERM-A          55   2539.1958122084366        300.00000000000000        30.336474238938891        41.701999999999998        860.78997012780076        0.0000000000000000        0.0000000000000000        0.0000000000000000        0.0000000000000000        0.0000000000000000        0.0000000000000000        0.0000000000000000        0.0000000000000000        0.0000000000000000        0.0000000000000000        0.0000000000000000        1.3297626845621513       0.52596986383558908       0.45955744641345486        5.5166822503747076E-002   0.0000000000000000        0.0000000000000000       0.33900101992494169        2.8692999004260025     
 THERM-A          56   2539.1958122084366        300.00000000000000        29.050697406384440        39.420999999999999        1044.1802111199431        0.0000000000000000        0.0000000000000000        0.0000000000000000        0.0000000000000000        0.0000000000000000        0.0000000000000000        0.0000000000000000        0.0000000000000000        0.0000000000000000        0.0000000000000000        0.0000000000000000        1.2364061692603510       0.60502171601574495        1.0300346670130816        6.3148536436829453E-002   0.0000000000000000        0.0000000000000000       0.41122476892074711        3.4806007037331437     
 THERM-A          57   2539.1958122084366        300.00000000000000        83.047971714245946        109.88300000000000        1241.6867520590506        0.0000000000000000        0.0000000000000000        0.0000000000000000        0.0000000000000000        0.0000000000000000        0.0000000000000000        0.0000000000000000        0.0000000000000000        0.0000000000000000        0.0000000000000000        0.0000000000000000        1.1551104919861737       0.58982057830429990        1.2401618016671394        1.9971635737441575E-002   0.0000000000000000        0.0000000000000000       0.48900787646585936        4.1389558401968349     
 THERM-A          58   2539.1958122084366        300.00000000000000        84.670033257346674        112.04500000000000        1126.7134299819616        0.0000000000000000        0.0000000000000000        0.0000000000000000        0.0000000000000000        0.0000000000000000        0.0000000000000000        0.0000000000000000        0.0000000000000000        0.0000000000000000        0.0000000000000000        0.0000000000000000        1.1550143840963130       0.58968590073296479        1.8082048764970895        2.6137545503249753E-002   0.0000000000000000        0.0000000000000000       0.44372845314438958        3.7557114332732051     
 THERM-A          59   2539.1958122084366        300.00000000000000        82.700616131430422        109.40100000000000        1209.2265153250430        0.0000000000000000        0.0000000000000000        0.0000000000000000        0.0000000000000000        0.0000000000000000        0.0000000000000000        0.0000000000000000        0.0000000000000000        0.0000000000000000        0.0000000000000000        0.0000000000000000        1.1552500360070836       0.59001613473389458        1.5733958665269325        2.3998922666877337E-002   0.0000000000000000        0.0000000000000000       0.47622420827534845        4.0307550510834771     
 THERM-A          60   2539.1958122084366        300.00000000000000        31.991715244391642        44.975999999999999        1157.5544346164877        0.0000000000000000        0.0000000000000000        0.0000000000000000        0.0000000000000000        0.0000000000000000        0.0000000000000000        0.0000000000000000        0.0000000000000000        0.0000000000000000        0.0000000000000000        0.0000000000000000        1.0188206622138063       0.68954931806992492        1.7832945096561064        3.9729813009813285E-002   0.0000000000000000        0.0000000000000000       0.45587442648218529        3.8585147820549590     
 THERM-A          61   2539.1958122084366        300.00000000000000        34.945820928650704        49.024000000000001        639.76935389569564        0.0000000000000000        0.0000000000000000        0.0000000000000000        0.0000000000000000        0.0000000000000000        0.0000000000000000        0.0000000000000000        0.0000000000000000        0.0000000000000000        0.0000000000000000        0.0000000000000000        1.0203291223644055       0.69254469082748005        3.5967216413879122E-002   1.1595418240062001E-003   0.0000000000000000        0.0000000000000000       0.25195747047931039        2.1325645129856521     
 THERM-A          62   2539.1958122084366        300.00000000000000        32.344072965280347        43.399700000000003        705.35107153266983        0.0000000000000000        0.0000000000000000        0.0000000000000000        0.0000000000000000        0.0000000000000000        0.0000000000000000        0.0000000000000000        0.0000000000000000        0.0000000000000000        0.0000000000000000        0.0000000000000000        1.0537797978074508       0.75899093253655381      -0.11202125073758518       -2.1851040342153218E-003   0.0000000000000000        0.0000000000000000       0.27778522166008096        2.3511702384422328     
 THERM-A          63   2539.1958122084366        300.00000000000000        32.303320188547687        45.420000000000002        1118.0813977039284        0.0000000000000000        0.0000000000000000        0.0000000000000000        0.0000000000000000        0.0000000000000000        0.0000000000000000        0.0000000000000000        0.0000000000000000        0.0000000000000000        0.0000000000000000        0.0000000000000000        1.0187290155025430       0.68936733677744455       0.53418167475191214        1.2109101370988470E-002   0.0000000000000000        0.0000000000000000       0.44032893892160679        3.7269379923464281     
 THERM-A          64   2539.1958122084366        300.00000000000000        33.693924788256147        44.527999999999999        756.28157838288007        0.0000000000000000        0.0000000000000000        0.0000000000000000        0.0000000000000000        0.0000000000000000        0.0000000000000000        0.0000000000000000        0.0000000000000000        0.0000000000000000        0.0000000000000000        0.0000000000000000        1.2023154464720758       0.42827405744895752       0.56106993977229047        4.0784498817060158E-002   0.0000000000000000        0.0000000000000000       0.29784295277531703        2.5209385946096003     
 THERM-A          65   2539.1958122084366        300.00000000000000        16.636722887166179        22.421050000000001        875.21430162475338        0.0000000000000000        0.0000000000000000        0.0000000000000000        0.0000000000000000        0.0000000000000000        0.0000000000000000        0.0000000000000000        0.0000000000000000        0.0000000000000000        0.0000000000000000        0.0000000000000000       -2.0840809023004933E-002   4.3195306822761372        3.6082522361099523      -0.29108628587664515        0.0000000000000000        0.0000000000000000       0.34468168914611819        2.9173810054158444     
 THERM-A          66   2539.1958122084366        300.00000000000000        11.516801219585455        20.657000000000000        980.10011309048900        0.0000000000000000        0.0000000000000000        0.0000000000000000        0.0000000000000000        0.0000000000000000        0.0000000000000000        0.0000000000000000        0.0000000000000000        0.0000000000000000        0.0000000000000000        0.0000000000000000        7.6702319407774167E-002   6.6316375082908054        5.2180547160845112      -0.58662971941652486        0.0000000000000000        0.0000000000000000       0.38598839379703376        3.2670003769682965     
 THERM-A          67   2539.1958122084366        300.00000000000000        11.237715524519839        14.016999999999999        1455.0945779645999        0.0000000000000000        0.0000000000000000        0.0000000000000000        0.0000000000000000        0.0000000000000000        0.0000000000000000        0.0000000000000000        0.0000000000000000        0.0000000000000000        0.0000000000000000        0.0000000000000000        1.0814453221968794        1.2369130512031727        4.2167420867277823       0.27207451087483758        0.0000000000000000        0.0000000000000000       0.57305331513564839        4.8503152598819996     
 THERM-A          68   2539.1958122084366        300.00000000000000        11.074007564094371        13.670000000000000        1487.1792356427172        0.0000000000000000        0.0000000000000000        0.0000000000000000        0.0000000000000000        0.0000000000000000        0.0000000000000000        0.0000000000000000        0.0000000000000000        0.0000000000000000        0.0000000000000000        0.0000000000000000        1.0956028698020375        1.2663250611076109        3.6104412874741683       0.23928065398645912        0.0000000000000000        0.0000000000000000       0.58568907072560905        4.9572641188090572     
 THERM-A          69   2539.1958122084366        300.00000000000000        31.302452580091479        44.226999999999997        1246.0390508191085        0.0000000000000000        0.0000000000000000        0.0000000000000000        0.0000000000000000        0.0000000000000000        0.0000000000000000        0.0000000000000000        0.0000000000000000        0.0000000000000000        0.0000000000000000        0.0000000000000000       0.71554231006452895       0.54785748646179588        2.7583594611497002       -1.6751718619953948E-003   0.0000000000000000        0.0000000000000000       0.49072192259776148        4.1534635027303617     
 THERM-A          70   2539.1958122084366        300.00000000000000        28.968961850387341        53.868400000000001        1040.6289880591619        0.0000000000000000        0.0000000000000000        0.0000000000000000        0.0000000000000000        0.0000000000000000        0.0000000000000000        0.0000000000000000        0.0000000000000000        0.0000000000000000        0.0000000000000000        0.0000000000000000       0.42526957409821203       0.70593385877279180        1.1170264539004002       -3.6067008676222319E-002   0.0000000000000000        0.0000000000000000       0.40982620680761389        3.4687632935305395     
 THERM-A          71   2539.1958122084366        300.00000000000000        5.3691802181496717        7.0930000000000000        602.96166154681623        0.0000000000000000        0.0000000000000000        0.0000000000000000        0.0000000000000000        0.0000000000000000        0.0000000000000000        0.0000000000000000        0.0000000000000000        0.0000000000000000        0.0000000000000000        0.0000000000000000        1.3459480512485069       0.64722358395869695        3.4725841966573743        1.0569861002317327        0.0000000000000000        0.0000000000000000       0.23746166351085671        2.0098722051560540     
 THERM-A          72   2539.1958122084366        300.00000000000000        5.3040989516642467        6.9883499999999996        447.34048816884308        0.0000000000000000        0.0000000000000000        0.0000000000000000        0.0000000000000000        0.0000000000000000        0.0000000000000000        0.0000000000000000        0.0000000000000000        0.0000000000000000        0.0000000000000000        0.0000000000000000        1.4529976852918194       0.73749534670812422        3.4486268115152878        1.2513000671051107        0.0000000000000000        0.0000000000000000       0.17617408079283725        1.4911349605628104     
 THERM-A          73   2539.1958122084366        300.00000000000000        5.0524143569370779        6.7651000000000003        651.41902548775840        0.0000000000000000        0.0000000000000000        0.0000000000000000        0.0000000000000000        0.0000000000000000        0.0000000000000000        0.0000000000000000        0.0000000000000000        0.0000000000000000        0.0000000000000000        0.0000000000000000        1.6090311893879881       0.84266278020125440        2.0706270755321254        1.1042815230485310        0.0000000000000000        0.0000000000000000       0.25654540794205000        2.1713967516258612     
 THERM-A           1   2655.0308744676445        300.00000000000000        66.923269313266346        100.61000000000000        855.27581117021862        0.0000000000000000        0.0000000000000000        0.0000000000000000        0.0000000000000000        0.0000000000000000        0.0000000000000000        0.0000000000000000        0.0000000000000000        0.0000000000000000        0.0000000000000000        0.0000000000000000       0.22811802535219927        1.8177510448663754        2.4778863649507956       -4.1661009252764954E-002   0.0000000000000000        0.0000000000000000       0.32213403595229695        2.8509193705673952     
 THERM-A           2   2655.0308744676445        300.00000000000000        100.45200000000000        100.45200000000000        719.08309999999994        0.0000000000000000        0.0000000000000000        0.0000000000000000        0.0000000000000000        0.0000000000000000        0.0000000000000000        0.0000000000000000        0.0000000000000000        0.0000000000000000        0.0000000000000000        0.0000000000000000       0.57877001724869015        1.0000000267748044        1.0295399827513099       -8.5762374933149900E-003   0.0000000000000000        0.0000000000000000       0.27083794275807888        2.3969436666666666     
 THERM-A           3   2655.0308744676445        300.00000000000000        28.974455913888498        39.762000000000000        935.52906813570871        0.0000000000000000        0.0000000000000000        0.0000000000000000        0.0000000000000000        0.0000000000000000        0.0000000000000000        0.0000000000000000        0.0000000000000000        0.0000000000000000        0.0000000000000000        0.0000000000000000        4.6249516949592666E-002   62.884224944520206        3.7377884012310223      -0.26242871113746952        0.0000000000000000        0.0000000000000000       0.35236089987966335        3.1184302271190290     
 THERM-A           4   2655.0308744676445        300.00000000000000        30.233290942215870        40.843000000000004        913.00069967133129        0.0000000000000000        0.0000000000000000        0.0000000000000000        0.0000000000000000        0.0000000000000000        0.0000000000000000        0.0000000000000000        0.0000000000000000        0.0000000000000000        0.0000000000000000        0.0000000000000000       0.23983986223944562        11.016003254441788        3.4117771452749097      -0.19049506819309442        0.0000000000000000        0.0000000000000000       0.34387573736007698        3.0433356655711044     
 THERM-A           5   2655.0308744676445        300.00000000000000        33.242779220959349        44.527999999999999        768.60281578016259        0.0000000000000000        0.0000000000000000        0.0000000000000000        0.0000000000000000        0.0000000000000000        0.0000000000000000        0.0000000000000000        0.0000000000000000        0.0000000000000000        0.0000000000000000        0.0000000000000000        1.1954150735621414       0.42567808139762231       0.54285014956931521        3.9989070207338939E-002   0.0000000000000000        0.0000000000000000       0.28948921956859497        2.5620093859338753     
 THERM-A           6   2655.0308744676445        300.00000000000000        32.304712689081477        43.564000000000000        878.09003811011132        0.0000000000000000        0.0000000000000000        0.0000000000000000        0.0000000000000000        0.0000000000000000        0.0000000000000000        0.0000000000000000        0.0000000000000000        0.0000000000000000        0.0000000000000000        0.0000000000000000       0.10769355048691361        26.164842094212812        4.3156814309122087      -0.24030178769889193        0.0000000000000000        0.0000000000000000       0.33072686519556033        2.9269667937003709     
 THERM-A           7   2655.0308744676445        300.00000000000000        62.676000000000002        62.676000000000002        812.21226999999999        0.0000000000000000        0.0000000000000000        0.0000000000000000        0.0000000000000000        0.0000000000000000        0.0000000000000000        0.0000000000000000        0.0000000000000000        0.0000000000000000        0.0000000000000000        0.0000000000000000       0.78477002338796853        3.4384699968278674        2.5044999766120317       -3.0657040611442456E-002   0.0000000000000000        0.0000000000000000       0.30591443504884108        2.7073742333333333     
 THERM-A           8   2655.0308744676445        300.00000000000000        65.941000000000003        65.941000000000003        677.91886000000000        0.0000000000000000        0.0000000000000000        0.0000000000000000        0.0000000000000000        0.0000000000000000        0.0000000000000000        0.0000000000000000        0.0000000000000000        0.0000000000000000        0.0000000000000000        0.0000000000000000       0.71440002129077917        3.4384699884391101        1.0822799787092205       -3.4650975603675083E-002   0.0000000000000000        0.0000000000000000       0.25533370120824989        2.2597295333333332     
 THERM-A           9   2655.0308744676445        300.00000000000000        59.140000000000001        59.140000000000001        788.01368000000002        0.0000000000000000        0.0000000000000000        0.0000000000000000        0.0000000000000000        0.0000000000000000        0.0000000000000000        0.0000000000000000        0.0000000000000000        0.0000000000000000        0.0000000000000000        0.0000000000000000       0.78477002338796853        3.4384699968278674        2.3927199766120317       -3.2936487293925724E-002   0.0000000000000000        0.0000000000000000       0.29680019452052636        2.6267122666666669     
 THERM-A          10   2655.0308744676445        300.00000000000000        68.054000000000002        68.054000000000002        744.48915000000000        0.0000000000000000        0.0000000000000000        0.0000000000000000        0.0000000000000000        0.0000000000000000        0.0000000000000000        0.0000000000000000        0.0000000000000000        0.0000000000000000        0.0000000000000000        0.0000000000000000       0.78477002338796853        3.4384699968278674        1.3520199766120315       -3.2234462875992111E-002   0.0000000000000000        0.0000000000000000       0.28040696519179881        2.4816305000000001     
 THERM-A          11   2655.0308744676445        300.00000000000000        42.888562913950729        60.759999999999998        1200.5320609821970        0.0000000000000000        0.0000000000000000        0.0000000000000000        0.0000000000000000        0.0000000000000000        0.0000000000000000        0.0000000000000000        0.0000000000000000        0.0000000000000000        0.0000000000000000        0.0000000000000000        1.0308233118903842       0.26607209009919985        1.4204029653731005        3.5230539980173316E-002   0.0000000000000000        0.0000000000000000       0.45217254252190703        4.0017735366073230     
 THERM-A          12   2655.0308744676445        300.00000000000000        45.048737183478856        63.854129999999998        1008.0015797023818        0.0000000000000000        0.0000000000000000        0.0000000000000000        0.0000000000000000        0.0000000000000000        0.0000000000000000        0.0000000000000000        0.0000000000000000        0.0000000000000000        0.0000000000000000        0.0000000000000000        1.0306780092211709       0.26605784564152019       0.67011932275022801        2.1399023333913289E-002   0.0000000000000000        0.0000000000000000       0.37965719698250006        3.3600052656746060     
 THERM-A          13   2655.0308744676445        300.00000000000000        44.329490125350581        66.039000000000001        1128.4841590551214        0.0000000000000000        0.0000000000000000        0.0000000000000000        0.0000000000000000        0.0000000000000000        0.0000000000000000        0.0000000000000000        0.0000000000000000        0.0000000000000000        0.0000000000000000        0.0000000000000000       0.84993711181120635       0.30422323725976652       0.84456028581498976        8.1781199288650675E-003   0.0000000000000000        0.0000000000000000       0.42503617186048420        3.7616138635170713     
 THERM-A          14   2655.0308744676445        300.00000000000000        45.960381257688738        67.867000000000004        989.88567340321447        0.0000000000000000        0.0000000000000000        0.0000000000000000        0.0000000000000000        0.0000000000000000        0.0000000000000000        0.0000000000000000        0.0000000000000000        0.0000000000000000        0.0000000000000000        0.0000000000000000       0.81725696932026426       0.30230195344925509       0.86104314260314019        5.6225162269551276E-003   0.0000000000000000        0.0000000000000000       0.37283395945506459        3.2996189113440484     
 THERM-A          15   2655.0308744676445        300.00000000000000        41.992668140778861        62.500000000000000        1160.7672209982177        0.0000000000000000        0.0000000000000000        0.0000000000000000        0.0000000000000000        0.0000000000000000        0.0000000000000000        0.0000000000000000        0.0000000000000000        0.0000000000000000        0.0000000000000000        0.0000000000000000       0.85017618614896517       0.30465940328394958        1.1412890891234109        1.1237471457336719E-002   0.0000000000000000        0.0000000000000000       0.43719537582814777        3.8692240699940590     
 THERM-A          16   2655.0308744676445        300.00000000000000        42.564075336838265        63.573999999999998        1085.9606148602174        0.0000000000000000        0.0000000000000000        0.0000000000000000        0.0000000000000000        0.0000000000000000        0.0000000000000000        0.0000000000000000        0.0000000000000000        0.0000000000000000        0.0000000000000000        0.0000000000000000       0.69235865847557221       0.29760454541820819        1.7385548571133440       -1.9062827453311289E-003   0.0000000000000000        0.0000000000000000       0.40901995728315643        3.6198687162007248     
 THERM-A          17   2655.0308744676445        300.00000000000000        39.520149034993814        60.508000000000003        1048.9756048452023        0.0000000000000000        0.0000000000000000        0.0000000000000000        0.0000000000000000        0.0000000000000000        0.0000000000000000        0.0000000000000000        0.0000000000000000        0.0000000000000000        0.0000000000000000        0.0000000000000000       0.35114566565391153        2.6875346591541796        2.6354102203181657       -7.1567504369240309E-002   0.0000000000000000        0.0000000000000000       0.39508979535144972        3.4965853494840076     
 THERM-A          18   2655.0308744676445        300.00000000000000        42.653967833443964        64.605999999999995        972.84123598037195        0.0000000000000000        0.0000000000000000        0.0000000000000000        0.0000000000000000        0.0000000000000000        0.0000000000000000        0.0000000000000000        0.0000000000000000        0.0000000000000000        0.0000000000000000        0.0000000000000000       0.64722861665391707       0.30083466956108690        1.7942785967023274       -6.7901111135642385E-003   0.0000000000000000        0.0000000000000000       0.36641428366645062        3.2428041199345730     
 THERM-A          19   2655.0308744676445        300.00000000000000        24.534143755821585        39.901000000000003        1098.7994355159501        0.0000000000000000        0.0000000000000000        0.0000000000000000        0.0000000000000000        0.0000000000000000        0.0000000000000000        0.0000000000000000        0.0000000000000000        0.0000000000000000        0.0000000000000000        0.0000000000000000       0.77542375657220597       0.39141369907322543        1.1027696026620282        4.2806517851129156E-003   0.0000000000000000        0.0000000000000000       0.41385561504487905        3.6626647850531668     
 THERM-A          20   2655.0308744676445        300.00000000000000        23.791968950504657        40.271999999999998        1064.0427469067470        0.0000000000000000        0.0000000000000000        0.0000000000000000        0.0000000000000000        0.0000000000000000        0.0000000000000000        0.0000000000000000        0.0000000000000000        0.0000000000000000        0.0000000000000000        0.0000000000000000       0.67900541076603027       0.39744381520748878       0.83045277029540820       -9.7771195625725778E-003   0.0000000000000000        0.0000000000000000       0.40076473578488847        3.5468091563558231     
 THERM-A          21   2655.0308744676445        300.00000000000000        80.018280670367716        113.08000000000000        1098.2697736505093        0.0000000000000000        0.0000000000000000        0.0000000000000000        0.0000000000000000        0.0000000000000000        0.0000000000000000        0.0000000000000000        0.0000000000000000        0.0000000000000000        0.0000000000000000        0.0000000000000000       0.70089788797874786       0.81238289876428160        1.0776789713204220       -5.5941193823406685E-003   0.0000000000000000        0.0000000000000000       0.41365612137023505        3.6608992455016973     
 THERM-A          22   2655.0308744676445        300.00000000000000        84.187581530204312        115.43000000000001        981.77249353139996        0.0000000000000000        0.0000000000000000        0.0000000000000000        0.0000000000000000        0.0000000000000000        0.0000000000000000        0.0000000000000000        0.0000000000000000        0.0000000000000000        0.0000000000000000        0.0000000000000000       0.76041408463827076       0.80367475485573892        1.9824919511756025       -1.1503478730515238E-003   0.0000000000000000        0.0000000000000000       0.36977818336227575        3.2725749784380000     
 THERM-A          23   2655.0308744676445        300.00000000000000        87.213826949400840        125.12000000000000        1098.2123531859099        0.0000000000000000        0.0000000000000000        0.0000000000000000        0.0000000000000000        0.0000000000000000        0.0000000000000000        0.0000000000000000        0.0000000000000000        0.0000000000000000        0.0000000000000000        0.0000000000000000       0.61513255015527391        1.2599582125387869        2.5073554407115095       -1.2576798708819356E-002   0.0000000000000000        0.0000000000000000       0.41363449432809724        3.6607078439530332     
 THERM-A          24   2655.0308744676445        300.00000000000000        80.600674420294240        114.32400000000000        1082.2180872449012        0.0000000000000000        0.0000000000000000        0.0000000000000000        0.0000000000000000        0.0000000000000000        0.0000000000000000        0.0000000000000000        0.0000000000000000        0.0000000000000000        0.0000000000000000        0.0000000000000000       0.64248915882923197       0.96658396616627995        1.1935468140086081       -8.8063945363701622E-003   0.0000000000000000        0.0000000000000000       0.40761035875407470        3.6073936241496707     
 THERM-A          25   2655.0308744676445        300.00000000000000        81.911896330595354        110.84200000000000        1219.2583432719496        0.0000000000000000        0.0000000000000000        0.0000000000000000        0.0000000000000000        0.0000000000000000        0.0000000000000000        0.0000000000000000        0.0000000000000000        0.0000000000000000        0.0000000000000000        0.0000000000000000        1.1608229610891287       0.31717928244929250        1.5265650676627205        2.7929890120523930E-002   0.0000000000000000        0.0000000000000000       0.45922567417089677        4.0641944775731655     
 THERM-A          26   2655.0308744676445        300.00000000000000        93.561917702685861        131.99000000000001        1009.4607562138967        0.0000000000000000        0.0000000000000000        0.0000000000000000        0.0000000000000000        0.0000000000000000        0.0000000000000000        0.0000000000000000        0.0000000000000000        0.0000000000000000        0.0000000000000000        0.0000000000000000       0.72588941040343535       0.78717214080357956        2.6790471939000264       -1.7966785266020713E-003   0.0000000000000000        0.0000000000000000       0.38020678626432242        3.3648691873796559     
 THERM-A          27   2655.0308744676445        300.00000000000000        84.120789735613300        118.71599999999999        1109.2713582800482        0.0000000000000000        0.0000000000000000        0.0000000000000000        0.0000000000000000        0.0000000000000000        0.0000000000000000        0.0000000000000000        0.0000000000000000        0.0000000000000000        0.0000000000000000        0.0000000000000000       0.88895755114976249       0.67069537329035567        1.7174415930588440        6.6872612717746981E-003   0.0000000000000000        0.0000000000000000       0.41779979620857183        3.6975711942668270     
 THERM-A          28   2655.0308744676445        300.00000000000000        20.862074098434888        27.449999999999999        1269.9958650841884        0.0000000000000000        0.0000000000000000        0.0000000000000000        0.0000000000000000        0.0000000000000000        0.0000000000000000        0.0000000000000000        0.0000000000000000        0.0000000000000000        0.0000000000000000        0.0000000000000000        1.5028553909643867       0.74263179381011402       0.35456441756863377        9.5399846399195215E-002   0.0000000000000000        0.0000000000000000       0.47833562965207815        4.2333195502806280     
 THERM-A          29   2655.0308744676445        300.00000000000000        29.030394794125712        43.603000000000002        1072.6257078342064        0.0000000000000000        0.0000000000000000        0.0000000000000000        0.0000000000000000        0.0000000000000000        0.0000000000000000        0.0000000000000000        0.0000000000000000        0.0000000000000000        0.0000000000000000        0.0000000000000000       0.46826151528641391        1.9049421420498933        2.7549385808855855       -7.4784039998482738E-002   0.0000000000000000        0.0000000000000000       0.40399745183726976        3.5754190261140213     
 THERM-A          30   2655.0308744676445        300.00000000000000        31.980968431018358        46.289999999999999        794.13510834405258        0.0000000000000000        0.0000000000000000        0.0000000000000000        0.0000000000000000        0.0000000000000000        0.0000000000000000        0.0000000000000000        0.0000000000000000        0.0000000000000000        0.0000000000000000        0.0000000000000000       0.35514123282421317        4.2311040956805428        2.3734019016811034      -0.10014270754864066        0.0000000000000000        0.0000000000000000       0.29910579043766605        2.6471170278135085     
 THERM-A          31   2655.0308744676445        300.00000000000000        28.597687345284825        40.515000000000001        1157.6884626487583        0.0000000000000000        0.0000000000000000        0.0000000000000000        0.0000000000000000        0.0000000000000000        0.0000000000000000        0.0000000000000000        0.0000000000000000        0.0000000000000000        0.0000000000000000        0.0000000000000000       0.66860411357402649        1.3879273465238073        2.5577345748843263       -3.2012111007169157E-002   0.0000000000000000        0.0000000000000000       0.43603578164825840        3.8589615421625276     
 THERM-A          32   2655.0308744676445        300.00000000000000        30.194473673880392        42.799999999999997        868.55727746612490        0.0000000000000000        0.0000000000000000        0.0000000000000000        0.0000000000000000        0.0000000000000000        0.0000000000000000        0.0000000000000000        0.0000000000000000        0.0000000000000000        0.0000000000000000        0.0000000000000000       0.66810998835466306        1.3874683719923251        1.1721569558820240       -3.0524438566240771E-002   0.0000000000000000        0.0000000000000000       0.32713641329699333        2.8951909248870829     
 THERM-A          33   2655.0308744676445        300.00000000000000        28.423726996705788        39.493000000000002        1143.4721144190505        0.0000000000000000        0.0000000000000000        0.0000000000000000        0.0000000000000000        0.0000000000000000        0.0000000000000000        0.0000000000000000        0.0000000000000000        0.0000000000000000        0.0000000000000000        0.0000000000000000       0.56413728229674098        1.9801363098774134        2.5699985625732671       -6.1911334348703190E-002   0.0000000000000000        0.0000000000000000       0.43068128714259341        3.8115737147301685     
 THERM-A          34   2655.0308744676445        300.00000000000000        31.022366111019164        41.859999999999999        864.90485409865516        0.0000000000000000        0.0000000000000000        0.0000000000000000        0.0000000000000000        0.0000000000000000        0.0000000000000000        0.0000000000000000        0.0000000000000000        0.0000000000000000        0.0000000000000000        0.0000000000000000       0.71877830522799357        1.5663295115017588        1.8454992728231110       -2.7676366253633157E-002   0.0000000000000000        0.0000000000000000       0.32576075194307325        2.8830161803288505     
 THERM-A          35   2655.0308744676445        300.00000000000000        19.988374668057240        26.353999999999999        1200.1166153891918        0.0000000000000000        0.0000000000000000        0.0000000000000000        0.0000000000000000        0.0000000000000000        0.0000000000000000        0.0000000000000000        0.0000000000000000        0.0000000000000000        0.0000000000000000        0.0000000000000000       0.72789455980482187        1.5061391889420652        3.2503586468927272       -3.0475242545207892E-002   0.0000000000000000        0.0000000000000000       0.45201606765865765        4.0003887179639728     
 THERM-A          36   2655.0308744676445        300.00000000000000        20.368886797426207        26.853999999999999        982.98015435993022        0.0000000000000000        0.0000000000000000        0.0000000000000000        0.0000000000000000        0.0000000000000000        0.0000000000000000        0.0000000000000000        0.0000000000000000        0.0000000000000000        0.0000000000000000        0.0000000000000000       0.72796365665772167        1.5062148609961896        3.4517214453294258       -2.8674400773237033E-002   0.0000000000000000        0.0000000000000000       0.37023304090843229        3.2766005145331007     
 THERM-A          37   2655.0308744676445        300.00000000000000        19.467874877070056        25.577000000000002        1254.4825370165752        0.0000000000000000        0.0000000000000000        0.0000000000000000        0.0000000000000000        0.0000000000000000        0.0000000000000000        0.0000000000000000        0.0000000000000000        0.0000000000000000        0.0000000000000000        0.0000000000000000       0.92798638078942774       0.92375658426458418        2.3741148435923174        4.4615789007940200E-002   0.0000000000000000        0.0000000000000000       0.47249263618002529        4.1816084567219169     
 THERM-A          38   2655.0308744676445        300.00000000000000        22.301369143996940        30.286999999999999        954.64833637531899        0.0000000000000000        0.0000000000000000        0.0000000000000000        0.0000000000000000        0.0000000000000000        0.0000000000000000        0.0000000000000000        0.0000000000000000        0.0000000000000000        0.0000000000000000        0.0000000000000000        1.0034852104767205        1.0191811707662339       0.48744174942033980       -8.2459585493710463E-004   0.0000000000000000        0.0000000000000000       0.35956204711432360        3.1821611212510632     
 THERM-A          39   2655.0308744676445        300.00000000000000        21.631709881328099        28.904000000000000        990.05998981619337        0.0000000000000000        0.0000000000000000        0.0000000000000000        0.0000000000000000        0.0000000000000000        0.0000000000000000        0.0000000000000000        0.0000000000000000        0.0000000000000000        0.0000000000000000        0.0000000000000000       0.68064191003749930        1.5724570871120296        2.5914722187041832       -4.5249457855111135E-002   0.0000000000000000        0.0000000000000000       0.37289961459100113        3.3001999660539778     
 THERM-A          40   2655.0308744676445        300.00000000000000        18.852182531699523        24.445000000000000        1285.9099401072970        0.0000000000000000        0.0000000000000000        0.0000000000000000        0.0000000000000000        0.0000000000000000        0.0000000000000000        0.0000000000000000        0.0000000000000000        0.0000000000000000        0.0000000000000000        0.0000000000000000        1.2849392456448312       0.60069514777123600       0.89484710080646845       0.10203313768751557        0.0000000000000000        0.0000000000000000       0.48432956184177423        4.2863664670243233     
 THERM-A          41   2655.0308744676445        300.00000000000000        19.717178806826205        25.321000000000002        1053.0328487489155        0.0000000000000000        0.0000000000000000        0.0000000000000000        0.0000000000000000        0.0000000000000000        0.0000000000000000        0.0000000000000000        0.0000000000000000        0.0000000000000000        0.0000000000000000        0.0000000000000000        1.2924550805801214       0.60765651869738813        1.2125180358443053       0.11917513176849184        0.0000000000000000        0.0000000000000000       0.39661792971053766        3.5101094958297185     
 THERM-A          42   2655.0308744676445        300.00000000000000        19.106450630178962        24.943999999999999        1243.7739594408044        0.0000000000000000        0.0000000000000000        0.0000000000000000        0.0000000000000000        0.0000000000000000        0.0000000000000000        0.0000000000000000        0.0000000000000000        0.0000000000000000        0.0000000000000000        0.0000000000000000        1.2797145634210008       0.59584911622589798        1.3061077971590493       0.12602806256338592        0.0000000000000000        0.0000000000000000       0.46845932053057249        4.1459131981360144     
 THERM-A          43   2655.0308744676445        300.00000000000000        21.897735200367755        29.576789999999999        980.96325161350853        0.0000000000000000        0.0000000000000000        0.0000000000000000        0.0000000000000000        0.0000000000000000        0.0000000000000000        0.0000000000000000        0.0000000000000000        0.0000000000000000        0.0000000000000000        0.0000000000000000        1.2545540646042423       0.57243572478168192       0.97402866793693099        8.6865590510497720E-002   0.0000000000000000        0.0000000000000000       0.36947338769090576        3.2698775053783620     
 THERM-A          44   2655.0308744676445        300.00000000000000        20.404615077548129        27.520900000000001        1150.0468831682372        0.0000000000000000        0.0000000000000000        0.0000000000000000        0.0000000000000000        0.0000000000000000        0.0000000000000000        0.0000000000000000        0.0000000000000000        0.0000000000000000        0.0000000000000000        0.0000000000000000        1.2555766183154513       0.57338969943478069        2.0517471380027907       0.15562640227212335        0.0000000000000000        0.0000000000000000       0.43315763075592523        3.8334896105607905     
 THERM-A          45   2655.0308744676445        300.00000000000000        20.420018776472148        27.090000000000000        1120.3468464758046        0.0000000000000000        0.0000000000000000        0.0000000000000000        0.0000000000000000        0.0000000000000000        0.0000000000000000        0.0000000000000000        0.0000000000000000        0.0000000000000000        0.0000000000000000        0.0000000000000000        1.2676552622265105       0.58464282493213326        1.6495881904698046       0.13542271321697999        0.0000000000000000        0.0000000000000000       0.42197130634137853        3.7344894882526818     
 THERM-A          46   2655.0308744676445        300.00000000000000        21.672314805797157        28.189000000000000        1096.0937413443817        0.0000000000000000        0.0000000000000000        0.0000000000000000        0.0000000000000000        0.0000000000000000        0.0000000000000000        0.0000000000000000        0.0000000000000000        0.0000000000000000        0.0000000000000000        0.0000000000000000        1.2825537359721113       0.59848321116305914        1.6924574591440060       0.13367075926455432        0.0000000000000000        0.0000000000000000       0.41283653304564960        3.6536458044812723     
 THERM-A          47   2655.0308744676445        300.00000000000000        18.461255234571052        24.110800000000001        1341.9348775673614        0.0000000000000000        0.0000000000000000        0.0000000000000000        0.0000000000000000        0.0000000000000000        0.0000000000000000        0.0000000000000000        0.0000000000000000        0.0000000000000000        0.0000000000000000        0.0000000000000000        1.1773386850821494       0.87518323229885853       0.93796016793767834        6.1212558307506985E-002   0.0000000000000000        0.0000000000000000       0.50543098781720586        4.4731162585578712     
 THERM-A          48   2655.0308744676445        300.00000000000000        19.358470336565613        25.296340000000001        1109.5579128193149        0.0000000000000000        0.0000000000000000        0.0000000000000000        0.0000000000000000        0.0000000000000000        0.0000000000000000        0.0000000000000000        0.0000000000000000        0.0000000000000000        0.0000000000000000        0.0000000000000000        1.1767786203084292       0.87412771566652447        1.2198541511847165        7.3169370823533086E-002   0.0000000000000000        0.0000000000000000       0.41790772510010465        3.6985263760643829     
 THERM-A          49   2655.0308744676445        300.00000000000000        18.831520962856683        24.500000000000000        1133.9217325357547        0.0000000000000000        0.0000000000000000        0.0000000000000000        0.0000000000000000        0.0000000000000000        0.0000000000000000        0.0000000000000000        0.0000000000000000        0.0000000000000000        0.0000000000000000        0.0000000000000000        1.3431407936924515       0.89244001976108200        1.5127028789535790       0.14152526082263311        0.0000000000000000        0.0000000000000000       0.42708419831958278        3.7797391084525156     
 THERM-A          50   2655.0308744676445        300.00000000000000        19.851187845926052        27.688440000000000        1058.2503263495555        0.0000000000000000        0.0000000000000000        0.0000000000000000        0.0000000000000000        0.0000000000000000        0.0000000000000000        0.0000000000000000        0.0000000000000000        0.0000000000000000        0.0000000000000000        0.0000000000000000        1.1158570915903587       0.75979319329747486        1.5962412490114757        8.0029288188026196E-002   0.0000000000000000        0.0000000000000000       0.39858305849710446        3.5275010878318516     
 THERM-A          51   2655.0308744676445        300.00000000000000        20.592023509520708        26.949000000000002        1090.8831479557102        0.0000000000000000        0.0000000000000000        0.0000000000000000        0.0000000000000000        0.0000000000000000        0.0000000000000000        0.0000000000000000        0.0000000000000000        0.0000000000000000        0.0000000000000000        0.0000000000000000        1.1752261596404565       0.87120228977714553        2.1179711640914363       0.11294245056837737        0.0000000000000000        0.0000000000000000       0.41087399715245920        3.6362771598523675     
 THERM-A          52   2655.0308744676445        300.00000000000000        27.026616128841287        36.134999999999998        1243.2929894877457        0.0000000000000000        0.0000000000000000        0.0000000000000000        0.0000000000000000        0.0000000000000000        0.0000000000000000        0.0000000000000000        0.0000000000000000        0.0000000000000000        0.0000000000000000        0.0000000000000000        1.2476577245426694       0.61788962790265534       0.63920864813299283        5.2599633064575969E-002   0.0000000000000000        0.0000000000000000       0.46827816634600761        4.1443099649591524     
 THERM-A          53   2655.0308744676445        300.00000000000000        27.827251411254544        37.216000000000001        1071.8162894948803        0.0000000000000000        0.0000000000000000        0.0000000000000000        0.0000000000000000        0.0000000000000000        0.0000000000000000        0.0000000000000000        0.0000000000000000        0.0000000000000000        0.0000000000000000        0.0000000000000000        1.2474394590402631       0.61763961771095266        1.4043071451163480        8.2999802054263744E-002   0.0000000000000000        0.0000000000000000       0.40369258971792116        3.5727209649829343     
 THERM-A          54   2655.0308744676445        300.00000000000000        27.297711723213812        36.270000000000003        1053.3608204738127        0.0000000000000000        0.0000000000000000        0.0000000000000000        0.0000000000000000        0.0000000000000000        0.0000000000000000        0.0000000000000000        0.0000000000000000        0.0000000000000000        0.0000000000000000        0.0000000000000000        1.2525082790032798       0.62344963419308308       0.89612035378842503        6.3618378538477557E-002   0.0000000000000000        0.0000000000000000       0.39674145811393635        3.5112027349127093     
 THERM-A          55   2655.0308744676445        300.00000000000000        29.842070422067128        41.701999999999998        879.72270043846618        0.0000000000000000        0.0000000000000000        0.0000000000000000        0.0000000000000000        0.0000000000000000        0.0000000000000000        0.0000000000000000        0.0000000000000000        0.0000000000000000        0.0000000000000000        0.0000000000000000        1.3183609895553283       0.52210161934687571       0.43271792638276985        5.3415122743799295E-002   0.0000000000000000        0.0000000000000000       0.33134179677472031        2.9324090014615538     
 THERM-A          56   2655.0308744676445        300.00000000000000        28.589035536689899        39.420999999999999        1064.9665516654038        0.0000000000000000        0.0000000000000000        0.0000000000000000        0.0000000000000000        0.0000000000000000        0.0000000000000000        0.0000000000000000        0.0000000000000000        0.0000000000000000        0.0000000000000000        0.0000000000000000        1.2246134647646365       0.59157874690388079        1.0012547400307479        6.1540258531365744E-002   0.0000000000000000        0.0000000000000000       0.40111268080034601        3.5498885055513458     
 THERM-A          57   2655.0308744676445        300.00000000000000        81.840015923185021        109.88300000000000        1262.7895175834401        0.0000000000000000        0.0000000000000000        0.0000000000000000        0.0000000000000000        0.0000000000000000        0.0000000000000000        0.0000000000000000        0.0000000000000000        0.0000000000000000        0.0000000000000000        0.0000000000000000        1.1452868482669414       0.57608691086474839        1.2162867408346838        1.9560219267628874E-002   0.0000000000000000        0.0000000000000000       0.47562140603605590        4.2092983919448006     
 THERM-A          58   2655.0308744676445        300.00000000000000        83.437877574922865        112.04500000000000        1145.8701476338374        0.0000000000000000        0.0000000000000000        0.0000000000000000        0.0000000000000000        0.0000000000000000        0.0000000000000000        0.0000000000000000        0.0000000000000000        0.0000000000000000        0.0000000000000000        0.0000000000000000        1.1451889814731735       0.57595042119368323        1.7763289902789601        2.5605287385040330E-002   0.0000000000000000        0.0000000000000000       0.43158449065628807        3.8195671587794582     
 THERM-A          59   2655.0308744676445        300.00000000000000        81.497643596722170        109.40100000000000        1229.7812804873165        0.0000000000000000        0.0000000000000000        0.0000000000000000        0.0000000000000000        0.0000000000000000        0.0000000000000000        0.0000000000000000        0.0000000000000000        0.0000000000000000        0.0000000000000000        0.0000000000000000        1.1454214235875819       0.57627460666979591        1.5448225833734848        2.3508124962326016E-002   0.0000000000000000        0.0000000000000000       0.46318906959373790        4.0992709349577217     
 THERM-A          60   2655.0308744676445        300.00000000000000        31.446357480118298        44.975999999999999        1177.8899878585241        0.0000000000000000        0.0000000000000000        0.0000000000000000        0.0000000000000000        0.0000000000000000        0.0000000000000000        0.0000000000000000        0.0000000000000000        0.0000000000000000        0.0000000000000000        0.0000000000000000        1.0070172980227026       0.66611447623355002        1.7619358375275038        3.8606727357756332E-002   0.0000000000000000        0.0000000000000000       0.44364455388666646        3.9262999595284138     
 THERM-A          61   2655.0308744676445        300.00000000000000        34.359469479360037        49.024000000000001        650.84617002311688        0.0000000000000000        0.0000000000000000        0.0000000000000000        0.0000000000000000        0.0000000000000000        0.0000000000000000        0.0000000000000000        0.0000000000000000        0.0000000000000000        0.0000000000000000        0.0000000000000000        1.0086414960040784       0.66933886795911379        3.5295599024676383E-002   1.1314903315458973E-003   0.0000000000000000        0.0000000000000000       0.24513694973645717        2.1694872334103894     
 THERM-A          62   2655.0308744676445        300.00000000000000        31.841690808088710        43.399700000000003        717.01395345063816        0.0000000000000000        0.0000000000000000        0.0000000000000000        0.0000000000000000        0.0000000000000000        0.0000000000000000        0.0000000000000000        0.0000000000000000        0.0000000000000000        0.0000000000000000        0.0000000000000000        1.0415332183806336       0.73465952253046907      -0.11094017913151577       -2.1191067179653356E-003   0.0000000000000000        0.0000000000000000       0.27005861225414390        2.3900465115021272     
 THERM-A          63   2655.0308744676445        300.00000000000000        31.752572402293154        45.420000000000002        1137.7245684328716        0.0000000000000000        0.0000000000000000        0.0000000000000000        0.0000000000000000        0.0000000000000000        0.0000000000000000        0.0000000000000000        0.0000000000000000        0.0000000000000000        0.0000000000000000        0.0000000000000000        1.0069281412032094       0.66593748356874438       0.52760655919469923        1.1770221372595004E-002   0.0000000000000000        0.0000000000000000       0.42851651156824860        3.7924152281095718     
 THERM-A          64   2655.0308744676445        300.00000000000000        33.242779220959349        44.527999999999999        768.60281578016259        0.0000000000000000        0.0000000000000000        0.0000000000000000        0.0000000000000000        0.0000000000000000        0.0000000000000000        0.0000000000000000        0.0000000000000000        0.0000000000000000        0.0000000000000000        0.0000000000000000        1.1954150735621414       0.42567808139762231       0.54285014956931521        3.9989070207338939E-002   0.0000000000000000        0.0000000000000000       0.28948921956859497        2.5620093859338753     
 THERM-A          65   2655.0308744676445        300.00000000000000        16.470297800878278        22.421050000000001        875.03494952567803        0.0000000000000000        0.0000000000000000        0.0000000000000000        0.0000000000000000        0.0000000000000000        0.0000000000000000        0.0000000000000000        0.0000000000000000        0.0000000000000000        0.0000000000000000        0.0000000000000000       -1.9924990141596127E-002   4.6256174254615186        3.6572405016204517      -0.29765919754357428        0.0000000000000000        0.0000000000000000       0.32957618607773431        2.9167831650855933     
 THERM-A          66   2655.0308744676445        300.00000000000000        11.112321911869717        20.657000000000000        982.46568149949314        0.0000000000000000        0.0000000000000000        0.0000000000000000        0.0000000000000000        0.0000000000000000        0.0000000000000000        0.0000000000000000        0.0000000000000000        0.0000000000000000        0.0000000000000000        0.0000000000000000        5.7965277468770234E-002   9.3176367053013660        5.4685946040944584      -0.65406212606292335        0.0000000000000000        0.0000000000000000       0.37003926807310128        3.2748856049983104     
 THERM-A          67   2655.0308744676445        300.00000000000000        11.091566686702043        14.016999999999999        1475.6737758860872        0.0000000000000000        0.0000000000000000        0.0000000000000000        0.0000000000000000        0.0000000000000000        0.0000000000000000        0.0000000000000000        0.0000000000000000        0.0000000000000000        0.0000000000000000        0.0000000000000000        1.0643256711044216        1.2012896415100953        4.1778217244836089       0.26061336537747559        0.0000000000000000        0.0000000000000000       0.55580286846267724        4.9189125862869574     
 THERM-A          68   2655.0308744676445        300.00000000000000        10.934245671405224        13.670000000000000        1507.8521632699319        0.0000000000000000        0.0000000000000000        0.0000000000000000        0.0000000000000000        0.0000000000000000        0.0000000000000000        0.0000000000000000        0.0000000000000000        0.0000000000000000        0.0000000000000000        0.0000000000000000        1.0783694817900025        1.2305174584873213        3.5777031740875054       0.22926901107057179        0.0000000000000000        0.0000000000000000       0.56792264744276044        5.0261738775664400     
 THERM-A          69   2655.0308744676445        300.00000000000000        30.778301661764612        44.226999999999997        1261.1166333641579        0.0000000000000000        0.0000000000000000        0.0000000000000000        0.0000000000000000        0.0000000000000000        0.0000000000000000        0.0000000000000000        0.0000000000000000        0.0000000000000000        0.0000000000000000        0.0000000000000000       0.70904124220338904       0.53320610061974671        2.7595140282066355       -2.7327090900674169E-003   0.0000000000000000        0.0000000000000000       0.47499132514495607        4.2037221112138594     
 THERM-A          70   2655.0308744676445        300.00000000000000        28.325419399206563        53.868400000000001        1050.5394356782197        0.0000000000000000        0.0000000000000000        0.0000000000000000        0.0000000000000000        0.0000000000000000        0.0000000000000000        0.0000000000000000        0.0000000000000000        0.0000000000000000        0.0000000000000000        0.0000000000000000       0.41857510012707833       0.70675956169439380        1.1407750168240047       -3.7759555103152029E-002   0.0000000000000000        0.0000000000000000       0.39567880199843680        3.5017981189273990     
 THERM-A          71   2655.0308744676445        300.00000000000000        5.3003776428856124        7.0930000000000000        613.47569346703654        0.0000000000000000        0.0000000000000000        0.0000000000000000        0.0000000000000000        0.0000000000000000        0.0000000000000000        0.0000000000000000        0.0000000000000000        0.0000000000000000        0.0000000000000000        0.0000000000000000        1.3348437732101825       0.63748906876928579        3.4006761887683288        1.0333949362903261        0.0000000000000000        0.0000000000000000       0.23106160435518230        2.0449189782234551     
 THERM-A          72   2655.0308744676445        300.00000000000000        5.2358464826205990        6.9883499999999996        455.79777016490544        0.0000000000000000        0.0000000000000000        0.0000000000000000        0.0000000000000000        0.0000000000000000        0.0000000000000000        0.0000000000000000        0.0000000000000000        0.0000000000000000        0.0000000000000000        0.0000000000000000        1.4392919822333585       0.72608634054642329        3.3643615707851708        1.2181025759886785        0.0000000000000000        0.0000000000000000       0.17167324664587813        1.5193259005496849     
 THERM-A          73   2655.0308744676445        300.00000000000000        4.9799961220547528        6.7651000000000003        666.63513204963351        0.0000000000000000        0.0000000000000000        0.0000000000000000        0.0000000000000000        0.0000000000000000        0.0000000000000000        0.0000000000000000        0.0000000000000000        0.0000000000000000        0.0000000000000000        0.0000000000000000        1.5897288553536055       0.82926430550320351        1.9921583907249405        1.0631140181696268        0.0000000000000000        0.0000000000000000       0.25108375893493118        2.2221171068321115     
 THERM-A           1   2704.5479330693670        300.00000000000000        66.015954396648283        100.61000000000000        857.90992877614542        0.0000000000000000        0.0000000000000000        0.0000000000000000        0.0000000000000000        0.0000000000000000        0.0000000000000000        0.0000000000000000        0.0000000000000000        0.0000000000000000        0.0000000000000000        0.0000000000000000       0.22242888634808725        1.8834648886513525        2.5163805243893846       -4.3206256991624843E-002   0.0000000000000000        0.0000000000000000       0.31721010313265596        2.8596997625871512     
 THERM-A           2   2704.5479330693670        300.00000000000000        100.45200000000000        100.45200000000000        719.08309999999994        0.0000000000000000        0.0000000000000000        0.0000000000000000        0.0000000000000000        0.0000000000000000        0.0000000000000000        0.0000000000000000        0.0000000000000000        0.0000000000000000        0.0000000000000000        0.0000000000000000       0.57877001724869015        1.0000000267748044        1.0295399827513099       -8.5762374933149900E-003   0.0000000000000000        0.0000000000000000       0.26587922188678648        2.3969436666666666     
 THERM-A           3   2704.5479330693670        300.00000000000000        28.559975658551792        39.762000000000000        935.86766988637362        0.0000000000000000        0.0000000000000000        0.0000000000000000        0.0000000000000000        0.0000000000000000        0.0000000000000000        0.0000000000000000        0.0000000000000000        0.0000000000000000        0.0000000000000000        0.0000000000000000        3.7920128980922152E-003   787.75690271207577        3.8508534419493654      -0.28352537923307430        0.0000000000000000        0.0000000000000000       0.34603478771561863        3.1195588996212456     
 THERM-A           4   2704.5479330693670        300.00000000000000        29.812074684657581        40.843000000000004        915.83922290528699        0.0000000000000000        0.0000000000000000        0.0000000000000000        0.0000000000000000        0.0000000000000000        0.0000000000000000        0.0000000000000000        0.0000000000000000        0.0000000000000000        0.0000000000000000        0.0000000000000000       0.20260122300505243        13.167462344242024        3.4949420110883715      -0.20459992130573440        0.0000000000000000        0.0000000000000000       0.33862931830751813        3.0527974096842900     
 THERM-A           5   2704.5479330693670        300.00000000000000        32.802954784721884        44.527999999999999        780.90312008344790        0.0000000000000000        0.0000000000000000        0.0000000000000000        0.0000000000000000        0.0000000000000000        0.0000000000000000        0.0000000000000000        0.0000000000000000        0.0000000000000000        0.0000000000000000        0.0000000000000000        1.1886778416376738       0.42299185715436272       0.52543002437131681        3.9227129928685572E-002   0.0000000000000000        0.0000000000000000       0.28873702349109709        2.6030104002781598     
 THERM-A           6   2704.5479330693670        300.00000000000000        31.894997974142846        43.564000000000000        879.09484858091184        0.0000000000000000        0.0000000000000000        0.0000000000000000        0.0000000000000000        0.0000000000000000        0.0000000000000000        0.0000000000000000        0.0000000000000000        0.0000000000000000        0.0000000000000000        0.0000000000000000        7.1393945723741761E-002   40.220789435805322        4.4176252180220130      -0.25759218537351686        0.0000000000000000        0.0000000000000000       0.32504317554587953        2.9303161619363727     
 THERM-A           7   2704.5479330693670        300.00000000000000        62.676000000000002        62.676000000000002        812.21226999999999        0.0000000000000000        0.0000000000000000        0.0000000000000000        0.0000000000000000        0.0000000000000000        0.0000000000000000        0.0000000000000000        0.0000000000000000        0.0000000000000000        0.0000000000000000        0.0000000000000000       0.78477002338796853        3.4384699968278674        2.5044999766120317       -3.0657040611442456E-002   0.0000000000000000        0.0000000000000000       0.30031350528819345        2.7073742333333333     
 THERM-A           8   2704.5479330693670        300.00000000000000        65.941000000000003        65.941000000000003        677.91886000000000        0.0000000000000000        0.0000000000000000        0.0000000000000000        0.0000000000000000        0.0000000000000000        0.0000000000000000        0.0000000000000000        0.0000000000000000        0.0000000000000000        0.0000000000000000        0.0000000000000000       0.71440002129077917        3.4384699884391101        1.0822799787092205       -3.4650975603675083E-002   0.0000000000000000        0.0000000000000000       0.25065884457467758        2.2597295333333332     
 THERM-A           9   2704.5479330693670        300.00000000000000        59.140000000000001        59.140000000000001        788.01368000000002        0.0000000000000000        0.0000000000000000        0.0000000000000000        0.0000000000000000        0.0000000000000000        0.0000000000000000        0.0000000000000000        0.0000000000000000        0.0000000000000000        0.0000000000000000        0.0000000000000000       0.78477002338796853        3.4384699968278674        2.3927199766120317       -3.2936487293925724E-002   0.0000000000000000        0.0000000000000000       0.29136613567269648        2.6267122666666669     
 THERM-A          10   2704.5479330693670        300.00000000000000        68.054000000000002        68.054000000000002        744.48915000000000        0.0000000000000000        0.0000000000000000        0.0000000000000000        0.0000000000000000        0.0000000000000000        0.0000000000000000        0.0000000000000000        0.0000000000000000        0.0000000000000000        0.0000000000000000        0.0000000000000000       0.78477002338796853        3.4384699968278674        1.3520199766120315       -3.2234462875992111E-002   0.0000000000000000        0.0000000000000000       0.27527304689145810        2.4816305000000001     
 THERM-A          11   2704.5479330693670        300.00000000000000        42.310041072326129        60.759999999999998        1217.4261931380861        0.0000000000000000        0.0000000000000000        0.0000000000000000        0.0000000000000000        0.0000000000000000        0.0000000000000000        0.0000000000000000        0.0000000000000000        0.0000000000000000        0.0000000000000000        0.0000000000000000        1.0271079919514798       0.26565246765577927        1.4001151803462257        3.4906351641470573E-002   0.0000000000000000        0.0000000000000000       0.45014036477306585        4.0580873104602873     
 THERM-A          12   2704.5479330693670        300.00000000000000        44.441806475562757        63.854129999999998        1022.1671374332871        0.0000000000000000        0.0000000000000000        0.0000000000000000        0.0000000000000000        0.0000000000000000        0.0000000000000000        0.0000000000000000        0.0000000000000000        0.0000000000000000        0.0000000000000000        0.0000000000000000        1.0269679211869438       0.26563442807625698       0.65720127372210091        2.1169670986196848E-002   0.0000000000000000        0.0000000000000000       0.37794380529733812        3.4072237914442902     
 THERM-A          13   2704.5479330693670        300.00000000000000        43.634355384222900        66.039000000000001        1143.7094008071551        0.0000000000000000        0.0000000000000000        0.0000000000000000        0.0000000000000000        0.0000000000000000        0.0000000000000000        0.0000000000000000        0.0000000000000000        0.0000000000000000        0.0000000000000000        0.0000000000000000       0.84590945575098009       0.29688147100437490       0.83890735767459201        8.0864631850931477E-003   0.0000000000000000        0.0000000000000000       0.42288376065465760        3.8123646693571840     
 THERM-A          14   2704.5479330693670        300.00000000000000        45.250419116793026        67.867000000000004        1002.5306391744083        0.0000000000000000        0.0000000000000000        0.0000000000000000        0.0000000000000000        0.0000000000000000        0.0000000000000000        0.0000000000000000        0.0000000000000000        0.0000000000000000        0.0000000000000000        0.0000000000000000       0.81346814069584494       0.29471273786761981       0.85708033120874461        5.5411300742169356E-003   0.0000000000000000        0.0000000000000000       0.37068325797304147        3.3417687972480277     
 THERM-A          15   2704.5479330693670        300.00000000000000        41.333148523763157        62.500000000000000        1176.4571755012037        0.0000000000000000        0.0000000000000000        0.0000000000000000        0.0000000000000000        0.0000000000000000        0.0000000000000000        0.0000000000000000        0.0000000000000000        0.0000000000000000        0.0000000000000000        0.0000000000000000       0.84613539191459108       0.29729299951648680        1.1339202980542433        1.1108902608058673E-002   0.0000000000000000        0.0000000000000000       0.43499217045343808        3.9215239183373454     
 THERM-A          16   2704.5479330693670        300.00000000000000        41.899757527446368        63.573999999999998        1097.8249636036062        0.0000000000000000        0.0000000000000000        0.0000000000000000        0.0000000000000000        0.0000000000000000        0.0000000000000000        0.0000000000000000        0.0000000000000000        0.0000000000000000        0.0000000000000000        0.0000000000000000       0.68916855295394086       0.28959811166211924        1.7399033948162765       -2.1542990651159952E-003   0.0000000000000000        0.0000000000000000       0.40591810194234368        3.6594165453453540     
 THERM-A          17   2704.5479330693670        300.00000000000000        38.770663756883145        60.508000000000003        1055.8693878047229        0.0000000000000000        0.0000000000000000        0.0000000000000000        0.0000000000000000        0.0000000000000000        0.0000000000000000        0.0000000000000000        0.0000000000000000        0.0000000000000000        0.0000000000000000        0.0000000000000000       0.33308973932706415        2.8301377815619939        2.6908152514769350       -7.6348958895256863E-002   0.0000000000000000        0.0000000000000000       0.39040513014920991        3.5195646260157432     
 THERM-A          18   2704.5479330693670        300.00000000000000        41.949338054736785        64.605999999999995        983.36020227730603        0.0000000000000000        0.0000000000000000        0.0000000000000000        0.0000000000000000        0.0000000000000000        0.0000000000000000        0.0000000000000000        0.0000000000000000        0.0000000000000000        0.0000000000000000        0.0000000000000000       0.64403768220922308       0.29260245070096852        1.7991816964227583       -7.1281755547825251E-003   0.0000000000000000        0.0000000000000000       0.36359503570021751        3.2778673409243533     
 THERM-A          19   2704.5479330693670        300.00000000000000        24.070112563398425        39.901000000000003        1115.1290912263948        0.0000000000000000        0.0000000000000000        0.0000000000000000        0.0000000000000000        0.0000000000000000        0.0000000000000000        0.0000000000000000        0.0000000000000000        0.0000000000000000        0.0000000000000000        0.0000000000000000       0.76974587822602680       0.37842665604121989        1.1008669602344847        3.9198052805100910E-003   0.0000000000000000        0.0000000000000000       0.41231626091420198        3.7170969707546493     
 THERM-A          20   2704.5479330693670        300.00000000000000        23.307814922983944        40.271999999999998        1078.9401782629923        0.0000000000000000        0.0000000000000000        0.0000000000000000        0.0000000000000000        0.0000000000000000        0.0000000000000000        0.0000000000000000        0.0000000000000000        0.0000000000000000        0.0000000000000000        0.0000000000000000       0.67357110617733340       0.38432100760999433       0.83529117963159083       -1.0212535601606796E-002   0.0000000000000000        0.0000000000000000       0.39893549863563071        3.5964672608766408     
 THERM-A          21   2704.5479330693670        300.00000000000000        78.756516813168332        113.08000000000000        1110.4940732171301        0.0000000000000000        0.0000000000000000        0.0000000000000000        0.0000000000000000        0.0000000000000000        0.0000000000000000        0.0000000000000000        0.0000000000000000        0.0000000000000000        0.0000000000000000        0.0000000000000000       0.69199938222434065       0.79550532267062546        1.0848958849266404       -5.8466539410257680E-003   0.0000000000000000        0.0000000000000000       0.41060247431327290        3.7016469107237668     
 THERM-A          22   2704.5479330693670        300.00000000000000        83.019516956942823        115.43000000000001        992.20018026161551        0.0000000000000000        0.0000000000000000        0.0000000000000000        0.0000000000000000        0.0000000000000000        0.0000000000000000        0.0000000000000000        0.0000000000000000        0.0000000000000000        0.0000000000000000        0.0000000000000000       0.75201440228054139       0.78643902420709821        1.9840384960538002       -1.4982230268896155E-003   0.0000000000000000        0.0000000000000000       0.36686359599313018        3.3073339342053849     
 THERM-A          23   2704.5479330693670        300.00000000000000        85.774997490215100        125.12000000000000        1109.3901274318803        0.0000000000000000        0.0000000000000000        0.0000000000000000        0.0000000000000000        0.0000000000000000        0.0000000000000000        0.0000000000000000        0.0000000000000000        0.0000000000000000        0.0000000000000000        0.0000000000000000       0.60242161511620684        1.2506008837085552        2.5260892841492009       -1.3469797060840082E-002   0.0000000000000000        0.0000000000000000       0.41019429305245975        3.6979670914396010     
 THERM-A          24   2704.5479330693670        300.00000000000000        79.341200824094983        114.32400000000000        1093.1411193997642        0.0000000000000000        0.0000000000000000        0.0000000000000000        0.0000000000000000        0.0000000000000000        0.0000000000000000        0.0000000000000000        0.0000000000000000        0.0000000000000000        0.0000000000000000        0.0000000000000000       0.63285108569197468       0.95293522305369760        1.2048639805094103       -9.1674055708905050E-003   0.0000000000000000        0.0000000000000000       0.40418626197509033        3.6438037313325471     
 THERM-A          25   2704.5479330693670        300.00000000000000        80.801332815482397        110.84200000000000        1238.6902347671337        0.0000000000000000        0.0000000000000000        0.0000000000000000        0.0000000000000000        0.0000000000000000        0.0000000000000000        0.0000000000000000        0.0000000000000000        0.0000000000000000        0.0000000000000000        0.0000000000000000        1.1557913117737837       0.31920636121518625        1.4957660745439407        2.7536031355108355E-002   0.0000000000000000        0.0000000000000000       0.45800269228778479        4.1289674492237793     
 THERM-A          26   2704.5479330693670        300.00000000000000        92.199562305814752        131.99000000000001        1020.2042629650956        0.0000000000000000        0.0000000000000000        0.0000000000000000        0.0000000000000000        0.0000000000000000        0.0000000000000000        0.0000000000000000        0.0000000000000000        0.0000000000000000        0.0000000000000000        0.0000000000000000       0.71764344578424799       0.77070051736322642        2.6817960556511120       -2.2397434251549501E-003   0.0000000000000000        0.0000000000000000       0.37721803725152508        3.4006808765503185     
 THERM-A          27   2704.5479330693670        300.00000000000000        82.842304974504970        118.71599999999999        1124.3989623861992        0.0000000000000000        0.0000000000000000        0.0000000000000000        0.0000000000000000        0.0000000000000000        0.0000000000000000        0.0000000000000000        0.0000000000000000        0.0000000000000000        0.0000000000000000        0.0000000000000000       0.88000496381195936       0.65126712050098345        1.7090655237132546        6.4167378659149513E-003   0.0000000000000000        0.0000000000000000       0.41574377315994876        3.7479965412873306     
 THERM-A          28   2704.5479330693670        300.00000000000000        20.550118667018751        27.449999999999999        1298.9163507098174        0.0000000000000000        0.0000000000000000        0.0000000000000000        0.0000000000000000        0.0000000000000000        0.0000000000000000        0.0000000000000000        0.0000000000000000        0.0000000000000000        0.0000000000000000        0.0000000000000000        1.4862602450462274       0.73138578294184464       0.32539901814795980        9.1611093799895793E-002   0.0000000000000000        0.0000000000000000       0.48027115172467622        4.3297211690327249     
 THERM-A          29   2704.5479330693670        300.00000000000000        28.541606881272624        43.603000000000002        1081.0501008980432        0.0000000000000000        0.0000000000000000        0.0000000000000000        0.0000000000000000        0.0000000000000000        0.0000000000000000        0.0000000000000000        0.0000000000000000        0.0000000000000000        0.0000000000000000        0.0000000000000000       0.45322156996971408        1.9409785035257325        2.7926006080112651       -7.9368449594697521E-002   0.0000000000000000        0.0000000000000000       0.39971563738238841        3.6035003363268108     
 THERM-A          30   2704.5479330693670        300.00000000000000        31.502151915382235        46.289999999999999        798.26456418789883        0.0000000000000000        0.0000000000000000        0.0000000000000000        0.0000000000000000        0.0000000000000000        0.0000000000000000        0.0000000000000000        0.0000000000000000        0.0000000000000000        0.0000000000000000        0.0000000000000000       0.33248905402933243        4.5148698264358664        2.4227615140289842      -0.10610802069851547        0.0000000000000000        0.0000000000000000       0.29515637509221571        2.6608818806263295     
 THERM-A          31   2704.5479330693670        300.00000000000000        28.143666653583541        40.515000000000001        1170.0046741472240        0.0000000000000000        0.0000000000000000        0.0000000000000000        0.0000000000000000        0.0000000000000000        0.0000000000000000        0.0000000000000000        0.0000000000000000        0.0000000000000000        0.0000000000000000        0.0000000000000000       0.65398668362874990        1.3748539689449657        2.5729106929377705       -3.4855810878298837E-002   0.0000000000000000        0.0000000000000000       0.43260637381989242        3.9000155804907468     
 THERM-A          32   2704.5479330693670        300.00000000000000        29.715375509249686        42.799999999999997        877.78542249292366        0.0000000000000000        0.0000000000000000        0.0000000000000000        0.0000000000000000        0.0000000000000000        0.0000000000000000        0.0000000000000000        0.0000000000000000        0.0000000000000000        0.0000000000000000        0.0000000000000000       0.65351616619247965        1.3744509998457906        1.1870976547071033       -3.1856774140920793E-002   0.0000000000000000        0.0000000000000000       0.32455901844443663        2.9259514083097455     
 THERM-A          33   2704.5479330693670        300.00000000000000        27.992698677595936        39.493000000000002        1153.2224860221686        0.0000000000000000        0.0000000000000000        0.0000000000000000        0.0000000000000000        0.0000000000000000        0.0000000000000000        0.0000000000000000        0.0000000000000000        0.0000000000000000        0.0000000000000000        0.0000000000000000       0.54724914913486133        1.9985413113404933        2.5975369247579576       -6.5902371754060898E-002   0.0000000000000000        0.0000000000000000       0.42640120070395160        3.8440749534072287     
 THERM-A          34   2704.5479330693670        300.00000000000000        30.574164436289596        41.859999999999999        873.89655141965977        0.0000000000000000        0.0000000000000000        0.0000000000000000        0.0000000000000000        0.0000000000000000        0.0000000000000000        0.0000000000000000        0.0000000000000000        0.0000000000000000        0.0000000000000000        0.0000000000000000       0.70265737989463783        1.5512956848295369        1.8583377284431148       -2.9622571950224295E-002   0.0000000000000000        0.0000000000000000       0.32312111785272835        2.9129885047321991     
 THERM-A          35   2704.5479330693670        300.00000000000000        19.734282852667935        26.353999999999999        1211.2370319937036        0.0000000000000000        0.0000000000000000        0.0000000000000000        0.0000000000000000        0.0000000000000000        0.0000000000000000        0.0000000000000000        0.0000000000000000        0.0000000000000000        0.0000000000000000        0.0000000000000000       0.71407159548514187        1.4913587733741895        3.2586599144643453       -3.4877527642368282E-002   0.0000000000000000        0.0000000000000000       0.44785193753955088        4.0374567733123454     
 THERM-A          36   2704.5479330693670        300.00000000000000        20.109884503191296        26.853999999999999        992.09201074040789        0.0000000000000000        0.0000000000000000        0.0000000000000000        0.0000000000000000        0.0000000000000000        0.0000000000000000        0.0000000000000000        0.0000000000000000        0.0000000000000000        0.0000000000000000        0.0000000000000000       0.71413482646920123        1.4914247209380156        3.4597402779364357       -3.3258578263747562E-002   0.0000000000000000        0.0000000000000000       0.36682360057656349        3.3069733691346928     
 THERM-A          37   2704.5479330693670        300.00000000000000        19.188371891834962        25.577000000000002        1271.3185127230524        0.0000000000000000        0.0000000000000000        0.0000000000000000        0.0000000000000000        0.0000000000000000        0.0000000000000000        0.0000000000000000        0.0000000000000000        0.0000000000000000        0.0000000000000000        0.0000000000000000       0.91584430539317585       0.89793057792515218        2.3619732190892191        4.2273148292861072E-002   0.0000000000000000        0.0000000000000000       0.47006691845917647        4.2377283757435080     
 THERM-A          38   2704.5479330693670        300.00000000000000        21.966111768684176        30.286999999999999        969.15786253297119        0.0000000000000000        0.0000000000000000        0.0000000000000000        0.0000000000000000        0.0000000000000000        0.0000000000000000        0.0000000000000000        0.0000000000000000        0.0000000000000000        0.0000000000000000        0.0000000000000000       0.98835351161648632       0.98723671446874506       0.48777877027958927       -1.1852019465568298E-003   0.0000000000000000        0.0000000000000000       0.35834375522902367        3.2305262084432371     
 THERM-A          39   2704.5479330693670        300.00000000000000        21.319229921423563        28.904000000000000        999.80198462958185        0.0000000000000000        0.0000000000000000        0.0000000000000000        0.0000000000000000        0.0000000000000000        0.0000000000000000        0.0000000000000000        0.0000000000000000        0.0000000000000000        0.0000000000000000        0.0000000000000000       0.66529792073445193        1.5618512887369189        2.6062196452187250       -4.9159950959289100E-002   0.0000000000000000        0.0000000000000000       0.36967434461215692        3.3326732820986060     
 THERM-A          40   2704.5479330693670        300.00000000000000        18.589593991898361        24.445000000000000        1309.1980678302332        0.0000000000000000        0.0000000000000000        0.0000000000000000        0.0000000000000000        0.0000000000000000        0.0000000000000000        0.0000000000000000        0.0000000000000000        0.0000000000000000        0.0000000000000000        0.0000000000000000        1.2742471174299039       0.59077201233664312       0.86838017356807029        9.9563618016893674E-002   0.0000000000000000        0.0000000000000000       0.48407279154577088        4.3639935594341104     
 THERM-A          41   2704.5479330693670        300.00000000000000        19.446146052433608        25.321000000000002        1071.9604507184549        0.0000000000000000        0.0000000000000000        0.0000000000000000        0.0000000000000000        0.0000000000000000        0.0000000000000000        0.0000000000000000        0.0000000000000000        0.0000000000000000        0.0000000000000000        0.0000000000000000        1.2817186573455384       0.59770862094727040        1.1806005779651116       0.11636312065233503        0.0000000000000000        0.0000000000000000       0.39635476140439363        3.5732015023948498     
 THERM-A          42   2704.5479330693670        300.00000000000000        18.835496777613777        24.943999999999999        1266.6188760269449        0.0000000000000000        0.0000000000000000        0.0000000000000000        0.0000000000000000        0.0000000000000000        0.0000000000000000        0.0000000000000000        0.0000000000000000        0.0000000000000000        0.0000000000000000        0.0000000000000000        1.2689607992491359       0.58585741532118996        1.2723646063118494       0.12305597926558212        0.0000000000000000        0.0000000000000000       0.46832923925643671        4.2220629200898161     
 THERM-A          43   2704.5479330693670        300.00000000000000        21.568383779695203        29.576789999999999        999.71038900566020        0.0000000000000000        0.0000000000000000        0.0000000000000000        0.0000000000000000        0.0000000000000000        0.0000000000000000        0.0000000000000000        0.0000000000000000        0.0000000000000000        0.0000000000000000        0.0000000000000000        1.2438127108811250       0.56240258428496837       0.94576967312173443        8.4748770235976878E-002   0.0000000000000000        0.0000000000000000       0.36964047735367661        3.3323679633522008     
 THERM-A          44   2704.5479330693670        300.00000000000000        20.096916613390373        27.520900000000001        1172.1016774184882        0.0000000000000000        0.0000000000000000        0.0000000000000000        0.0000000000000000        0.0000000000000000        0.0000000000000000        0.0000000000000000        0.0000000000000000        0.0000000000000000        0.0000000000000000        0.0000000000000000        1.2447806681955598       0.56330762669746226        2.0044149648517453       0.15204403676888592        0.0000000000000000        0.0000000000000000       0.43338173566340921        3.9070055913949604     
 THERM-A          45   2704.5479330693670        300.00000000000000        20.121969027048419        27.090000000000000        1141.3341659306654        0.0000000000000000        0.0000000000000000        0.0000000000000000        0.0000000000000000        0.0000000000000000        0.0000000000000000        0.0000000000000000        0.0000000000000000        0.0000000000000000        0.0000000000000000        0.0000000000000000        1.2568977648556212       0.57462194091838670        1.6096966113975781       0.13227657154189110        0.0000000000000000        0.0000000000000000       0.42200552335390690        3.8044472197688850     
 THERM-A          46   2704.5479330693670        300.00000000000000        21.372041820071853        28.189000000000000        1115.8013401368589        0.0000000000000000        0.0000000000000000        0.0000000000000000        0.0000000000000000        0.0000000000000000        0.0000000000000000        0.0000000000000000        0.0000000000000000        0.0000000000000000        0.0000000000000000        0.0000000000000000        1.2719764123646389       0.58866166018623789        1.6527772267985452       0.13063795436387957        0.0000000000000000        0.0000000000000000       0.41256482330876870        3.7193378004561963     
 THERM-A          47   2704.5479330693670        300.00000000000000        18.196407231912076        24.110800000000001        1364.8153197636195        0.0000000000000000        0.0000000000000000        0.0000000000000000        0.0000000000000000        0.0000000000000000        0.0000000000000000        0.0000000000000000        0.0000000000000000        0.0000000000000000        0.0000000000000000        0.0000000000000000        1.1627754099741834       0.84776157370964622       0.92197600117028511        5.9504623798238634E-002   0.0000000000000000        0.0000000000000000       0.50463713475941352        4.5493843992120651     
 THERM-A          48   2704.5479330693670        300.00000000000000        19.081114575551439        25.296340000000001        1128.4423085281192        0.0000000000000000        0.0000000000000000        0.0000000000000000        0.0000000000000000        0.0000000000000000        0.0000000000000000        0.0000000000000000        0.0000000000000000        0.0000000000000000        0.0000000000000000        0.0000000000000000        1.1622583611026203       0.84678896828437933        1.1998462073536338        7.1122213706003884E-002   0.0000000000000000        0.0000000000000000       0.41723879053142171        3.7614743617603974     
 THERM-A          49   2704.5479330693670        300.00000000000000        18.559296710267191        24.500000000000000        1156.1722596132688        0.0000000000000000        0.0000000000000000        0.0000000000000000        0.0000000000000000        0.0000000000000000        0.0000000000000000        0.0000000000000000        0.0000000000000000        0.0000000000000000        0.0000000000000000        0.0000000000000000        1.3260592706057022       0.86574891628420036        1.4747745567384110       0.13716379956121483        0.0000000000000000        0.0000000000000000       0.42749187229273444        3.8539075320442295     
 THERM-A          50   2704.5479330693670        300.00000000000000        19.529963785161662        27.688440000000000        1077.5714453270607        0.0000000000000000        0.0000000000000000        0.0000000000000000        0.0000000000000000        0.0000000000000000        0.0000000000000000        0.0000000000000000        0.0000000000000000        0.0000000000000000        0.0000000000000000        0.0000000000000000        1.1023397926285250       0.73456527826196549        1.5708934588408698        7.7807163545121349E-002   0.0000000000000000        0.0000000000000000       0.39842941297185092        3.5919048177568689     
 THERM-A          51   2704.5479330693670        300.00000000000000        20.297800431820669        26.949000000000002        1109.3742382605305        0.0000000000000000        0.0000000000000000        0.0000000000000000        0.0000000000000000        0.0000000000000000        0.0000000000000000        0.0000000000000000        0.0000000000000000        0.0000000000000000        0.0000000000000000        0.0000000000000000        1.1608118620496921       0.84406835855222229        2.0852101668856786       0.10977581666616722        0.0000000000000000        0.0000000000000000       0.41018841807011780        3.6979141275351020     
 THERM-A          52   2704.5479330693670        300.00000000000000        26.624126900269975        36.134999999999998        1266.6781798699699        0.0000000000000000        0.0000000000000000        0.0000000000000000        0.0000000000000000        0.0000000000000000        0.0000000000000000        0.0000000000000000        0.0000000000000000        0.0000000000000000        0.0000000000000000        0.0000000000000000        1.2362656259136424       0.60486124133994590       0.61830737916017964        5.1267650340078581E-002   0.0000000000000000        0.0000000000000000       0.46835116670771232        4.2222605995665665     
 THERM-A          53   2704.5479330693670        300.00000000000000        27.413179403457473        37.216000000000001        1091.9558724816411        0.0000000000000000        0.0000000000000000        0.0000000000000000        0.0000000000000000        0.0000000000000000        0.0000000000000000        0.0000000000000000        0.0000000000000000        0.0000000000000000        0.0000000000000000        0.0000000000000000        1.2360631967339817       0.60463011561338831        1.3703529420000971        8.1012398430569746E-002   0.0000000000000000        0.0000000000000000       0.40374801981874664        3.6398529082721369     
 THERM-A          54   2704.5479330693670        300.00000000000000        26.895939895393514        36.270000000000003        1073.0150300207833        0.0000000000000000        0.0000000000000000        0.0000000000000000        0.0000000000000000        0.0000000000000000        0.0000000000000000        0.0000000000000000        0.0000000000000000        0.0000000000000000        0.0000000000000000        0.0000000000000000        1.2411040039663628       0.61038944844182952       0.87087741784828054        6.2048214421413075E-002   0.0000000000000000        0.0000000000000000       0.39674468952858538        3.5767167667359443     
 THERM-A          55   2704.5479330693670        300.00000000000000        29.355339229421510        41.701999999999998        898.92018526576726        0.0000000000000000        0.0000000000000000        0.0000000000000000        0.0000000000000000        0.0000000000000000        0.0000000000000000        0.0000000000000000        0.0000000000000000        0.0000000000000000        0.0000000000000000        0.0000000000000000        1.3071346960815926       0.51791736625080942       0.40712855251193591        5.1740970453947238E-002   0.0000000000000000        0.0000000000000000       0.33237354541747421        2.9964006175525575     
 THERM-A          56   2704.5479330693670        300.00000000000000        28.134827518264018        39.420999999999999        1085.9592576819832        0.0000000000000000        0.0000000000000000        0.0000000000000000        0.0000000000000000        0.0000000000000000        0.0000000000000000        0.0000000000000000        0.0000000000000000        0.0000000000000000        0.0000000000000000        0.0000000000000000        1.2131928504872036       0.57860251329406376       0.97365204315653830        6.0010299372034503E-002   0.0000000000000000        0.0000000000000000       0.40153078612644066        3.6198641922732775     
 THERM-A          57   2704.5479330693670        300.00000000000000        80.651507422003220        109.88300000000000        1284.0350656191056        0.0000000000000000        0.0000000000000000        0.0000000000000000        0.0000000000000000        0.0000000000000000        0.0000000000000000        0.0000000000000000        0.0000000000000000        0.0000000000000000        0.0000000000000000        0.0000000000000000        1.1357860148128287       0.56286722713773940        1.1932736093624605        1.9167862479910480E-002   0.0000000000000000        0.0000000000000000       0.47476883286807409        4.2801168853970184     
 THERM-A          58   2704.5479330693670        300.00000000000000        82.226655081073218        112.04500000000000        1165.1390706173920        0.0000000000000000        0.0000000000000000        0.0000000000000000        0.0000000000000000        0.0000000000000000        0.0000000000000000        0.0000000000000000        0.0000000000000000        0.0000000000000000        0.0000000000000000        0.0000000000000000        1.1356950006998390       0.56274088844438119        1.7456239851232493        2.5098166788214228E-002   0.0000000000000000        0.0000000000000000       0.43080732878529027        3.8837969020579735     
 THERM-A          59   2704.5479330693670        300.00000000000000        80.313739963290061        109.40100000000000        1250.4804052855793        0.0000000000000000        0.0000000000000000        0.0000000000000000        0.0000000000000000        0.0000000000000000        0.0000000000000000        0.0000000000000000        0.0000000000000000        0.0000000000000000        0.0000000000000000        0.0000000000000000        1.1359134867683072       0.56304418338832629        1.5172697791093113        2.3039967805120701E-002   0.0000000000000000        0.0000000000000000       0.46236207907264576        4.1682680176185976     
 THERM-A          60   2704.5479330693670        300.00000000000000        30.915427927364572        44.975999999999999        1198.1469984029834        0.0000000000000000        0.0000000000000000        0.0000000000000000        0.0000000000000000        0.0000000000000000        0.0000000000000000        0.0000000000000000        0.0000000000000000        0.0000000000000000        0.0000000000000000        0.0000000000000000       0.99584912003721027       0.64394633250047861        1.7417192294800046        3.7555533855929260E-002   0.0000000000000000        0.0000000000000000       0.44301192955497637        3.9938233280099449     
 THERM-A          61   2704.5479330693670        300.00000000000000        33.790749979762253        49.024000000000001        661.83445016106214        0.0000000000000000        0.0000000000000000        0.0000000000000000        0.0000000000000000        0.0000000000000000        0.0000000000000000        0.0000000000000000        0.0000000000000000        0.0000000000000000        0.0000000000000000        0.0000000000000000       0.99761950753676021       0.64746006808826584        3.4659565280104720E-002   1.1054071123257486E-003   0.0000000000000000        0.0000000000000000       0.24471167327766760        2.2061148338702070     
 THERM-A          62   2704.5479330693670        300.00000000000000        31.350068791807242        43.399700000000003        728.66220519934711        0.0000000000000000        0.0000000000000000        0.0000000000000000        0.0000000000000000        0.0000000000000000        0.0000000000000000        0.0000000000000000        0.0000000000000000        0.0000000000000000        0.0000000000000000        0.0000000000000000        1.0298816976866618       0.71151551638464039      -0.10991376212672077       -2.0569171271848652E-003   0.0000000000000000        0.0000000000000000       0.26942107266421972        2.4288740173311569     
 THERM-A          63   2704.5479330693670        300.00000000000000        31.216611309929952        45.420000000000002        1157.2839954304409        0.0000000000000000        0.0000000000000000        0.0000000000000000        0.0000000000000000        0.0000000000000000        0.0000000000000000        0.0000000000000000        0.0000000000000000        0.0000000000000000        0.0000000000000000        0.0000000000000000       0.99576672991645176       0.64378281411500282       0.52138367306011013        1.1453229088013606E-002   0.0000000000000000        0.0000000000000000       0.42790293389884559        3.8576133181014698     
 THERM-A          64   2704.5479330693670        300.00000000000000        32.802954784721884        44.527999999999999        780.90312008344790        0.0000000000000000        0.0000000000000000        0.0000000000000000        0.0000000000000000        0.0000000000000000        0.0000000000000000        0.0000000000000000        0.0000000000000000        0.0000000000000000        0.0000000000000000        0.0000000000000000        1.1886778416376738       0.42299185715436272       0.52543002437131681        3.9227129928685572E-002   0.0000000000000000        0.0000000000000000       0.28873702349109709        2.6030104002781598     
 THERM-A          65   2704.5479330693670        300.00000000000000        16.314809309980369        22.421050000000001        874.87324107188181        0.0000000000000000        0.0000000000000000        0.0000000000000000        0.0000000000000000        0.0000000000000000        0.0000000000000000        0.0000000000000000        0.0000000000000000        0.0000000000000000        0.0000000000000000        0.0000000000000000       -1.9041064745521440E-002   4.9480181178702942        3.7040123371276397      -0.30398216731414313        0.0000000000000000        0.0000000000000000       0.32348224646881968        2.9162441369062728     
 THERM-A          66   2704.5479330693670        300.00000000000000        10.713697100717116        20.657000000000000        984.18587852666758        0.0000000000000000        0.0000000000000000        0.0000000000000000        0.0000000000000000        0.0000000000000000        0.0000000000000000        0.0000000000000000        0.0000000000000000        0.0000000000000000        0.0000000000000000        0.0000000000000000        3.7587643718294164E-002   15.330699253958619        5.7445620856325714      -0.73280989256662910        0.0000000000000000        0.0000000000000000       0.36390032747902673        3.2806195950888921     
 THERM-A          67   2704.5479330693670        300.00000000000000        10.946701175845455        14.016999999999999        1496.3045194093556        0.0000000000000000        0.0000000000000000        0.0000000000000000        0.0000000000000000        0.0000000000000000        0.0000000000000000        0.0000000000000000        0.0000000000000000        0.0000000000000000        0.0000000000000000        0.0000000000000000        1.0478862696213174        1.1670181163857576        4.1408645432991520       0.24968293644488609        0.0000000000000000        0.0000000000000000       0.55325494553583787        4.9876817313645185     
 THERM-A          68   2704.5479330693670        300.00000000000000        10.795296320857370        13.670000000000000        1528.6281917128194        0.0000000000000000        0.0000000000000000        0.0000000000000000        0.0000000000000000        0.0000000000000000        0.0000000000000000        0.0000000000000000        0.0000000000000000        0.0000000000000000        0.0000000000000000        0.0000000000000000        1.0617679607831729        1.1959617455607043        3.5465159285523109       0.21969232306344053        0.0000000000000000        0.0000000000000000       0.56520654451037711        5.0954273057093982     
 THERM-A          69   2704.5479330693670        300.00000000000000        30.274258374303784        44.226999999999997        1275.9033083756553        0.0000000000000000        0.0000000000000000        0.0000000000000000        0.0000000000000000        0.0000000000000000        0.0000000000000000        0.0000000000000000        0.0000000000000000        0.0000000000000000        0.0000000000000000        0.0000000000000000       0.70290697095937682       0.51931865575162239        2.7611507382212848       -3.7641164723990275E-003   0.0000000000000000        0.0000000000000000       0.47176213546625673        4.2530110279188511     
 THERM-A          70   2704.5479330693670        300.00000000000000        27.724572389443583        53.868400000000001        1059.9381374952807        0.0000000000000000        0.0000000000000000        0.0000000000000000        0.0000000000000000        0.0000000000000000        0.0000000000000000        0.0000000000000000        0.0000000000000000        0.0000000000000000        0.0000000000000000        0.0000000000000000       0.41227404684863161       0.70825146543928497        1.1639670369742063       -3.9458208214806674E-002   0.0000000000000000        0.0000000000000000       0.39190954042081499        3.5331271249842691     
 THERM-A          71   2704.5479330693670        300.00000000000000        5.2325147260303861        7.0930000000000000        624.07555607398842        0.0000000000000000        0.0000000000000000        0.0000000000000000        0.0000000000000000        0.0000000000000000        0.0000000000000000        0.0000000000000000        0.0000000000000000        0.0000000000000000        0.0000000000000000        0.0000000000000000        1.3240049547702062       0.62794741655254693        3.3313184113383052        1.0107642421025462        0.0000000000000000        0.0000000000000000       0.23075041430888257        2.0802518535799615     
 THERM-A          72   2704.5479330693670        300.00000000000000        5.1682630299461119        6.9883499999999996        464.36034150845097        0.0000000000000000        0.0000000000000000        0.0000000000000000        0.0000000000000000        0.0000000000000000        0.0000000000000000        0.0000000000000000        0.0000000000000000        0.0000000000000000        0.0000000000000000        0.0000000000000000        1.4258830756992895       0.71484807398144257        3.2831190683040319        1.1862812039482926        0.0000000000000000        0.0000000000000000       0.17169610337852381        1.5478678050281700     
 THERM-A          73   2704.5479330693670        300.00000000000000        4.9075641505198639        6.7651000000000003        682.24883226409611        0.0000000000000000        0.0000000000000000        0.0000000000000000        0.0000000000000000        0.0000000000000000        0.0000000000000000        0.0000000000000000        0.0000000000000000        0.0000000000000000        0.0000000000000000        0.0000000000000000        1.5706861564012669       0.81577405088788169        1.9165931246736281        1.0236874024976519        0.0000000000000000        0.0000000000000000       0.25225984125554696        2.2741627742136536     
